Gene_set,Term,Overlap,P-value,Adjusted P-value,Old P-value,Old Adjusted P-value,Odds Ratio,Combined Score,Genes
GO_Biological_Process_2023,Inflammatory Response (GO:0006954),61/236,7.961023334717098e-13,3.115184133692466e-09,0,0,3.28879167295218,91.6226072417856,SERPINA3;CCL4L1;HP;CXCL1;TNF;CXCL2;CXCL5;HYAL1;C3AR1;PROK2;OLR1;MAP3K7;SLC11A1;PLA2G4C;CYBB;FOS;IL1A;IL1B;KIT;AGTR1;TLR4;S100A9;CD44;MGLL;S100A8;CCL14;PTGER4;CCL13;PXK;CCL3L1;PTGER1;PTGER2;ALOX15;C5AR1;FPR1;CXCR4;AIF1;AGER;IL1RL1;CCL8;CCL5;CCL3;NLRP3;CCL2;CD14;CCL18;KLRG1;CCR1;AOC3;CCL24;CCL23;CCL21;PPBP;LYZ;SELE;BMP2;IL6;IL17D;CDO1;FCGR2B;FOLR2
GO_Biological_Process_2023,Cellular Response To Cytokine Stimulus (GO:0071345),72/308,1.5125924417054946e-12,3.115184133692466e-09,0,0,2.885424448905011,78.53316302408342,CSF3;CSF3R;CCL4L1;ZFAND6;DOCK8;LRRK2;AQP4;MT1X;GHR;MT2A;ZFP36;HYAL1;HYAL2;ANKRD1;LEPR;CASP1;CTSG;HLA-DPA1;JAK1;IFNA14;PTGIS;MME;DUSP1;IL11RA;LIFR;NPNT;HCK;IL1A;SFRP1;IL1B;IRF1;KIT;IL3RA;HCLS1;IRF8;CD47;GAS6;TLR4;IFNA10;CCL14;CCL13;CEBPA;ASAH1;CCL3L1;ALOX15;CXCR4;LILRA2;AIF1;LILRA3;ZFP36L2;DUOX1;CCL8;CCL5;CCL3;CCL2;CD58;CCL18;IL12RB1;GBP4;CCR1;EGR1;CCL24;CCL23;CCL21;PYHIN1;PDE2A;LILRB2;IL6;CXCL12;IL2RB;MNDA;IL7R
GO_Biological_Process_2023,Positive Regulation Of Phagocytosis (GO:0050766),25/60,8.484752247999792e-11,1.1649564836503715e-07,0,0,6.665433012583272,154.5724935144946,FCN1;COLEC11;FCN3;PLA2G5;GATA2;TNF;SIRPB1;C2;C3;CLEC7A;CCL2;CD300LF;TUB;FCER1G;IL15;SLC11A1;SFTPD;APOA1;PTPRC;IL1B;IL2RB;CD47;DOCK2;GAS6;FCGR2B
GO_Biological_Process_2023,Positive Regulation Of MAPK Cascade (GO:0043410),68/310,1.2900047532131538e-10,1.318015371013955e-07,0,0,2.651031196485742,60.36717490791747,CCL4L1;LRRK2;ARRB2;ADRA1B;FGF2;TNF;GHR;PLCE1;TNFAIP8L3;CD36;PDGFRA;EDN1;FGG;NPNT;DOK2;IL1B;DOK6;KIT;ROR1;GAS6;TLR4;CD44;AVPI1;CCL14;CCL13;NDRG4;RAMP3;NOTCH1;CCL3L1;PLA2G1B;ALOX15;C5AR1;PDGFB;PLA2G5;ADRB2;AGER;ART4;RAP1A;CCL8;GPNMB;CCL5;CCL3;S100A12;CCL2;IGFBP6;CCL18;CCR1;CCL24;CD74;NTRK2;CCL23;CCL21;ANGPT1;CAV2;PLA2G2A;LAPTM5;OSM;IGF1;TPD52L1;MARCO;BMP2;IL6;PTPRC;FGF18;GHRL;TEK;FGFR4;HLA-DRB1
GO_Biological_Process_2023,Cellular Response To Type II Interferon (GO:0071346),26/66,1.5999215477226934e-10,1.318015371013955e-07,0,0,6.067003628823224,136.84670491319773,CCL14;CCL13;CCL3L1;CCL4L1;AQP4;AIF1;CCL8;CCL5;CASP1;CCL3;CCL2;CD58;CCL18;IL12RB1;GBP4;HLA-DPA1;JAK1;CCL24;CCL23;CCL21;IFNGR1;HCK;IRF1;IRF8;CD47;TLR4
GO_Biological_Process_2023,Regulation Of ERK1 And ERK2 Cascade (GO:0070372),57/244,3.2706742461965976e-10,2.245317870013965e-07,0,0,2.867938668905631,62.63823197056786,PTPRR;CCL4L1;APIP;ARRB2;FGF2;TNF;TIMP3;TNFAIP8L3;CD36;ROS1;PDGFRA;SEMA6A;FGG;NPNT;TGFBR3;IL1B;ROR1;GAS6;TLR4;CD44;CCL14;CCL13;NDRG4;RAMP3;NOTCH1;CCL3L1;ALOX15;C5AR1;PDGFB;FBLN1;PLA2G5;AGER;PKHD1;RAP1A;CCL8;RRAS;GPNMB;CCL5;CCL3;CCL2;CCL18;CCR1;CCL24;CD74;NTRK2;CCL23;CCL21;ANGPT1;PLA2G2A;IGF1;MARCO;BMP2;PTPRC;SPRY1;TEK;FGFR4;HLA-DRB1
GO_Biological_Process_2023,Positive Regulation Of Endocytosis (GO:0045807),28/79,5.794770257101128e-10,3.075654129116025e-07,0,0,5.126652217711164,109.03822822732889,CD151;NEDD4L;PLA2G5;GATA2;CLU;TNF;DLL1;SIRPB1;C3;CLEC7A;GPC3;SNCA;TUB;FCER1G;CCL21;IL15;SGIP1;SLC11A1;SFTPD;APOA1;F3;DAB2;IL1B;IL2RB;CD47;DOCK2;GAS6;FCGR2B
GO_Biological_Process_2023,Positive Regulation Of Response To External Stimulus (GO:0032103),42/155,5.973593841448943e-10,3.075654129116025e-07,0,0,3.4840518298183367,73.99604245307881,PTGER4;CEBPA;PDGFB;ETS1;TNF;AIF1;PPM1F;THBD;CAMK2N1;HYAL2;CCL5;CASP1;CCL3;NLRP3;S100A12;EMILIN2;SASH1;SNCA;IL33;CCL21;IL15;RARRES2;PDE2A;PLA2G2A;LY86;SH2D1B;OSM;NKG7;IL16;GPR4;BMP6;PLSCR1;IL1B;MMRN2;AGTR1;TLR8;TLR7;CD47;LCP1;S100A9;TLR4;S100A8
GO_Biological_Process_2023,Cytokine-Mediated Signaling Pathway (GO:0019221),58/257,9.41091769015428e-10,4.307063329527275e-07,0,0,2.741880196978567,56.98718443282073,CNTFR;CSF3;SPI1;CSF3R;CCL4L1;CXCL1;TNF;CXCL2;CXCL5;OASL;GHR;IL18RAP;LEPR;CTSG;MAP3K7;JAK1;FCER1G;IFNA14;IL15;IL11RA;LIFR;TNFRSF1B;HCK;IL1A;IL1B;KIT;IL3RA;IFNA10;CCL14;CCL13;CEBPA;CCL3L1;PDGFB;LILRA2;LILRA3;DUOX1;IL1RL1;CCL8;CCL5;CCL3;CCL2;CCL18;IL12RB1;CD300LF;CCR1;EGR1;CCL24;IL33;CCL23;CCL21;OSM;PPBP;LILRB2;IL6;CXCL12;IL2RB;IL7R;IL18R1
GO_Biological_Process_2023,Regulation Of Inflammatory Response (GO:0050727),55/240,1.4086423722837671e-09,5.802197931436836e-07,0,0,2.7945945945945945,56.95562484955849,RB1;TNFAIP3;METRNL;ETS1;TNF;CDH5;HYAL2;CASP1;FFAR2;SLC39A8;TNFAIP8L2;GGT1;PTGIS;IL15;APOA1;IL16;TNFRSF1B;HCK;IL1B;AGTR1;PPARG;TLR7;CD47;LCP1;LETMD1;DNASE1L3;TLR4;S100A9;MGLL;S100A8;PTGER4;CEBPA;ALOX15;AGER;CAMK2N1;ALOX5;CCL5;CCL3;S100A12;NLRP3;SNCA;IL33;PDE2A;PLA2G2A;OSM;NKG7;GPR4;KLF4;SELE;BST1;IL6;GHRL;TEK;PIK3AP1;CD200
GO_Biological_Process_2023,Regulation Of Phagocytosis (GO:0050764),23/58,1.5544206089738698e-09,5.820598625784881e-07,0,0,6.125850340136054,124.24549486401315,TUB;FCER1G;IL15;SLC11A1;SFTPD;APOA1;PLA2G5;GATA2;TNF;SIRPB1;FGR;HCK;PLSCR1;PTPRC;CLEC7A;SYT11;IL1B;IL2RB;CD47;DOCK2;GAS6;LETMD1;FCGR2B
GO_Biological_Process_2023,Positive Regulation Of ERK1 And ERK2 Cascade (GO:0070374),45/179,2.036277428742395e-09,6.98952227415827e-07,0,0,3.1491560521997344,63.02135962689124,CCL14;CCL13;NDRG4;NOTCH1;RAMP3;CCL3L1;CCL4L1;ALOX15;C5AR1;PDGFB;PLA2G5;ARRB2;FGF2;TNF;AGER;RAP1A;CCL8;GPNMB;CCL5;CCL3;CCL2;TNFAIP8L3;CD36;CCL18;CCR1;PDGFRA;CCL24;CD74;NTRK2;CCL23;ANGPT1;CCL21;FGG;PLA2G2A;IGF1;NPNT;MARCO;BMP2;PTPRC;ROR1;TEK;FGFR4;GAS6;HLA-DRB1;CD44
GO_Biological_Process_2023,Regulation Of Angiogenesis (GO:0045765),49/205,2.4924068205410927e-09,7.897095149083663e-07,0,0,2.948048672209218,58.40089430953834,SEMA5A;ITGB1;SPARC;BTG1;HSPB6;PDE3B;PTPRM;TNFAIP3;TSPAN12;ETS1;FGF2;AQP1;CDH5;HHEX;HYAL1;ADAMTS1;CTSH;EMILIN2;GLUL;CD34;HOXA5;PPP1R16B;SEMA6A;PTGIS;ANXA3;VASH1;DCN;CLDN5;IL1A;SFRP1;IL1B;RHOJ;COL4A3;PPARG;PRKD1;RAMP2;GATA2;RRAS;GPNMB;ALOX5;HMOX1;SASH1;TNFSF12;VEGFC;KLF4;IL6;FGF18;GHRL;TEK
GO_Biological_Process_2023,Cellular Response To Transforming Growth Factor Beta Stimulus (GO:0071560),30/96,4.496528545582501e-09,1.3229429342324516e-06,0,0,4.245336481700118,81.59519809583722,ACVRL1;ITGB1;HPGD;ARRB2;LRRC32;NR3C1;ZFP36L2;CDH5;CLEC3B;FNTA;HYAL2;ANKRD1;LPXN;MAP3K7;WNT2;GDF10;JUN;PDE2A;APOA1;WNT7A;FOS;SMAD6;TGFBR2;SMAD7;TGFBR3;CLDN5;SFRP1;ID1;ZYX;ENG
GO_Biological_Process_2023,Positive Regulation Of Defense Response (GO:0031349),34/124,1.821990582088304e-08,4.9199074719883e-06,0,0,3.5309734513274336,62.924599066687385,PTGER4;CEBPA;GRP;ETS1;TNF;CAMK2N1;HYAL2;CCL5;CASP1;CCL3;NLRP3;S100A12;EMILIN2;SNCA;IL33;IL15;PDE2A;PLA2G2A;SH2D1B;OSM;NKG7;IL16;GPR4;PLSCR1;IL1B;MMRN2;AGTR1;TLR8;TLR7;CD47;LCP1;S100A9;TLR4;S100A8
GO_Biological_Process_2023,Response To Type II Interferon (GO:0034341),26/80,1.9111075394953337e-08,4.9199074719883e-06,0,0,4.490582339726974,79.81111007315506,CCL14;CCL13;CCL3L1;CCL4L1;AQP4;AIF1;CCL8;KYNU;CCL5;CASP1;CCL3;CCL2;CD58;CCL18;IL12RB1;GBP4;HLA-DPA1;SNCA;CCL24;CD74;CCL23;CCL21;SLC11A1;IRF8;CD47;TLR4
GO_Biological_Process_2023,Monocyte Chemotaxis (GO:0002548),18/42,2.1823723794396032e-08,5.287759900536309e-06,0,0,6.977671657201858,123.08799952422252,CCL14;CCL13;CCL24;CCL23;CCL3L1;CCL21;CCL4L1;PTPRO;PDGFB;IL6;CCL8;CCL5;CCL3;CCL2;S100A12;CTSG;CCL18;FOLR2
GO_Biological_Process_2023,Positive Regulation Of Inflammatory Response (GO:0050729),30/104,3.528372787754369e-08,8.074093062644582e-06,0,0,3.784696384696385,64.94479934410317,PTGER4;CEBPA;PLA2G3;ETS1;TNF;CAMK2N1;HYAL2;CASP1;CCL3;NLRP3;S100A12;SNCA;IL33;IL15;PDE2A;PLA2G2A;OSM;NKG7;IL16;GPR4;IL6;IL1B;AGTR1;TLR7;NUPR1;CD47;LCP1;S100A9;TLR4;S100A8
GO_Biological_Process_2023,Neutrophil Chemotaxis (GO:0030593),23/70,9.931021037251317e-08,2.1529408238125355e-05,0,0,4.558763931104357,73.51014792896535,CCL14;CCL13;CCL24;EDN1;CCL23;FCER1G;CCL3L1;CCL21;CCL4L1;PLA2G1B;CXCL1;PPBP;CXCL2;CXCL5;CCL8;CCL5;PDE4B;CCL3;CCL2;S100A12;CCL18;S100A9;S100A8
GO_Biological_Process_2023,Regulation Of Endothelial Cell Proliferation (GO:0001936),27/93,1.4531479709408517e-07,2.992758246152684e-05,0,0,3.814857600905319,60.06250451505618,SEMA5A;SPARC;PDGFB;PTPRM;FGF2;ALOX5;ATOH8;PPP1R16B;CCL24;EGFL7;EGR3;ANGPT1;CAV2;CAV1;TIE1;TNFSF12;VEGFC;VASH1;NELL2;NR4A1;BMP2;FGF18;CDH13;ANG;GHRL;PRKD1;TEK
GO_Biological_Process_2023,Neutrophil Migration (GO:1990266),24/77,1.6304514361259038e-07,3.1980140311440935e-05,0,0,4.219223591256852,65.94325271999072,CCL14;CCL13;CCL24;EDN1;CCL23;FCER1G;CCL3L1;CCL21;CCL4L1;PLA2G1B;CXCL1;PPBP;CXCL2;CXCL5;CCL8;CCL5;PDE4B;PECAM1;CCL3;CCL2;S100A12;CCL18;S100A9;S100A8
GO_Biological_Process_2023,Granulocyte Chemotaxis (GO:0071621),23/73,2.3597113407653157e-07,4.418023187551061e-05,0,0,4.28452380952381,65.3799325156423,CCL14;CCL13;CCL24;EDN1;CCL23;FCER1G;CCL3L1;CCL21;CCL4L1;PLA2G1B;CXCL1;PPBP;CXCL2;CXCL5;CCL8;CCL5;PDE4B;CCL3;CCL2;S100A12;CCL18;S100A9;S100A8
GO_Biological_Process_2023,Phagocytosis (GO:0006909),22/69,3.402513344528591e-07,6.093457593962288e-05,0,0,4.358300954309804,64.9107094771459,ITGB1;SRPX;MSR1;ITGAM;GSN;ANXA3;SLC11A1;ALOX15;TIMD4;AIF1;ARHGAP25;MARCO;TYROBP;ELMO1;PECAM1;CD36;CD302;CD14;GAS6;FCGR2B;TLR4;LDLR
GO_Biological_Process_2023,Cellular Response To Chemokine (GO:1990869),20/59,3.786419484752565e-07,6.49844244070659e-05,0,0,4.7720135161995625,70.5622120309113,CCL14;CCR1;CCL13;CCL24;CCL23;CCL3L1;CCL21;CCL4L1;DUSP1;DOCK8;CXCL1;PPBP;CXCL2;CXCL5;CCL8;CXCL12;CCL5;CCL3;CCL2;CCL18
GO_Biological_Process_2023,Positive Regulation Of Macromolecule Metabolic Process (GO:0010604),66/364,5.843572229643605e-07,9.627869605560802e-05,0,0,2.0807536390476837,29.86454377993313,TFRC;CITED2;CLU;ETS1;FGF2;TNF;ACTG2;ACTG1;CDH5;GJA1;LAMP3;CTSH;CD36;CD34;HOXA5;ANXA2;IFNGR1;SLC11A1;ANK2;MITF;CLDN5;IL1A;OLFM1;PLSCR1;TYROBP;IL1B;AGTR1;PPARG;GAS6;TLR4;RBMS3;RAMP2;RAMP3;NOTCH1;PDGFB;GATA5;GATA2;DLL1;PPM1F;CLEC7A;CCL3;PPARGC1A;RPL17;SNCA;SRPK2;EGR1;CD74;IL33;NTRK2;GSN;ANGPT1;WFS1;WNT3A;EPHX2;PDE2A;LAPTM5;WNT7A;IGF1;KLF4;BMP6;KLF2;BMP2;IL6;ID2;FGF18;FGFR4
GO_Biological_Process_2023,Positive Regulation Of Cell Motility (GO:2000147),46/221,6.096554214290164e-07,9.658348772561996e-05,0,0,2.4605851979345954,35.211889328922574,SEMA5A;ITGB1;CD151;NOTCH1;SEMA3B;PDGFB;TWIST2;FAM107A;SEMA3G;CXCR4;NEDD9;AIF1;PPM1F;MYLK;DUOX1;CDH5;SDCBP;GPNMB;CLEC7A;PODXL;CCL5;SPOCK2;PDPN;CCL3;CTSH;CCR1;CCL24;PDGFRA;EDN1;MYOC;CCL21;F10;FZD4;CAV1;IGF1;FGR;BMP2;DAB2;CXCL12;IL1B;KIT;MYADM;PECAM1;SNAI2;CDH13;HBEGF
GO_Biological_Process_2023,Actomyosin Structure Organization (GO:0031032),23/77,6.867931364066397e-07,0.00010477410847625737,0,0,3.9662698412698414,56.286258274627215,ITGB1;TMOD1;WDR1;LMOD1;SORBS1;MYOM2;FRMD3;PDLIM1;EPB41L5;SYNPO2L;TNNT2;EPB41L2;EPB41L3;ANKRD1;ZYX;CAPN3;PGM5;PHACTR1;MYH11;FLNC;MYOZ1;MYL9;MYH10
GO_Biological_Process_2023,Cellular Response To Lipopolysaccharide (GO:0071222),31/124,7.181315600470764e-07,0.00010564228199406811,0,0,3.1101871101871104,43.99861357155051,CD86;CX3CR1;TNFAIP3;CXCL1;TNF;CXCL2;CXCL5;ZFP36;CCL5;ANKRD1;CASP1;PDE4B;CCL3;NLRP3;CCL2;CTSG;CD14;PRKCE;DEFA3;DEFA1;PPBP;LILRB2;TNFRSF1B;HCK;IL1A;IL6;IL1B;VIM;CD68;TLR4;CHMP5
GO_Biological_Process_2023,Maintenance Of Blood-Brain Barrier (GO:0035633),13/29,1.0788035279500602e-06,0.00015322730109056202,0,0,7.543029093717816,103.63863984641668,ITGB1;LAMA2;SLC1A1;ACTG1;CDH5;CLDN5;GJA1;IL6;PECAM1;ESAM;JAM2;JAM3;TJP2
GO_Biological_Process_2023,Cellular Response To Low-Density Lipoprotein Particle Stimulus (GO:0071404),11/22,1.923681405313185e-06,0.0002641214569495004,0,0,9.276748971193417,122.09379616196811,ITGB1;FCER1G;CD9;CDH13;PPARG;CD36;LCP1;CD68;LDLR;TLR4;CES1
GO_Biological_Process_2023,Positive Regulation Of Intracellular Signal Transduction (GO:1902533),85/525,2.183868993940992e-06,0.0002901727866465466,0,0,1.818698347107438,23.705664444423125,SEMA5A;ITGB1;CD86;CSF3;TFRC;NCF1;SCHIP1;ADRA1B;FGF2;TNF;GJA1;CASP1;PLCE1;TNFAIP8L3;MAP3K7;TRIM22;PDGFRA;MYOC;VWF;TNFRSF19;DCN;FGR;PPM1A;DOK2;RRAGB;IL1B;DOK6;KIT;HCLS1;CDH13;PPARG;ROR1;S100A4;TLR7;PRKD1;NUPR1;GAS6;HCST;S100A9;TLR4;S100A8;ENG;HBEGF;AVPI1;CX3CR1;RAMP3;PDGFB;ADRB2;ATP2C1;AGER;RTN4;ART4;RELN;CLEC7A;CCL5;CCL3;HMOX1;S100A12;NLRP3;IGFBP6;RPL17;SASH1;NTRK2;CD74;CCL21;F10;ANGPT1;CAV2;CAV1;LAPTM5;OSM;AKR1C2;IGF1;BMP6;SELP;DAB2;BMP2;IL6;PTPRC;VAPA;P2RX2;GHRL;TEK;PIK3AP1;HLA-DRB1
GO_Biological_Process_2023,Positive Regulation Of Cell Death (GO:0010942),17/50,2.6796625131535262e-06,0.0003392995481398863,0,0,4.787878787878788,61.42762159058254,HBZ;C1QA;PRNP;ITGAM;HBG2;HBG1;LRRK2;HP;HBB;HBD;AXIN2;HBA1;CLU;TNF;EFNB2;TYROBP;SNCA
GO_Biological_Process_2023,Antigen Processing And Presentation Of Exogenous Peptide Antigen (GO:0002478),13/31,2.7183503492634737e-06,0.0003392995481398863,0,0,6.7041709577754895,85.91720469921206,FCER1G;HLA-DRB4;IFI30;CTSS;HLA-E;CLEC4A;CTSL;HLA-DRA;FCGR2B;HLA-DRB3;HLA-DQA1;HLA-DRB1;HLA-DPA1
GO_Biological_Process_2023,Positive Regulation Of Angiogenesis (GO:0045766),29/119,2.823614139060456e-06,0.00034207254819970646,0,0,3.0038940809968846,38.38223524416405,SEMA5A;ITGB1;RAMP2;BTG1;HSPB6;GATA2;ETS1;FGF2;DLL1;AQP1;CDH5;RRAS;HYAL1;HMOX1;CTSH;EMILIN2;CD34;SASH1;JAK1;PTGIS;ANXA3;TNFSF12;VEGFC;KLF4;IL1A;IL1B;FGF18;PRKD1;TEK
GO_Biological_Process_2023,Cardiac Epithelial To Mesenchymal Transition (GO:0060317),10/19,3.1395923850316657e-06,0.0003538619737815091,0,0,10.303341902313624,130.55794771532263,TGFBR3;OLFM1;BMP2;NOTCH1;HEY1;HEY2;SNAI2;SPRY1;TBX3;ENG
GO_Biological_Process_2023,Transforming Growth Factor Beta Receptor Signaling Pathway (GO:0007179),21/72,3.175399463575981e-06,0.0003538619737815091,0,0,3.831072449662388,48.50167265826816,ACVRL1;ITGB1;GDF10;JUN;HPGD;APOA1;ARRB2;FOS;LRRC32;SMAD6;TGFBR2;SMAD7;TGFBR3;CDH5;CLDN5;FNTA;ID1;ZYX;LPXN;MAP3K7;ENG
GO_Biological_Process_2023,Positive Regulation Of Cellular Process (GO:0048522),93/594,3.1786581767214947e-06,0.0003538619737815091,0,0,1.7490175395717695,22.140902945580567,CD86;CSF3;VIPR1;CITED2;HP;HBB;HBD;FGF2;TNF;CXCL5;TGM1;ZFP36;CCND2;HYAL1;CTSH;SS18;HBZ;PDGFRA;EDN1;TSC22D1;IL15;IL11RA;MATK;LIFR;GAB2;HBA1;AXIN2;TNFRSF1B;TGFBR2;CLDN5;HCK;SFRP1;IL1B;HCLS1;CD47;NUPR1;S100A9;TLR4;S100A8;HBEGF;CCL14;NOTCH1;LAMA2;PLA2G1B;PDGFB;NEDD9;CST7;LILRA2;AIF1;DLL1;PKHD1;EFNB2;DUOX1;SDCBP;SERTAD1;GRK5;CLEC7A;CCL5;SPOCK2;TPPP;RPL17;WNT2;SRPK2;NTRK2;EGR2;CCL21;HBG2;HBG1;WNT3A;CNBP;CAV1;TNFSF13;OSM;AKR1C2;VEGFC;IGF1;MEIS2;TBX3;BMP6;BMP5;BST1;KITLG;BMP2;IL6;MEIS1;CXCL12;FKBP1B;FGF18;FCGR2B;FOLR2;FGFR4;IL7R;EIF4G2
GO_Biological_Process_2023,Positive Regulation Of Cell Population Proliferation (GO:0008284),79/483,3.344071411698595e-06,0.0003624797406522767,0,0,1.8388067618062447,23.184266843563886,CD86;CSF3;VIPR1;FGF2;TNF;CXCL5;AQP1;GJA1;CCND2;HYAL1;CTSH;SS18;PDGFRA;EDN1;PRKCH;TSC22D1;IL15;IL11RA;MATK;LIFR;GAB2;TGFBR2;TGFBR3;CLDN5;HCK;SFRP1;IL1B;HCLS1;CDH13;CD47;GAS6;ZFPM2;HBEGF;CCL14;NOTCH1;PLA2G1B;C5AR1;PDGFB;AIF1;DLL1;PKHD1;EFNB2;SDCBP;SERTAD1;GRK5;CLEC7A;CCL5;HMOX1;RPL17;WNT2;SRPK2;NTRK2;CD74;WNT3A;BAD;CNBP;TNFSF13;OSM;AKR1C2;VEGFC;IGF1;MEIS2;TBX3;BMP6;TBX2;BMP5;BST1;KITLG;BMP2;IL6;MEIS1;CDK6;PTPRC;ID2;FGF18;FOLR2;FGFR4;IL7R;NES
GO_Biological_Process_2023,Response To Lipopolysaccharide (GO:0032496),35/159,3.4958459693722047e-06,0.0003692151166113875,0,0,2.63455561155914,33.10038587969043,CD86;CX3CR1;TNFAIP3;CXCL1;CXCL2;CXCL5;ZFP36;ANKRD1;CASP1;PDE4B;FBXO3;NLRP3;CCL2;CTSG;CD14;SNCA;SLC11A1;DEFA3;DEFA1;PPBP;LILRB2;SMAD6;TNFRSF1B;SELE;SELP;IL1A;IL6;SLPI;IL1B;VIM;CD68;S100A9;TLR4;S100A8;CHMP5
GO_Biological_Process_2023,Regulation Of Chemokine Production (GO:0032642),15/41,3.638368707766501e-06,0.0003746610176822554,0,0,5.358544805709754,67.11028190100032,CD74;EGR1;IL33;CHIA;AGER;AIF1;TNF;C5;IL6;HMOX1;SNAI2;FFAR2;TLR7;LCP1;TLR4
GO_Biological_Process_2023,Chemokine-Mediated Signaling Pathway (GO:0070098),18/57,4.574190990549571e-06,0.0004595388460993581,0,0,4.29037766570033,52.75053966561387,CCL14;CCR1;CCL13;CCL24;CCL23;CCL3L1;CCL21;CCL4L1;CXCL1;PPBP;CXCL2;CXCL5;CCL8;CXCL12;CCL5;CCL3;CCL2;CCL18
GO_Biological_Process_2023,Regulation Of Interleukin-2 Production (GO:0032663),16/47,5.156616060603708e-06,0.0004915213189864752,0,0,4.795022376016902,58.38050026306935,CD86;PRNP;PDE4D;SFTPD;LAPTM5;TNFAIP3;IL1A;ZFP36;PTPRC;CLEC7A;IL1B;PDE4B;VSIG4;CD34;MAP3K7;SPTBN1
GO_Biological_Process_2023,Cellular Response To Growth Factor Stimulus (GO:0071363),34/155,5.197508189754134e-06,0.0004915213189864752,0,0,2.6218094053974985,31.90042348756519,ACVRL1;RAMP2;NOTCH1;PDGFB;NR3C1;ZFP36L2;TMEM100;ZFP36;CLEC3B;RAP1A;HYAL1;HYAL2;CCL5;HAS1;ANKRD1;CCL2;WNT2;SEMA6A;EGR3;PDE2A;WNT7A;KLF4;BMP6;SMAD7;TGFBR2;DUSP22;NR4A1;SFRP1;BMP2;MT1G;SNAI2;GAS1;PRKD1;CD44
GO_Biological_Process_2023,Positive Regulation Of Vasculature Development (GO:1904018),26/104,5.503132181840778e-06,0.0004915213189864752,0,0,3.104717470191809,37.5987282098224,SEMA5A;ITGB1;RAMP2;BTG1;HSPB6;GATA2;ETS1;FGF2;AQP1;CDH5;RRAS;HYAL1;HMOX1;CTSH;EMILIN2;CD34;SASH1;PTGIS;ANXA3;TNFSF12;VEGFC;IL1A;IL1B;FGF18;PRKD1;TEK
GO_Biological_Process_2023,Leukocyte Aggregation (GO:0070486),6/7,5.557319371395056e-06,0.0004915213189864752,0,0,55.54848640328373,672.1586101012256,IL1B;RAC2;S100A9;CD44;JAM2;S100A8
GO_Biological_Process_2023,Eosinophil Chemotaxis (GO:0048245),11/24,5.656130809452729e-06,0.0004915213189864752,0,0,7.848686293130737,94.83387522273657,CCL14;CCL13;CCL24;CCL23;CCL8;CCL3L1;CCL4L1;CCL5;CCL3;CCL2;CCL18
GO_Biological_Process_2023,Eosinophil Migration (GO:0072677),11/24,5.656130809452729e-06,0.0004915213189864752,0,0,7.848686293130737,94.83387522273657,CCL14;CCL13;CCL24;CCL23;CCL8;CCL3L1;CCL4L1;CCL5;CCL3;CCL2;CCL18
GO_Biological_Process_2023,Microglial Cell Activation (GO:0001774),10/20,5.727852224168684e-06,0.0004915213189864752,0,0,9.272493573264782,111.92057308088305,CX3CR1;C1QA;ITGAM;TYROBP;IFNGR1;C5AR1;AIF1;CLU;TNF;SNCA
GO_Biological_Process_2023,Positive Regulation Of Phosphatidylinositol 3-Kinase Signaling (GO:0014068),20/69,6.014852988103411e-06,0.0005056159073060806,0,0,3.7960238358909457,45.63306029221219,PDGFRA;NTRK2;CSF3;NCF1;MYOC;PDGFB;OSM;IGF1;FGF2;TNF;DCN;FGR;SELP;CCL5;KIT;HCLS1;ROR1;TEK;PIK3AP1;HCST
GO_Biological_Process_2023,Negative Regulation Of Macromolecule Metabolic Process (GO:0010605),38/186,8.851434137000204e-06,0.0007171510411955725,0,0,2.397066080164672,27.889698595439203,RB1;ACVRL1;SPI1;NOTCH1;CITED2;PDGFB;GATA5;PLA2G3;PCSK9;GATA2;FGF2;TNF;EDNRB;HEY2;ATOH8;TCEAL1;CCL3;CD34;LDLR;SH3GL2;CCR1;MSR1;EDN1;IGF1;LILRB2;UPK3B;KLF4;APLN;CLDN5;OLFM1;SFRP1;BMP2;ID2;MYADM;PPARG;CCDC3;ENG;RBMS3
GO_Biological_Process_2023,Positive Regulation Of Cell Migration (GO:0030335),50/272,8.87951034255261e-06,0.0007171510411955725,0,0,2.107185926083564,24.510289699939317,SEMA5A;ITGB1;FAM107A;MYLK;CDH5;HYAL1;ENPP2;CTSH;PDGFRA;EDN1;SEMA6A;MYOC;PRKCE;FGR;IL1B;KIT;MYADM;PECAM1;CDH13;HBEGF;CD151;NOTCH1;SEMA3B;PDGFB;TWIST2;SEMA3G;CXCR4;NEDD9;AIF1;RTN4;PPM1F;SDCBP;GPNMB;CLEC7A;PODXL;CCL5;PDPN;CCL3;CLASP2;CCR1;CCL24;F10;FZD4;CAV1;IGF1;BMP2;DAB2;CXCL12;PTPRC;SNAI2
GO_Biological_Process_2023,Negative Regulation Of Cellular Process (GO:0048523),84/537,9.750392246960242e-06,0.0007442276519477899,0,0,1.7435022529298707,20.11688300076679,RB1;SEMA5A;ACVRL1;BTG2;BTG1;FHL1;PDE3B;WFDC1;CXCL1;ADARB1;CLU;ETS1;IFIT3;RERG;GJA1;SOX17;ADAMTS1;HYAL1;HYAL2;ANXA6;DACT2;ADAMTS8;SOX7;CD33;KLF10;SS18;PACRG;DUSP1;APOA1;AXIN2;IL1A;SFRP1;SFRP5;IL1B;ALDH1A2;IRF1;COL4A3;MMRN2;CDH13;NUPR1;CHMP6;CRYAB;CRK;FBP1;CHMP5;CEBPA;NOTCH1;CCL3L1;HPGD;NOTCH4;FBLN1;DLL1;RTN4;SERTAD3;GPNMB;PODXL;ALOX5;PDPN;AGR3;LPXN;IGFBP7;IGFBP6;MSX1;SLIT2;JAM2;CCL23;CDKN2B;CDKN2C;APOBEC3F;ANGPT1;APOBEC3G;WFS1;SUSD2;INCA1;OSM;SMAD6;BMP5;NR4A1;BMP2;IL6;CDK6;TMEM98;SCGB3A1;CD200
GO_Biological_Process_2023,Regulation Of Nitric Oxide Biosynthetic Process (GO:0045428),14/39,9.906216526779992e-06,0.0007442276519477899,0,0,5.19896960329727,59.90433735318649,CX3CR1;EDN1;PTGIS;CAV1;HBB;KLF4;CLU;TNF;KLF2;CLEC7A;IL1B;CD36;CD47;TLR4
GO_Biological_Process_2023,Lymphocyte Chemotaxis (GO:0048247),15/44,9.937489890053032e-06,0.0007442276519477899,0,0,4.8034127266263775,55.331453124849,CCL14;CCL13;CCL24;CCL23;CCL3L1;CCL21;CCL4L1;DEFA1;CH25H;CCL8;CCL5;CCL3;CCL2;CCL18;GAS6
GO_Biological_Process_2023,Regulation Of Cell-Substrate Adhesion (GO:0010810),15/44,9.937489890053032e-06,0.0007442276519477899,0,0,4.8034127266263775,55.331453124849,ECM2;NOTCH1;FZD4;ALOX15;PTPRO;PDGFB;NPNT;CORO2B;PPM1F;PKHD1;BST1;PDPN;RAC2;MYADM;RSU1
GO_Biological_Process_2023,Regulation Of Cell Migration (GO:0030334),71/434,1.0249069977807613e-05,0.0007538557006890991,0,0,1.83570212840624,21.089140066659716,SEMA5A;ITGB1;ACVRL1;CLIC4;ROBO4;CITED2;FAM107A;ADARB1;LDB2;FGF2;MYLK;ACTG1;CDH5;DACH1;ENPP2;EMILIN2;CTSH;PHACTR1;PDGFRA;EDN1;MYOC;MITF;DUSP22;FGR;CLDN5;SFRP1;IL1B;KIT;MMRN2;PECAM1;MYADM;CDH13;ENG;HBEGF;CD151;NOTCH1;SEMA3B;PDGFB;SEMA3G;TWIST2;CXCR4;NEDD9;NEXN;AIF1;PPM1F;SDCBP;RELN;GPNMB;CLEC7A;PODXL;CCL5;PDPN;CCL3;SLIT2;SASH1;CCR1;NTNG1;CCL24;CD74;F10;FZD4;CAV1;IGF1;SMAD7;IGSF10;DAB2;BMP2;CXCL12;FGF18;SNAI2;RECK
GO_Biological_Process_2023,Immunoglobulin Mediated Immune Response (GO:0016064),12/30,1.1856588773103036e-05,0.0008567945466037087,0,0,6.185280494081318,70.1573284850617,CD74;FCER1G;HLA-DRB4;IL2RB;FCER1A;HLA-DRA;TLR8;FCGR2B;HLA-DRB3;HLA-DQA1;HLA-DRB1;HLA-DPA1
GO_Biological_Process_2023,Receptor-Mediated Endocytosis (GO:0006898),28/122,1.4112483250547773e-05,0.0010022296294656,0,0,2.774834656449779,30.99060438126421,ITGB1;RAMP2;CALCRL;ITGAM;RAMP3;TFRC;STAB2;STON1;ADRB2;ARRB2;VLDLR;DLL1;SNX1;CTSL;CD36;LDLR;SNCA;MSR1;FCER1G;CAV2;CAV1;SFTPD;MARCO;DAB2;CANX;CD9;FCGR2B;FOLR1
GO_Biological_Process_2023,Antigen Processing And Presentation Of Exogenous Peptide Antigen Via MHC Class II (GO:0019886),11/26,1.4551651309857262e-05,0.0010159025719542,0,0,6.801440329218107,75.75312344268146,FCER1G;HLA-DRB4;CTSL;HLA-DRA;IFI30;FCGR2B;HLA-DRB3;CTSS;HLA-DQA1;HLA-DRB1;HLA-DPA1
GO_Biological_Process_2023,Positive Regulation Of Protein Phosphorylation (GO:0001934),63/377,1.622942834223696e-05,0.0011085268757906,0,0,1.8802820457575309,20.73703726441997,ACVRL1;CSF3;TFRC;LRRK2;KNDC1;FGF2;TNF;GHR;RASSF2;CCND2;ENPP2;LEPR;RSPO1;IL15;SH2D3C;AXIN2;TGFBR2;BANK1;IL1B;PECAM1;HCLS1;PPARG;PRKD1;GAS6;CD44;ENG;CX3CR1;RAMP3;PDGFB;ITLN1;AGER;C3;SDCBP;RELN;RAP1A;GPNMB;MAPK1;LEFTY2;SNCA;GDF10;CD74;PRNP;NTRK2;CCL21;ANGPT1;BDNF;WNT3A;CAV1;RARRES2;LIMK2;OSM;VEGFC;IGF1;BMP6;BMP5;MARCO;BMP2;DAB2;IL6;PTPRC;FGF18;TEK;HLA-DRB1
GO_Biological_Process_2023,Positive Regulation Of Epithelial Cell Proliferation (GO:0050679),28/123,1.6589897014422356e-05,0.0011085268757906,0,0,2.7454729194548384,30.218642526181608,SEMA5A;C5AR1;PDGFB;FGF2;TNF;RTN4;TGM1;PKHD1;HYAL1;PPP1R16B;CCL24;EGFL7;EGR3;BAD;TNFSF12;VEGFC;WNT7A;IGF1;BMP6;BMP5;NELL2;NR4A1;SFRP1;BMP2;CDH13;ANG;PRKD1;TEK
GO_Biological_Process_2023,Cellular Response To Cadmium Ion (GO:0071276),10/22,1.6685765064097476e-05,0.0011085268757906,0,0,7.726221079691516,84.99580727629548,JUN;MT1A;NCF1;SLC11A1;MAPK1;MT1G;MT1X;SLC39A8;FOS;MT1E
GO_Biological_Process_2023,Neutrophil Activation (GO:0042119),9/18,1.7126840786235917e-05,0.001119769161881,0,0,9.268242548818089,101.71769860454556,PREX1;FCER1G;TYROBP;IL15;CCL5;CTSG;LILRA2;DNASE1L3;CAMP
GO_Biological_Process_2023,Cellular Response To Molecule Of Bacterial Origin (GO:0071219),27/117,1.794837468279881e-05,0.0011551461768507,0,0,2.793827800829876,30.53098092294832,CD86;CX3CR1;TNFAIP3;CXCL1;CXCL2;CXCL5;ZFP36;ANKRD1;CASP1;PDE4B;NLRP3;CCL2;CTSG;CD14;DEFA3;DEFA1;PPBP;LILRB2;TNFRSF1B;IL1A;IL6;IL1B;VIM;CD68;FCGR2B;TLR4;CHMP5
GO_Biological_Process_2023,Carbon Dioxide Transport (GO:0015670),7/11,1.952740735084589e-05,0.0012374367827405,0,0,16.20726386036961,175.7465705606227,HBZ;HBG2;CA2;HBG1;HBB;HBA1;HBD
GO_Biological_Process_2023,Cellular Response To Interleukin-1 (GO:0071347),21/81,2.368032119729891e-05,0.0014778673183587,0,0,3.254782833505688,34.666256417536616,CCL14;CCL13;CCL24;EGR1;CCL23;PTGIS;CCL3L1;CCL21;CCL4L1;SFRP1;CCL8;HYAL1;HYAL2;IL1B;CCL5;ANKRD1;CCL3;CCL2;CD47;CCL18;MAP3K7
GO_Biological_Process_2023,Antimicrobial Humoral Response (GO:0019730),24/100,2.5936355551455584e-05,0.0015945052017379,0,0,2.9385919485404344,31.031133926573624,CCL13;COLEC11;PLA2G1B;SLC11A1;RARRES2;RNASE6;DEFA3;DEFB1;CXCL1;DEFA1;PPBP;LYZ;CXCL2;F3;CXCL5;HLA-E;SLPI;GNLY;S100A12;CTSG;HMGN2;PGLYRP1;S100A9;CAMP
GO_Biological_Process_2023,Gas Transport (GO:0015669),8/15,2.8156824078406557e-05,0.0017055582114552,0,0,10.5880108591973,110.93822176188334,HBZ;HBG2;HBG1;CA2;HBB;HBA1;HBD;CYGB
GO_Biological_Process_2023,Positive Regulation Of Chemokine Production (GO:0032722),16/53,2.888084701290211e-05,0.0017240609977702,0,0,4.016113070264695,41.9777468212596,CD74;EGR1;IL33;CHIA;TNF;AGER;AIF1;C5;IL6;CLEC7A;IL1B;HMOX1;FFAR2;TLR7;LCP1;TLR4
GO_Biological_Process_2023,Hemopoiesis (GO:0030097),24/101,3.090579218264617e-05,0.0018185851142902,0,0,2.900267003840282,30.118016852069488,CEBPA;WNT2B;NOTCH4;ZBTB16;PLEK;PDGFB;DLL1;ZFP36L2;TGFBR2;TGFBR3;MFAP5;LYL1;SFRP1;KITLG;MEIS1;SNRK;PTPRC;RRAS;KIT;SBDS;TEK;IL7R;EVI2B;CD34
GO_Biological_Process_2023,Cellular Defense Response (GO:0006968),15/48,3.2426049091189045e-05,0.0018811675522057,0,0,4.220243673851921,43.62275330640762,CX3CR1;ITGB1;ITK;NCF1;NCF2;C5AR1;PRF1;LSP1;LILRB2;KIR2DL4;TYROBP;GNLY;MNDA;CD300C;KLRG1
GO_Biological_Process_2023,Antigen Processing And Presentation Of Peptide Antigen Via MHC Class II (GO:0002495),11/28,3.3627513411744225e-05,0.0018861107062865,0,0,6.000605180343743,61.80722930517183,FCER1G;HLA-DRB4;CTSL;HLA-DRA;IFI30;FCGR2B;HLA-DRB3;CTSS;HLA-DQA1;HLA-DRB1;HLA-DPA1
GO_Biological_Process_2023,Response To Tumor Necrosis Factor (GO:0034612),25/108,3.422204048479731e-05,0.0018861107062865,0,0,2.803233660028716,28.82464442008164,CCL14;CCL13;ASAH1;CCL3L1;CCL4L1;ZFAND6;LRRK2;AFF3;ZFP36L2;ZFP36;CCL8;HYAL1;HYAL2;CCL5;ANKRD1;CCL3;CCL2;CD58;CCL18;CCL24;CCL23;CCL21;NPNT;SELE;SFRP1
GO_Biological_Process_2023,Intracellular Monoatomic Cation Homeostasis (GO:0030003),37/190,3.4972559961872704e-05,0.0018861107062865,0,0,2.255903821382568,23.147709108524097,CCL14;CCL13;ALAS2;SLC24A4;TFRC;ATP1A2;ATP2C1;PKHD1;CDH5;EDNRA;MT2A;CCL8;PLN;CCL5;CCL3;HMOX1;SLC39A8;KCNJ2;CCR1;PRNP;EDN1;CCL23;SCARA5;SLC11A1;CAV1;CYBRD1;ANK2;ATP1B3;F3;BMP6;SLC8A3;SCNN1G;CXCL12;CASQ2;RGN;LETMD1;FBXL5
GO_Biological_Process_2023,Positive Regulation Of miRNA Transcription (GO:1902895),14/43,3.537289926456666e-05,0.0018861107062865,0,0,4.480875481888113,45.92702266468957,EGR1;JUN;SPI1;PDGFB;FOS;GATA2;NR3C1;KLF4;ETS1;FGF2;TNF;APLN;ATOH8;PPARG
GO_Biological_Process_2023,Positive Regulation Of Cell-Substrate Adhesion (GO:0010811),19/71,3.545223892588333e-05,0.0018861107062865,0,0,3.395849888747616,34.79837457369168,ECM2;MYOC;CCL21;PLEKHA2;FGG;ALOX15;PDGFB;APOA1;NEDD9;NPNT;PPM1F;SFRP1;CDK6;MYADM;CDH13;CD36;RSU1;CRK;LIMS2
GO_Biological_Process_2023,Positive Regulation Of Endothelial Cell Proliferation (GO:0001938),20/77,3.569086547780874e-05,0.0018861107062865,0,0,3.261797905616755,33.40281907370733,SEMA5A;PPP1R16B;CCL24;EGFL7;EGR3;TNFSF12;PDGFB;VEGFC;GATA2;FGF2;APLN;NELL2;NR4A1;BMP2;AGTR1;CDH13;HMOX1;ANG;PRKD1;TEK
GO_Biological_Process_2023,Positive Regulation Of Hydrolase Activity (GO:0051345),35/176,3.5716590213730105e-05,0.0018861107062865,0,0,2.3147163120567376,23.7024526042374,ITGB1;CCL14;CCL13;CCL3L1;CCL4L1;DOCK9;DOCK8;RGS16;RASGRF1;RASGRP2;C9ORF72;CTSS;DOCK11;PREX1;RAP1A;CCL8;FNTA;CTSL;CCL5;CCL3;CTSH;CCL2;RSU1;CCL18;CCL24;CCL23;CDKL5;CCL21;CAV2;APOA1;SFRP1;BMP2;TBC1D2;CD200;RAPGEF4
GO_Biological_Process_2023,Calcium Ion Homeostasis (GO:0055074),24/102,3.671615315383678e-05,0.0019023227951178,0,0,2.862924750029877,29.237028558091705,CCR1;CCL14;CCL13;EDN1;SLC24A4;CCL23;WFS1;CAV1;ANK2;ATP2C1;PKHD1;SLC8A3;CDH5;EDNRA;JPH2;CXCL12;CCL8;PLN;CCL5;CASQ2;RGN;CCL3;ALPL;SNCA
GO_Biological_Process_2023,Regulation Of Smooth Muscle Cell Proliferation (GO:0048660),16/54,3.7345625391592505e-05,0.0019023227951178,0,0,3.9102087348334735,39.86573069501326,EDN1;NDRG4;PDGFB;TNFAIP3;IGF1;TNF;BMP2;IL6;CCL5;ID2;OGN;CDH13;HMOX1;ANG;PPARG;PPARGC1A
GO_Biological_Process_2023,Regulation Of Cell Population Proliferation (GO:0042127),109/766,3.7409115417466905e-05,0.0019023227951178,0,0,1.56271241781564,15.929659294398885,CD86;CSF3;VIPR1;TFRC;ADARB1;CLU;FGF2;ETS1;IFIT3;CCND2;JUNB;SOX7;PDGFRA;IL11RA;MATK;LIFR;CLDN5;SFRP1;SFRP5;COL4A3;AGTR1;NUPR1;NOTCH1;CCL3L1;PDGFB;PKHD1;EFNB2;SDCBP;GRK5;CLEC7A;IGFBP7;IGFBP6;WNT2;SRPK2;JUN;WNT3A;INCA1;TNFSF13;IGF1;SMAD6;BMP6;BMP5;BST1;BMP2;IL6;CDK6;ID2;FGF18;SCGB3A1;FGFR4;IL7R;CD200;ACVRL1;BTG2;BTG1;CXCL1;CXCL5;RERG;HHEX;ADAMTS1;TSPO;EMILIN2;CTSH;ADAMTS8;CD33;KLF10;SS18;EDN1;TSC22D1;IL15;GAB2;AXIN2;ECRG4;TGFBR2;HCK;IL1A;IL1B;ALDH1A2;IRF1;KIT;MMRN2;HCLS1;CDH13;CD47;ENG;HBEGF;CCL14;CEBPA;PLA2G1B;AIF1;DLL1;GPNMB;SERTAD1;PDPN;RPL17;NTRK2;CCL23;CDKN2B;CDKN2C;CNBP;OSM;AKR1C2;VEGFC;MEIS2;TBX3;KITLG;MEIS1;GHRL;FOLR2
GO_Biological_Process_2023,Regulation Of Phosphatidylinositol 3-Kinase Signaling (GO:0014066),22/90,4.107134585797977e-05,0.0020630838242563,0,0,3.0088402665774017,30.38988804128405,PPP1R16B;PDGFRA;NTRK2;CSF3;NCF1;MYOC;PDGFB;OSM;IGF1;PTPN13;FGF2;TNF;DCN;FGR;SELP;CCL5;KIT;HCLS1;ROR1;TEK;PIK3AP1;HCST
GO_Biological_Process_2023,Response To Copper Ion (GO:0046688),10/24,4.2135637213871616e-05,0.0020910444540233,0,0,6.621740727139184,66.71149961805266,PRNP;IL1A;MT2A;MT1A;MT1M;MT1G;MT1X;AQP1;MT1E;SNCA
GO_Biological_Process_2023,Regulation Of Interleukin-1 Beta Production (GO:0032651),21/84,4.266164362321905e-05,0.0020919441676671,0,0,3.099276111685626,31.185568066929005,CX3CR1;EGR1;PYHIN1;TNFAIP3;APOA1;IGF1;LILRA2;TNF;IL6;TYROBP;CLEC7A;CASP1;CCL3;TLR8;NLRP3;GHRL;MNDA;CD36;LCP1;TLR4;CD33
GO_Biological_Process_2023,Regulation Of Protein Kinase B Signaling (GO:0051896),29/136,4.338180064911641e-05,0.0021022310220436,0,0,2.52424762958434,25.357255210486933,SEMA5A;ITGB1;CX3CR1;CSF3;RAMP3;ARRB2;FGF2;TNF;RTN4;PKHD1;RRAS;HYAL2;CCL3;TNFAIP8L3;NTRK2;MYOC;ANGPT1;CCL21;F10;OSM;AKR1C2;IGF1;BANK1;SFRP5;HCLS1;TEK;GAS6;ENG;HBEGF
GO_Biological_Process_2023,Transmembrane Receptor Protein Serine/Threonine Kinase Signaling Pathway (GO:0007178),28/130,4.829795071775064e-05,0.00220912094464,0,0,2.556060929820813,25.402443893861097,ACVRL1;ITGB1;HPGD;ARRB2;LRRC32;TMEM100;CDH5;FNTA;ATOH8;LPXN;MAP3K7;LEFTY2;GDF10;JUN;APOA1;FOS;SMAD6;BMP6;BMP5;SMAD7;TGFBR2;TGFBR3;CLDN5;BMP2;ID1;ZYX;PPARG;ENG
GO_Biological_Process_2023,Definitive Hemopoiesis (GO:0060216),5/6,4.8966155641600064e-05,0.00220912094464,0,0,46.266666666666666,459.168036838965,MFAP5;TGFBR3;LYL1;TEK;ZFP36L2
GO_Biological_Process_2023,Cellular Response To Copper Ion (GO:0071280),9/20,4.9341861351514e-05,0.00220912094464,0,0,7.5822666542091,75.19134975241299,PRNP;MT2A;MT1A;MT1M;MT1G;MT1X;AQP1;MT1E;SNCA
GO_Biological_Process_2023,Endothelial Cell Development (GO:0001885),9/20,4.9341861351514e-05,0.00220912094464,0,0,7.5822666542091,75.19134975241299,PPP1R16B;GSTM3;ROBO4;RAP1A;SOX18;PDE4D;PDE2A;MYADM;PECAM1
GO_Biological_Process_2023,Hydrogen Peroxide Catabolic Process (GO:0042744),9/20,4.9341861351514e-05,0.00220912094464,0,0,7.5822666542091,75.19134975241299,HBZ;HBM;HBG2;GPX3;HBG1;CAT;HBB;HBA1;HBD
GO_Biological_Process_2023,Negative Regulation Of B Cell Activation (GO:0050869),9/20,4.9341861351514e-05,0.00220912094464,0,0,7.5822666542091,75.19134975241299,SFRP1;TYROBP;BANK1;ID2;LAPTM5;TNFAIP3;MNDA;FCGR2B;SAMSN1
GO_Biological_Process_2023,Response To Fibroblast Growth Factor (GO:0071774),9/20,4.9341861351514e-05,0.00220912094464,0,0,7.5822666542091,75.19134975241299,NR4A1;SFRP1;ZFP36;EGR3;HYAL1;CCL5;HYAL2;ZFP36L2;CD44
GO_Biological_Process_2023,Defense Response To Gram-positive Bacterium (GO:0050830),21/85,5.150129471691526e-05,0.0022482247508284,0,0,3.0506802611168564,30.122122844650555,PLA2G1B;RARRES2;PLA2G2A;STAB2;RNASE6;DEFA3;DEFB1;DEFA1;LYZ;RNASE1;MPEG1;HLA-E;FGR;IL6;DMBT1;IL1B;CTSG;ANG;PGLYRP1;CAMP;GBP4
GO_Biological_Process_2023,Response To Interleukin-1 (GO:0070555),21/85,5.150129471691526e-05,0.0022482247508284,0,0,3.0506802611168564,30.122122844650555,CCL14;CCL13;CCL24;CCL23;PTGIS;CCL3L1;CCL21;CCL4L1;SELE;SFRP1;CCL8;HYAL1;HYAL2;IL1B;CCL5;ANKRD1;CCL3;CCL2;CD47;CCL18;SNCA
GO_Biological_Process_2023,Positive Regulation Of Neuron Death (GO:1901216),12/34,5.185271942915841e-05,0.0022482247508284,0,0,5.059561128526646,49.92321168377642,EFNB2;SRPK2;C1QA;PRNP;ITGAM;TYROBP;CCL3;PCSK9;NUPR1;CLU;TNF;SNCA
GO_Biological_Process_2023,Amine Metabolic Process (GO:0009308),6/9,5.603927269577292e-05,0.002404435044103,0,0,18.514109799897383,181.24309686624352,AOC3;SULT1A1;SULT1C2;MAOA;INMT;SULT1A2
GO_Biological_Process_2023,Aortic Valve Development (GO:0003176),13/40,6.84304815286279e-05,0.0029058263238806,0,0,4.467215928595949,42.83922572928056,RB1;NOTCH1;TIE1;GATA5;AXIN2;SMAD6;TNFRSF1B;TGFBR2;BMP2;HEY1;HEY2;SNAI2;SLIT2
GO_Biological_Process_2023,Positive Regulation Of Protein Kinase B Signaling (GO:0051897),22/93,6.999648894461816e-05,0.0029419952853355,0,0,2.881225271962869,27.564870825401428,ITGB1;SEMA5A;CX3CR1;CSF3;RAMP3;MYOC;ANGPT1;CCL21;F10;OSM;AKR1C2;IGF1;FGF2;TNF;RTN4;CCL3;HCLS1;TNFAIP8L3;TEK;GAS6;ENG;HBEGF
GO_Biological_Process_2023,Regulation Of Macrophage Derived Foam Cell Differentiation (GO:0010743),11/30,7.114627736082699e-05,0.0029601163277701,0,0,5.368366904916613,51.2720513049293,CETP;MSR1;PRKCH;PLA2G2A;AGTR1;PLA2G3;PPARG;PLA2G5;CD36;LCP1;ABCG1
GO_Biological_Process_2023,Regulation Of Interleukin-6 Production (GO:0032675),25/114,8.826510325479932e-05,0.0035878396402255,0,0,2.6133783547767364,24.396320070354644,TNFAIP3;LILRA2;TNF;AGER;AIF1;CLEC7A;HYAL2;CD74;IL33;IL16;LILRB2;IL1A;IL6;TYROBP;SYT11;IL1B;TLR8;TLR7;GHRL;CD47;LCP1;GAS6;IL17D;TLR4;CD200
GO_Biological_Process_2023,Extracellular Matrix Assembly (GO:0085029),8/17,8.890331618722679e-05,0.0035878396402255,0,0,8.234206471494607,76.8083577682509,MFAP4;RAMP2;EFEMP2;HAS1;MYH11;GAS6;FBLN5;GPM6B
GO_Biological_Process_2023,Positive Regulation Of Macrophage Derived Foam Cell Differentiation (GO:0010744),8/17,8.890331618722679e-05,0.0035878396402255,0,0,8.234206471494607,76.8083577682509,MSR1;PRKCH;PLA2G2A;AGTR1;PLA2G3;PLA2G5;CD36;LCP1
GO_Biological_Process_2023,Sprouting Angiogenesis (GO:0002040),15/52,9.128327176843996e-05,0.0035878396402255,0,0,3.763165227082753,35.00324321284556,SEMA5A;CCBE1;RAMP2;EGR3;ANGPT1;VEGFC;FGF2;DLL1;EFNB2;NR4A1;CDH13;SLIT2;TEK;RECK;ENG
GO_Biological_Process_2023,Lymphocyte Migration (GO:0072676),13/41,9.129555399219051e-05,0.0035878396402255,0,0,4.307433426511697,40.06519774973253,CCL14;CCL13;CCL24;CCL23;CCL3L1;CCL21;CCL4L1;NEDD9;CCL8;CCL5;CCL3;CCL2;CCL18
GO_Biological_Process_2023,Cellular Response To Lipid (GO:0071396),41/228,9.145985972898236e-05,0.0035878396402255,0,0,2.045658502785554,19.023827032984663,CD86;CX3CR1;RAMP3;TNFAIP3;CXCL1;ATP1A2;NR3C1;CXCL2;GNAI1;CXCL5;AQP1;ZFP36;PDK4;ANKRD1;CASP1;PDE4B;NLRP3;CCL2;CTSG;FFAR2;CD14;WNT2;FZD4;WNT3A;GPBAR1;DEFA3;PPBP;LILRB2;DEFA1;SSTR1;TNFRSF1B;IL1A;SFRP1;IL6;IL1B;LCP1;VIM;CD68;TLR4;CFTR;CHMP5
GO_Biological_Process_2023,Positive Regulation Of Protein Secretion (GO:0050714),19/76,9.72697943720571e-05,0.003779757386967,0,0,3.097107438016529,28.611146819338337,PLA2G1B;BAD;FGG;ACSL4;FRMD4A;MYRIP;IGF1;BMP6;IL1A;NNAT;ANKRD1;ANG;PPARG;GHRL;TLR4;MYH10;CD33;ABCG1;PPID
GO_Biological_Process_2023,Negative Regulation Of Epithelial Cell Proliferation (GO:0050680),18/70,9.950849014526812e-05,0.0038306118776482,0,0,3.215460069099718,29.6313249596135,CDKN1C;CDKN2B;SPARC;KRT4;CAV2;CAV1;TINF2;PTPRM;VASH1;TGFBR3;SFRP1;CDK6;ALOX5;ATOH8;KLF9;SNAI2;GHRL;NUPR1
GO_Biological_Process_2023,Blood Vessel Morphogenesis (GO:0048514),15/53,0.00011591592413792428,0.0044209045511491,0,0,3.6639310906131306,33.20490832326009,CCBE1;EGFL7;RAMP2;CAV1;SLC1A1;RASIP1;TGFBR2;SMAD7;EFNB2;SOX17;SOX18;GJA5;HEY2;ID1;ENG
GO_Biological_Process_2023,Regulation Of Cell Death (GO:0010941),16/59,0.00012126300249478293,0.0045824064887707,0,0,3.4545738033270568,31.1517878437378,HBZ;PACRG;HBG2;HBG1;LRRK2;HP;HBB;HBD;AXIN2;HBA1;CLU;AGR3;CHMP6;CRYAB;CHMP5;SNCA
GO_Biological_Process_2023,Regulation Of Peptidyl-Tyrosine Phosphorylation (GO:0050730),21/90,0.0001250219310860096,0.0046815030376661,0,0,2.828829638955083,25.4227524664963,CD74;PRNP;CSF3;ANGPT1;IL15;PDGFB;OSM;IGF1;SAMSN1;BMP6;GHR;BST1;SFRP1;IL6;RELN;PTPRC;BANK1;ENPP2;PECAM1;HCLS1;CD44
GO_Biological_Process_2023,Oxygen Transport (GO:0015671),6/10,0.00012845969657575426,0.0047243347338886,0,0,13.88481272447409,124.40646893996114,HBZ;HBG2;HBG1;HBB;HBA1;HBD
GO_Biological_Process_2023,Response To Prostaglandin E (GO:0034695),6/10,0.00012845969657575426,0.0047243347338886,0,0,13.88481272447409,124.40646893996114,PTGER4;TGFBR3;SFRP1;GNG2;CCL21;PTGER2
GO_Biological_Process_2023,Negative Regulation Of Endothelial Cell Proliferation (GO:0001937),12/37,0.000132688442898989,0.0047942429500082,0,0,4.451672671127123,39.742337652731,SPARC;CAV2;ALOX5;CAV1;ATOH8;COL4A3;MMRN2;PTPRM;CCL2;GHRL;PPARG;VASH1
GO_Biological_Process_2023,Negative Regulation Of Smooth Muscle Cell Proliferation (GO:0048662),12/37,0.000132688442898989,0.0047942429500082,0,0,4.451672671127123,39.742337652731,CNN1;NDRG4;EFEMP2;BMP2;OGN;TNFAIP3;HMOX1;ANG;PPARG;AIF1;PPARGC1A;APLN
GO_Biological_Process_2023,Positive Regulation Of Nitric Oxide Biosynthetic Process (GO:0045429),10/27,0.00013778775467777584,0.0049351979262413,0,0,5.452290942083774,48.46975456947344,EDN1;CLEC7A;IL1B;HBB;CD36;KLF4;CLU;TNF;TLR4;KLF2
GO_Biological_Process_2023,Negative Regulation Of Cell Adhesion (GO:0007162),18/72,0.00014708727758878796,0.005201937521947,0,0,3.096024780588539,27.320822447286364,ACVRL1;SEMA5A;SEMA6A;NOTCH1;ANGPT1;DUSP1;FZD4;PDE3B;PTPRO;FBLN1;CORO2B;PTPRC;PODXL;DACT2;CDH13;LPXN;SNAI2;JAM3
GO_Biological_Process_2023,Regulation Of Epithelial Cell Proliferation (GO:0050678),21/91,0.00014776078904292438,0.005201937521947,0,0,2.7882626680455016,24.59224218924094,CDKN1C;CDKN2B;KRT4;ANGPT1;BAD;TIE1;TINF2;C5AR1;IGF1;BMP6;BMP5;TGFBR3;PKHD1;NR4A1;ZFP36;SFRP1;CDK6;HYAL1;FGF18;NUPR1;PRKD1
GO_Biological_Process_2023,Cellular Response To Oxygen-Containing Compound (GO:1901701),63/406,0.00015271251406159472,0.005330702079828,0,0,1.7184924709841654,15.100313255899994,CD86;CLIC4;NCF1;AQP9;TNFAIP3;CXCL1;CLU;CXCL2;CXCL5;AQP1;ZFP36;PDK4;ANKRD1;CASP1;PDE4B;CAPN3;CTSG;FFAR2;PDGFRA;GPBAR1;FOS;SSTR1;TNFRSF1B;IL1A;SFRP1;RRAGB;IL1B;PRKD1;LCP1;TLR4;CFTR;CHMP5;CX3CR1;RAMP3;ALOX15;PDGFB;RASGRP2;RAP1A;GNG2;CCL2;NLRP3;MAPK1;CD14;SLIT2;WNT2;SLC25A24;EGR1;JUN;FZD4;WNT3A;PDE2A;DEFA3;SYT15;DEFA1;PPBP;LILRB2;CPEB1;IL6;SYT11;ALOX5AP;VIM;CD68;FOLR1
GO_Biological_Process_2023,Negative Regulation Of Leukocyte Mediated Cytotoxicity (GO:0001911),7/14,0.00015577143708502117,0.0053917861290185,0,0,9.259753593429158,81.18137807239583,CX3CR1;PTPRC;KLRD1;FCGR2B;KIR2DL4;MICA;HLA-E
GO_Biological_Process_2023,Positive Regulation Of Receptor-Mediated Endocytosis (GO:0048260),13/43,0.00015735526678706946,0.0054012195324661,0,0,4.0198249227600416,35.20162478996554,CCL14;ANGPT1;ANXA2;CCL21;SGIP1;WNT3A;PCSK9;ARRB2;CLU;F3;SELE;C3;DAB2
GO_Biological_Process_2023,Defense Response To Bacterium (GO:0042742),37/204,0.0001642492894230778,0.0055454329765053,0,0,2.065168932208576,17.996140689762818,COLEC12;PLA2G1B;STAB2;DEFB1;AQP1;DMBT1;GNLY;CASP1;S100A12;CTSG;PGLYRP1;CAMP;MICA;GBP4;FCER1G;ANXA3;SLC11A1;RARRES2;SFTPD;PLA2G2A;RNASE6;DEFA3;DEFA1;LYZ;RNASE1;F3;MPEG1;HLA-E;SELP;FGR;IL6;SLPI;IL1B;ANG;TLR4;S100A9;S100A8
GO_Biological_Process_2023,Regulation Of MAPK Cascade (GO:0043408),37/204,0.0001642492894230778,0.0055454329765053,0,0,2.065168932208576,17.996140689762818,PDGFB;APIP;SLA;ADRB2;ADRA1B;FGF2;TNF;ART4;PKHD1;LBH;RRAS;PLCE1;MAPK1;IGFBP6;ROS1;CD74;NTRK2;MYOC;DUSP1;CAV2;CAV1;LAPTM5;OSM;IGF1;TGFBR3;DOK2;BMP2;IL6;PTPRC;IL1B;DOK6;KIT;GHRL;GRAP;TEK;HLA-DRB1;AVPI1
GO_Biological_Process_2023,Regulation Of Protein Phosphorylation (GO:0001932),45/265,0.00017134237232431686,0.0057378799317387,0,0,1.9089124226558785,16.553796133161654,TFRC;LRRK2;ITLN1;KNDC1;FBLN1;C9ORF72;FGF2;TNF;AGER;C3;CDH5;RELN;CCND2;GPNMB;LEPR;PLCE1;ROPN1L;RSPO1;SLIT2;SH3GL2;CD74;PRNP;NTRK2;ANGPT1;WNT3A;RARRES2;LIMK2;VEGFC;IGF1;AXIN2;PTPN13;FGR;BST1;MARCO;BMP2;DAB2;IMPACT;IL1B;FGF18;MYADM;PECAM1;TEK;GAS6;HLA-DRB1;ENG
GO_Biological_Process_2023,Positive Regulation Of miRNA Metabolic Process (GO:2000630),14/49,0.00017390614911574673,0.0057603418669995,0,0,3.7114889232354455,32.13034022394253,EGR1;JUN;SPI1;PDGFB;FOS;NR3C1;GATA2;KLF4;ETS1;FGF2;TNF;APLN;ATOH8;PPARG
GO_Biological_Process_2023,Negative Regulation Of Epithelial Cell Apoptotic Process (GO:1904036),12/38,0.00017680551106702698,0.0057603418669995,0,0,4.280216952373412,36.98304438294242,SEMA5A;PKHD1;CAST;CDH5;RAMP2;WFS1;FGG;TNFAIP3;NUPR1;TEK;GATA2;GAS6
GO_Biological_Process_2023,Positive Regulation Of Cytokine Production (GO:0001819),52/320,0.0001771398012449414,0.0057603418669995,0,0,1.8125426467243395,15.657778887304644,CD86;FCN1;ITK;TNF;HYAL2;CASP1;PDE4B;FFAR2;MAP3K7;HLA-DPA1;CCBE1;CHIA;FCER1G;IL15;SLC11A1;PDE4D;IL16;HLA-E;FGR;IL1A;TYROBP;IL1B;IRF1;TLR8;TLR7;LCP1;TLR4;PTGER4;PLA2G1B;LILRA2;AIF1;AGER;C3;C5;CLEC7A;HMOX1;NLRP3;CD14;CD58;IL12RB1;SPTBN1;EGR1;CD74;IL33;LAPTM5;OSM;LILRB2;IL6;PTPRC;IL17D;CD200;IL18R1
GO_Biological_Process_2023,Positive Regulation Of Secretion By Cell (GO:1903532),18/73,0.00017760704469748495,0.0057603418669995,0,0,3.0395644623832543,26.249487393348065,EDN1;ANXA2;PLA2G1B;FGG;FRMD4A;IGF1;BMP6;IL1A;BMP2;IL1B;ANKRD1;ANG;MYH10;CD33;CFTR;PPID;CLASP2;SNCA
GO_Biological_Process_2023,Cellular Response To Tumor Necrosis Factor (GO:0071356),25/119,0.00018181706857270337,0.0057974592602589,0,0,2.4736798588909714,21.304591270036315,CCL14;CCL13;ASAH1;CCL3L1;CCL4L1;ZFAND6;LRRK2;TNF;ZFP36L2;ZFP36;CCL8;HYAL1;HYAL2;CCL5;ANKRD1;CCL3;CCL2;CD58;CCL18;CCL24;CCL23;CCL21;NPNT;TNFRSF1B;SFRP1
GO_Biological_Process_2023,Negative Regulation Of Lymphocyte Activation (GO:0051250),9/23,0.0001829739509185889,0.0057974592602589,0,0,5.956504184407576,51.26266831742296,GPNMB;LST1;LAPTM5;TNFAIP3;CTSG;TNFAIP8L2;FCGR2B;SAMSN1;MICA
GO_Biological_Process_2023,Positive Regulation Of Neuron Apoptotic Process (GO:0043525),9/23,0.0001829739509185889,0.0057974592602589,0,0,5.956504184407576,51.26266831742296,SRPK2;PRNP;ITGAM;TYROBP;CCL3;PCSK9;NUPR1;TNF;MCL1
GO_Biological_Process_2023,Positive Regulation Of Interleukin-8 Production (GO:0032757),16/61,0.0001857196582105149,0.0058395364287718,0,0,3.300670448684889,28.35695838320797,FCN1;CD74;PLA2G1B;LILRA2;TNF;IL6;CLEC7A;HYAL2;IL1B;TLR8;FFAR2;TLR7;CD14;CD58;IL17D;TLR4
GO_Biological_Process_2023,Positive Regulation Of Ion Transmembrane Transporter Activity (GO:0032414),11/33,0.00019129933102370576,0.005880313018557,0,0,4.635545267489712,39.688014313415536,EDNRA;EDN1;RELN;STAC;CCL2;ANK2;ATP1B3;ADRB2;SHANK3;CTSS;CFTR
GO_Biological_Process_2023,Regulation Of Sprouting Angiogenesis (GO:1903670),11/33,0.00019129933102370576,0.005880313018557,0,0,4.635545267489712,39.688014313415536,PPP1R16B;SEMA6A;ALOX5;FGF18;RHOJ;KLF4;DLL1;FGF2;GLUL;KLF2;JAK1
GO_Biological_Process_2023,Vasculogenesis (GO:0001570),11/33,0.00019129933102370576,0.005880313018557,0,0,4.635545267489712,39.688014313415536,TGFBR3;RAMP2;EGFL7;NOTCH1;SOX17;SOX18;CAV1;HEY2;RASIP1;TGFBR2;ENG
GO_Biological_Process_2023,Negative Regulation Of Wound Healing (GO:0061045),10/28,0.00019565487151974856,0.0059257530572782,0,0,5.149100257069409,43.96898225155864,THBD;EDN1;MMRN1;ALOX5;MYOZ1;FGF2;TNF;CRK;PHLDB2;CLASP2
GO_Biological_Process_2023,Positive Regulation Of Nitric Oxide Metabolic Process (GO:1904407),10/28,0.00019565487151974856,0.0059257530572782,0,0,5.149100257069409,43.96898225155864,EDN1;CLEC7A;IL1B;HBB;CD36;KLF4;CLU;TNF;TLR4;KLF2
GO_Biological_Process_2023,Positive Regulation Of Leukocyte Cell-Cell Adhesion (GO:1903039),13/44,0.0002035316638150933,0.0061193206076961,0,0,3.889937211388326,33.06325640590524,HLA-DRB4;ETS1;TNF;SIRPB1;IL6;CCL2;HLA-DRA;CD47;HLA-DRB3;HLA-DQA1;CD44;HLA-DRB1;HLA-DPA1
GO_Biological_Process_2023,Regulation Of GTPase Activity (GO:0043087),38/214,0.00021171757059802368,0.0063193092267627,0,0,2.0125610565751413,17.026784542938735,ARHGAP9;CCL14;ITGB1;CCL13;CCL3L1;CCL4L1;DOCK9;DOCK8;LRRK2;RGS16;RASGRF1;ARHGAP15;RASGRP2;C9ORF72;RASIP1;FGD3;PREX1;DOCK11;FGD5;RAP1A;CCL8;CHN2;CCL5;CHN1;CCL3;CCL2;RSU1;CCL18;CCL24;NTRK2;CCL23;CDKL5;CCL21;CAV2;SFRP1;TBC1D2;CRK;RAPGEF4
GO_Biological_Process_2023,Regulation Of T Cell Activation (GO:0050863),16/62,0.00022786717884649865,0.0067520126914869,0,0,3.2287373590151804,27.078605450684982,HLA-DRB4;LAPTM5;TNFRSF1B;SIRPB1;GPNMB;CD209;CCL5;CCL2;HLA-DRA;CTSG;TNFAIP8L2;CD47;HLA-DRB3;HLA-DQA1;HLA-DRB1;HLA-DPA1
GO_Biological_Process_2023,Atrioventricular Valve Morphogenesis (GO:0003181),8/19,0.0002311322625636476,0.0067520126914869,0,0,6.736330952047439,56.4000686276111,OLFM1;BMP2;NOTCH1;HEY1;HEY2;AXIN2;SMAD6;TGFBR2
GO_Biological_Process_2023,Leukocyte Adhesion To Vascular Endothelial Cell (GO:0061756),8/19,0.0002311322625636476,0.0067520126914869,0,0,6.736330952047439,56.4000686276111,CX3CR1;ITGB1;SELP;SELL;SLC39A8;SELE;TNF;JAM2
GO_Biological_Process_2023,Negative Regulation Of Lymphocyte Proliferation (GO:0050672),12/39,0.00023285272188522396,0.006754368742572,0,0,4.121461657231086,34.47645703990594,CD86;TYROBP;GPNMB;LST1;PLA2G2A;SFTPD;MNDA;PLA2G5;VSIG4;LILRB2;FCGR2B;HLA-DRB1
GO_Biological_Process_2023,Regulation Of Interleukin-8 Production (GO:0032677),19/81,0.00023972070660546773,0.006904962171384,0,0,2.8465492535323915,23.72893715213754,FCN1;CD74;PLA2G1B;LILRA2;KLF4;TNF;IL6;PTPRC;CLEC7A;HYAL2;IL1B;TLR8;FFAR2;TLR7;CD14;CD58;IL17D;TLR4;CD33
GO_Biological_Process_2023,Astrocyte Development (GO:0014002),7/15,0.0002674349660641133,0.00759820289615,0,0,8.10183521560575,66.6508341708517,C1QA;CDK6;IFNGR1;C5AR1;DLL1;TNF;S100A9
GO_Biological_Process_2023,Regulation Of Heterotypic Cell-Cell Adhesion (GO:0034114),9/24,0.00026747740226796776,0.00759820289615,0,0,5.559095580678314,45.73176344484269,IL1RN;IL1B;FGG;MYADM;APOA1;KLF4;AGER;TNF;CD44
GO_Biological_Process_2023,Receptor Internalization (GO:0031623),14/51,0.000276281352687852,0.0077945403542552,0,0,3.5104780205243884,28.76517571364488,ITGB1;CCL14;RAMP2;FCER1G;CALCRL;RAMP3;TFRC;CAV1;ARRB2;SNX1;DMBT1;CD9;CD36;SNCA
GO_Biological_Process_2023,Positive Regulation Of Interleukin-1 Beta Production (GO:0032731),15/57,0.00028124310346588406,0.0078805465522175,0,0,3.3142488954344627,27.09826383228901,EGR1;PYHIN1;LILRA2;TNF;IL6;TYROBP;CLEC7A;CASP1;CCL3;TLR8;NLRP3;MNDA;CD36;LCP1;TLR4
GO_Biological_Process_2023,Positive Regulation Of Interleukin-6 Production (GO:0032755),18/76,0.0003047652278040785,0.0084819457657094,0,0,2.8818649529133213,23.331488809923663,CD74;IL33;IL16;LILRB2;LILRA2;TNF;AIF1;IL1A;IL6;TYROBP;CLEC7A;HYAL2;IL1B;TLR8;TLR7;LCP1;IL17D;TLR4
GO_Biological_Process_2023,Myofibril Assembly (GO:0030239),13/46,0.0003313950781598254,0.009161183402284,0,0,3.6537777361670254,29.27479543740016,TMOD1;PDGFRA;WDR1;LMOD1;MYOM2;SYNPO2L;TNNT2;ANKRD1;CAPN3;PGM5;FLNC;MYOZ1;MYL9
GO_Biological_Process_2023,Positive Regulation Of Interleukin-1 Production (GO:0032732),16/64,0.0003375289973006781,0.0092685462658766,0,0,3.0938628158844765,24.73190352828959,EGR1;PYHIN1;IL16;LILRA2;TNF;IL6;TYROBP;CLEC7A;CASP1;CCL3;TLR8;NLRP3;MNDA;CD36;LCP1;TLR4
GO_Biological_Process_2023,One-Carbon Compound Transport (GO:0019755),11/35,0.000343273121644363,0.0093638542255174,0,0,4.24877829218107,33.89243711330622,HBZ;SLC14A1;HBG2;CA2;HBG1;CA4;HBB;SLC39A8;HBD;HBA1;CFTR
GO_Biological_Process_2023,Lipopolysaccharide-Mediated Signaling Pathway (GO:0031663),8/20,0.0003523265412702266,0.0095475856808688,0,0,6.174627632254751,49.09416877604698,HCK;PRKCE;CCL5;IL1B;CCL3;CCL2;TNF;TLR4
GO_Biological_Process_2023,Regulation Of T Cell Proliferation (GO:0042129),18/77,0.00036191479376207806,0.0097433139575555,0,0,2.832862280479161,22.44788895479701,CD86;TFRC;IL15;SFTPD;PLA2G2A;PLA2G5;LILRB2;TNFRSF1B;IL6;PTPRC;GPNMB;CD209;IL1B;CCL5;VSIG4;CLC;HLA-DRB1;HLA-DPA1
GO_Biological_Process_2023,Artery Morphogenesis (GO:0048844),10/30,0.0003733693636004838,0.0098583872350666,0,0,4.633676092544987,36.57333839378898,NOTCH1;HPGD;FOXF1;GJA5;HEY2;FOLR1;SMAD7;TBX2;TGFBR2;ENG
GO_Biological_Process_2023,"Phagocytosis, Engulfment (GO:0006911)",10/30,0.0003733693636004838,0.0098583872350666,0,0,4.633676092544987,36.57333839378898,MSR1;MARCO;ITGAM;GSN;ELMO1;TIMD4;CD36;FCGR2B;AIF1;ARHGAP25
GO_Biological_Process_2023,Prostaglandin Metabolic Process (GO:0006693),10/30,0.0003733693636004838,0.0098583872350666,0,0,4.633676092544987,36.57333839378898,CD74;EDN1;PTGIS;HPGD;GSTA1;TBXAS1;AKR1C2;PTGDS;PTGS1;CES1
GO_Biological_Process_2023,Positive Regulation Of Interleukin-2 Production (GO:0032743),9/25,0.0003818847691415131,0.0099427709855809,0,0,5.21136305241521,41.01546823369887,CD86;IL1A;PTPRC;CLEC7A;PDE4D;IL1B;PDE4B;MAP3K7;SPTBN1
GO_Biological_Process_2023,Regulation Of Glial Cell Proliferation (GO:0060251),5/8,0.0003860144710285477,0.0099427709855809,0,0,15.42051282051282,121.1996130685597,IL6;NOTCH1;PRKCH;IL1B;TNF
GO_Biological_Process_2023,Synapse Pruning (GO:0098883),5/8,0.0003860144710285477,0.0099427709855809,0,0,15.42051282051282,121.1996130685597,C1QB;C3;CX3CR1;ITGAM;C1QC
GO_Biological_Process_2023,Regulation Of Cold-Induced Thermogenesis (GO:0120161),28/146,0.0003862207714719457,0.0099427709855809,0,0,2.207506178920426,17.349014912697434,RB1;NOTCH1;THRA;EPAS1;LAMA4;CXCR4;ADRB2;GJA1;SLN;ACADL;LEPR;CD36;ZNF423;PPARGC1A;PPARGC1B;IL15;CAV1;PLCL1;TRPV2;G0S2;FABP4;FABP5;ID1;ALDH1A1;ALPL;GHRL;TLR4;IL18R1
GO_Biological_Process_2023,Negative Regulation Of Cell Population Proliferation (GO:0008285),58/379,0.0003928266307195857,0.0100500179623228,0,0,1.6881746387557333,13.238905552992732,ACVRL1;CDKN1C;BTG2;BTG1;TNFAIP3;CXCL1;ADARB1;ETS1;IFIT3;RERG;ADAMTS1;ADAMTS8;SOX7;CD33;KLF10;KRT4;TINF2;AXIN2;TGFBR3;IL1A;SFRP1;SFRP5;IL1B;ALDH1A2;IRF1;COL4A3;MMRN2;CDH13;PPARG;ANG;NUPR1;CEBPA;NDRG4;NOTCH1;CCL3L1;FBLN1;GATA2;AIF1;DLL1;GPNMB;PDPN;HMOX1;IGFBP7;IGFBP6;PPARGC1A;CCL23;CDKN2B;CDKN2C;INCA1;OSM;SMAD6;TBX3;BMP5;BMP2;IL6;CDK6;OGN;CD200
GO_Biological_Process_2023,Negative Regulation Of Inflammatory Response (GO:0050728),23/111,0.0003986866072237664,0.0101027236832507,0,0,2.4292478354978355,19.014536352009674,RB1;PTGER4;IL33;PTGIS;SIGLEC10;TNFAIP3;APOA1;IGF1;METRNL;TNFRSF1B;KLF4;FGR;CDH5;HCK;ALOX5;NLRP3;SLC39A8;PPARG;GHRL;TNFAIP8L2;TEK;CD200;HLA-DRB1
GO_Biological_Process_2023,Circulatory System Development (GO:0072359),26/132,0.0003997921729472856,0.0101027236832507,0,0,2.2810430666001547,17.84817136995953,ACVRL1;RAMP2;NOTCH1;CITED2;NOTCH4;PDGFB;TCF21;PDLIM1;CDH5;GJA1;PDLIM3;SOX17;HEY1;SOX18;FLRT3;GJA5;HEY2;PLCE1;FOXF1;HEG1;SLC2A12;TGFBR2;BMP2;ID2;TEK;ZFPM2
GO_Biological_Process_2023,Antimicrobial Humoral Immune Response Mediated By Antimicrobial Peptide (GO:0061844),16/65,0.0004076493673553564,0.0102384618544921,0,0,3.030554356863942,23.65378934726929,CCL13;PLA2G1B;RNASE6;DEFA3;CXCL1;DEFB1;DEFA1;PPBP;CXCL2;CXCL5;GNLY;S100A12;HMGN2;PGLYRP1;S100A9;CAMP
GO_Biological_Process_2023,Positive Regulation Of Smooth Muscle Cell Proliferation (GO:0048661),13/47,0.0004175550237728808,0.0104236917752757,0,0,3.546116798933786,27.592668959151368,EDN1;JUN;PDGFB;IGF1;AIF1;FGF2;TNF;GJA1;IL6;CCL5;ID2;HMOX1;CDH13
GO_Biological_Process_2023,Positive Regulation Of Cardiac Muscle Tissue Growth (GO:0055023),7/16,0.0004354011032146519,0.0106119357641488,0,0,7.201232032854209,55.73208370416272,TGFBR3;EDN1;NOTCH1;IGF1;ZFPM2;FGF2;TBX2
GO_Biological_Process_2023,Positive Regulation Of Homotypic Cell-Cell Adhesion (GO:0034112),7/16,0.0004354011032146519,0.0106119357641488,0,0,7.201232032854209,55.73208370416272,IL6;MMRN1;CCL5;PDPN;EMILIN2;CTSG;JAK1
GO_Biological_Process_2023,Positive Regulation Of Lymphocyte Migration (GO:2000403),7/16,0.0004354011032146519,0.0106119357641488,0,0,7.201232032854209,55.73208370416272,CXCL12;CCL21;DOCK8;CCL5;NEDD9;AIF1;JAM2
GO_Biological_Process_2023,Vasculature Development (GO:0001944),7/16,0.0004354011032146519,0.0106119357641488,0,0,7.201232032854209,55.73208370416272,ACVRL1;PDGFRA;CDH5;FOXF1;SOX18;NOTCH4;TCF21
GO_Biological_Process_2023,Positive Regulation Of Phosphorylation (GO:0042327),39/231,0.000504927654814337,0.0122341000598838,0,0,1.8926882176409183,14.367576816406878,TFRC;LRRK2;ITLN1;KNDC1;FGF2;TNF;AGER;C3;SDCBP;RELN;CCND2;GPNMB;CCL5;LEPR;RSPO1;ROS1;CD74;PDGFRA;NTRK2;ANGPT1;WNT3A;RARRES2;LIMK2;TIE1;VEGFC;AXIN2;MARCO;BMP2;DAB2;IL1B;FGF18;PECAM1;ROR1;ANG;TEK;GAS6;FGFR4;HLA-DRB1;ENG
GO_Biological_Process_2023,Regulation Of Tumor Necrosis Factor Production (GO:0032680),25/127,0.0005167455641169821,0.0123953418894938,0,0,2.278649801889668,17.244730426272213,CX3CR1;TNFAIP3;LILRA2;CLU;AGER;ZFP36;CLEC7A;CCL3;CD14;CD33;IL33;IFNGR1;IGF1;HLA-E;CLEC4A;IL1A;IL6;TYROBP;PTPRC;SYT11;GHRL;CD47;LCP1;GAS6;TLR4
GO_Biological_Process_2023,Endocardial Cushion Morphogenesis (GO:0003203),8/21,0.0005206103779758263,0.0123953418894938,0,0,5.699340207814784,43.089910831950746,ACVRL1;BMP2;NOTCH1;HEY1;GATA5;TBX2;TGFBR2;ENG
GO_Biological_Process_2023,Response To Cadmium Ion (GO:0046686),8/21,0.0005206103779758263,0.0123953418894938,0,0,5.699340207814784,43.089910831950746,JUN;MT1A;NCF1;MAPK1;MT1G;MT1X;FOS;MT1E
GO_Biological_Process_2023,Positive Regulation Of Phosphatidylinositol 3-Kinase Activity (GO:0043552),9/26,0.0005337404005352333,0.0126172774868605,0,0,4.904540233359531,36.958658181738286,FGR;PDGFRA;CCL21;KIT;PDGFB;TNFAIP8L3;PRKD1;TEK;FGF2
GO_Biological_Process_2023,Heart Development (GO:0007507),31/171,0.00053912134928076,0.0126172774868605,0,0,2.060643748143748,15.507518513278018,ACVRL1;NDRG4;RAMP2;NOTCH1;CITED2;PDGFB;GATA5;PDLIM1;GJA1;PDLIM3;SOX17;SOX18;FLRT3;GJA5;GPC3;PLCE1;SGCG;FOXF1;HEG1;TBX3;BMP5;TGFBR2;APLN;TBX2;TGFBR3;BMP2;SYNPO2L;ID2;MMP23A;TEK;ZFPM2
GO_Biological_Process_2023,Metal Ion Transport (GO:0030001),31/171,0.00053912134928076,0.0126172774868605,0,0,2.060643748143748,15.507518513278018,RAMP2;CALCRL;RAMP3;ITPR1;ATP1A2;KCNA5;SLC3A2;ATP2C1;CLU;AQP1;CACNG6;CCL8;SLN;KCNMB1;CCL5;CDH23;CCL3;SCN7A;KCNJ2;CCR1;KCNJ5;KCNJ8;SLC11A1;CAV1;KCNJ15;KCNJ16;KCNAB1;KCNK17;SCNN1G;SCN4B;KCNK3
GO_Biological_Process_2023,Cellular Response To Metal Ion (GO:0071248),26/135,0.000572983160922947,0.0133339979652068,0,0,2.217891097255316,16.555790159143672,CLIC4;NCF1;LRRK2;MT1M;ALOX15;MT1X;RASGRP2;CLU;AQP1;MT2A;CAPN3;MAPK1;SLC25A24;SNCA;PRNP;JUN;SYT15;FOS;F3;BMP6;MT1A;SYT11;ALOX5AP;MT1G;FBP1;MT1E
GO_Biological_Process_2023,Aortic Valve Morphogenesis (GO:0003180),11/37,0.000585730742532442,0.0134783515558163,0,0,3.921513928458373,29.186457042426213,RB1;NOTCH1;HEY1;TIE1;HEY2;GATA5;SNAI2;SLIT2;AXIN2;SMAD6;TGFBR2
GO_Biological_Process_2023,Ventricular Septum Development (GO:0003281),11/37,0.000585730742532442,0.0134783515558163,0,0,3.921513928458373,29.186457042426213,TGFBR3;NOTCH1;HEY1;CITED2;GJA5;HEY2;PDE2A;SLIT2;ZFPM2;SMAD7;TGFBR2
GO_Biological_Process_2023,Cellular Response To Fibroblast Growth Factor Stimulus (GO:0044344),14/55,0.0006412452162886165,0.0146738280327378,0,0,3.1672886744323394,23.286218697141862,KL;EGR3;FGF2;ZFP36L2;NR4A1;ZFP36;SFRP1;HYAL1;FLRT3;HYAL2;CCL5;FGF18;FGFR4;CD44
GO_Biological_Process_2023,Amide Transport (GO:0042886),10/32,0.0006684812920648176,0.0150944835002846,0,0,4.211965412479551,30.79158219000237,SLC14A1;GJA1;VAPA;SLC1A1;PDPN;FOLR3;FOLR2;PLTP;FOLR1;ABCG2
GO_Biological_Process_2023,Aorta Morphogenesis (GO:0035909),7/17,0.0006779508248489116,0.0150944835002846,0,0,6.480749486652978,47.28637258064244,EFEMP2;HEY1;HEY2;MYLK;TBX2;TGFBR2;ENG
GO_Biological_Process_2023,Leukocyte Tethering Or Rolling (GO:0050901),7/17,0.0006779508248489116,0.0150944835002846,0,0,6.480749486652978,47.28637258064244,CX3CR1;ITGB1;SELP;SELL;SELE;TNF;JAM2
GO_Biological_Process_2023,Muscle Tissue Morphogenesis (GO:0060415),7/17,0.0006779508248489116,0.0150944835002846,0,0,6.480749486652978,47.28637258064244,TGFBR3;BMP2;EFEMP2;NOTCH1;HEY2;ANKRD1;MYLK
GO_Biological_Process_2023,Positive Regulation Of Glial Cell Differentiation (GO:0045687),7/17,0.0006779508248489116,0.0150944835002846,0,0,6.480749486652978,47.28637258064244,EGR2;BMP2;NOTCH1;ID2;CXCR4;TNFRSF1B;ZNF365
GO_Biological_Process_2023,Ventricular Septum Morphogenesis (GO:0060412),9/27,0.000731717575845255,0.016204003736057,0,0,4.631808838643371,33.44219684452612,TGFBR3;NOTCH1;HEY1;CITED2;HEY2;SLIT2;ZFPM2;SMAD7;TGFBR2
GO_Biological_Process_2023,Fat Cell Differentiation (GO:0045444),15/62,0.0007437072873056881,0.016311178635821,0,0,2.960846676902829,21.32953391793521,CEBPA;EGR2;METRNL;OSBPL11;GATA2;KLF4;SMAD6;PSMB8;NR4A2;NR4A1;MAFB;FFAR2;PPARG;ZFPM2;PPARGC1A
GO_Biological_Process_2023,Blood Vessel Endothelial Cell Migration (GO:0043534),8/22,0.0007484371843093431,0.016311178635821,0,0,5.291950986866241,38.088940423131625,EFNB2;CDH5;NR4A1;EGR3;SOX18;ID1;SLIT2;FGF2
GO_Biological_Process_2023,Negative Regulation Of Cell Development (GO:0010721),8/22,0.0007484371843093431,0.016311178635821,0,0,5.291950986866241,38.088940423131625,IL6;NOTCH1;WNT3A;IL1B;WNT7A;IGF1;IL17D;TNF
GO_Biological_Process_2023,Cellular Response To Ketone (GO:1901655),12/44,0.000792189789751504,0.0171116107980367,0,0,3.4765182707153888,24.82480725584537,PTGER4;SCNN1G;SFRP1;GNG2;PTGER2;KLF9;AKR1C2;NR3C1;GAS6;GNAI1;CFTR;AQP1
GO_Biological_Process_2023,Cellular Response To Prostaglandin Stimulus (GO:0071379),5/9,0.0007984862654690838,0.0171116107980367,0,0,11.564743589743587,82.48891970520113,PTGER4;SFRP1;GNG2;PTGER2;AKR1C2
GO_Biological_Process_2023,Cellular Response To Organic Substance (GO:0071310),18/82,0.0008084217581665558,0.0171116107980367,0,0,2.610818921011874,18.590144643593614,CSF3;EDN1;RAMP2;RAMP3;MME;SLC1A1;CXCR4;TNF;GHR;SOCS2;CLEC3B;IL1B;CCL5;CASP1;CCL3;HCLS1;CCL2;SLIT2
GO_Biological_Process_2023,Negative Regulation Of Neuroinflammatory Response (GO:0150079),6/13,0.000810090824379015,0.0171116107980367,0,0,7.932859341786997,56.46898184480279,PTPRC;SYT11;IGF1;CST7;TNFRSF1B;LDLR
GO_Biological_Process_2023,Regulation Of Immune Effector Process (GO:0002697),6/13,0.000810090824379015,0.0171116107980367,0,0,7.932859341786997,56.46898184480279,CFH;HLA-DRA;C4BPA;CD59;FCGR2B;HLA-DRB1
GO_Biological_Process_2023,Regulation Of Vasculogenesis (GO:2001212),6/13,0.000810090824379015,0.0171116107980367,0,0,7.932859341786997,56.46898184480279,TMEM100;RAP1A;HEY1;RRAS;HEY2;CD34
GO_Biological_Process_2023,Response To Molecule Of Bacterial Origin (GO:0002237),16/69,0.000827397577851915,0.0173880133835308,0,0,2.801210505317855,19.8808218766987,SLC11A1;TNFAIP3;SMAD6;CXCL2;SELE;SELP;IL6;SLPI;IL1B;FBXO3;CD14;FCGR2B;S100A9;TLR4;S100A8;SNCA
GO_Biological_Process_2023,Negative Regulation Of Growth (GO:0045926),24/124,0.0008507934237427981,0.017788924428409,0,0,2.230346970481616,15.767083738013437,RB1;ACVRL1;BTG1;CDKN2C;MT1M;FHL1;WFDC1;MT1X;RTN4;RERG;GJA1;MT2A;SFRP1;SERTAD3;MT1A;SOX17;HYAL1;HYAL2;MT1G;SCGB3A1;MSX1;SLIT2;FBP1;MT1E
GO_Biological_Process_2023,Intracellular Calcium Ion Homeostasis (GO:0006874),26/139,0.0009039212882324612,0.018804301950654,0,0,2.1389045633254886,14.991086440062665,CCL14;CCL13;SLC24A4;ATP2C1;PKHD1;CDH5;EDNRA;CCL8;PLN;CCL5;CDH23;ANXA6;CCL3;CCR1;EDN1;CCL23;CAV2;WFS1;CAV1;ANK2;TMEM64;SLC8A3;CXCL12;FKBP1B;CASQ2;RGN
GO_Biological_Process_2023,Positive Regulation Of DNA-binding Transcription Factor Activity (GO:0051091),40/246,0.0009226829228885398,0.019098145524512,0,0,1.8088164465512435,12.640416151781068,CX3CR1;CSF3;BEX1;TFRC;PLA2G1B;CLU;TNF;AGER;RELN;IL18RAP;CLEC7A;S100A12;CAPN3;NLRP3;CD36;PPARGC1A;MAP3K7;WNT2;TRIM22;PPARGC1B;FZD1;EDN1;PRKCH;FZD4;ANXA3;CAV1;BMP2;IL6;IL1B;KIT;BTK;HCLS1;PPARG;ROR1;PRKD1;TLR4;S100A9;CD200;IL18R1;S100A8
GO_Biological_Process_2023,Negative Regulation Of Multicellular Organismal Process (GO:0051241),38/231,0.0009791677088106558,0.0199993282103031,0,0,1.8335428035493715,12.70426535591252,RB1;PTGER4;PTPRR;SPI1;NOTCH1;LAMA4;PTPRO;WWC2;TNF;AGER;SLC6A4;GJA1;RGS2;GPNMB;SOSTDC1;ZNF423;SRGN;IFNGR1;IL15;SLC11A1;PLCL1;APOA1;SMAD6;BMP5;SMAD7;CLEC4A;SFRP1;BMP2;SYT11;IL1B;ID1;ALDH1A1;SPRY1;GAS6;IL17D;FCGR2B;TLR4;IL18R1
GO_Biological_Process_2023,Establishment Of Endothelial Barrier (GO:0061028),9/28,0.0009856430266306229,0.0199993282103031,0,0,4.38778601179207,30.373203899440533,PPP1R16B;ROBO4;RAP1A;SOX18;PDE4D;PDE2A;MYADM;PECAM1;TJP2
GO_Biological_Process_2023,Positive Regulation Of Fibroblast Proliferation (GO:0048146),9/28,0.0009856430266306229,0.0199993282103031,0,0,4.38778601179207,30.373203899440533,CD74;PDGFRA;CDK6;PLA2G1B;PDGFB;IGF1;GAS6;WNT2;AQP1
GO_Biological_Process_2023,Regulation Of Platelet Activation (GO:0010543),9/28,0.0009856430266306229,0.0199993282103031,0,0,4.38778601179207,30.373203899440533,SELP;THBD;PDGFRA;GP9;FCER1G;GNAQ;PLEK;PDGFB;TLR4
GO_Biological_Process_2023,Regulation Of Extracellular Matrix Organization (GO:1903053),8/23,0.0010500188515415,0.0212011159289201,0,0,4.938880328710837,33.87551920974614,RB1;EFEMP2;NOTCH1;LAMA2;ANGPTL7;TIE1;AXIN2;FGFR4
GO_Biological_Process_2023,Regulation Of Neuron Death (GO:1901214),14/58,0.0011308092050384,0.0224540521139898,0,0,2.9508453936583767,20.020960131389447,C1QA;EGR1;PRNP;ITGAM;LRRK2;PCSK9;TNFRSF1B;CLU;EFNB2;TYROBP;GPNMB;UBB;CD200;SNCA
GO_Biological_Process_2023,Myeloid Leukocyte Differentiation (GO:0002573),16/71,0.001148405609489,0.0224540521139898,0,0,2.6990482441745978,18.270885160275668,CEBPA;IL33;CSF3;SPI1;IL15;SNX10;GAB2;OSCAR;TGFBR2;IL1RL1;BMP2;TYROBP;KIT;MT1G;PPARG;HLA-DRB1
GO_Biological_Process_2023,Bleb Assembly (GO:0032060),4/6,0.0011611345230104,0.0224540521139898,0,0,18.496155817529477,125.00363736266604,PMP22;EMP1;EMP3;MYLK
GO_Biological_Process_2023,Cellular Response To Prostaglandin E Stimulus (GO:0071380),4/6,0.0011611345230104,0.0224540521139898,0,0,18.496155817529477,125.00363736266604,PTGER4;SFRP1;GNG2;PTGER2
GO_Biological_Process_2023,Elastic Fiber Assembly (GO:0048251),4/6,0.0011611345230104,0.0224540521139898,0,0,18.496155817529477,125.00363736266604,MFAP4;EFEMP2;MYH11;FBLN5
GO_Biological_Process_2023,Glandular Epithelial Cell Development (GO:0002068),4/6,0.0011611345230104,0.0224540521139898,0,0,18.496155817529477,125.00363736266604,CDK6;DLL1;BMP6;BMP5
GO_Biological_Process_2023,Regulation Of Cell Adhesion Molecule Production (GO:0060353),4/6,0.0011611345230104,0.0224540521139898,0,0,18.496155817529477,125.00363736266604,NOTCH1;CAV1;IL1B;NOTCH4
GO_Biological_Process_2023,Type B Pancreatic Cell Development (GO:0003323),4/6,0.0011611345230104,0.0224540521139898,0,0,18.496155817529477,125.00363736266604,CDK6;DLL1;BMP6;BMP5
GO_Biological_Process_2023,Vascular Associated Smooth Muscle Cell Development (GO:0097084),4/6,0.0011611345230104,0.0224540521139898,0,0,18.496155817529477,125.00363736266604,RAMP2;NOTCH1;HEY2;ENG
GO_Biological_Process_2023,Calcium-Mediated Signaling (GO:0019722),18/85,0.001256962613367,0.0241935934787802,0,0,2.493500489293337,16.65423212832475,PRNP;EDN1;LRRK2;CXCR4;DEFB1;ANK2;CLU;SELE;LAT2;SELP;EDNRB;PPP3CC;PTPRC;FKBP1B;AGTR1;BTK;CCL3;PLCE1
GO_Biological_Process_2023,MHC Class II Protein Complex Assembly (GO:0002399),6/14,0.0013008327755025,0.0242408895432726,0,0,6.9408671113391485,46.12033106270703,HLA-DRB4;HLA-DRA;HLA-DRB3;HLA-DQA1;HLA-DRB1;HLA-DPA1
GO_Biological_Process_2023,"Blood Coagulation, Fibrin Clot Formation (GO:0072378)",6/14,0.0013008327755025,0.0242408895432726,0,0,6.9408671113391485,46.12033106270703,GP9;THBD;F8;FGG;F13A1;FBLN1
GO_Biological_Process_2023,Ethanol Metabolic Process (GO:0006067),6/14,0.0013008327755025,0.0242408895432726,0,0,6.9408671113391485,46.12033106270703,SULT1A1;ADH1C;ADH1B;ADH1A;SULT1A3;SULT1A2
GO_Biological_Process_2023,Hyaluronan Metabolic Process (GO:0030212),6/14,0.0013008327755025,0.0242408895432726,0,0,6.9408671113391485,46.12033106270703,HYAL1;HAS1;HYAL2;IL1B;FGF2;CD44
GO_Biological_Process_2023,Peptide Antigen Assembly With MHC Class II Protein Complex (GO:0002503),6/14,0.0013008327755025,0.0242408895432726,0,0,6.9408671113391485,46.12033106270703,HLA-DRB4;HLA-DRA;HLA-DRB3;HLA-DQA1;HLA-DRB1;HLA-DPA1
GO_Biological_Process_2023,Prostanoid Biosynthetic Process (GO:0046457),6/14,0.0013008327755025,0.0242408895432726,0,0,6.9408671113391485,46.12033106270703,CD74;EDN1;PTGIS;TBXAS1;PTGDS;PTGS1
GO_Biological_Process_2023,Protein Activation Cascade (GO:0072376),6/14,0.0013008327755025,0.0242408895432726,0,0,6.9408671113391485,46.12033106270703,GP9;THBD;F8;FGG;F13A1;FBLN1
GO_Biological_Process_2023,Positive Regulation Of Calcium Ion Transport (GO:0051928),9/29,0.0013065009659156,0.0242408895432726,0,0,4.168165467625899,27.678297365688717,CCR1;CXCL12;WFS1;CCL5;PDGFB;CCL3;CCL2;LILRA2;MYLK
GO_Biological_Process_2023,Regulation Of miRNA Transcription (GO:1902893),14/59,0.0013513541265862,0.0249606620960031,0,0,2.885110767645544,19.06091166519756,EGR1;JUN;SPI1;PDGFB;FOS;NR3C1;GATA2;KLF4;ETS1;FGF2;TNF;APLN;ATOH8;PPARG
GO_Biological_Process_2023,Negative Regulation Of Metabolic Process (GO:0009892),13/53,0.0014342886406645,0.0263742629950777,0,0,3.013195159629248,19.727648668900787,RB1;NOTCH1;IL15;LAMA4;PLCL1;IL1B;ALDH1A1;APOC1;ID1;CCDC3;ZNF423;TLR4;IL18R1
GO_Biological_Process_2023,Macrophage Activation (GO:0042116),10/35,0.0014495038721499,0.026535584219491,0,0,3.705912596401028,24.223823458514406,C1QA;ITGAM;IFNGR1;SLC11A1;C5AR1;AIF1;CLU;TNF;TLR4;SNCA
GO_Biological_Process_2023,Regulation Of Peptidyl-Serine Phosphorylation (GO:0033135),19/93,0.0014648749505536,0.0266851867818429,0,0,2.383355204377932,15.55374126235174,CSF3;RAMP3;TFRC;BDNF;WNT3A;PDE4D;CAV1;SH2D3C;OSM;TNF;PPM1F;SMAD7;IL6;RASSF2;HCLS1;PRKD1;GAS6;CD44;SNCA
GO_Biological_Process_2023,Regulation Of Neuroinflammatory Response (GO:0150077),7/19,0.0014742528313104,0.0266851867818429,0,0,5.400025667351129,35.206028792877426,IL33;IL6;IL1B;IGF1;NUPR1;TNFRSF1B;TNF
GO_Biological_Process_2023,Epithelial To Mesenchymal Transition (GO:0001837),12/47,0.0014900686962427,0.0266851867818429,0,0,3.178001617528123,20.68539977789259,TGFBR3;OLFM1;BMP2;NOTCH1;HEY1;FOXF2;NOTCH4;HEY2;SNAI2;S100A4;IGF1;TBX3
GO_Biological_Process_2023,Positive Regulation Of Lymphocyte Activation (GO:0051251),12/47,0.0014900686962427,0.0266851867818429,0,0,3.178001617528123,20.68539977789259,IL6;HLA-DRB4;TYROBP;CLEC7A;CCL2;HLA-DRA;CD47;HLA-DRB3;SIRPB1;HLA-DQA1;HLA-DRB1;HLA-DPA1
GO_Biological_Process_2023,Regulation Of Wound Healing (GO:0061041),12/47,0.0014900686962427,0.0266851867818429,0,0,3.178001617528123,20.68539977789259,ITGB1;DUOX1;MMRN1;CLEC7A;ALOX5;CAV1;PRKCE;TNFAIP3;FGF2;CRK;MYLK;HBEGF
GO_Biological_Process_2023,Positive Regulation Of Immune Response (GO:0050778),17/80,0.0016284459812133,0.0290370952234542,0,0,2.5037593984962405,16.0744585854103,CD74;ITGAM;IL15;PLA2G1B;SH2D1B;C8B;PLSCR1;C6;PTPRC;C7;CCL5;TLR8;NLRP3;HLA-DRA;IL12RB1;FCGR2B;HLA-DRB1
GO_Biological_Process_2023,Positive Regulation Of Peptidyl-Tyrosine Phosphorylation (GO:0050731),24/130,0.0016798190163992,0.029824028140295,0,0,2.103397398942771,13.43875157839044,PRNP;CD74;CSF3;ANGPT1;IL15;PDGFB;OSM;NEDD9;IGF1;TNF;BMP6;GHR;IL6;PTPRC;RELN;BANK1;CCL5;KIT;ENPP2;PECAM1;HCLS1;GAS6;FCGR1A;CD44
GO_Biological_Process_2023,Innate Immune Response Activating Cell Surface Receptor Signaling Pathway (GO:0002220),9/30,0.001706415879676,0.0299094766314284,0,0,3.9694611657612686,25.298805352418285,FCN1;COLEC11;FCN3;TYROBP;CLEC7A;FFAR2;KLRD1;LILRA2;MAP3K7
GO_Biological_Process_2023,Positive Regulation Of Lipid Kinase Activity (GO:0090218),9/30,0.001706415879676,0.0299094766314284,0,0,3.9694611657612686,25.298805352418285,FGR;PDGFRA;CCL21;KIT;PDGFB;TNFAIP8L3;PRKD1;TEK;FGF2
GO_Biological_Process_2023,Regulation Of Calcium-Mediated Signaling (GO:0050848),9/30,0.001706415879676,0.0299094766314284,0,0,3.9694611657612686,25.298805352418285,SLC24A4;CLEC7A;P2RX2;LRRK2;PLEK;ITPR1;CCL3;RGN;CDH13
GO_Biological_Process_2023,Negative Regulation Of Cell Differentiation (GO:0045596),34/207,0.0018014150965851,0.0314407999272638,0,0,1.8284311217965112,11.55419041936917,RB1;CETP;NOTCH1;NOTCH4;TWIST2;TNF;DLL1;ZFP36L2;RANBP3L;EFEMP1;HEY1;SOSTDC1;RUNX1T1;GDF10;SS18;CAV1;ZBTB16;CRIM1;TMEM64;SMAD6;MEIS2;TBX3;BMP5;SMAD7;SFRP1;BMP2;IL6;MEIS1;CDK6;ID2;SNAI2;PPARG;SPRY1;ABCG1
GO_Biological_Process_2023,Positive Regulation Of Phospholipase C Activity (GO:0010863),10/36,0.0018335288360553,0.031732375108033,0,0,3.563179750840419,22.45342296272524,CD86;ITK;PDGFRA;EDNRA;GNAQ;C5AR1;KIT;ANG;FGF2;SELE
GO_Biological_Process_2023,Regulation Of T Cell Mediated Cytotoxicity (GO:0001914),10/36,0.0018335288360553,0.031732375108033,0,0,3.563179750840419,22.45342296272524,PTPRC;STX7;HLA-DRA;CD1E;KLRD1;CD1C;IL12RB1;MICA;HLA-DRB1;HLA-E
GO_Biological_Process_2023,Regulation Of Pathway-Restricted SMAD Protein Phosphorylation (GO:0060393),14/61,0.0019009281320646,0.0324925344792983,0,0,2.762033170004494,17.30527858922204,ACVRL1;GDF10;SMAD6;BMP6;TGFBR2;BMP5;SMAD7;SDCBP;BMP2;DAB2;SNX25;PPARG;LEFTY2;ENG
GO_Biological_Process_2023,Regulation Of Endothelial Cell Migration (GO:0010594),18/88,0.001901095260688,0.0324925344792983,0,0,2.386237923150675,14.950556368569488,ACVRL1;EDN1;SPARC;ANGPT1;ANXA3;PTPRM;ETS1;FGF2;DCN;NELL2;RRAS;RHOJ;ATOH8;PRKD1;SLIT2;TEK;GLUL;SASH1
GO_Biological_Process_2023,Positive Regulation Of Epithelial Cell Migration (GO:0010634),19/95,0.0019011169724474,0.0324925344792983,0,0,2.3203770661157024,14.53789018740989,EDN1;SPARC;ANGPT1;ANXA3;PRKCE;ETS1;FGF2;PPM1F;RTN4;NELL2;RRAS;HYAL1;ATOH8;ENPP2;CTSH;PRKD1;TEK;SASH1;CLASP2
GO_Biological_Process_2023,Cellular Response To Zinc Ion (GO:0071294),6/15,0.0019897676133721,0.0335895606536057,0,0,6.1693175987686,38.371535551235645,MT2A;MT1A;MT1M;MT1G;MT1X;MT1E
GO_Biological_Process_2023,High-Density Lipoprotein Particle Remodeling (GO:0034375),6/15,0.0019897676133721,0.0335895606536057,0,0,6.1693175987686,38.371535551235645,CETP;APOC1;APOA1;PLA2G3;PLTP;ABCG1
GO_Biological_Process_2023,Negative Regulation Of Macrophage Activation (GO:0043031),6/15,0.0019897676133721,0.0335895606536057,0,0,6.1693175987686,38.371535551235645,PTPRC;SYT11;CST7;FCGR2B;LDLR;CD200
GO_Biological_Process_2023,Leukotriene Metabolic Process (GO:0006691),7/20,0.0020783692823623,0.0349420533634716,0,0,4.984362659927342,30.78427956101597,PLA2G1B;ALOX5;ALOX5AP;DPEP2;PLA2G5;LTC4S;GGT1
GO_Biological_Process_2023,Negative Regulation Of Cytokine Production (GO:0001818),30/178,0.0021703509992147,0.0363401453892915,0,0,1.8845559845559845,11.557730027075792,PTGER4;TNFAIP3;TNF;AGER;DLL1;ZFP36;GPNMB;VSIG4;CD34;CD33;SRGN;PRNP;SLC11A1;SFTPD;LAPTM5;APOA1;KLF4;CLEC4A;IL6;RNF125;TYROBP;PTPRC;SYT11;TLR8;GHRL;GAS6;FCGR2B;TLR4;CD200;HLA-DRB1
GO_Biological_Process_2023,Antibacterial Humoral Response (GO:0019731),12/49,0.0021906215884768,0.0363698422050512,0,0,3.0058839075823123,18.40674035484431,DMBT1;SLPI;PLA2G1B;SFTPD;RNASE6;DEFA3;DEFB1;CTSG;DEFA1;F3;CAMP;HLA-E
GO_Biological_Process_2023,Negative Regulation Of T Cell Activation (GO:0050868),12/49,0.0021906215884768,0.0363698422050512,0,0,3.0058839075823123,18.40674035484431,CD86;GPNMB;SFTPD;PLA2G2A;LAPTM5;CTSG;TNFAIP8L2;VSIG4;PLA2G5;LILRB2;FCGR2B;HLA-DRB1
GO_Biological_Process_2023,Leukocyte Cell-Cell Adhesion (GO:0007159),9/31,0.0021986139133424,0.0363698422050512,0,0,3.788820891338877,23.187311653089758,ITGB1;SELP;SELL;CD209;CCL5;PECAM1;OLR1;SELE;JAM2
GO_Biological_Process_2023,Positive Regulation Of T Cell Mediated Immunity (GO:0002711),11/43,0.0022797845886739,0.0372636219077308,0,0,3.1851691100823047,19.37753151709685,IL1B;STX7;HLA-DRA;CD1E;CD1C;IL12RB1;HLA-DRB3;MAP3K7;MICA;HLA-DRB1;HLA-E
GO_Biological_Process_2023,Positive Regulation Of Cell-Matrix Adhesion (GO:0001954),11/43,0.0022797845886739,0.0372636219077308,0,0,3.1851691100823047,19.37753151709685,EFEMP2;SFRP1;CDK6;RRAS;CCL21;MYOC;PLEKHA2;CDH13;CD36;TEK;PPM1F
GO_Biological_Process_2023,Regulation Of Endothelial Cell Apoptotic Process (GO:2000351),11/43,0.0022797845886739,0.0372636219077308,0,0,3.1851691100823047,19.37753151709685,SEMA5A;CDH5;RAMP2;ANGPT1;FGG;TNFAIP3;CCL2;TEK;GATA2;GAS6;TNF
GO_Biological_Process_2023,Positive Regulation Of Cell Differentiation (GO:0045597),43/283,0.0023836284469225,0.0388069785489095,0,0,1.668442730125523,10.075944871803864,ACVRL1;CSF3;BTG1;LAMA2;GATA5;PLA2G3;PLA2G5;TMEM100;SDCBP;GJA1;RANBP3L;ZFP36;RAP1A;RRAS;PDPN;CD36;CD34;HOXA5;MSR1;PRKCH;ZHX3;RARRES2;ZBTB16;PLA2G2A;IGF1;TMEM64;AXIN2;NPNT;BMP6;TGFBR2;OLFM1;SFRP1;KITLG;BMP2;DAB2;IL6;IMPACT;ID2;IL1B;AGTR1;PPARG;PRKD1;LCP1
GO_Biological_Process_2023,Negative Regulation Of Signal Transduction (GO:0009968),41/267,0.002437827290965,0.0389953168630954,0,0,1.6889500744398516,10.16181824098655,RB1;CX3CR1;NDRG4;HHIP;PLEK;TNFAIP3;APCDD1;GATA2;LILRA2;FGF2;TNF;NKD2;RGS2;CYP26B1;HHEX;HEY1;WIF1;CCL5;PALM;GPC3;SOSTDC1;SNCA;EGFL7;SEMA6A;BDNF;DCN;DKK3;BMP5;APLN;NR4A2;SFRP1;BMP2;PTPRC;SFRP5;IL1B;MMRN2;CRY1;SNAI2;PPARG;SPRY1;CD47
GO_Biological_Process_2023,Cellular Response To Thyroid Hormone Stimulus (GO:0097067),5/11,0.002476302146952,0.0389953168630954,0,0,7.708974358974359,46.2614695688694,CTSL;KLF9;LMO2;CTSH;CTSS
GO_Biological_Process_2023,Macrophage Chemotaxis (GO:0048246),5/11,0.002476302146952,0.0389953168630954,0,0,7.708974358974359,46.2614695688694,EDNRB;CCL5;SFTPD;CCL3;CCL2
GO_Biological_Process_2023,Negative Regulation Of Vascular Permeability (GO:0043116),5/11,0.002476302146952,0.0389953168630954,0,0,7.708974358974359,46.2614695688694,CLDN5;RAMP2;PDE2A;SLIT2;SH3GL2
GO_Biological_Process_2023,Presynapse Organization (GO:0099172),5/11,0.002476302146952,0.0389953168630954,0,0,7.708974358974359,46.2614695688694,FZD1;PTPRD;NLGN4X;WNT3A;WNT7A
GO_Biological_Process_2023,Regulation Of Epithelial Cell Apoptotic Process (GO:1904035),5/11,0.002476302146952,0.0389953168630954,0,0,7.708974358974359,46.2614695688694,PKHD1;ZFP36;NUPR1;TEK;TNF
GO_Biological_Process_2023,Cell Migration Involved In Heart Development (GO:0060973),4/7,0.0024993356765858,0.0389953168630954,0,0,12.330087134802666,73.87855683255894,NOTCH1;FLRT3;SNAI2;FOLR1
GO_Biological_Process_2023,Folic Acid Transport (GO:0015884),4/7,0.0024993356765858,0.0389953168630954,0,0,12.330087134802666,73.87855683255894,PDPN;FOLR3;FOLR2;FOLR1
GO_Biological_Process_2023,Lymphatic Endothelial Cell Differentiation (GO:0060836),4/7,0.0024993356765858,0.0389953168630954,0,0,12.330087134802666,73.87855683255894,ACVRL1;SOX18;TIE1;PDPN
GO_Biological_Process_2023,Positive Regulation Of Apoptotic Cell Clearance (GO:2000427),4/7,0.0024993356765858,0.0389953168630954,0,0,12.330087134802666,73.87855683255894,C3;CCL2;CD300LF;C2
GO_Biological_Process_2023,Venous Blood Vessel Development (GO:0060841),4/7,0.0024993356765858,0.0389953168630954,0,0,12.330087134802666,73.87855683255894,ACVRL1;CCBE1;FOXF1;ENG
GO_Biological_Process_2023,Negative Regulation Of Endothelial Cell Apoptotic Process (GO:2000352),8/26,0.0025647708807113,0.0394189972300378,0,0,4.115048793014895,24.54991251690716,SEMA5A;CDH5;RAMP2;FGG;TNFAIP3;TEK;GATA2;GAS6
GO_Biological_Process_2023,Plasma Membrane Invagination (GO:0099024),8/26,0.0025647708807113,0.0394189972300378,0,0,4.115048793014895,24.54991251690716,MSR1;MARCO;ITGAM;GSN;ELMO1;CD36;FCGR2B;ARHGAP25
GO_Biological_Process_2023,Regulation Of Myeloid Cell Differentiation (GO:0045637),8/26,0.0025647708807113,0.0394189972300378,0,0,4.115048793014895,24.54991251690716,CSF3;MEIS1;SPI1;CDK6;MAFB;ZBTB16;MEIS2;HOXA5
GO_Biological_Process_2023,Response To Glucocorticoid (GO:0051384),8/26,0.0025647708807113,0.0394189972300378,0,0,4.115048793014895,24.54991251690716,IL1RN;ZFP36;IL6;FAM107A;SLIT2;NR3C1;TNF;ZFP36L2
GO_Biological_Process_2023,Regulation Of G Protein-Coupled Receptor Signaling Pathway (GO:0008277),15/70,0.0027399313057876,0.0419545615187329,0,0,2.5290534208059983,14.920966098175152,GIT2;EDN1;SLC24A4;RAMP3;RGS16;PLEK;C3;RGS5;RGS2;GRK5;CCL5;GNG7;CRY1;PLCE1;MGLL
GO_Biological_Process_2023,Negative Regulation Of Osteoblast Differentiation (GO:0045668),9/32,0.0027973632302451,0.0426753301680737,0,0,3.6238884668662585,21.30512299249942,GDF10;RANBP3L;NOTCH1;CDK6;TWIST2;CRIM1;PPARG;TMEM64;SMAD6
GO_Biological_Process_2023,Positive Regulation Of Gene Expression (GO:0010628),66/480,0.0028324937778213,0.0429526224676878,0,0,1.4879508366515524,8.729209047929238,ITK;SPI1;TFRC;CITED2;CLU;FGF2;TNF;ETS1;ACTG2;ACTG1;CDH5;GJA1;LAMP3;CTSH;CD36;CD34;HOXA5;IFNGR1;IL15;SLC11A1;CIRBP;MITF;ANK2;FGR;CLDN5;OLFM1;IL1A;PLSCR1;TYROBP;IL1B;PPARG;GAS6;TLR4;RBMS3;PTGER4;RAMP2;NOTCH1;RAMP3;PDGFB;GATA5;GATA2;DLL1;PPM1F;CLEC7A;CCL3;PPARGC1A;RPL17;SRPK2;NTRK2;EGR1;CD74;IL33;GSN;ANGPT1;WNT3A;EPHX2;PDE2A;IGF1;KLF4;BMP6;BMP2;IL6;ID2;FGF18;VIM;FGFR4
GO_Biological_Process_2023,Response To Transforming Growth Factor Beta (GO:0071559),10/38,0.0028468745587805,0.0429526224676878,0,0,3.3082996694821887,19.39170944822765,CLEC3B;SFRP1;HYAL2;PDE2A;ANKRD1;WNT7A;NR3C1;WNT2;ZFP36L2;SMAD7
GO_Biological_Process_2023,Negative Regulation Of Biomineral Tissue Development (GO:0070168),7/21,0.0028572514096009,0.0429526224676878,0,0,4.628080082135524,27.110807921772164,CCR1;SRGN;NOTCH1;HEY1;HEY2;CCL3;GAS6
GO_Biological_Process_2023,Negative Regulation Of Interleukin-2 Production (GO:0032703),7/21,0.0028572514096009,0.0429526224676878,0,0,4.628080082135524,27.110807921772164,PRNP;ZFP36;PTPRC;SFTPD;LAPTM5;TNFAIP3;VSIG4
GO_Biological_Process_2023,Regulation Of Calcium Ion Transport (GO:0051924),13/57,0.0028879328353826,0.0432559830870592,0,0,2.7386597696844865,16.013530608305675,CCR1;WFS1;ANK2;IL16;LILRB2;LILRA2;MYLK;PLN;SLN;CCL5;CCL3;EFHB;CD33
GO_Biological_Process_2023,Negative Regulation Of Amyloid-Beta Formation (GO:1902430),6/16,0.0029223910570245,0.0432997437549782,0,0,5.55207798871216,32.398335739589065,NTRK2;PRNP;RTN1;IGF1;CLU;RTN4
GO_Biological_Process_2023,Negative Regulation Of Anoikis (GO:2000811),6/16,0.0029223910570245,0.0432997437549782,0,0,5.55207798871216,32.398335739589065,ITGB1;NOTCH1;CAV1;PDK4;SNAI2;MCL1
GO_Biological_Process_2023,Regulation Of Steroid Biosynthetic Process (GO:0050810),6/16,0.0029223910570245,0.0432997437549782,0,0,5.55207798871216,32.398335739589065,EGR1;ASAH1;BMP2;FGFR4;BMP5;CES1
GO_Biological_Process_2023,Positive Regulation Of Leukocyte Mediated Cytotoxicity (GO:0001912),12/51,0.0031393317191176,0.0463473381757904,0,0,2.851419296092482,16.434854651780874,ITGAM;SPI1;TYROBP;STX7;HLA-DRA;CD1E;KLRD1;CD1C;IL12RB1;MICA;HLA-DRB1;HLA-E
GO_Biological_Process_2023,Cell-Cell Junction Assembly (GO:0007043),15/71,0.0031662337468964,0.04657756001238,0,0,2.4837536818851254,14.29453021181048,RAMP2;WDR1;ACTG1;SMAD7;CDH6;CLDN11;CDH5;CLDN5;GJA1;GJA5;GJA4;EPB41L3;CDH13;CD9;JAM3
GO_Biological_Process_2023,Positive Regulation Of T Cell Activation (GO:0050870),20/107,0.0033798765856943,0.0495434578522247,0,0,2.13347589771006,12.139298823632307,CD86;HLA-DRB4;TFRC;IL15;DOCK8;LILRB2;AIF1;SIRPB1;IL6;PTPRC;CD209;IL1B;CCL5;HLA-DRA;CCL2;CD47;HLA-DRB3;HLA-DQA1;HLA-DRB1;HLA-DPA1
GO_Biological_Process_2023,Vitamin Transport (GO:0051180),10/39,0.0034987599448706,0.0511042277053974,0,0,3.19404308128712,18.06342091870754,SLC2A14;PDPN;SLC19A3;APOA1;SLC2A3;FOLR3;FOLR2;SLC2A6;FOLR1;ABCG2
GO_Biological_Process_2023,Regulation Of Amyloid-Beta Formation (GO:1902003),9/33,0.0035178942302448,0.0512021425243051,0,0,3.472700411099692,19.62038469649732,NTRK2;PRNP;RTN1;IFNGR1;IGF1;CLU;TNF;RTN4;ABCG1
GO_Biological_Process_2023,Canonical Wnt Signaling Pathway (GO:0060070),14/65,0.0035590082591626,0.0516181514770805,0,0,2.5448374094614663,14.348488950469536,CCL14;FZD1;WNT2B;FZD4;WNT3A;LRRK2;CAV1;DIXDC1;WNT7A;NR4A2;FRAT1;SFRP1;SFRP5;WNT2
GO_Biological_Process_2023,Negative Regulation Of Angiogenesis (GO:0016525),17/86,0.0036455212607841,0.0526873756953325,0,0,2.2852784134248667,12.830137853813865,SPARC;SEMA6A;PDE3B;PTPRM;VASH1;KLF4;TNF;DCN;KLF2;CLDN5;HHEX;ALOX5;COL4A3;PPARG;GHRL;TEK;HOXA5
GO_Biological_Process_2023,Positive Regulation Of Cytoskeleton Organization (GO:0051495),16/79,0.0036700319579725,0.0528561595625486,0,0,2.355264127311574,13.207272919236924,SEMA5A;CCL24;CSF3;EDN1;GSN;CCL21;PRKCE;SYNPO2;PLEK;LMOD1;SORBS3;HCK;SYNPO2L;CDC42EP2;TEK;NES
GO_Biological_Process_2023,Cardiac Muscle Tissue Development (GO:0048738),12/52,0.0037250061707492,0.0532753486712366,0,0,2.7799794132784355,15.547554087113175,GJA1;BMP2;NOTCH1;HEY1;GJA5;HEY2;ANKRD1;GATA5;MSX1;SGCG;BMP5;TBX2
GO_Biological_Process_2023,Icosanoid Metabolic Process (GO:0006690),12/52,0.0037250061707492,0.0532753486712366,0,0,2.7799794132784355,15.547554087113175,PTGIS;HPGD;ALOX5;PLA2G4C;ALOX15;TBXAS1;CASP1;DPEP2;ABHD6;GGT1;LTC4S;MGLL
GO_Biological_Process_2023,Negative Regulation Of Myeloid Cell Differentiation (GO:0045638),7/22,0.0038413677775027,0.0538015276009635,0,0,4.319301848049282,24.023640635748173,MEIS1;ZFP36;CDK6;MAFB;ZBTB16;MEIS2;HOXA5
GO_Biological_Process_2023,Positive Regulation Of Cholesterol Efflux (GO:0010875),7/22,0.0038413677775027,0.0538015276009635,0,0,4.319301848049282,24.023640635748173,ABCA3;CAV1;APOA1;PPARG;ABCA8;PLTP;CES1
GO_Biological_Process_2023,Positive Regulation Of Receptor Internalization (GO:0002092),7/22,0.0038413677775027,0.0538015276009635,0,0,4.319301848049282,24.023640635748173,CCL14;ANGPT1;WNT3A;PCSK9;ARRB2;SELE;APLN
GO_Biological_Process_2023,Defense Response To Tumor Cell (GO:0002357),5/12,0.0039054762691643,0.0538015276009635,0,0,6.607326007326007,36.640104020499,SPI1;LAPTM5;PRF1;KLF4;RBMS3
GO_Biological_Process_2023,Granulocyte Activation (GO:0036230),5/12,0.0039054762691643,0.0538015276009635,0,0,6.607326007326007,36.640104020499,PREX1;IL15;CCL5;CTSG;CAMP
GO_Biological_Process_2023,Low-Density Lipoprotein Particle Remodeling (GO:0034374),5/12,0.0039054762691643,0.0538015276009635,0,0,6.607326007326007,36.640104020499,CETP;PLA2G2A;AGTR1;PLA2G3;PLA2G5
GO_Biological_Process_2023,Macrophage Migration (GO:1905517),5/12,0.0039054762691643,0.0538015276009635,0,0,6.607326007326007,36.640104020499,EDNRB;CCL5;SFTPD;CCL3;CCL2
GO_Biological_Process_2023,Negative Regulation Of Complement Activation (GO:0045916),5/12,0.0039054762691643,0.0538015276009635,0,0,6.607326007326007,36.640104020499,SERPING1;C4BPA;CD59;SVEP1;VSIG4
GO_Biological_Process_2023,Positive Regulation Of Neuroinflammatory Response (GO:0150078),5/12,0.0039054762691643,0.0538015276009635,0,0,6.607326007326007,36.640104020499,IL33;IL6;IL1B;NUPR1;TNF
GO_Biological_Process_2023,Relaxation Of Cardiac Muscle (GO:0055119),5/12,0.0039054762691643,0.0538015276009635,0,0,6.607326007326007,36.640104020499,RGS2;GSN;PLN;ATP1A2;KCNJ2
GO_Biological_Process_2023,Response To Thyroid Hormone (GO:0097066),5/12,0.0039054762691643,0.0538015276009635,0,0,6.607326007326007,36.640104020499,CTSL;KLF9;LMO2;CTSH;CTSS
GO_Biological_Process_2023,Positive Regulation Of Protein Modification Process (GO:0031401),35/225,0.003920245732449,0.0538249739065247,0,0,1.713061951754386,9.493105722626154,TFRC;LRRK2;ITLN1;KNDC1;FGF2;TNF;AGER;C3;CDH5;RELN;CCND2;GPNMB;LEPR;RSPO1;PPP1R16B;EGR1;CD74;NTRK2;ANGPT1;WNT3A;RARRES2;LIMK2;VEGFC;LILRB2;AXIN2;MARCO;BMP2;DAB2;IL1B;FGF18;PECAM1;TEK;GAS6;HLA-DRB1;ENG
GO_Biological_Process_2023,Organic Substance Transport (GO:0071702),32/201,0.0039526809397799,0.0540126718440573,0,0,1.7601688682931933,9.739650141262254,SLC22A4;CETP;SLC22A3;RAMP2;RAMP3;CALCRL;AQP9;ITPR1;AQP4;SLC3A2;ATP2C1;CLU;AQP1;SLC6A4;CACNG6;CCL8;SLN;SLCO2B1;CCL5;PDPN;CDH23;CCL3;PLTP;ARRDC4;CCR1;ABCA6;ABCA3;CAV1;ABCA9;ABCA8;SLCO2A1;ABCG2
GO_Biological_Process_2023,Positive Regulation Of Signal Transduction (GO:0009967),40/266,0.0039723391240284,0.0540126718440573,0,0,1.6468957230989625,9.10469857543745,LAMA2;CITED2;LRRK2;TNFAIP3;DLL1;CTSS;C3;HHEX;RELN;CTSL;RSPO2;CTSH;RSPO1;SASH1;CCBE1;CD74;PTGIS;CRBN;VWF;BDNF;CAV2;LY86;WNT7A;IGF1;SORBS1;TPD52L1;BMP6;KLF2;SFRP1;BMP2;IL6;PTPRC;IL1B;PDCL;GHRL;TEK;GAS6;IL7R;SHANK3;LIMS2
GO_Biological_Process_2023,Heart Morphogenesis (GO:0003007),13/59,0.003973255539876,0.0540126718440573,0,0,2.619296556665025,14.479915296969926,ACVRL1;NOTCH1;TBX3;TBX2;TGFBR3;OLFM1;BMP2;HEY1;SOX17;SYNPO2L;HEY2;ANKRD1;ENG
GO_Biological_Process_2023,Positive Regulation Of Cell-Cell Adhesion (GO:0022409),11/46,0.0040269864206669,0.0545630166668656,0,0,2.9116696061140503,16.057092018904868,CITED2;PODXL;CCL5;IL1B;FGG;CD47;AGER;TNF;CD44;JAK1;SMAD7
GO_Biological_Process_2023,Regulation Of Type II Interferon Production (GO:0032649),17/87,0.0041274634869972,0.0556351491512034,0,0,2.2525062656641603,12.366467143736054,PRNP;PDE4D;SLC11A1;LAPTM5;CLEC7A;IL1B;PDE4B;TLR8;TLR7;CD47;CD14;GAS6;IL12RB1;TLR4;HLA-DRB1;IL18R1;HLA-DPA1
GO_Biological_Process_2023,Cellular Response To Glucocorticoid Stimulus (GO:0071385),6/17,0.0041466352972613,0.0556351491512034,0,0,5.047063762302346,27.685456520250025,ZFP36;KLF9;FAM107A;NR3C1;ZFP36L2;AQP1
GO_Biological_Process_2023,Prostaglandin Biosynthetic Process (GO:0001516),6/17,0.0041466352972613,0.0556351491512034,0,0,5.047063762302346,27.685456520250025,CD74;EDN1;PTGIS;TBXAS1;PTGDS;PTGS1
GO_Biological_Process_2023,Negative Regulation Of Protein Serine/Threonine Kinase Activity (GO:0071901),16/80,0.0041804294239415,0.0559064571338151,0,0,2.3183341928829293,12.698307632826513,RB1;CEBPA;DUSP1;HEG1;INCA1;RASIP1;SLC8A3;HHEX;RGS2;BMP2;HYAL2;IL1B;PKIA;PPARG;SPRY1;PKIG
GO_Biological_Process_2023,Endothelial Cell Migration (GO:0043542),10/40,0.0042636360279305,0.0566457136829005,0,0,3.0874035989717226,16.84991562733514,CDH5;NR4A1;EGR3;SOX18;TNFSF12;ID1;LPXN;S100A12;CDH13;S100A9
GO_Biological_Process_2023,Negative Regulation Of Cell-Cell Adhesion (GO:0022408),10/40,0.0042636360279305,0.0566457136829005,0,0,3.0874035989717226,16.84991562733514,IL1RN;BMP2;NOTCH1;PODXL;NOTCH4;MYADM;APOA1;KLF4;PPM1F;BMP6
GO_Biological_Process_2023,Regulation Of Chemotaxis (GO:0050920),8/28,0.0042769645436712,0.0566457136829005,0,0,3.703133025166923,20.198782559708256,EFNB2;PDGFRA;CCL21;RARRES2;PDGFB;CXCR4;AIF1;PPM1F
GO_Biological_Process_2023,Cellular Response To Vascular Endothelial Growth Factor Stimulus (GO:0035924),9/34,0.0043763009603106,0.0575910020943116,0,0,3.33360739979445,18.106660076146024,NR4A1;RAMP2;NOTCH1;EGR3;SEMA6A;VEGFC;GAS1;MT1G;PRKD1
GO_Biological_Process_2023,Regulation Of Phosphatidylinositol 3-Kinase Activity (GO:0043551),9/34,0.0043763009603106,0.0575910020943116,0,0,3.33360739979445,18.106660076146024,FGR;PDGFRA;CCL21;KIT;PDGFB;TNFAIP8L3;PRKD1;TEK;FGF2
GO_Biological_Process_2023,Cell Surface Pattern Recognition Receptor Signaling Pathway (GO:0002752),4/8,0.0046126664064544,0.0584602243944183,0,0,9.247052793439265,49.739427160770525,FCN1;COLEC11;FCN3;FFAR2
GO_Biological_Process_2023,"Complement Activation, Lectin Pathway (GO:0001867)",4/8,0.0046126664064544,0.0584602243944183,0,0,9.247052793439265,49.739427160770525,FCN1;COLEC11;FCN3;MASP1
GO_Biological_Process_2023,Cyclooxygenase Pathway (GO:0019371),4/8,0.0046126664064544,0.0584602243944183,0,0,9.247052793439265,49.739427160770525,PTGIS;TBXAS1;PTGDS;PTGS1
GO_Biological_Process_2023,Embryonic Digestive Tract Morphogenesis (GO:0048557),4/8,0.0046126664064544,0.0584602243944183,0,0,9.247052793439265,49.739427160770525,PDGFRA;FOXF1;ID2;TCF21
GO_Biological_Process_2023,Epithelial To Mesenchymal Transition Involved In Endocardial Cushion Formation (GO:0003198),4/8,0.0046126664064544,0.0584602243944183,0,0,9.247052793439265,49.739427160770525,NOTCH1;HEY2;SNAI2;ENG
GO_Biological_Process_2023,Positive Regulation Of Opsonization (GO:1903028),4/8,0.0046126664064544,0.0584602243944183,0,0,9.247052793439265,49.739427160770525,FCN1;COLEC11;FCN3;PLA2G5
GO_Biological_Process_2023,Regulation Of RNA Biosynthetic Process (GO:2001141),4/8,0.0046126664064544,0.0584602243944183,0,0,9.247052793439265,49.739427160770525,FCN3;IL1B;MITF;TNFRSF1B
GO_Biological_Process_2023,Regulation Of Dendritic Cell Antigen Processing And Presentation (GO:0002604),4/8,0.0046126664064544,0.0584602243944183,0,0,9.247052793439265,49.739427160770525,CCL21;SLC11A1;CD68;FCGR2B
GO_Biological_Process_2023,Regulation Of Endothelial Cell Differentiation (GO:0045601),4/8,0.0046126664064544,0.0584602243944183,0,0,9.247052793439265,49.739427160770525,TMEM100;BTG1;NOTCH4;ATOH8
GO_Biological_Process_2023,Regulation Of Podosome Assembly (GO:0071801),4/8,0.0046126664064544,0.0584602243944183,0,0,9.247052793439265,49.739427160770525,HCK;GSN;LCP1;TNF
GO_Biological_Process_2023,Type B Pancreatic Cell Differentiation (GO:0003309),4/8,0.0046126664064544,0.0584602243944183,0,0,9.247052793439265,49.739427160770525,CDK6;DLL1;BMP6;BMP5
GO_Biological_Process_2023,Vascular Associated Smooth Muscle Cell Differentiation (GO:0035886),4/8,0.0046126664064544,0.0584602243944183,0,0,9.247052793439265,49.739427160770525,EFEMP2;RAMP2;HEY2;ENG
GO_Biological_Process_2023,Response To Lipid (GO:0033993),20/110,0.0046831615789484,0.0591716028947507,0,0,2.062015503875969,11.060201326019484,GPX3;SLC11A1;SMAD6;SELE;SOCS2;SELP;SLPI;ALDH1A2;IL1B;FBXO3;ALPL;CTSH;PPARG;CD36;FGFR4;S100A9;TLR4;ABCG1;S100A8;SNCA
GO_Biological_Process_2023,Positive Regulation Of Multicellular Organismal Process (GO:0051240),54/387,0.004800722237415,0.0604714828621175,0,0,1.5108975361474046,8.066665183985135,ITK;THRA;FGF2;TNF;GHR;GJA1;SLN;ACADL;LEPR;CD36;SS18;PRKCH;IL15;SLC11A1;FGG;AXIN2;TGFBR2;FGR;OLFM1;IL1A;IL1B;MMRN2;PPARG;LCP1;GAS6;PTGER4;GRP;EPAS1;PDGFB;GATA5;CXCR4;ADRB2;LILRA2;RTN4;SDCBP;PDPN;ZBED2;PPARGC1A;PPARGC1B;IL33;BAD;ZBTB16;CAV1;TRPV2;G0S2;TMEM64;LILRB2;DAB2;BMP2;IL6;FABP4;FABP5;ALPL;GHRL
GO_Biological_Process_2023,Cell-Cell Adhesion Via Plasma-Membrane Adhesion Molecules (GO:0098742),28/172,0.0049219480684245,0.0618094637007336,0,0,1.8063051375194603,9.598797401931844,ITGB1;ROBO4;ITGAM;GATA5;PTPRM;NEXN;ATP2C1;CDH6;CDH5;IGSF21;FLRT3;CDH23;NTNG1;SELE;TGFBR2;PTPRD;SELP;CLDN11;CLDN5;MAG;SELL;CD209;PECAM1;CDH13;CLDN18;ESAM;PCDHB4;CEACAM8
GO_Biological_Process_2023,Artery Development (GO:0060840),7/23,0.005062586382782,0.0631902827596335,0,0,4.04912089322382,21.403158171911898,ACVRL1;EFEMP2;GJA5;PDE2A;SMAD7;TGFBR2;ENG
GO_Biological_Process_2023,Endocardial Cushion Development (GO:0003197),7/23,0.005062586382782,0.0631902827596335,0,0,4.04912089322382,21.403158171911898,ACVRL1;BMP2;NOTCH1;HEY1;FOXF1;TBX2;ENG
GO_Biological_Process_2023,Negative Regulation Of Protein Phosphorylation (GO:0001933),25/149,0.0051322958393328,0.063866847619976,0,0,1.8720750459635636,9.869958153201573,RB1;LRRK2;FBLN1;C9ORF72;SAMSN1;PPM1F;RASSF2;CAMK2N1;SNX25;SLIT2;SH3GL2;SNCA;PRNP;CAV1;PDE4D;SMAD6;PTPN13;SMAD7;SFRP1;IMPACT;PTPRC;GNAQ;MYADM;PPARG;ENG
GO_Biological_Process_2023,Positive Regulation Of Peptidyl-Serine Phosphorylation (GO:0033138),17/89,0.0052486621288727,0.0651181906892373,0,0,2.1896929824561404,11.495410952518515,CSF3;IFNA14;RAMP3;TFRC;BDNF;WNT3A;CAV1;SH2D3C;OSM;TNF;IL6;HCLS1;PRKD1;GAS6;CD44;IFNA10;SNCA
GO_Biological_Process_2023,Positive Regulation Of Tumor Necrosis Factor Superfamily Cytokine Production (GO:1903557),16/82,0.0053756289969833,0.0664931406563796,0,0,2.24783159079188,11.746897454882603,CD86;IL33;IFNGR1;LILRA2;CLU;AGER;HLA-E;IL1A;IL6;TYROBP;PTPRC;CLEC7A;CCL3;LCP1;CD14;TLR4
GO_Biological_Process_2023,Sarcomere Organization (GO:0045214),8/29,0.0054085725934263,0.0666160328196101,0,0,3.5265976960892216,18.4080290919896,WDR1;SYNPO2L;TNNT2;ANKRD1;CAPN3;FLNC;MYOZ1;MYOM2
GO_Biological_Process_2023,Defense Response To Gram-negative Bacterium (GO:0050829),15/75,0.0054502556591912,0.0666160328196101,0,0,2.3176546391752577,12.07983096841854,SLC11A1;RARRES2;RNASE6;DEFA3;DEFB1;DEFA1;LYZ;MPEG1;AQP1;SELP;IL6;DMBT1;CTSG;TLR4;CAMP
GO_Biological_Process_2023,Regulation Of Fat Cell Differentiation (GO:0045598),15/75,0.0054502556591912,0.0666160328196101,0,0,2.3176546391752577,12.07983096841854,PTPRR;RARRES2;ZBTB16;TMEM64;TNF;ZFP36L2;ZFP36;SFRP1;BMP2;IL6;ALOX5;ID2;PPARG;LCP1;RUNX1T1
GO_Biological_Process_2023,Regulation Of Stress Fiber Assembly (GO:0051492),15/75,0.0054502556591912,0.0666160328196101,0,0,2.3176546391752577,12.07983096841854,PTGER4;ARHGEF15;MYOC;GPR65;APOA1;ARHGAP28;SORBS3;PPM1F;ACTG1;SFRP1;SYNPO2L;CD47;PHLDB2;CGNL1;CLASP2
GO_Biological_Process_2023,Endothelial Cell Proliferation (GO:0001935),6/18,0.0057118277092036,0.0681455142763035,0,0,4.626218573627502,23.895419201526444,SEMA5A;HMOX1;PROK2;TEK;CD34;THAP1
GO_Biological_Process_2023,Heart Trabecula Morphogenesis (GO:0061384),6/18,0.0057118277092036,0.0681455142763035,0,0,4.626218573627502,23.895419201526444,TGFBR3;NOTCH1;HEY1;TEK;BMP5;ENG
GO_Biological_Process_2023,Mesenchyme Morphogenesis (GO:0072132),6/18,0.0057118277092036,0.0681455142763035,0,0,4.626218573627502,23.895419201526444,ACVRL1;BMP2;NOTCH1;HEY1;TBX2;ENG
GO_Biological_Process_2023,Negative Regulation Of Amyloid Precursor Protein Catabolic Process (GO:1902992),6/18,0.0057118277092036,0.0681455142763035,0,0,4.626218573627502,23.895419201526444,NTRK2;PRNP;RTN1;IGF1;CLU;RTN4
GO_Biological_Process_2023,Negative Regulation Of Lipid Storage (GO:0010888),6/18,0.0057118277092036,0.0681455142763035,0,0,4.626218573627502,23.895419201526444,IL6;PPARG;ABHD5;TNF;ABCG1;CES1
GO_Biological_Process_2023,Negative Regulation Of Nervous System Development (GO:0051961),6/18,0.0057118277092036,0.0681455142763035,0,0,4.626218573627502,23.895419201526444,IL6;NOTCH1;WNT3A;IL1B;WNT7A;TNF
GO_Biological_Process_2023,Peptide Antigen Assembly With MHC Protein Complex (GO:0002501),6/18,0.0057118277092036,0.0681455142763035,0,0,4.626218573627502,23.895419201526444,HLA-DRB4;HLA-DRA;HLA-DRB3;HLA-DQA1;HLA-DRB1;HLA-DPA1
GO_Biological_Process_2023,Pulmonary Valve Morphogenesis (GO:0003184),6/18,0.0057118277092036,0.0681455142763035,0,0,4.626218573627502,23.895419201526444,NOTCH1;HEY1;GJA5;HEY2;SLIT2;SMAD6
GO_Biological_Process_2023,Calcium Ion Transport (GO:0006816),20/112,0.0057636819139594,0.0681455142763035,0,0,2.0169643860240423,10.399828981988314,CCR1;RAMP2;SLC24A4;MCOLN3;CALCRL;RAMP3;CAV1;ITPR1;TRPV2;SLC3A2;ATP2C1;CLU;CACNG6;SLC8A3;CCL8;SLN;CCL5;CDH23;CCL3;GAS6
GO_Biological_Process_2023,Small GTPase Mediated Signal Transduction (GO:0007264),20/112,0.0057636819139594,0.0681455142763035,0,0,2.0169643860240423,10.399828981988314,RB1;DIRAS3;RRAD;ARL3;RASGRF1;ARHGAP18;IGF1;RASGRP2;FGF2;RERG;ART4;RASSF1;DOK2;ARHGAP30;MRAS;RRAS;DOK6;PLCE1;GRAP;RAPGEF4
GO_Biological_Process_2023,Regulation Of Intracellular Signal Transduction (GO:1902531),43/297,0.0058046188523477,0.0681455142763035,0,0,1.575241738872599,8.111079324033744,ARHGAP9;ZFAND6;DOCK8;LRRK2;WWC2;AKAP7;SLA;ARHGAP18;ARHGAP15;TNF;AGER;GNAI1;PKHD1;AKAP12;FGD3;PREX1;FGD5;RASSF2;LBH;RRAS;CLEC7A;CHN2;CHN1;CAPN3;ROS1;PPP1R16B;NTRK2;MYOC;ARHGEF15;VWF;DAPK2;PDE2A;ARHGAP28;PTPN13;BST1;ARHGAP30;RRAGB;IL1B;RGN;GRAP;TEK;DOCK2;CRK
GO_Biological_Process_2023,Mature B Cell Differentiation Involved In Immune Response (GO:0002313),5/13,0.0058400986986004,0.0681455142763035,0,0,5.781089743589743,29.732188382576823,DOCK11;IL6;MFNG;FCGR2B;DLL1
GO_Biological_Process_2023,Negative Regulation Of Cell Activation (GO:0050866),5/13,0.0058400986986004,0.0681455142763035,0,0,5.781089743589743,29.732188382576823,PDGFRA;THBD;PDGFB;LDLR;CD200
GO_Biological_Process_2023,Positive Regulation Of Cardiac Muscle Cell Proliferation (GO:0060045),5/13,0.0058400986986004,0.0681455142763035,0,0,5.781089743589743,29.732188382576823,TGFBR3;NOTCH1;ZFPM2;FGF2;TBX2
GO_Biological_Process_2023,Relaxation Of Muscle (GO:0090075),5/13,0.0058400986986004,0.0681455142763035,0,0,5.781089743589743,29.732188382576823,RGS2;GSN;PLN;ATP1A2;KCNJ2
GO_Biological_Process_2023,Secondary Palate Development (GO:0062009),5/13,0.0058400986986004,0.0681455142763035,0,0,5.781089743589743,29.732188382576823,TGFBR3;WNT3A;WNT7A;LRRC32;TGFBR2
GO_Biological_Process_2023,Branching Morphogenesis Of An Epithelial Tube (GO:0048754),10/42,0.0061844772952948,0.0714910355416585,0,0,2.8941195372750643,14.718660741829568,PKHD1;NOTCH4;TIE1;TCF21;SLIT2;NPNT;FGF2;RASIP1;TGFBR2;ENG
GO_Biological_Process_2023,Cardiac Ventricle Morphogenesis (GO:0003208),10/42,0.0061844772952948,0.0714910355416585,0,0,2.8941195372750643,14.718660741829568,TGFBR3;NOTCH1;HEY1;FOXF1;TNNC1;TNNT2;HEY2;SMAD7;TGFBR2;ENG
GO_Biological_Process_2023,Determination Of Heart Left/Right Asymmetry (GO:0061371),10/42,0.0061844772952948,0.0714910355416585,0,0,2.8941195372750643,14.718660741829568,NDRG4;NOTCH1;SOX17;SOX18;MMP23A;DLL1;FOLR1;TBX2;TGFBR2;ENG
GO_Biological_Process_2023,Positive Regulation Of Apoptotic Signaling Pathway (GO:2001235),13/62,0.0061962368750599,0.0714910355416585,0,0,2.4585216166796275,12.49866446749263,CAV1;TNFSF12;G0S2;TPD52L1;TNF;CTSS;CTSL;HYAL2;CTSH;NUPR1;S100A9;TLR4;S100A8
GO_Biological_Process_2023,Regulation Of Heart Contraction (GO:0008016),14/69,0.0062417249737653,0.0718147071702223,0,0,2.3592337595428785,11.97664710552852,PDE4D;HSPB7;ANK2;ATP1A2;APLN;SMAD7;TBX2;SLC8A3;PLN;DES;GJA5;TNNT2;FXYD1;ASB3
GO_Biological_Process_2023,Negative Regulation Of Cell Junction Assembly (GO:1901889),7/24,0.0065537118023468,0.0748102215981681,0,0,3.8107259330837056,19.15927709734561,ACVRL1;DUSP22;IL1B;FAM107A;TNF;PHLDB2;CLASP2
GO_Biological_Process_2023,Protein Kinase B Signaling (GO:0043491),7/24,0.0065537118023468,0.0748102215981681,0,0,3.8107259330837056,19.15927709734561,CCL5;IL1B;CCL3;CCL2;IGF1;GAS6;TNF
GO_Biological_Process_2023,Negative Regulation Of T Cell Proliferation (GO:0042130),9/36,0.006574726928511,0.0748102215981681,0,0,3.0863309352517985,15.507338404315746,CD86;PRNP;GPNMB;PLA2G2A;SFTPD;PLA2G5;VSIG4;LILRB2;HLA-DRB1
GO_Biological_Process_2023,Regulation Of Receptor Internalization (GO:0002090),9/36,0.006574726928511,0.0748102215981681,0,0,3.0863309352517985,15.507338404315746,CCL14;SDCBP;ANGPT1;ANXA2;WNT3A;PCSK9;ARRB2;RSPO1;SELE
GO_Biological_Process_2023,Positive Regulation Of NF-kappaB Transcription Factor Activity (GO:0051092),25/152,0.0066474687240824,0.0754295418030187,0,0,1.827546815715393,9.162440939419266,CX3CR1;TFRC;PLA2G1B;CLU;TNF;AGER;IL18RAP;CLEC7A;CAPN3;NLRP3;S100A12;CD36;MAP3K7;TRIM22;PRKCH;CAV1;IL6;IL1B;BTK;ROR1;PRKD1;S100A9;TLR4;S100A8;IL18R1
GO_Biological_Process_2023,Positive Regulation Of Pathway-Restricted SMAD Protein Phosphorylation (GO:0010862),11/49,0.0067041389265436,0.0758635940616301,0,0,2.6813542343513106,13.4202589012818,ACVRL1;GDF10;SDCBP;BMP2;DAB2;PPARG;LEFTY2;BMP6;TGFBR2;ENG;BMP5
GO_Biological_Process_2023,Regulation Of Cell Migration Involved In Sprouting Angiogenesis (GO:0090049),8/30,0.0067548145540662,0.0760193473994499,0,0,3.3661110332913107,16.822139084651624,NOTCH1;MMRN2;RHOJ;HMOX1;GATA2;MEOX2;KLF4;FGF2
GO_Biological_Process_2023,Regulation Of Vasculature Development (GO:1901342),8/30,0.0067548145540662,0.0760193473994499,0,0,3.3661110332913107,16.822139084651624,IL6;SFRP1;GPNMB;HMOX1;VASH1;TSPAN12;ETS1;FGF2
GO_Biological_Process_2023,Cellular Response To Peptide (GO:1901653),12/56,0.007001234134232,0.0782647493670878,0,0,2.5266925560286344,12.53661172496363,PRNP;GJA1;CAV1;CD36;ADRB2;IGF1;VIM;FCGR2B;TLR4;AGER;RPL17;CHMP5
GO_Biological_Process_2023,Pattern Recognition Receptor Signaling Pathway (GO:0002221),12/56,0.007001234134232,0.0782647493670878,0,0,2.5266925560286344,12.53661172496363,FCN1;COLEC11;FCN3;CASP1;TLR8;NLRP3;FFAR2;TLR7;CD14;MAP3K7;TLR4;CTSS
GO_Biological_Process_2023,Negative Regulation Of Blood Vessel Morphogenesis (GO:2000181),15/77,0.0070113358864907,0.0782647493670878,0,0,2.242642168274027,11.124014295871596,SPARC;SEMA6A;PDE3B;PTPRM;VASH1;KLF4;DCN;CLDN5;HHEX;ALOX5;COL4A3;PPARG;GHRL;TEK;HOXA5
GO_Biological_Process_2023,Regulation Of Actin Filament Polymerization (GO:0030833),14/70,0.0071171748772713,0.0792038784055684,0,0,2.316975785677486,11.458011573541022,CCL24;CSF3;CCL21;PRKCE;ALOX15;LMOD1;ARHGAP18;ARHGAP28;HCK;CDC42EP2;MYADM;HCLS1;ESAM;SLIT2
GO_Biological_Process_2023,Negative Regulation Of Apoptotic Process (GO:0043066),64/482,0.0071339254402684,0.0792038784055684,0,0,1.4272188331026596,7.05459089791545,RB1;ITGB1;CNTFR;TNFAIP8;TFRC;CITED2;ZFAND6;APIP;CLU;TNF;IFIT3;AQP1;CCND2;LAMP3;PDK4;PROK2;CTSH;CAPN3;PRKCH;TSC22D1;SERPINB9;HCK;MAG;SFRP1;CAT;HCLS1;NUPR1;GAS6;CRYAB;CD44;CX3CR1;NOTCH1;PLA2G3;DLL1;SOCS2;PKHD1;SOCS3;DNAJB6;GRK5;PDPN;CCL2;PPARGC1A;MCL1;TXNDC5;SNCA;NTRK2;CD74;EGR3;ANGPT1;BDNF;WFS1;CAV1;IGF1;KLF4;SMAD6;TBX3;NR4A2;DAB2;IL6;IL2RB;SNAI2;GHRL;TEK;EVI2B
GO_Biological_Process_2023,Myelin Assembly (GO:0032288),4/9,0.0076640215457615,0.0812610417644203,0,0,7.39723218862122,36.03353374617914,EPB41L3;PMP22;CD9;TPPP
GO_Biological_Process_2023,Negative Regulation Of Heterotypic Cell-Cell Adhesion (GO:0034115),4/9,0.0076640215457615,0.0812610417644203,0,0,7.39723218862122,36.03353374617914,IL1RN;MYADM;APOA1;KLF4
GO_Biological_Process_2023,Negative Regulation Of Leukocyte Migration (GO:0002686),4/9,0.0076640215457615,0.0812610417644203,0,0,7.39723218862122,36.03353374617914,HMOX1;SLIT2;CD200;BMP5
GO_Biological_Process_2023,Negative Regulation Of Potassium Ion Transmembrane Transporter Activity (GO:1901017),4/9,0.0076640215457615,0.0812610417644203,0,0,7.39723218862122,36.03353374617914,GRP;CASQ2;NEDD4L;KCNAB1
GO_Biological_Process_2023,Positive Regulation Of Platelet Activation (GO:0010572),4/9,0.0076640215457615,0.0812610417644203,0,0,7.39723218862122,36.03353374617914,SELP;GP9;PLEK;TLR4
GO_Biological_Process_2023,Positive Regulation Of Vasculogenesis (GO:2001214),4/9,0.0076640215457615,0.0812610417644203,0,0,7.39723218862122,36.03353374617914,TMEM100;RAP1A;RRAS;CD34
GO_Biological_Process_2023,Regulation Of Actin Filament-Based Movement (GO:1903115),4/9,0.0076640215457615,0.0812610417644203,0,0,7.39723218862122,36.03353374617914,PLN;PDE4D;PDPN;PDE4B
GO_Biological_Process_2023,Regulation Of Cell-Cell Adhesion Involved In Gastrulation (GO:0070587),4/9,0.0076640215457615,0.0812610417644203,0,0,7.39723218862122,36.03353374617914,IL1RN;MYADM;APOA1;KLF4
GO_Biological_Process_2023,Response To Laminar Fluid Shear Stress (GO:0034616),4/9,0.0076640215457615,0.0812610417644203,0,0,7.39723218862122,36.03353374617914,KLF4;SMAD6;KLF2;SMAD7
GO_Biological_Process_2023,Cardiac Ventricle Development (GO:0003231),6/19,0.0076676367089279,0.0812610417644203,0,0,4.2701187985949405,20.79866761254194,NOTCH1;HEY1;GJA5;PDE2A;HEY2;ENG
GO_Biological_Process_2023,Dopamine Metabolic Process (GO:0042417),6/19,0.0076676367089279,0.0812610417644203,0,0,4.2701187985949405,20.79866761254194,MAOB;MAOA;COMT;SNCAIP;SULT1A3;SNCA
GO_Biological_Process_2023,Embryonic Digestive Tract Development (GO:0048566),6/19,0.0076676367089279,0.0812610417644203,0,0,4.2701187985949405,20.79866761254194,PDGFRA;FOXF1;RARRES2;ID2;TCF21;TNF
GO_Biological_Process_2023,Immunoglobulin Production Involved In Immunoglobulin-Mediated Immune Response (GO:0002381),6/19,0.0076676367089279,0.0812610417644203,0,0,4.2701187985949405,20.79866761254194,HLA-DRB4;HLA-DRA;HLA-DRB3;HLA-DQA1;HLA-DRB1;HLA-DPA1
GO_Biological_Process_2023,Regulation Of Granulocyte Chemotaxis (GO:0071622),6/19,0.0076676367089279,0.0812610417644203,0,0,4.2701187985949405,20.79866761254194,MPP1;BST1;RARRES2;CCL5;MAPK1;JAM3
GO_Biological_Process_2023,Superoxide Anion Generation (GO:0042554),6/19,0.0076676367089279,0.0812610417644203,0,0,4.2701187985949405,20.79866761254194,DUOX1;NCF1;NCF2;NCF4;CYBB;NCF1C
GO_Biological_Process_2023,Integrin-Mediated Signaling Pathway (GO:0007229),16/85,0.0076743251387131,0.0812610417644203,0,0,2.1497410139695496,10.468969846672112,ITGB1;ITGAM;PLEK;APOA1;NEDD9;FBLN1;PRAM1;FGR;HCK;DAB2;ADAMTS1;ITGA10;ITGA8;ZYX;CD47;PRKD1
GO_Biological_Process_2023,Positive Regulation Of Endothelial Cell Migration (GO:0010595),16/85,0.0076743251387131,0.0812610417644203,0,0,2.1497410139695496,10.468969846672112,SEMA5A;EDN1;SPARC;ANGPT1;ANXA3;PDGFB;GATA2;ETS1;FGF2;NELL2;RRAS;ATOH8;FGF18;PRKD1;TEK;SASH1
GO_Biological_Process_2023,Regulation Of Osteoblast Differentiation (GO:0045667),16/85,0.0076743251387131,0.0812610417644203,0,0,2.1497410139695496,10.468969846672112,GDF10;ZHX3;NOTCH1;TWIST2;CRIM1;IGF1;TMEM64;NPNT;SMAD6;BMP6;RANBP3L;IL6;CDK6;SNAI2;PPARG;PRKD1
GO_Biological_Process_2023,Cell Chemotaxis (GO:0060326),11/50,0.0078531410719768,0.0815119338109142,0,0,2.6124564735675846,12.662162951131236,SEMA5A;PDGFRA;NR4A1;EGR3;CXCL12;CCL21;KIT;AGTR1;PDGFB;ARRB2;HBEGF
GO_Biological_Process_2023,Regulation Of Epithelial Cell Migration (GO:0010632),11/50,0.0078531410719768,0.0815119338109142,0,0,2.6124564735675846,12.662162951131236,PTPRR;HYAL1;PRKCE;RHOJ;ENPP2;CTSH;GLUL;PPM1F;RTN4;SASH1;CLASP2
GO_Biological_Process_2023,Negative Regulation Of Protein Modification Process (GO:0031400),15/78,0.0079159507575739,0.0815119338109142,0,0,2.2069219440353463,10.67902046334842,PPP1R16B;PPP1R15A;PRNP;CRTAP;LRRK2;FBLN1;PTPN13;C9ORF72;IMPACT;FXYD1;MYADM;TSPO;SLIT2;TPPP;SH3GL2
GO_Biological_Process_2023,Positive Regulation Of Immune Effector Process (GO:0002699),9/37,0.0079501384611936,0.0815119338109142,0,0,2.975939656438115,14.387376484551858,FCN1;COLEC11;FCN3;PTPRC;IL1B;HLA-DRA;PLA2G5;IL12RB1;HLA-DRB1
GO_Biological_Process_2023,Regulation Of Vascular Associated Smooth Muscle Cell Proliferation (GO:1904705),9/37,0.0079501384611936,0.0815119338109142,0,0,2.975939656438115,14.387376484551858,CNN1;EFEMP2;GJA1;JUN;PDGFB;PPARG;IGF1;FGF2;APLN
GO_Biological_Process_2023,ISG15-protein Conjugation (GO:0032020),3/5,0.0080146475342122,0.0815119338109142,0,0,13.86501024590164,66.91925662347231,UBE2E1;UBE2E2;UBE2L6
GO_Biological_Process_2023,Autocrine Signaling (GO:0035425),3/5,0.0080146475342122,0.0815119338109142,0,0,13.86501024590164,66.91925662347231,CX3CR1;FZD1;S100A9
GO_Biological_Process_2023,Cell Junction Disassembly (GO:0150146),3/5,0.0080146475342122,0.0815119338109142,0,0,13.86501024590164,66.91925662347231,C1QB;CX3CR1;C1QC
GO_Biological_Process_2023,Glomerulus Vasculature Development (GO:0072012),3/5,0.0080146475342122,0.0815119338109142,0,0,13.86501024590164,66.91925662347231,PECAM1;TEK;CD34
GO_Biological_Process_2023,Humoral Immune Response Mediated By Circulating Immunoglobulin (GO:0002455),3/5,0.0080146475342122,0.0815119338109142,0,0,13.86501024590164,66.91925662347231,C1QB;C1R;C1QC
GO_Biological_Process_2023,Inflammatory Response To Wounding (GO:0090594),3/5,0.0080146475342122,0.0815119338109142,0,0,13.86501024590164,66.91925662347231,IL6;HMOX1;TNF
GO_Biological_Process_2023,Positive Regulation Of Peroxisome Proliferator Activated Receptor Signaling Pathway (GO:0035360),3/5,0.0080146475342122,0.0815119338109142,0,0,13.86501024590164,66.91925662347231,BMP2;PTGIS;CITED2
GO_Biological_Process_2023,Positive Regulation Of Vascular Associated Smooth Muscle Cell Differentiation (GO:1905065),3/5,0.0080146475342122,0.0815119338109142,0,0,13.86501024590164,66.91925662347231,EFEMP2;KIT;ENG
GO_Biological_Process_2023,Regulation Of Glomerular Filtration (GO:0003093),3/5,0.0080146475342122,0.0815119338109142,0,0,13.86501024590164,66.91925662347231,PTPRO;PDGFB;GAS6
GO_Biological_Process_2023,Regulation Of Relaxation Of Cardiac Muscle (GO:1901897),3/5,0.0080146475342122,0.0815119338109142,0,0,13.86501024590164,66.91925662347231,PLN;PDE4D;PDE4B
GO_Biological_Process_2023,Response To Heparin (GO:0071503),3/5,0.0080146475342122,0.0815119338109142,0,0,13.86501024590164,66.91925662347231,EGR1;SFRP1;SLIT2
GO_Biological_Process_2023,Positive Regulation Of Metabolic Process (GO:0009893),19/108,0.0082301528150801,0.0818117584518498,0,0,1.9800120716872505,9.503960322399497,THRA;EPAS1;CAV1;TRPV2;CXCR4;G0S2;ADRB2;TNF;GJA1;FABP4;SLN;FABP5;CLEC7A;LEPR;ALPL;GHRL;CD36;PPARGC1A;PPARGC1B
GO_Biological_Process_2023,Cardiac Muscle Tissue Morphogenesis (GO:0055008),8/31,0.0083395834201948,0.0818117584518498,0,0,3.219579732475826,15.411297571177634,TGFBR3;BMP2;NOTCH1;TNNC1;TNNT2;ANKRD1;SMAD7;ENG
GO_Biological_Process_2023,Positive Regulation Of Cholesterol Transport (GO:0032376),8/31,0.0083395834201948,0.0818117584518498,0,0,3.219579732475826,15.411297571177634,CETP;ABCA3;CAV1;APOA1;PPARG;ABCA8;PLTP;CES1
GO_Biological_Process_2023,Positive Regulation Of Mononuclear Cell Migration (GO:0071677),8/31,0.0083395834201948,0.0818117584518498,0,0,3.219579732475826,15.411297571177634,CCR1;CXCL12;CCL5;CD47;GAS6;AIF1;TNF;JAM2
GO_Biological_Process_2023,Regulation Of Long-Term Synaptic Potentiation (GO:1900271),8/31,0.0083395834201948,0.0818117584518498,0,0,3.219579732475826,15.411297571177634,CALB2;RELN;TYROBP;FAM107A;LILRB2;AGER;ZDHHC2;SHANK3
GO_Biological_Process_2023,Regulation Of B Cell Activation (GO:0050864),7/25,0.0083480006360525,0.0818117584518498,0,0,3.598819301848049,17.222989062508915,IL6;BANK1;LAPTM5;TNFAIP3;FCGR2B;SAMSN1;ZFP36L2
GO_Biological_Process_2023,Regulation Of Neutrophil Chemotaxis (GO:0090022),7/25,0.0083480006360525,0.0818117584518498,0,0,3.598819301848049,17.222989062508915,MPP1;CD74;CCL21;DAPK2;RAC2;SLIT2;JAM3
GO_Biological_Process_2023,Sterol Transport (GO:0015918),7/25,0.0083480006360525,0.0818117584518498,0,0,3.598819301848049,17.222989062508915,CETP;MSR1;VAPA;CAV1;APOA1;CD36;LDLR
GO_Biological_Process_2023,"Wound Healing, Spreading Of Cells (GO:0044319)",7/25,0.0083480006360525,0.0818117584518498,0,0,3.598819301848049,17.222989062508915,ITGB1;CD151;PDPN;WNT7A;LCP1;ARHGAP24;CD44
GO_Biological_Process_2023,Contractile Actin Filament Bundle Assembly (GO:0030038),5/14,0.0083619204438525,0.0818117584518498,0,0,5.138461538461539,24.58274509960372,ITGB1;PDLIM1;ZYX;PHACTR1;SORBS1
GO_Biological_Process_2023,Positive Regulation Of Acute Inflammatory Response (GO:0002675),5/14,0.0083619204438525,0.0818117584518498,0,0,5.138461538461539,24.58274509960372,IL6;IL1B;OSM;FFAR2;TNF
GO_Biological_Process_2023,Regulation Of Cholesterol Storage (GO:0010885),5/14,0.0083619204438525,0.0818117584518498,0,0,5.138461538461539,24.58274509960372,MSR1;PPARG;LCP1;ABCG1;CES1
GO_Biological_Process_2023,Regulation Of Integrin Activation (GO:0033623),5/14,0.0083619204438525,0.0818117584518498,0,0,5.138461538461539,24.58274509960372,PTGER4;SELP;PLEK;RASIP1;JAM3
GO_Biological_Process_2023,Regulation Of Microglial Cell Activation (GO:1903978),5/14,0.0083619204438525,0.0818117584518498,0,0,5.138461538461539,24.58274509960372,IL6;PTPRC;SYT11;CST7;LDLR
GO_Biological_Process_2023,Stress Fiber Assembly (GO:0043149),5/14,0.0083619204438525,0.0818117584518498,0,0,5.138461538461539,24.58274509960372,ITGB1;PDLIM1;ZYX;PHACTR1;SORBS1
GO_Biological_Process_2023,Striated Muscle Cell Development (GO:0055002),5/14,0.0083619204438525,0.0818117584518498,0,0,5.138461538461539,24.58274509960372,TMOD1;LMOD1;PGM5;MYOZ1;MYL9
GO_Biological_Process_2023,Negative Regulation Of Cell Migration (GO:0030336),26/163,0.0085402660759969,0.0833586634289847,0,0,1.7618447590181363,8.391601601959533,ACVRL1;NDRG4;CLIC4;PTPRR;CITED2;NEDD9;ADARB1;FGF2;GJA1;DACH1;HYAL2;HAS1;HMOX1;EMILIN2;SLIT2;CLASP2;CD74;MITF;SMAD7;DUSP22;CLDN5;SFRP1;MMRN2;PHLDB2;RECK;ENG
GO_Biological_Process_2023,Positive Regulation Of Chemotaxis (GO:0050921),10/44,0.0087183309530646,0.0848955205571467,0,0,2.723574776954484,12.916083464590823,SEMA5A;IL6;CCL21;RARRES2;PDGFB;CDH13;PRKD1;AIF1;FGF2;PPM1F
GO_Biological_Process_2023,Cholesterol Transport (GO:0030301),11/51,0.0091494409123013,0.0881523676699805,0,0,2.547003600823045,11.955794100284086,CETP;MSR1;CAV1;APOC1;APOA1;CD36;ABCA8;CLU;LDLR;ABCG1;CES1
GO_Biological_Process_2023,Positive Regulation Of Actin Filament Bundle Assembly (GO:0032233),11/51,0.0091494409123013,0.0881523676699805,0,0,2.547003600823045,11.955794100284086,SFRP1;ARHGEF15;MYOC;SYNPO2L;GPR65;SYNPO2;PLEK;APOA1;CD47;SORBS3;PPM1F
GO_Biological_Process_2023,Positive Regulation Of Protein Localization To Cell Periphery (GO:1904377),11/51,0.0091494409123013,0.0881523676699805,0,0,2.547003600823045,11.955794100284086,ITGB1;PRKCH;RAMP3;STAC;PRKCE;EPB41L2;SORBS1;TNF;GNAI1;SPTBN1;NKD2
GO_Biological_Process_2023,Positive Regulation Of Protein Localization To Plasma Membrane (GO:1903078),11/51,0.0091494409123013,0.0881523676699805,0,0,2.547003600823045,11.955794100284086,ITGB1;PRKCH;RAMP3;STAC;PRKCE;SORBS1;ATP2C1;TNF;ZDHHC2;SPTBN1;NKD2
GO_Biological_Process_2023,Second-Messenger-Mediated Signaling (GO:0019932),14/72,0.0091597993111803,0.0881523676699805,0,0,2.2368313524845,10.497295217758216,EDN1;LRRK2;FPR1;CXCR4;SELE;LAT2;EDNRB;INPP5A;AGTR1;BTK;CCL3;PLCE1;CD36;KLRG1
GO_Biological_Process_2023,Positive Regulation Of T Cell Proliferation (GO:0042102),13/65,0.0093110168494148,0.0889100981224992,0,0,2.31629763130793,10.832297837968902,CD86;TFRC;IL15;IGF1;LILRB2;AIF1;IL6;PTPRC;CD209;IL1B;CCL5;IL12RB1;HLA-DPA1
GO_Biological_Process_2023,Muscle Organ Development (GO:0007517),12/58,0.0093248755496284,0.0889100981224992,0,0,2.4165678354852425,11.297622967621,SGCE;TAGLN;EGR3;DES;SGCA;LAMA2;FHL1;TCF21;CAPN3;IGF1;SGCG;HBEGF
GO_Biological_Process_2023,Positive Regulation Of Type II Interferon Production (GO:0032729),12/58,0.0093248755496284,0.0889100981224992,0,0,2.4165678354852425,11.297622967621,CLEC7A;PDE4D;SLC11A1;IL1B;PDE4B;TLR8;TLR7;CD14;IL12RB1;TLR4;IL18R1;HLA-DPA1
GO_Biological_Process_2023,Response To Organic Cyclic Compound (GO:0014070),12/58,0.0093248755496284,0.0889100981224992,0,0,2.4165678354852425,11.297622967621,SOCS2;SFRP1;KYNU;IL1B;CCL5;SLC1A1;CCL3;CCL2;ALPL;FGFR4;CLU;TNF
GO_Biological_Process_2023,Heart Looping (GO:0001947),9/38,0.0095339130536509,0.0906932745219126,0,0,2.8731615692667543,13.368533585882398,NDRG4;NOTCH1;SOX17;SOX18;DLL1;FOLR1;TBX2;TGFBR2;ENG
GO_Biological_Process_2023,T Cell Mediated Immunity (GO:0002456),6/20,0.010063042737057,0.0942038023498588,0,0,3.9648904199956014,18.234077858906662,CD8A;PRF1;CTSH;BTN3A3;C4BPA;MICA
GO_Biological_Process_2023,Calcium-Mediated Signaling Using Intracellular Calcium Source (GO:0035584),6/20,0.010063042737057,0.0942038023498588,0,0,3.9648904199956014,18.234077858906662,SELP;PRNP;PTPRC;FKBP1B;DEFB1;CLU
GO_Biological_Process_2023,Positive Regulation Of Phospholipase Activity (GO:0010518),6/20,0.010063042737057,0.0942038023498588,0,0,3.9648904199956014,18.234077858906662,PDGFRA;CCL5;KIT;AGTR1;PLA2G5;FGF2
GO_Biological_Process_2023,Pulmonary Valve Development (GO:0003177),6/20,0.010063042737057,0.0942038023498588,0,0,3.9648904199956014,18.234077858906662,NOTCH1;HEY1;HEY2;SLIT2;SMAD6;TNFRSF1B
GO_Biological_Process_2023,Regulation Of Calcium Ion Import (GO:0090279),6/20,0.010063042737057,0.0942038023498588,0,0,3.9648904199956014,18.234077858906662,CXCL12;PLN;SLN;PDGFB;CCL3;CCL2
GO_Biological_Process_2023,Regulation Of Membrane Depolarization (GO:0003254),6/20,0.010063042737057,0.0942038023498588,0,0,3.9648904199956014,18.234077858906662,LRRK2;GJA5;FHL1;NEDD4L;SMAD7;SCN2B
GO_Biological_Process_2023,Xenobiotic Transport (GO:0042908),6/20,0.010063042737057,0.0942038023498588,0,0,3.9648904199956014,18.234077858906662,SLC22A4;SLC22A3;GJA1;ABCB1;ABCA8;ABCG2
GO_Biological_Process_2023,Positive Regulation Of Transmembrane Receptor Protein Serine/Threonine Kinase Signaling Pathway (GO:0090100),17/95,0.0101705459099382,0.0949326416242642,0,0,2.020580296896086,9.2709465243262,ACVRL1;CDKN1C;GDF10;CDKN2B;NOTCH1;CITED2;BMP6;TGFBR2;BMP5;CDH5;SDCBP;BMP2;DAB2;PPARG;ZNF423;LEFTY2;ENG
GO_Biological_Process_2023,Regulation Of Cholesterol Efflux (GO:0010874),8/32,0.0101869938329509,0.0949326416242642,0,0,3.0852593733949667,14.15098480994299,CETP;ABCA3;CAV1;APOA1;PPARG;ABCA8;PLTP;CES1
GO_Biological_Process_2023,Regulation Of Apoptotic Signaling Pathway (GO:2001233),10/45,0.0102507570733102,0.0953112153159475,0,0,2.645611457950789,12.11796855127652,CX3CR1;RB1;NR4A2;CTSL;BDNF;DAPK2;CTSH;TPD52L1;TNF;CTSS
GO_Biological_Process_2023,Regulation Of Potassium Ion Transmembrane Transporter Activity (GO:1901016),7/26,0.0104786687673033,0.0972108933615375,0,0,3.4092186317950937,15.540628693069776,ITGB1;FHL1;CASQ2;NEDD4L;ANK2;ATP1B3;KCNAB1
GO_Biological_Process_2023,Regulation Of Endocytosis (GO:0030100),13/66,0.0105844469852498,0.0979396560650338,0,0,2.272467598080174,10.336022587575563,CD151;STON1;DLL1;FGR;HCK;DAB2;PTPRC;SYT11;GPC3;CDH13;PRKD1;LETMD1;SNCA
GO_Biological_Process_2023,Arachidonic Acid Metabolic Process (GO:0019369),11/52,0.0106047794622493,0.0979396560650338,0,0,2.484743551139215,11.296763527701314,PTGIS;CYP2U1;PLA2G4C;ALOX15;CYP1A2;TBXAS1;ABHD6;PTGDS;CYP2F1;MGLL;PTGS1
GO_Biological_Process_2023,Positive Regulation Of Proteolysis (GO:0045862),12/59,0.0106912487622228,0.098517345976725,0,0,2.365020093954293,10.733241039546684,CCBE1;CTSL;BAD;IL1B;CAPN3;CTSH;TNFRSF1B;FGFR4;TNF;CTSS;CTSC;NKD2
GO_Biological_Process_2023,Regulation Of Canonical Wnt Signaling Pathway (GO:0060828),31/207,0.0108858337606683,0.100086493884359,0,0,1.6358527452277452,7.394533696950752,CCL14;SEMA5A;LRRK2;PTPRO;NKD2;SCEL;FRAT1;HHEX;SOX17;TMEM88;GPC3;GPC5;RSPO1;IGFBP6;SOX7;WNT3A;CAV1;TMEM64;AXIN2;DKK2;DKK3;RNF146;PPM1A;SFRP1;BMP2;DAB2;SFRP5;GNAQ;SNAI2;FOLR1;RBMS3
GO_Biological_Process_2023,Positive Regulation Of Supramolecular Fiber Organization (GO:1902905),17/96,0.0112651761532201,0.1033435647552642,0,0,1.9948922940262048,8.949164767465264,RB1;SEMA5A;CCL24;CSF3;EDN1;GSN;CCL21;PRKCE;SYNPO2;PLEK;ALOX15;LMOD1;CLU;HCK;EFEMP2;SYNPO2L;CDC42EP2
GO_Biological_Process_2023,Regulation Of Protein Tyrosine Kinase Activity (GO:0061097),9/39,0.0113444622187361,0.1034048526878603,0,0,2.777235354573484,12.439308151393393,PRNP;RELN;PTPRC;HYAL2;CAV1;PDGFB;NEDD9;FCGR1A;GAS6
GO_Biological_Process_2023,Regulation Of Response To External Stimulus (GO:0032101),21/127,0.0114541331868959,0.1034048526878603,0,0,1.8376178025794616,8.213057528060537,PDGFRA;CAV1;ALOX15;CXCR4;SAMHD1;AGER;SELE;EFNB2;FGR;BST1;HCK;IRF1;ALOX5;AGTR1;CASP1;CD36;GGT1;LETMD1;FCGR2B;PIK3AP1;MGLL
GO_Biological_Process_2023,3'-Phosphoadenosine 5'-Phosphosulfate Metabolic Process (GO:0050427),5/15,0.0115480049129438,0.1034048526878603,0,0,4.624358974358974,20.6303872159274,SULT1A1;TPST2;PAPSS2;SULT1A3;SULT1A2
GO_Biological_Process_2023,B Cell Mediated Immunity (GO:0019724),5/15,0.0115480049129438,0.1034048526878603,0,0,4.624358974358974,20.6303872159274,CD74;FCER1G;IL2RB;TLR8;FCGR2B
GO_Biological_Process_2023,Defense Response To Protozoan (GO:0042832),5/15,0.0115480049129438,0.1034048526878603,0,0,4.624358974358974,20.6303872159274,CLEC7A;SLC11A1;NKG7;DEFA1;GBP4
GO_Biological_Process_2023,Dendritic Cell Chemotaxis (GO:0002407),5/15,0.0115480049129438,0.1034048526878603,0,0,4.624358974358974,20.6303872159274,CCR1;CCL21;CCL5;CXCR4;CLU
GO_Biological_Process_2023,Digestive Tract Morphogenesis (GO:0048546),5/15,0.0115480049129438,0.1034048526878603,0,0,4.624358974358974,20.6303872159274,PDGFRA;SOX17;FOXF1;ID2;TCF21
GO_Biological_Process_2023,Negative Regulation Of Phagocytosis (GO:0050765),5/15,0.0115480049129438,0.1034048526878603,0,0,4.624358974358974,20.6303872159274,PLSCR1;SYT11;CD47;CD300LF;FCGR2B
GO_Biological_Process_2023,Positive Regulation Of Cell Activation (GO:0050867),5/15,0.0115480049129438,0.1034048526878603,0,0,4.624358974358974,20.6303872159274,SELP;GP9;PLEK;LILRA2;TLR4
GO_Biological_Process_2023,Presynapse Assembly (GO:0099054),5/15,0.0115480049129438,0.1034048526878603,0,0,4.624358974358974,20.6303872159274,FZD1;PTPRD;NLGN4X;WNT3A;WNT7A
GO_Biological_Process_2023,Protein Localization To Cell-Cell Junction (GO:0150105),5/15,0.0115480049129438,0.1034048526878603,0,0,4.624358974358974,20.6303872159274,CDH5;CGNL1;ACTG1;JAK1;TJP2
GO_Biological_Process_2023,Positive Regulation Of Lymphocyte Proliferation (GO:0050671),14/74,0.0116377697139235,0.103805580672817,0,0,2.1620298815043792,9.628598910584689,CD86;CD74;TFRC;IL15;LILRB2;TNFSF13B;HLA-E;BST1;IL6;PTPRC;CD209;IL1B;CCL5;HLA-DPA1
GO_Biological_Process_2023,Notch Signaling Involved In Heart Development (GO:0061314),4/10,0.0117943704187614,0.103805580672817,0,0,6.164018452075859,27.36906139960925,NOTCH1;HEY1;HEY2;SNAI2
GO_Biological_Process_2023,Midbrain Dopaminergic Neuron Differentiation (GO:1904948),4/10,0.0117943704187614,0.103805580672817,0,0,6.164018452075859,27.36906139960925,FZD1;NR4A2;WNT3A;WNT2
GO_Biological_Process_2023,Negative Regulation Of Natural Killer Cell Mediated Immunity (GO:0002716),4/10,0.0117943704187614,0.103805580672817,0,0,6.164018452075859,27.36906139960925,KLRD1;KIR2DL4;MICA;HLA-E
GO_Biological_Process_2023,Negative Regulation Of Pathway-Restricted SMAD Protein Phosphorylation (GO:0060394),4/10,0.0117943704187614,0.103805580672817,0,0,6.164018452075859,27.36906139960925,SNX25;PPARG;SMAD6;SMAD7
GO_Biological_Process_2023,Negative Regulation Of Sodium Ion Transmembrane Transporter Activity (GO:2000650),4/10,0.0117943704187614,0.103805580672817,0,0,6.164018452075859,27.36906139960925,GRP;PRKCE;NEDD4L;PCSK9
GO_Biological_Process_2023,Positive Regulation Of Protein Depolymerization (GO:1901881),4/10,0.0117943704187614,0.103805580672817,0,0,6.164018452075859,27.36906139960925,SEMA5A;SLN;PLEK;NES
GO_Biological_Process_2023,Regulation Of Opsonization (GO:1903027),4/10,0.0117943704187614,0.103805580672817,0,0,6.164018452075859,27.36906139960925,FCN1;COLEC11;FCN3;PLA2G5
GO_Biological_Process_2023,Transmembrane Receptor Protein Tyrosine Kinase Signaling Pathway (GO:0007169),40/284,0.0118420889396372,0.1040033354847884,0,0,1.523862517656123,6.759999252418144,EPHB6;PDGFB;NEDD9;ADRB2;FGF2;ART4;EFNB2;SOCS2;GHR;FLRT3;CHN1;PDK4;MAPK1;AP3S1;ROS1;PDGFRA;KL;NTRK2;ANGPT1;BDNF;CAV2;RARRES2;TIE1;VEGFC;IGF1;SORBS1;GFRA2;FGR;HCK;DOK2;CD8A;DOK6;KIT;FGF18;ROR1;PRKD1;TEK;FGFR4;CRK;ANGPTL1
GO_Biological_Process_2023,Negative Regulation Of Cold-Induced Thermogenesis (GO:0120163),10/46,0.0119795851037144,0.1045421844114405,0,0,2.5719794344473006,11.379854999910918,RB1;NOTCH1;IL15;LAMA4;PLCL1;ALDH1A1;ID1;ZNF423;TLR4;IL18R1
GO_Biological_Process_2023,Regulation Of Fibroblast Proliferation (GO:0048145),10/46,0.0119795851037144,0.1045421844114405,0,0,2.5719794344473006,11.379854999910918,CD74;PDGFRA;SFRP1;CDK6;PLA2G1B;PDGFB;IGF1;GAS6;WNT2;AQP1
GO_Biological_Process_2023,Response To Hydrogen Peroxide (GO:0042542),10/46,0.0119795851037144,0.1045421844114405,0,0,2.5719794344473006,11.379854999910918,EDN1;IL6;CAT;HP;HBB;TNFAIP3;HMOX1;HBA1;CLU;AQP1
GO_Biological_Process_2023,Actin Polymerization Or Depolymerization (GO:0008154),11/53,0.0122310319218494,0.1062861191689831,0,0,2.425448265726044,10.681138032846334,ENAH;PREX1;GSN;WDR1;WIPF1;FAM107A;ANG;GHRL;AIF1;WASF3;GAS7
GO_Biological_Process_2023,Negative Regulation Of Cysteine-Type Endopeptidase Activity (GO:2000117),11/53,0.0122310319218494,0.1062861191689831,0,0,2.425448265726044,10.681138032846334,CAST;DNAJB6;LAMP3;GAS6;CST7;KLF4;TNF;CD44;CST5;AQP1;SNCA
GO_Biological_Process_2023,Negative Regulation Of Blood Vessel Endothelial Cell Migration (GO:0043537),8/33,0.0123211096315706,0.1066190138076458,0,0,2.9616846430405754,13.02087255617518,NOTCH1;MMRN2;PPARG;VASH1;MEOX2;KLF4;FGF2;TNF
GO_Biological_Process_2023,Positive Regulation Of T Cell Mediated Cytotoxicity (GO:0001916),8/33,0.0123211096315706,0.1066190138076458,0,0,2.9616846430405754,13.02087255617518,STX7;HLA-DRA;CD1E;CD1C;IL12RB1;MICA;HLA-DRB1;HLA-E
GO_Biological_Process_2023,Extracellular Matrix Organization (GO:0030198),27/176,0.0123481584432139,0.1066290663052373,0,0,1.6820017265866496,7.391133296505777,ECM2;COL13A1;COL14A1;DPT;CTSS;ADAMTS1;HAS1;SPOCK2;MMP28;SLC39A8;CTSG;ADAMTS8;TPSAB1;GPM6B;CRTAP;GSN;NPNT;MMP23B;COL4A3;MMP23A;ST7;COL4A5;LCP1;GAS6;RECK;MATN3;MATN2
GO_Biological_Process_2023,Regulation Of Cell Adhesion (GO:0030155),23/144,0.0126220844285836,0.1087664555676484,0,0,1.7634789452971271,7.710471807442726,SEMA5A;ACVRL1;LAMA2;ANGPT1;DUSP1;PDE3B;CXCR4;FBLN1;GPR4;TNF;ZDHHC2;DLL1;PKHD1;CXCL12;PODXL;HYAL1;CCL5;MYADM;DACT2;RAC2;LPXN;CDH13;RSU1
GO_Biological_Process_2023,Regulation Of Neuron Apoptotic Process (GO:0043523),18/105,0.0128814328081102,0.1104504990262993,0,0,1.918145728374842,8.347709446151951,SRPK2;CNTFR;EGR1;PRNP;NTRK2;BDNF;WFS1;PLA2G3;PCSK9;CLU;TNF;MAG;UBB;CCL3;CCL2;NUPR1;FCGR2B;PPARGC1A
GO_Biological_Process_2023,Lipid Catabolic Process (GO:0016042),6/21,0.0129453654109432,0.1104504990262993,0,0,3.7003591585428426,16.085525789851545,HSD11B1;PLA2G1B;CYP1A2;LCP1;CES1;PLA1A
GO_Biological_Process_2023,Peptide Catabolic Process (GO:0043171),6/21,0.0129453654109432,0.1104504990262993,0,0,3.7003591585428426,16.085525789851545,ENPEP;MME;ANPEP;DPEP2;CTSH;NAALADL1
GO_Biological_Process_2023,Regulation Of Anoikis (GO:2000209),6/21,0.0129453654109432,0.1104504990262993,0,0,3.7003591585428426,16.085525789851545,ITGB1;NOTCH1;CAV1;PDK4;SNAI2;MCL1
GO_Biological_Process_2023,Activation Of Phospholipase C Activity (GO:0007202),7/27,0.0129784028960254,0.1104504990262993,0,0,3.2385780287474333,14.069900615189258,CD86;ITK;EDNRA;GNAQ;C5AR1;ANG;SELE
GO_Biological_Process_2023,Regulation Of Peptidase Activity (GO:0052547),7/27,0.0129784028960254,0.1104504990262993,0,0,3.2385780287474333,14.069900615189258,CSTA;CTSL;CAV1;CTSH;CST7;CTSS;PSMB8
GO_Biological_Process_2023,Positive Regulation Of Cellular Component Organization (GO:0051130),19/113,0.0132024369663637,0.1121254388957782,0,0,1.874170256725866,8.110197871810925,RB1;PPP1R15A;CD151;TFRC;ANXA2;AHNAK;CLU;TNF;DLL1;CDH5;DAB2;RELN;CLEC7A;HYAL1;CDC42EP2;GPC3;TPPP;SHANK3;SNCA
GO_Biological_Process_2023,Positive Regulation Of Monoatomic Ion Transport (GO:0043270),9/40,0.0134001893676831,0.1133375359455583,0,0,2.6874979279249414,11.589798372264676,CCR1;WFS1;CCL5;FHL1;CCL3;ANK2;LILRA2;SCN4B;MYLK
GO_Biological_Process_2023,Positive Regulation Of Myeloid Leukocyte Differentiation (GO:0002763),9/40,0.0134001893676831,0.1133375359455583,0,0,2.6874979279249414,11.589798372264676,CCR1;CD74;ID2;NEDD9;HCLS1;TMEM64;EVI2B;TNF;HLA-DRB1
GO_Biological_Process_2023,Positive Regulation Of Cold-Induced Thermogenesis (GO:0120162),17/98,0.0137324441073692,0.1159097075374053,0,0,1.94541910331384,8.341945564773491,THRA;EPAS1;CAV1;TRPV2;CXCR4;G0S2;ADRB2;GJA1;FABP4;SLN;FABP5;LEPR;ALPL;GHRL;CD36;PPARGC1A;PPARGC1B
GO_Biological_Process_2023,Regulation Of Epithelial To Mesenchymal Transition (GO:0010717),15/83,0.0139190936206397,0.1170084616994523,0,0,2.044079745300182,8.737406074642495,AXIN2;TGFBR2;BMP5;SMAD7;OLFM1;SDCBP;SFRP1;BMP2;DAB2;IL6;IL1B;PDPN;SPRY1;PHLDB2;CLASP2
GO_Biological_Process_2023,Positive Regulation Of Epithelial To Mesenchymal Transition (GO:0010718),10/47,0.013919433414113,0.1170084616994523,0,0,2.502327520322379,10.696122234011538,SDCBP;OLFM1;BMP2;DAB2;IL6;NOTCH1;IL1B;PDPN;AXIN2;TGFBR2
GO_Biological_Process_2023,Peptidyl-Tyrosine Modification (GO:0018212),11/54,0.0140401332566658,0.1173048861748617,0,0,2.368910900564648,10.105383953523464,FGR;TPST2;PDGFRA;HCK;EFEMP1;RELN;BTK;PDGFB;TEK;FGFR4;CLK2
GO_Biological_Process_2023,Regulation Of Focal Adhesion Assembly (GO:0051893),11/54,0.0140401332566658,0.1173048861748617,0,0,2.368910900564648,10.105383953523464,ACVRL1;DUSP22;SFRP1;MYOC;FAM107A;TEK;PHLDB2;PPM1F;GPM6B;ACTG1;CLASP2
GO_Biological_Process_2023,Regulation Of Lipid Metabolic Process (GO:0019216),11/54,0.0140401332566658,0.1173048861748617,0,0,2.368910900564648,10.105383953523464,SERPINA3;LACTB;IL1B;CAV1;RARRES2;ID2;APOC1;TNFAIP8L3;PPARG;CCDC3;FGFR4
GO_Biological_Process_2023,Apoptotic Process (GO:0006915),33/228,0.0143323849432715,0.1193802140667211,0,0,1.571680140878892,6.672149375350961,PPP1R15A;PRF1;CXCR4;RTN4;IFIT2;PLAGL1;CAPN3;NLRP3;CD14;IFT57;MAP3K7;SEMA6A;BAD;DAPK2;PRKCE;TNFSF12;ZBTB16;GZMA;TNFRSF19;EMP1;GZMB;EMP3;TGFBR2;GZMH;IL1A;PLSCR1;SFRP5;IL1B;IRF1;ELMO1;PMP22;MAL;ARHGEF6
GO_Biological_Process_2023,Regulation Of MAP Kinase Activity (GO:0043405),19/114,0.0144348016555011,0.1193802140667211,0,0,1.8543388429752063,7.858897939717015,EDN1;DUSP1;PLA2G1B;LRRK2;PDGFB;TPD52L1;FGF2;TNF;GHR;RGS2;BMP2;HYAL2;IL1B;FGF18;KIT;S100A12;PPARG;SPRY1;TLR4
GO_Biological_Process_2023,Regulation Of Cytoskeleton Organization (GO:0051493),19/114,0.0144348016555011,0.1193802140667211,0,0,1.8543388429752063,7.858897939717015,CLIC4;FAM107A;ARHGAP18;NEDD9;NEXN;IQGAP2;CORO2B;SORBS3;BST1;HCK;MAP6;MAPK1;ESAM;TPPP;PHLDB2;S100A9;CRK;S100A8;GPM6B
GO_Biological_Process_2023,Cellular Response To Amyloid-Beta (GO:1904646),8/34,0.0147656702932837,0.1193802140667211,0,0,2.847615661174983,12.003982485031832,PRNP;GJA1;ADRB2;CD36;IGF1;FCGR2B;AGER;TLR4
GO_Biological_Process_2023,Regulation Of Blood Circulation (GO:1903522),8/34,0.0147656702932837,0.1193802140667211,0,0,2.847615661174983,12.003982485031832,PLN;DES;TNNT2;HSPB7;FXYD1;AGTR1;AGER;TBX2
GO_Biological_Process_2023,Regulation Of calcineurin-NFAT Signaling Cascade (GO:0070884),8/34,0.0147656702932837,0.1193802140667211,0,0,2.847615661174983,12.003982485031832,PRNP;PPP3CC;CLEC7A;IGF1;EFHB;MYOZ1;TNF;LMCD1
GO_Biological_Process_2023,Angiotensin-Activated Signaling Pathway (GO:0038166),3/6,0.0148681839806331,0.1193802140667211,0,0,9.24282786885246,38.89873364333061,CA2;CAV1;AGTR1
GO_Biological_Process_2023,Atrioventricular Valve Formation (GO:0003190),3/6,0.0148681839806331,0.1193802140667211,0,0,9.24282786885246,38.89873364333061,OLFM1;NOTCH1;HEY1
GO_Biological_Process_2023,Calcitonin Family Receptor Signaling Pathway (GO:0097646),3/6,0.0148681839806331,0.1193802140667211,0,0,9.24282786885246,38.89873364333061,RAMP2;CALCRL;RAMP3
GO_Biological_Process_2023,Dorsal Aorta Development (GO:0035907),3/6,0.0148681839806331,0.1193802140667211,0,0,9.24282786885246,38.89873364333061,HEY1;HEY2;ENG
GO_Biological_Process_2023,Dorsal Aorta Morphogenesis (GO:0035912),3/6,0.0148681839806331,0.1193802140667211,0,0,9.24282786885246,38.89873364333061,HEY1;HEY2;ENG
GO_Biological_Process_2023,Heart Trabecula Formation (GO:0060347),3/6,0.0148681839806331,0.1193802140667211,0,0,9.24282786885246,38.89873364333061,TGFBR3;HEY1;TEK
GO_Biological_Process_2023,Hyaluronan Biosynthetic Process (GO:0030213),3/6,0.0148681839806331,0.1193802140667211,0,0,9.24282786885246,38.89873364333061,HYAL1;HAS1;IL1B
GO_Biological_Process_2023,Negative Regulation Of Dendritic Cell Apoptotic Process (GO:2000669),3/6,0.0148681839806331,0.1193802140667211,0,0,9.24282786885246,38.89873364333061,CXCL12;CCL21;GAS6
GO_Biological_Process_2023,Positive Regulation Of Chemokine (C-X-C Motif) Ligand 2 Production (GO:2000343),3/6,0.0148681839806331,0.1193802140667211,0,0,9.24282786885246,38.89873364333061,LCP1;TLR4;TNF
GO_Biological_Process_2023,Positive Regulation Of Gliogenesis (GO:0014015),3/6,0.0148681839806331,0.1193802140667211,0,0,9.24282786885246,38.89873364333061,IL6;PRKCH;TNF
GO_Biological_Process_2023,Positive Regulation Of Unsaturated Fatty Acid Biosynthetic Process (GO:2001280),3/6,0.0148681839806331,0.1193802140667211,0,0,9.24282786885246,38.89873364333061,CD74;IL1B;PLA2G3
GO_Biological_Process_2023,Regulation Of T-helper Cell Differentiation (GO:0045622),3/6,0.0148681839806331,0.1193802140667211,0,0,9.24282786885246,38.89873364333061,HLA-DRA;JUNB;HLA-DRB1
GO_Biological_Process_2023,Regulation Of Aldosterone Biosynthetic Process (GO:0032347),3/6,0.0148681839806331,0.1193802140667211,0,0,9.24282786885246,38.89873364333061,BMP6;BMP5;DKK3
GO_Biological_Process_2023,Regulation Of Prostaglandin Biosynthetic Process (GO:0031392),3/6,0.0148681839806331,0.1193802140667211,0,0,9.24282786885246,38.89873364333061,CD74;IL1B;PLA2G3
GO_Biological_Process_2023,Regulation Of Cysteine-Type Endopeptidase Activity Involved In Apoptotic Process (GO:0043281),15/84,0.0154592985200475,0.1225303257418106,0,0,2.0143433437920217,8.398894433242196,BAD;KLF4;TNF;UACA;PPM1F;AQP1;DNAJB6;CLEC7A;LAMP3;CASP1;NLRP3;GAS6;SOX7;CD44;SNCA
GO_Biological_Process_2023,Cell Surface Receptor Signaling Pathway Involved In Heart Development (GO:0061311),5/16,0.0154687471196265,0.1225303257418106,0,0,4.203729603729604,17.52506961308369,BMP2;NOTCH1;HEY1;HEY2;SNAI2
GO_Biological_Process_2023,Negative Regulation Of Natural Killer Cell Mediated Cytotoxicity (GO:0045953),5/16,0.0154687471196265,0.1225303257418106,0,0,4.203729603729604,17.52506961308369,SERPINB9;KLRD1;KIR2DL4;MICA;HLA-E
GO_Biological_Process_2023,Regulation Of Blood Vessel Endothelial Cell Proliferation Involved In Sprouting Angiogenesis (GO:1903587),5/16,0.0154687471196265,0.1225303257418106,0,0,4.203729603729604,17.52506961308369,PPP1R16B;MMRN2;HMOX1;GATA2;FGF2
GO_Biological_Process_2023,Regulation Of Protein Kinase A Signaling (GO:0010738),5/16,0.0154687471196265,0.1225303257418106,0,0,4.203729603729604,17.52506961308369,AKAP12;RAMP3;LRRK2;AKAP7;ADRB2
GO_Biological_Process_2023,Reverse Cholesterol Transport (GO:0043691),5/16,0.0154687471196265,0.1225303257418106,0,0,4.203729603729604,17.52506961308369,CETP;APOA1;CLU;ABCG1;CES1
GO_Biological_Process_2023,Sulfation (GO:0051923),5/16,0.0154687471196265,0.1225303257418106,0,0,4.203729603729604,17.52506961308369,SULT1A1;SULT1C2;UST;SULT1A3;SULT1A2
GO_Biological_Process_2023,Positive Regulation Of Response To Biotic Stimulus (GO:0002833),9/41,0.0157193207273053,0.1242761652126116,0,0,2.603369090441932,10.81143960625903,PLSCR1;CCL5;MMRN2;LY86;SH2D1B;EMILIN2;TLR8;SASH1;BMP6
GO_Biological_Process_2023,Regulation Of Monoatomic Ion Transport (GO:0043269),7/28,0.0158788874756775,0.1252971982994553,0,0,3.084188911704312,12.77706951848812,KCNJ5;PXK;KCNJ8;KCNJ15;NEDD4L;KCNJ16;KCNJ2
GO_Biological_Process_2023,Cellular Response To Mechanical Stimulus (GO:0071260),10/48,0.0160848403942031,0.1266796512117072,0,0,2.4363414964145584,10.061793246391812,PTGER4;BAD;IL1B;IRF1;PDE2A;CASP1;TLR8;TLR7;TLR4;AQP1
GO_Biological_Process_2023,Embryonic Organ Development (GO:0048568),14/77,0.0162965897737459,0.1273804335179102,0,0,2.0587326120556413,8.475389201408397,NDRG4;RARRES2;PDGFB;TNF;TBX4;TGFBR2;TBX2;KITLG;HEY1;SOX17;SOX18;HEY2;KIT;NES
GO_Biological_Process_2023,Regulation Of Immune Response (GO:0050776),14/77,0.0162965897737459,0.1273804335179102,0,0,2.0587326120556413,8.475389201408397,IL15;PLA2G1B;C8B;SAMHD1;FGR;PLSCR1;FCGR3B;C6;C7;IRF1;HLA-DRA;FCGR1A;FCGR2B;HLA-DRB1
GO_Biological_Process_2023,Glucose Transmembrane Transport (GO:1904659),6/22,0.0163593710441792,0.1273804335179102,0,0,3.468894304771678,14.267404070630723,SLC2A9;SLC2A14;SLC2A12;SLC2A3;PPBP;SLC2A6
GO_Biological_Process_2023,Hexose Transmembrane Transport (GO:0008645),6/22,0.0163593710441792,0.1273804335179102,0,0,3.468894304771678,14.267404070630723,SLC2A9;SLC2A14;SLC2A12;SLC2A3;PPBP;SLC2A6
GO_Biological_Process_2023,Regulation Of Mononuclear Cell Migration (GO:0071675),6/22,0.0163593710441792,0.1273804335179102,0,0,3.468894304771678,14.267404070630723,RARRES2;CCL5;MAPK1;SLIT2;TNF;BMP5
GO_Biological_Process_2023,Regulation Of Release Of Sequestered Calcium Ion Into Cytosol By Sarcoplasmic Reticulum (GO:0010880),6/22,0.0163593710441792,0.1273804335179102,0,0,3.468894304771678,14.267404070630723,GSTO1;PDE4D;FKBP1B;CASQ2;ANK2;ATP1A2
GO_Biological_Process_2023,Positive Regulation Of Protein Transport (GO:0051222),13/70,0.0170761213709886,0.1298584455150428,0,0,2.112526424196433,8.598139301046839,PLA2G1B;FGG;FRMD4A;IGF1;ATP2C1;TNF;BMP6;IL1A;ANKRD1;ANG;MYH10;CD33;PPID
GO_Biological_Process_2023,Cellular Response To UV-B (GO:0071493),4/11,0.017118993909849,0.1298584455150428,0,0,5.283151497400601,21.489570980070603,MFAP4;MME;HYAL1;HYAL2
GO_Biological_Process_2023,Mast Cell Mediated Immunity (GO:0002448),4/11,0.017118993909849,0.1298584455150428,0,0,5.283151497400601,21.489570980070603,GRP;KIT;FCER1A;SERPINB9
GO_Biological_Process_2023,Negative Regulation Of Heart Contraction (GO:0045822),4/11,0.017118993909849,0.1298584455150428,0,0,5.283151497400601,21.489570980070603,PLN;PDE4D;FKBP1B;ATP1A2
GO_Biological_Process_2023,Negative Regulation Of Leukocyte Apoptotic Process (GO:2000107),4/11,0.017118993909849,0.1298584455150428,0,0,5.283151497400601,21.489570980070603,CXCL12;CCL21;HCLS1;GAS6
GO_Biological_Process_2023,Negative Regulation Of Nitrogen Compound Metabolic Process (GO:0051172),4/11,0.017118993909849,0.1298584455150428,0,0,5.283151497400601,21.489570980070603,EDN1;EDNRB;LILRB2;LDLR
GO_Biological_Process_2023,Negative Regulation Of Voltage-Gated Potassium Channel Activity (GO:1903817),4/11,0.017118993909849,0.1298584455150428,0,0,5.283151497400601,21.489570980070603,GRP;CAV1;KCNAB1;KCNRG
GO_Biological_Process_2023,Neutrophil Activation Involved In Immune Response (GO:0002283),4/11,0.017118993909849,0.1298584455150428,0,0,5.283151497400601,21.489570980070603,FCER1G;TYROBP;LILRA2;DNASE1L3
GO_Biological_Process_2023,Organic Cyclic Compound Catabolic Process (GO:1901361),4/11,0.017118993909849,0.1298584455150428,0,0,5.283151497400601,21.489570980070603,HSD11B1;EPHX2;CYP1A2;CYP2F1
GO_Biological_Process_2023,Positive Regulation Of Platelet Aggregation (GO:1901731),4/11,0.017118993909849,0.1298584455150428,0,0,5.283151497400601,21.489570980070603,IL6;MMRN1;PDPN;EMILIN2
GO_Biological_Process_2023,Regulation Of Actin Filament Depolymerization (GO:0030834),4/11,0.017118993909849,0.1298584455150428,0,0,5.283151497400601,21.489570980070603,SEMA5A;PLEKHH2;WDR1;PLEK
GO_Biological_Process_2023,Regulation Of Astrocyte Differentiation (GO:0048710),4/11,0.017118993909849,0.1298584455150428,0,0,5.283151497400601,21.489570980070603,BMP2;IL6;NOTCH1;ID2
GO_Biological_Process_2023,Regulation Of Cell Activation (GO:0050865),4/11,0.017118993909849,0.1298584455150428,0,0,5.283151497400601,21.489570980070603,IL6;FCER1G;GNAQ;LILRA2
GO_Biological_Process_2023,Regulation Of Muscle System Process (GO:0090257),4/11,0.017118993909849,0.1298584455150428,0,0,5.283151497400601,21.489570980070603,SLN;TNNC1;ATP1A2;MYL9
GO_Biological_Process_2023,Regulation Of Cardiac Muscle Contraction (GO:0055117),8/35,0.0175438212646166,0.1328363966708749,0,0,2.741996233521657,11.086037347603629,RGS2;PLN;GJA5;PDE4D;PDE4B;ANK2;ASB3;SMAD7
GO_Biological_Process_2023,Positive Regulation Of Tumor Necrosis Factor Production (GO:0032760),14/78,0.0181298566737942,0.1370217975034101,0,0,2.026452215352911,8.126468865409151,IL33;IFNGR1;LILRA2;CLU;HLA-E;IL1A;IL6;TYROBP;PTPRC;CLEC7A;CCL3;LCP1;CD14;TLR4
GO_Biological_Process_2023,Regulation Of Cation Channel Activity (GO:2001257),11/56,0.0182544583987494,0.1377108317663901,0,0,2.263374485596708,9.061071041695111,ITGB1;EDNRA;JPH2;EDN1;AHNAK;STAC;PDE4D;FKBP1B;ANK2;KCNAB1;CTSS
GO_Biological_Process_2023,Embryonic Heart Tube Morphogenesis (GO:0003143),9/42,0.0183197363145903,0.137950628665078,0,0,2.524338970382136,10.09679122009119,NDRG4;NOTCH1;SOX17;SOX18;DLL1;FOLR1;TBX2;TGFBR2;ENG
GO_Biological_Process_2023,Extracellular Structure Organization (GO:0043062),18/109,0.0185041012311902,0.1388313168875637,0,0,1.833423159184646,7.314923669887637,ECM2;COL13A1;COL14A1;TEX14;NPNT;ADAMTS1;MMP23B;SPOCK2;COL4A3;MMP28;MMP23A;ST7;COL4A5;SLC39A8;ADAMTS8;RECK;MATN3;MATN2
GO_Biological_Process_2023,Positive Regulation Of Wnt Signaling Pathway (GO:0030177),18/109,0.0185041012311902,0.1388313168875637,0,0,1.833423159184646,7.314923669887637,SEMA5A;CRBN;WNT3A;CAV1;LRRK2;TNFAIP3;DKK2;RNF146;PPM1A;SCEL;FRAT1;SFRP1;BMP2;HHEX;RSPO2;GPC3;GPC5;RSPO1
GO_Biological_Process_2023,Negative Regulation Of Cell Growth (GO:0030308),20/125,0.0187495105380706,0.1401619490132719,0,0,1.7659653008490217,7.022515773089774,RB1;ACVRL1;BTG1;CDKN2C;FHL1;SEMA3G;WFDC1;RTN4;RERG;GJA1;MAG;SFRP1;SERTAD3;SOX17;HYAL1;HYAL2;SCGB3A1;MSX1;SLIT2;FBP1
GO_Biological_Process_2023,Response To Cytokine (GO:0034097),20/125,0.0187495105380706,0.1401619490132719,0,0,1.7659653008490217,7.022515773089774,CD74;CSF3;MME;SLC11A1;CXCR4;LIFR;AFF3;SELE;SELP;CH25H;PLSCR1;SELL;LAMP3;KYNU;ALDH1A2;IL1B;TIMP3;HCLS1;MCL1;SNCA
GO_Biological_Process_2023,Negative Regulation Of Cellular Response To Growth Factor Stimulus (GO:0090288),13/71,0.0190907961084715,0.1424546905268014,0,0,2.075988138783337,8.217900644589651,NOTCH1;CRIM1;SMAD6;CHRDL1;FGF2;APLN;SMAD7;HHEX;MMRN2;SOSTDC1;PPARG;SPRY1;SLIT2
GO_Biological_Process_2023,Defense Response To Fungus (GO:0050832),7/29,0.019210356674572,0.1428293486327837,0,0,2.9438351689378384,11.634936621805398,CX3CR1;CLEC4A;CLEC7A;RARRES2;S100A12;S100A9;S100A8
GO_Biological_Process_2023,Integrated Stress Response Signaling (GO:0140467),7/29,0.019210356674572,0.1428293486327837,0,0,2.9438351689378384,11.634936621805398,CEBPA;JUN;IMPACT;MAF;MAFB;FOS;JUNB
GO_Biological_Process_2023,Cellular Response To Hormone Stimulus (GO:0032870),16/94,0.0195150434027487,0.1448332680647246,0,0,1.9007418574205577,7.48240271654322,RAMP2;RAMP3;CAV1;LMO2;AKR1C2;SERPINB9;ATP1A2;NR3C1;CTSS;GHR;SOCS2;SFRP1;CTSL;KLF9;CTSH;SLIT2
GO_Biological_Process_2023,Regulation Of Protein Secretion (GO:0050708),17/102,0.0199182068971042,0.1471639974134453,0,0,1.8534571723426208,7.258362640624251,PLA2G1B;FGG;FRMD4A;KCNA5;IGF1;TNF;BMP6;IL1A;IL6;IL1B;ALOX5;CCL5;ANKRD1;ANG;MYH10;PPID;CD33
GO_Biological_Process_2023,External Encapsulating Structure Organization (GO:0045229),18/110,0.0201685659245694,0.1471639974134453,0,0,1.8133936387510945,7.078817862572135,ECM2;COL13A1;COL14A1;NPNT;TGM1;ADAMTS1;MMP23B;SPOCK2;COL4A3;MMP28;MMP23A;ST7;COL4A5;SLC39A8;ADAMTS8;RECK;MATN3;MATN2
GO_Biological_Process_2023,Cell Migration Involved In Sprouting Angiogenesis (GO:0002042),5/17,0.0201863027979084,0.1471639974134453,0,0,3.853205128205128,15.03810010521789,EFNB2;NR4A1;EGR3;SLIT2;FGF2
GO_Biological_Process_2023,Embryonic Heart Tube Development (GO:0035050),5/17,0.0201863027979084,0.1471639974134453,0,0,3.853205128205128,15.03810010521789,NDRG4;SOX17;CITED2;SOX18;TBX2
GO_Biological_Process_2023,Myeloid Cell Activation Involved In Immune Response (GO:0002275),5/17,0.0201863027979084,0.1471639974134453,0,0,3.853205128205128,15.03810010521789,FCER1G;TYROBP;LILRA2;DOCK2;DNASE1L3
GO_Biological_Process_2023,Negative Regulation Of Calcium Ion Transport (GO:0051926),5/17,0.0201863027979084,0.1471639974134453,0,0,3.853205128205128,15.03810010521789,PLN;SLN;ATP1A2;LILRB2;CD33
GO_Biological_Process_2023,Positive Regulation Of Leukocyte Adhesion To Vascular Endothelial Cell (GO:1904996),5/17,0.0201863027979084,0.1471639974134453,0,0,3.853205128205128,15.03810010521789,SELP;IL6;ETS1;SELE;TNF
GO_Biological_Process_2023,Response To Acidic pH (GO:0010447),5/17,0.0201863027979084,0.1471639974134453,0,0,3.853205128205128,15.03810010521789,SCNN1G;GPR65;GPR4;PKD2L1;CTSS
GO_Biological_Process_2023,Regulation Of Small GTPase Mediated Signal Transduction (GO:0051056),19/118,0.0202908691929131,0.1471639974134453,0,0,1.7790195341848234,6.933878583726642,ARHGAP9;ARHGEF15;DOCK8;RASGRF1;ARHGAP18;ARHGAP28;ARHGAP15;ARHGAP25;FGD3;PREX1;FGD5;ARHGAP30;RELN;CHN2;CHN1;PLCE1;SLIT2;DOCK2;CGNL1
GO_Biological_Process_2023,Immune Response-Activating Cell Surface Receptor Signaling Pathway (GO:0002429),6/23,0.0203464783450875,0.1471639974134453,0,0,3.264660610267709,12.715355008501696,FCER1G;C5AR1;FPR1;C3AR1;LILRA2;SPG21
GO_Biological_Process_2023,Regulation Of T Cell Migration (GO:2000404),6/23,0.0203464783450875,0.1471639974134453,0,0,3.264660610267709,12.715355008501696,CXCL12;CCL21;DOCK8;CCL5;AIF1;CD200
GO_Biological_Process_2023,Regulation Of Cellular Response To Transforming Growth Factor Beta Stimulus (GO:1903844),6/23,0.0203464783450875,0.1471639974134453,0,0,3.264660610267709,12.715355008501696,LTBP4;PPARG;FOLR1;DKK3;SMAD7;ENG
GO_Biological_Process_2023,Regulation Of Cholesterol Metabolic Process (GO:0090181),6/23,0.0203464783450875,0.1471639974134453,0,0,3.264660610267709,12.715355008501696,ACADVL;ACADL;EPHX2;APOA1;ABCG1;CES1
GO_Biological_Process_2023,Regulation Of Lipid Catabolic Process (GO:0050994),6/23,0.0203464783450875,0.1471639974134453,0,0,3.264660610267709,12.715355008501696,HPGD;RARRES2;IL1B;PDE3B;APOC1;TNF
GO_Biological_Process_2023,Positive Regulation Of GTPase Activity (GO:0043547),33/234,0.0203650105670463,0.1471639974134453,0,0,1.5242517899576002,5.935340471191675,CCL14;ITGB1;CCL13;CCL3L1;CCL4L1;DOCK9;GPR65;DOCK8;RGS16;RASGRF1;RASGRP2;C9ORF72;PREX1;DOCK11;RAP1A;CCL8;CCL5;CCL3;CCL2;RSU1;CCL18;GARNL3;CCL24;CCL23;CDKL5;CCL21;ARHGEF15;CAV2;ARHGAP25;ARHGAP24;SFRP1;TBC1D2;RAPGEF4
GO_Biological_Process_2023,Regulation Of Cytokine Production (GO:0001817),25/167,0.0206753393651483,0.1489022297881663,0,0,1.6331277822374664,6.334598291363689,PTGER4;ITK;TNF;GPNMB;ALOX5;BTNL9;SRGN;IL33;IL15;SLC11A1;SFTPD;BTN3A3;TNFRSF1B;CLEC4A;FGR;IL1A;IL6;PTPRC;SYT11;BCL6B;SNAI2;IRF8;CD47;FCGR2B;HLA-DRB1
GO_Biological_Process_2023,Positive Regulation Of Signaling Receptor Activity (GO:2000273),8/36,0.0206778527406727,0.1489022297881663,0,0,2.643921050700712,10.254955606155502,ITGB1;EDN1;RELN;NCF1;CCL2;ADRB2;SHANK3;HBEGF
GO_Biological_Process_2023,Positive Regulation Of Fat Cell Differentiation (GO:0045600),10/50,0.0211494077560741,0.1520004366360557,0,0,2.31426735218509,8.924146720326217,ZFP36;SFRP1;BMP2;RARRES2;ZBTB16;ID2;PPARG;LCP1;TMEM64;METRNL
GO_Biological_Process_2023,Positive Regulation Of Stress Fiber Assembly (GO:0051496),9/43,0.0212188033662859,0.1520004366360557,0,0,2.449957680914092,9.439362421141682,SFRP1;ARHGEF15;MYOC;SYNPO2L;GPR65;APOA1;CD47;SORBS3;PPM1F
GO_Biological_Process_2023,Response To Amyloid-Beta (GO:1904645),9/43,0.0212188033662859,0.1520004366360557,0,0,2.449957680914092,9.439362421141682,PRNP;GJA1;RAMP3;ADRB2;CD36;IGF1;FCGR2B;AGER;TLR4
GO_Biological_Process_2023,Regulation Of Transforming Growth Factor Beta Receptor Signaling Pathway (GO:0017015),18/111,0.0219455629379092,0.1567699898142051,0,0,1.7937948606924576,6.850843939238476,CDKN1C;CDKN2B;CITED2;CAV1;LTBP4;SMAD6;DKK3;SMAD7;SDCBP;PPM1A;BMP2;DAB2;SNX25;VEPH1;PPARG;SPRY1;FOLR1;ENG
GO_Biological_Process_2023,Regulation Of Anatomical Structure Morphogenesis (GO:0022603),20/127,0.021960739044136,0.1567699898142051,0,0,1.732763408920766,6.616555359453251,SPARC;SDC2;LRRK2;NEDD4L;TNFAIP3;KNDC1;VASH1;TSPAN12;ETS1;FGF2;DLL1;SFRP1;IL6;GPNMB;ZMYM6;CHN1;HMOX1;PHLDB2;SHANK3;CLASP2
GO_Biological_Process_2023,Regulation Of Signal Transduction (GO:0009966),28/193,0.0220372832340163,0.1570442381330677,0,0,1.5745624380808605,6.006986511591149,SEMA5A;SLC24A4;HHIP;LRRK2;RGS16;ALOX15;CLU;DLL1;SOCS2;RGS5;RGS2;GRK5;GNG7;PLCE1;IGFBP7;CD36;IGFBP6;GIT2;PRNP;SLC8A3;BST1;PLSCR1;VEPH1;MFNG;GAS1;PRKD1;CRK;MGLL
GO_Biological_Process_2023,Positive Regulation Of Apoptotic Process (GO:0043065),37/270,0.0222394074074475,0.1582109138364017,0,0,1.4747210747962605,5.612625388080679,ITGB1;TNFAIP8;BTG1;PCSK9;CLU;TNF;CTSS;IFIT2;C3ORF38;RASSF2;CTSL;ANKRD1;CCL3;CTSH;EMILIN2;SAP18;SLIT2;HOXA5;MCL1;SNCA;SRPK2;PRNP;JUN;PTGIS;GADD45B;BAD;DAPK2;GZMA;TPD52L1;OLFM1;SFRP1;BMP2;IL6;MNDA;NUPR1;RNF122;PPID
GO_Biological_Process_2023,Cellular Response To Organic Cyclic Compound (GO:0071407),23/152,0.0229067290457517,0.160183744693788,0,0,1.6533776301218162,6.243690562815364,EGR1;RAMP3;AQP9;SLC1A1;PDE2A;PDGFB;GPBAR1;ATP1A2;SSTR1;NR3C1;CLU;TNF;GNAI1;AQP1;SFRP1;RAP1A;GNG2;IL1B;CCL5;CCL3;CCL2;FOLR1;CFTR
GO_Biological_Process_2023,Positive Regulation Of Cell Adhesion (GO:0045785),15/88,0.022963885867527,0.160183744693788,0,0,1.903544697076684,7.183658798772765,ECM2;LAMA2;CCL21;CITED2;ALOX15;PDGFB;NPNT;TNF;PPM1F;SMAD7;CXCL12;HYAL1;CCL5;CD47;RSU1
GO_Biological_Process_2023,Lamellipodium Organization (GO:0097581),7/30,0.023001179416427,0.160183744693788,0,0,2.8156860994554056,10.621358656959654,ITGB1;SNX1;ABLIM3;PTPRO;KIT;CDH13;ARHGEF6
GO_Biological_Process_2023,Negative Regulation Of Blood Coagulation (GO:0030195),7/30,0.023001179416427,0.160183744693788,0,0,2.8156860994554056,10.621358656959654,THBD;PDGFRA;CPB2;EDN1;F11;FGG;PDGFB
GO_Biological_Process_2023,Negative Regulation Of Calcium Ion Transmembrane Transporter Activity (GO:1901020),7/30,0.023001179416427,0.160183744693788,0,0,2.8156860994554056,10.621358656959654,PLN;PPP3CC;SLN;GSTO1;FKBP1B;CASQ2;ATP1A2
GO_Biological_Process_2023,Negative Regulation Of Interleukin-1 Production (GO:0032692),7/30,0.023001179416427,0.160183744693788,0,0,2.8156860994554056,10.621358656959654,CX3CR1;TNFAIP3;NLRP3;GHRL;IGF1;GAS6;CD33
GO_Biological_Process_2023,Regulation Of Potassium Ion Transport (GO:0043266),7/30,0.023001179416427,0.160183744693788,0,0,2.8156860994554056,10.621358656959654,DPP6;KCNIP1;FHL1;CASQ2;KCNA5;ANK2;KCNAB1
GO_Biological_Process_2023,Positive Regulation Of Kinase Activity (GO:0033674),17/104,0.0237168953085683,0.160183744693788,0,0,1.810647307924985,6.774659307072116,PDGFRA;CD74;NTRK2;CCL21;LRRK2;TIE1;AXIN2;RASSF2;RAP1A;PTPRC;RELN;ROR1;TEK;FGFR4;GAS6;ROS1;HLA-DRB1
GO_Biological_Process_2023,Astrocyte Activation (GO:0048143),4/12,0.0237257662745892,0.160183744693788,0,0,4.622501281394157,17.29367238012745,C1QA;IFNGR1;C5AR1;TNF
GO_Biological_Process_2023,Negative Regulation Of Alcohol Biosynthetic Process (GO:1902931),4/12,0.0237257662745892,0.160183744693788,0,0,4.622501281394157,17.29367238012745,BMP2;PLEK;BMP5;DKK3
GO_Biological_Process_2023,"Positive Regulation Of CD4-positive, Alpha-Beta T Cell Activation (GO:2000516)",4/12,0.0237257662745892,0.160183744693788,0,0,4.622501281394157,17.29367238012745,HLA-DRA;HLA-DRB3;HLA-DRB1;TGFBR2
GO_Biological_Process_2023,Positive Regulation Of T-helper 1 Type Immune Response (GO:0002827),4/12,0.0237257662745892,0.160183744693788,0,0,4.622501281394157,17.29367238012745,IL1B;SLC11A1;IL12RB1;IL18R1
GO_Biological_Process_2023,Regulation Of Chemokine (C-X-C Motif) Ligand 2 Production (GO:2000341),4/12,0.0237257662745892,0.160183744693788,0,0,4.622501281394157,17.29367238012745,LCP1;KLF4;TLR4;TNF
GO_Biological_Process_2023,SMAD Protein Signal Transduction (GO:0060395),10/51,0.0240762324114921,0.160183744693788,0,0,2.2576964072982637,8.413373690930072,GDF10;JUN;BMP2;ATOH8;FOS;SMAD6;LEFTY2;BMP6;BMP5;SMAD7
GO_Biological_Process_2023,T-helper 17 Cell Lineage Commitment (GO:0072540),3/7,0.024144843921962,0.160183744693788,0,0,6.931736680327869,25.811599906937005,SOCS3;IL6;JAK1
GO_Biological_Process_2023,Aldehyde Catabolic Process (GO:0046185),3/7,0.024144843921962,0.160183744693788,0,0,6.931736680327869,25.811599906937005,ALDH2;ALDH3B1;ADH5
GO_Biological_Process_2023,Cardiac Atrium Development (GO:0003230),3/7,0.024144843921962,0.160183744693788,0,0,6.931736680327869,25.811599906937005,NOTCH1;GJA5;ENG
GO_Biological_Process_2023,Catecholamine Catabolic Process (GO:0042424),3/7,0.024144843921962,0.160183744693788,0,0,6.931736680327869,25.811599906937005,MAOB;MAOA;SULT1A3
GO_Biological_Process_2023,Dopamine Catabolic Process (GO:0042420),3/7,0.024144843921962,0.160183744693788,0,0,6.931736680327869,25.811599906937005,MAOB;MAOA;SULT1A3
GO_Biological_Process_2023,Ethanol Oxidation (GO:0006069),3/7,0.024144843921962,0.160183744693788,0,0,6.931736680327869,25.811599906937005,ADH1C;ADH1B;ADH1A
GO_Biological_Process_2023,Fructose Transmembrane Transport (GO:0015755),3/7,0.024144843921962,0.160183744693788,0,0,6.931736680327869,25.811599906937005,SLC2A9;SLC2A3;SLC2A6
GO_Biological_Process_2023,Lipoxygenase Pathway (GO:0019372),3/7,0.024144843921962,0.160183744693788,0,0,6.931736680327869,25.811599906937005,HPGD;ALOX5;ALOX15
GO_Biological_Process_2023,Mitral Valve Development (GO:0003174),3/7,0.024144843921962,0.160183744693788,0,0,6.931736680327869,25.811599906937005,GJA5;AXIN2;SMAD6
GO_Biological_Process_2023,Myeloid Leukocyte Mediated Immunity (GO:0002444),3/7,0.024144843921962,0.160183744693788,0,0,6.931736680327869,25.811599906937005,IL6;PLA2G1B;SERPINB9
GO_Biological_Process_2023,Negative Regulation Of T Cell Apoptotic Process (GO:0070233),3/7,0.024144843921962,0.160183744693788,0,0,6.931736680327869,25.811599906937005,PTCRA;CCL5;TSC22D3
GO_Biological_Process_2023,Negative Regulation Of T Cell Mediated Cytotoxicity (GO:0001915),3/7,0.024144843921962,0.160183744693788,0,0,6.931736680327869,25.811599906937005,PTPRC;KLRD1;FCGR2B
GO_Biological_Process_2023,Negative Regulation Of Glial Cell Apoptotic Process (GO:0034351),3/7,0.024144843921962,0.160183744693788,0,0,6.931736680327869,25.811599906937005,PRKCH;GAS6;DLL1
GO_Biological_Process_2023,Negative Regulation Of Microglial Cell Activation (GO:1903979),3/7,0.024144843921962,0.160183744693788,0,0,6.931736680327869,25.811599906937005,PTPRC;SYT11;LDLR
GO_Biological_Process_2023,Negative Regulation Of Phospholipase Activity (GO:0010519),3/7,0.024144843921962,0.160183744693788,0,0,6.931736680327869,25.811599906937005,ANXA8L1;RGS2;ANXA8
GO_Biological_Process_2023,Peptidyl-Tyrosine Dephosphorylation Involved In Inactivation Of Protein Kinase Activity (GO:1990264),3/7,0.024144843921962,0.160183744693788,0,0,6.931736680327869,25.811599906937005,PTPRB;PTPRR;PTPRO
GO_Biological_Process_2023,Positive Regulation Of CoA-transferase Activity (GO:1905920),3/7,0.024144843921962,0.160183744693788,0,0,6.931736680327869,25.811599906937005,AGTR1;APOA1;TSPO
GO_Biological_Process_2023,Positive Regulation Of Astrocyte Differentiation (GO:0048711),3/7,0.024144843921962,0.160183744693788,0,0,6.931736680327869,25.811599906937005,BMP2;NOTCH1;ID2
GO_Biological_Process_2023,Positive Regulation Of Calcium Ion Import (GO:0090280),3/7,0.024144843921962,0.160183744693788,0,0,6.931736680327869,25.811599906937005,CXCL12;CCL3;PDGFB
GO_Biological_Process_2023,Positive Regulation Of Cardiac Epithelial To Mesenchymal Transition (GO:0062043),3/7,0.024144843921962,0.160183744693788,0,0,6.931736680327869,25.811599906937005,NOTCH1;ENG;TGFBR2
GO_Biological_Process_2023,Positive Regulation Of Extracellular Matrix Disassembly (GO:0090091),3/7,0.024144843921962,0.160183744693788,0,0,6.931736680327869,25.811599906937005,IL6;PDPN;CLASP2
GO_Biological_Process_2023,"Regulation Of CD4-positive, Alpha-Beta T Cell Activation (GO:2000514)",3/7,0.024144843921962,0.160183744693788,0,0,6.931736680327869,25.811599906937005,HLA-DRA;HLA-DRB3;HLA-DRB1
GO_Biological_Process_2023,Regulation Of CoA-transferase Activity (GO:1905918),3/7,0.024144843921962,0.160183744693788,0,0,6.931736680327869,25.811599906937005,AGTR1;APOA1;TSPO
GO_Biological_Process_2023,Regulation Of Apoptotic Cell Clearance (GO:2000425),3/7,0.024144843921962,0.160183744693788,0,0,6.931736680327869,25.811599906937005,C3;CCL2;CD300LF
GO_Biological_Process_2023,Regulation Of Extracellular Matrix Constituent Secretion (GO:0003330),3/7,0.024144843921962,0.160183744693788,0,0,6.931736680327869,25.811599906937005,BMP2;NOTCH1;TNFRSF1B
GO_Biological_Process_2023,Sulfur Amino Acid Transport (GO:0000101),3/7,0.024144843921962,0.160183744693788,0,0,6.931736680327869,25.811599906937005,SLC43A2;SLC1A1;SLC3A2
GO_Biological_Process_2023,Taurine Metabolic Process (GO:0019530),3/7,0.024144843921962,0.160183744693788,0,0,6.931736680327869,25.811599906937005,GHR;FMO3;CDO1
GO_Biological_Process_2023,Negative Regulation Of Endothelial Cell Migration (GO:0010596),8/37,0.0241889510074134,0.160183744693788,0,0,2.5526096735915558,9.500454104032189,NOTCH1;PTPRM;PPARG;SLIT2;VASH1;FGF2;TNF;DCN
GO_Biological_Process_2023,Regulation Of Sodium Ion Transmembrane Transporter Activity (GO:2000649),8/37,0.0241889510074134,0.160183744693788,0,0,2.5526096735915558,9.500454104032189,FXYD3;PRKCE;FXYD1;NEDD4L;PCSK9;FXYD6;SCN4B;SCN2B
GO_Biological_Process_2023,Bone Development (GO:0060348),9/44,0.0244332145539895,0.1615415902855264,0,0,2.379826750844223,8.833469063655013,PTGER4;CYP26B1;GJA1;RANBP3L;PTPRC;MYOC;OGN;SBDS;BMP6
GO_Biological_Process_2023,Fc-gamma Receptor Signaling Pathway (GO:0038094),6/24,0.024944074254794,0.1628282755237667,0,0,3.083119548486404,11.380161113276351,FGR;HCK;FCER1G;PRKCE;CD247;FCGR2B
GO_Biological_Process_2023,Dicarboxylic Acid Transport (GO:0006835),6/24,0.024944074254794,0.1628282755237667,0,0,3.083119548486404,11.380161113276351,GJA1;SLC1A1;PDPN;FOLR3;FOLR2;FOLR1
GO_Biological_Process_2023,Negative Regulation Of Ion Transmembrane Transporter Activity (GO:0032413),6/24,0.024944074254794,0.1628282755237667,0,0,3.083119548486404,11.380161113276351,PLN;SLN;PRKCE;CASQ2;NEDD4L;PCSK9
GO_Biological_Process_2023,Negative Regulation Of Ossification (GO:0030279),6/24,0.024944074254794,0.1628282755237667,0,0,3.083119548486404,11.380161113276351,CCR1;SRGN;SFRP1;NOTCH1;CCL3;SMAD6
GO_Biological_Process_2023,Outflow Tract Septum Morphogenesis (GO:0003148),6/24,0.024944074254794,0.1628282755237667,0,0,3.083119548486404,11.380161113276351,NELL2;SMAD6;ZFPM2;TBX2;TGFBR2;ENG
GO_Biological_Process_2023,Positive Regulation Of p38MAPK Cascade (GO:1900745),6/24,0.024944074254794,0.1628282755237667,0,0,3.083119548486404,11.380161113276351,BMP2;SPI1;GADD45B;NCF1;IL1B;SASH1
GO_Biological_Process_2023,Positive Regulation Of Vascular Endothelial Growth Factor Production (GO:0010575),6/24,0.024944074254794,0.1628282755237667,0,0,3.083119548486404,11.380161113276351,C3;CCBE1;IL1A;C5;IL6;IL1B
GO_Biological_Process_2023,Regulation Of Cytokine Production Involved In Immune Response (GO:0002718),6/24,0.024944074254794,0.1628282755237667,0,0,3.083119548486404,11.380161113276351,LAPTM5;BTK;FFAR2;CLC;TNFRSF1B;TNF
GO_Biological_Process_2023,Response To Reactive Oxygen Species (GO:0000302),12/66,0.0249967357065319,0.1629138518595015,0,0,2.0576428203808543,7.590665011550596,PDGFRA;JUN;NCF1;HYAL1;HYAL2;CAT;HP;HBB;HMOX1;MAPK1;FOS;HBA1
GO_Biological_Process_2023,Regulation Of Defense Response (GO:0031347),16/97,0.0256060173755628,0.1657473885418115,0,0,1.8300383932152888,6.7069587678995655,ALOX15;SAMHD1;AGER;SELE;FGR;BST1;HCK;IRF1;ALOX5;AGTR1;CASP1;GGT1;LETMD1;FCGR2B;PIK3AP1;MGLL
GO_Biological_Process_2023,Dendritic Cell Migration (GO:0036336),5/18,0.0257534179817332,0.1657473885418115,0,0,3.5566074950690334,13.014295194680436,CCR1;CCL21;CCL5;CXCR4;CLU
GO_Biological_Process_2023,Icosanoid Biosynthetic Process (GO:0046456),5/18,0.0257534179817332,0.1657473885418115,0,0,3.5566074950690334,13.014295194680436,PLA2G1B;ALOX5AP;CASP1;PLA2G5;LTC4S
GO_Biological_Process_2023,Negative Regulation Of Monoatomic Ion Transport (GO:0043271),5/18,0.0257534179817332,0.1657473885418115,0,0,3.5566074950690334,13.014295194680436,PXK;PLN;CASQ2;LILRB2;CD33
GO_Biological_Process_2023,Positive Regulation Of Cation Transmembrane Transport (GO:1904064),5/18,0.0257534179817332,0.1657473885418115,0,0,3.5566074950690334,13.014295194680436,EDN1;EDNRA;STAC;ANK2;CTSS
GO_Biological_Process_2023,Positive Regulation Of Cytokine Production Involved In Inflammatory Response (GO:1900017),5/18,0.0257534179817332,0.1657473885418115,0,0,3.5566074950690334,13.014295194680436,IL6;CLEC7A;IL17D;TNF;TLR4
GO_Biological_Process_2023,Positive Regulation Of Extracellular Matrix Organization (GO:1903055),5/18,0.0257534179817332,0.1657473885418115,0,0,3.5566074950690334,13.014295194680436,RB1;EFEMP2;IL6;PDPN;CLASP2
GO_Biological_Process_2023,Regulation Of Vascular Endothelial Cell Proliferation (GO:1905562),5/18,0.0257534179817332,0.1657473885418115,0,0,3.5566074950690334,13.014295194680436,COL4A3;CCL2;PPARG;FGF2;APLN
GO_Biological_Process_2023,Positive Regulation Of Extrinsic Apoptotic Signaling Pathway (GO:2001238),7/31,0.0272774839791253,0.1747770797889202,0,0,2.698216119096509,9.71814794278854,SFRP1;HYAL2;CAV1;TNFSF12;G0S2;TNF;TLR4
GO_Biological_Process_2023,Regulation Of Macrophage Activation (GO:0043030),7/31,0.0272774839791253,0.1747770797889202,0,0,2.698216119096509,9.71814794278854,CEBPA;CD74;IL33;IL6;FCGR2B;TLR4;CD200
GO_Biological_Process_2023,Cartilage Development (GO:0051216),10/52,0.0272837247643301,0.1747770797889202,0,0,2.2038193169298568,7.93697795343002,BMP2;WNT2B;HYAL1;HYAL2;ZBTB16;OGN;WNT7A;GHRL;FGF2;CD44
GO_Biological_Process_2023,Negative Regulation Of Gene Expression (GO:0010629),44/336,0.0277848502431286,0.1777108666947933,0,0,1.3998480319419655,5.016025565228567,RB1;ACVRL1;PTGER4;BTG2;SPI1;NOTCH1;CITED2;PDGFB;GATA5;PLA2G3;GATA2;FGF2;TNF;ZFP36L2;ZFP36;GPNMB;HEY2;TCEAL1;ATOH8;CCL3;CD34;SH3GL2;CCR1;SRGN;MSR1;SLC11A1;GZMB;IGF1;UPK3B;KLF4;APLN;CLEC4A;CLDN5;OLFM1;SFRP1;BMP2;SYT11;ID2;MYADM;PPARG;CCDC3;FCGR2B;ENG;RBMS3
GO_Biological_Process_2023,Peptidyl-Tyrosine Phosphorylation (GO:0018108),12/67,0.027834738911573,0.1777539373283244,0,0,2.020118841529032,7.234995910671007,FGR;PDGFRA;HCK;EFEMP1;RELN;IL15;BTK;PDGFB;TEK;FGFR4;JAK1;CLK2
GO_Biological_Process_2023,Positive Regulation Of Protein-Containing Complex Assembly (GO:0031334),16/98,0.0279228141752739,0.1780403584952837,0,0,1.807620221638008,6.468227705987881,TFRC;PLEK;CLU;TNF;RASIP1;CDH5;CLEC7A;BTK;CDC42EP2;PRKD1;TPPP;CD36;LCP1;TLR4;ATR;SNCA
GO_Biological_Process_2023,Zymogen Activation (GO:0031638),9/45,0.0279788330154919,0.1781218132779152,0,0,2.3135919835560124,8.274115248560953,THBD;C1R;CTSL;BAD;F11;FGG;CTSH;MASP1;GGT1
GO_Biological_Process_2023,Positive Regulation Of Cation Channel Activity (GO:2001259),8/38,0.0280969659134575,0.1783226542334846,0,0,2.46738572162301,8.813732949936687,EDNRA;JPH2;EDN1;PPP3CC;GSTO1;STAC;ANK2;CTSS
GO_Biological_Process_2023,Positive Regulation Of Protein Tyrosine Kinase Activity (GO:0061098),8/38,0.0280969659134575,0.1783226542334846,0,0,2.46738572162301,8.813732949936687,PRNP;RELN;NCF1;PDGFB;NEDD9;FCGR1A;GAS6;HBEGF
GO_Biological_Process_2023,Endocytosis (GO:0006897),27/189,0.0288512674024263,0.1828282622009142,0,0,1.545902489626556,5.4811539638238,ITGB1;ITGAM;LRRK2;STAB2;ADRB2;VLDLR;C9ORF72;DPYSL2;MAPK1;CD14;CD36;LDLR;MSR1;SCARA5;ANXA3;SLC11A1;CAV1;SFTPD;MARCO;DAB2;RHOJ;PECAM1;CD302;GAS6;FCGR2B;TLR4;FOLR1
GO_Biological_Process_2023,Synapse Organization (GO:0050808),20/131,0.0296320342002207,0.1874874790640694,0,0,1.669949018786228,5.876382377055303,CAST;NTNG1;C1QB;CX3CR1;GPM6A;C1QA;NLGN4X;BDNF;LRRK2;C5AR1;ZDHHC2;PTPRD;SLC8A3;FLRT3;SPOCK2;PCDHB4;PDZRN3;SHANK3;SNCA;C1QC
GO_Biological_Process_2023,Positive Regulation Of MAP Kinase Activity (GO:0043406),15/91,0.0301791983049879,0.1895301768309262,0,0,1.828099565925122,6.399449709232566,EDN1;PLA2G1B;LRRK2;PDGFB;TPD52L1;FGF2;TNF;GHR;IL1B;KIT;FGF18;S100A12;MAP3K7;TLR4;SASH1
GO_Biological_Process_2023,Lamellipodium Assembly (GO:0030032),6/25,0.0301849468320193,0.1895301768309262,0,0,2.920688072155761,10.22361136614829,ITGB1;ABLIM3;PTPRO;KIT;CDH13;ARHGEF6
GO_Biological_Process_2023,Negative Regulation Of Response To Wounding (GO:1903035),6/25,0.0301849468320193,0.1895301768309262,0,0,2.920688072155761,10.22361136614829,IL33;MMRN1;ALOX5;SIGLEC10;FGF2;CRK
GO_Biological_Process_2023,Regulation Of Platelet Aggregation (GO:0090330),6/25,0.0301849468320193,0.1895301768309262,0,0,2.920688072155761,10.22361136614829,IL6;MMRN1;PDPN;EMILIN2;CD9;CTSG
GO_Biological_Process_2023,Response To Zinc Ion (GO:0010043),6/25,0.0301849468320193,0.1895301768309262,0,0,2.920688072155761,10.22361136614829,MT2A;MT1A;MT1M;MT1G;MT1X;MT1E
GO_Biological_Process_2023,Cellular Response To Alcohol (GO:0097306),10/53,0.0307843546321518,0.1927063172185919,0,0,2.152448137741376,7.492131024005109,PTGER4;SCNN1G;SFRP1;GNG2;PTGER2;KLF9;AKR1C2;CFTR;GNAI1;CES1
GO_Biological_Process_2023,Regulation Of Receptor Signaling Pathway Via JAK-STAT (GO:0046425),10/53,0.0307843546321518,0.1927063172185919,0,0,2.152448137741376,7.492131024005109,GHR;SOCS3;IL6;NOTCH1;PTPRC;CCL5;CAV1;KIT;IL7R;TNF
GO_Biological_Process_2023,Atrioventricular Valve Development (GO:0003171),4/13,0.0316749655654816,0.195899674420749,0,0,4.108662224500256,14.184041403075655,BMP2;NOTCH1;GJA5;TGFBR2
GO_Biological_Process_2023,Cardiac Left Ventricle Morphogenesis (GO:0003214),4/13,0.0316749655654816,0.195899674420749,0,0,4.108662224500256,14.184041403075655,NOTCH1;FOXF1;HEY2;TGFBR2
GO_Biological_Process_2023,Endolysosomal Toll-Like Receptor Signaling Pathway (GO:0140894),4/13,0.0316749655654816,0.195899674420749,0,0,4.108662224500256,14.184041403075655,SCARA3;TLR8;TLR7;PIK3AP1
GO_Biological_Process_2023,Negative Regulation Of Cell Migration Involved In Sprouting Angiogenesis (GO:0090051),4/13,0.0316749655654816,0.195899674420749,0,0,4.108662224500256,14.184041403075655,NOTCH1;MMRN2;KLF4;MEOX2
GO_Biological_Process_2023,Negative Regulation Of Myoblast Differentiation (GO:0045662),4/13,0.0316749655654816,0.195899674420749,0,0,4.108662224500256,14.184041403075655,NOTCH1;SOSTDC1;DLL1;TBX3
GO_Biological_Process_2023,Purine Ribonucleoside Bisphosphate Metabolic Process (GO:0034035),4/13,0.0316749655654816,0.195899674420749,0,0,4.108662224500256,14.184041403075655,SULT1A1;TPST2;SULT1A3;SULT1A2
GO_Biological_Process_2023,Regulation Of T-helper 17 Type Immune Response (GO:2000316),4/13,0.0316749655654816,0.195899674420749,0,0,4.108662224500256,14.184041403075655,CLEC7A;IL12RB1;JUNB;SMAD7
GO_Biological_Process_2023,Regulation Of Response To Endoplasmic Reticulum Stress (GO:1905897),4/13,0.0316749655654816,0.195899674420749,0,0,4.108662224500256,14.184041403075655,WFS1;NUPR1;FCGR2B;CLU
GO_Biological_Process_2023,Positive Regulation Of Blood Vessel Endothelial Cell Migration (GO:0043536),9/46,0.0318705461346323,0.1959879528212889,0,0,2.250937473959057,7.756894886058308,ANGPT1;FGF18;RHOJ;PDGFB;HMOX1;PRKD1;GATA2;ETS1;FGF2
GO_Biological_Process_2023,Muscle Cell Development (GO:0055001),7/32,0.0320628270544034,0.1959879528212889,0,0,2.5901437371663243,8.910244569124293,RAMP2;EFEMP2;HEY2;MYH11;ANK2;IGF1;ENG
GO_Biological_Process_2023,Regulation Of Calcium Ion Transmembrane Transporter Activity (GO:1901019),7/32,0.0320628270544034,0.1959879528212889,0,0,2.5901437371663243,8.910244569124293,JPH2;PLN;AHNAK;SLN;PDE4D;FKBP1B;ANK2
GO_Biological_Process_2023,Regulation Of Transmembrane Transport (GO:0034762),7/32,0.0320628270544034,0.1959879528212889,0,0,2.5901437371663243,8.910244569124293,KCNJ5;KCNJ8;KCNJ15;NEDD4L;KCNJ16;KCNJ2;SNCA
GO_Biological_Process_2023,Cellular Response To Catecholamine Stimulus (GO:0071870),5/19,0.0322126351201778,0.1959879528212889,0,0,3.302380952380952,11.344987993090678,GNG2;LRRK2;PDE4B;SULT1A3;SNCA
GO_Biological_Process_2023,Leukotriene Biosynthetic Process (GO:0019370),5/19,0.0322126351201778,0.1959879528212889,0,0,3.302380952380952,11.344987993090678,PLA2G1B;ALOX5AP;PLA2G5;LTC4S;GGT1
GO_Biological_Process_2023,Multicellular Organismal-Level Water Homeostasis (GO:0050891),5/19,0.0322126351201778,0.1959879528212889,0,0,3.302380952380952,11.344987993090678,SCNN1G;WFS1;AQP4;CFTR;AQP1
GO_Biological_Process_2023,Negative Regulation Of Calcium Ion Transmembrane Transport (GO:1903170),5/19,0.0322126351201778,0.1959879528212889,0,0,3.302380952380952,11.344987993090678,PLN;PPP3CC;SLN;FKBP1B;ATP1A2
GO_Biological_Process_2023,Positive Regulation Of Hormone Secretion (GO:0046887),5/19,0.0322126351201778,0.1959879528212889,0,0,3.302380952380952,11.344987993090678,EDN1;GRP;FGG;PLA2G3;PPARG
GO_Biological_Process_2023,Regulation Of Acute Inflammatory Response (GO:0002673),5/19,0.0322126351201778,0.1959879528212889,0,0,3.302380952380952,11.344987993090678,IL6;OSM;NLRP3;FFAR2;DNASE1L3
GO_Biological_Process_2023,Regulation Of Smooth Muscle Cell Migration (GO:0014910),5/19,0.0322126351201778,0.1959879528212889,0,0,3.302380952380952,11.344987993090678,NDRG4;CCL5;PDGFB;IGF1;SLIT2
GO_Biological_Process_2023,Enzyme-Linked Receptor Protein Signaling Pathway (GO:0007167),19/124,0.032301009873243,0.196235781221074,0,0,1.6768004722550176,5.755880516193396,PDGFRA;NTRK2;BDNF;TIE1;NEDD9;LIFR;GFRA2;ART4;PTPRD;FGR;HCK;DOK2;CD8A;DOK6;ROR1;TEK;FGFR4;ROS1;ANGPTL1
GO_Biological_Process_2023,Neuron Projection Extension (GO:1990138),8/39,0.032420197548546,0.1966697992672474,0,0,2.387660089136306,8.18722357683243,SEMA5A;NELL2;IMPACT;NRN1;FLRT3;SPAG6;C9ORF72;SH3GL2
GO_Biological_Process_2023,Skeletal System Development (GO:0001501),22/149,0.0327924871611538,0.1986356685541067,0,0,1.605745220802392,5.487723956572612,PTGER4;GDF10;COL13A1;MYOC;HHIP;ZBTB16;PRELP;IGF1;TBX4;ETS2;BMP6;TBX3;BMP5;GJA1;BMP2;HYAL1;HYAL2;OGN;ALPL;GHRL;CD44;MATN3
GO_Biological_Process_2023,Mesenchymal Cell Differentiation (GO:0048762),10/54,0.0345898631679316,0.2085313799523183,0,0,2.103412012152372,7.07628735782195,TGFBR3;RANBP3L;BMP2;NOTCH1;FOXF2;NOTCH4;HEY2;SNAI2;S100A4;IGF1
GO_Biological_Process_2023,Positive Regulation Of Leukocyte Chemotaxis (GO:0002690),10/54,0.0345898631679316,0.2085313799523183,0,0,2.103412012152372,7.07628735782195,CCR1;IL6;CXCL12;CCL5;RARRES2;NEDD9;MAPK1;VEGFC;GAS6;AIF1
GO_Biological_Process_2023,Regulation Of Blood Vessel Endothelial Cell Migration (GO:0043535),10/54,0.0345898631679316,0.2085313799523183,0,0,2.103412012152372,7.07628735782195,ANGPT1;FGF18;PDGFB;PPARG;VASH1;PRKD1;GATA2;ETS1;FGF2;TNF
GO_Biological_Process_2023,Monoatomic Cation Homeostasis (GO:0055080),13/77,0.035104124718153,0.2085313799523183,0,0,1.880736676107106,6.29940833705082,SLC24A4;WFS1;SLC11A1;CAV1;CYBRD1;BMP6;SCNN1G;JPH2;HMOX1;ALPL;SLC39A8;LETMD1;SNCA
GO_Biological_Process_2023,Regulation Of Cell Growth (GO:0001558),31/227,0.0354084047174433,0.2085313799523183,0,0,1.4672848869277442,4.901914250249134,RB1;ACVRL1;BTG1;TFRC;FHL1;FAM107A;LTBP4;WFDC1;RASGRP2;RTN4;RERG;SOCS2;SDCBP;GJA1;SERTAD3;SOX17;HYAL1;HYAL2;PLCE1;MSX1;SLIT2;ROS1;CDKN2C;SFRP1;AGTR1;SCGB3A1;CHPT1;S100A9;FBP1;S100A8;EIF4G2
GO_Biological_Process_2023,Cell-Matrix Adhesion (GO:0007160),17/109,0.0355876467102858,0.2085313799523183,0,0,1.7117658276125096,5.710034334902911,ITGB1;ECM2;ITGAM;COL13A1;CCL21;FGG;SORBS1;NPNT;MSLN;THSD1;FBLN5;SGCE;ITGA10;ITGA8;ZYX;CD34;CD44
GO_Biological_Process_2023,Negative Regulation Of Developmental Process (GO:0051093),17/109,0.0355876467102858,0.2085313799523183,0,0,1.7117658276125096,5.710034334902911,SS18;SPI1;NOTCH1;TFRC;ARHGEF15;NOTCH4;VASH1;DLL1;TBX2;SFRP1;BMP2;CDK6;HEY1;SFRP5;HEY2;PPARG;GAS6
GO_Biological_Process_2023,Regulation Of Wnt Signaling Pathway (GO:0030111),17/109,0.0355876467102858,0.2085313799523183,0,0,1.7117658276125096,5.710034334902911,CRBN;LRRK2;TNFAIP3;APCDD1;NKD2;SFRP1;BMP2;HHEX;WIF1;SFRP5;GNAQ;RSPO2;GPC3;SOSTDC1;RSPO1;SOX7;FOLR1
GO_Biological_Process_2023,Negative Regulation Of Cell Cycle (GO:0045786),14/85,0.0356225620861653,0.2085313799523183,0,0,1.8259500330162324,6.089134484985651,CDKN1C;RB1;CEBPA;BTG2;BTG1;HPGD;DUSP1;INCA1;NR4A1;HHEX;BMP2;CDK6;GAS1;NUPR1
GO_Biological_Process_2023,Positive Regulation Of Canonical Wnt Signaling Pathway (GO:0090263),14/85,0.0356225620861653,0.2085313799523183,0,0,1.8259500330162324,6.089134484985651,SEMA5A;WNT3A;LRRK2;CAV1;DKK2;RNF146;PPM1A;SCEL;FRAT1;HHEX;SFRP1;GPC3;GPC5;RSPO1
GO_Biological_Process_2023,Regulation Of Kinase Activity (GO:0043549),14/85,0.0356225620861653,0.2085313799523183,0,0,1.8259500330162324,6.089134484985651,CDKN1C;RB1;PDGFRA;CD74;NTRK2;TIE1;LDB2;FGR;PLCE1;ROR1;TEK;FGFR4;ROS1;HLA-DRB1
GO_Biological_Process_2023,T Cell Mediated Cytotoxicity (GO:0001913),3/8,0.0358641735101164,0.2085313799523183,0,0,5.545081967213115,18.45412391552944,PRF1;CTSH;MICA
GO_Biological_Process_2023,T-helper 17 Cell Differentiation (GO:0072539),3/8,0.0358641735101164,0.2085313799523183,0,0,5.545081967213115,18.45412391552944,SOCS3;IL6;JAK1
GO_Biological_Process_2023,Angiotensin Maturation (GO:0002003),3/8,0.0358641735101164,0.2085313799523183,0,0,5.545081967213115,18.45412391552944,CPA3;ENPEP;CTSG
GO_Biological_Process_2023,Cellular Response To Platelet-Derived Growth Factor Stimulus (GO:0036120),3/8,0.0358641735101164,0.2085313799523183,0,0,5.545081967213115,18.45412391552944,HYAL1;HAS1;PDGFB
GO_Biological_Process_2023,Dehydroascorbic Acid Transport (GO:0070837),3/8,0.0358641735101164,0.2085313799523183,0,0,5.545081967213115,18.45412391552944,SLC2A14;SLC2A3;SLC2A6
GO_Biological_Process_2023,Hyaluronan Catabolic Process (GO:0030214),3/8,0.0358641735101164,0.2085313799523183,0,0,5.545081967213115,18.45412391552944,HYAL1;HYAL2;FGF2
GO_Biological_Process_2023,Negative Regulation Of cAMP-mediated Signaling (GO:0043951),3/8,0.0358641735101164,0.2085313799523183,0,0,5.545081967213115,18.45412391552944,PDE4D;PDE2A;PDE3B
GO_Biological_Process_2023,Negative Regulation Of Cholesterol Storage (GO:0010887),3/8,0.0358641735101164,0.2085313799523183,0,0,5.545081967213115,18.45412391552944,PPARG;ABCG1;CES1
GO_Biological_Process_2023,Negative Regulation Of Long-Term Synaptic Potentiation (GO:1900272),3/8,0.0358641735101164,0.2085313799523183,0,0,5.545081967213115,18.45412391552944,TYROBP;FAM107A;AGER
GO_Biological_Process_2023,Positive Regulation Of Blood Vessel Endothelial Cell Proliferation Involved In Sprouting Angiogenesis (GO:1903589),3/8,0.0358641735101164,0.2085313799523183,0,0,5.545081967213115,18.45412391552944,PPP1R16B;HMOX1;GATA2
GO_Biological_Process_2023,Positive Regulation Of Memory T Cell Differentiation (GO:0043382),3/8,0.0358641735101164,0.2085313799523183,0,0,5.545081967213115,18.45412391552944,HLA-DRA;IL12RB1;HLA-DRB1
GO_Biological_Process_2023,Regulation Of DNA-templated Transcription Initiation (GO:2000142),3/8,0.0358641735101164,0.2085313799523183,0,0,5.545081967213115,18.45412391552944,JUN;THRA;MITF
GO_Biological_Process_2023,Regulation Of Angiotensin Levels In Blood (GO:0002002),3/8,0.0358641735101164,0.2085313799523183,0,0,5.545081967213115,18.45412391552944,CPA3;ENPEP;CTSG
GO_Biological_Process_2023,Regulation Of Dendritic Spine Maintenance (GO:1902950),3/8,0.0358641735101164,0.2085313799523183,0,0,5.545081967213115,18.45412391552944,PRNP;NEDD9;FCGR2B
GO_Biological_Process_2023,Regulation Of Fibroblast Apoptotic Process (GO:2000269),3/8,0.0358641735101164,0.2085313799523183,0,0,5.545081967213115,18.45412391552944,SFRP1;BTG1;GAS6
GO_Biological_Process_2023,Regulation Of Neutrophil Migration (GO:1902622),3/8,0.0358641735101164,0.2085313799523183,0,0,5.545081967213115,18.45412391552944,MPP1;RAC2;JAM3
GO_Biological_Process_2023,Regulation Of Tumor Necrosis Factor Superfamily Cytokine Production (GO:1903555),3/8,0.0358641735101164,0.2085313799523183,0,0,5.545081967213115,18.45412391552944,CX3CR1;ZFP36;CD47
GO_Biological_Process_2023,Cellular Response To Xenobiotic Stimulus (GO:0071466),6/26,0.036096837559117,0.2085313799523183,0,0,2.7744997434581835,9.215639677599794,TFRC;IL1B;PDE4B;GAS6;FBP1;PPM1F
GO_Biological_Process_2023,Negative Regulation Of Catalytic Activity (GO:0043086),6/26,0.036096837559117,0.2085313799523183,0,0,2.7744997434581835,9.215639677599794,NOTCH1;PLN;SLN;GZMA;HP;NES
GO_Biological_Process_2023,Negative Regulation Of Interleukin-1 Beta Production (GO:0032691),6/26,0.036096837559117,0.2085313799523183,0,0,2.7744997434581835,9.215639677599794,CX3CR1;TNFAIP3;NLRP3;GHRL;IGF1;CD33
GO_Biological_Process_2023,Regulation Of Cardiac Muscle Cell Contraction (GO:0086004),6/26,0.036096837559117,0.2085313799523183,0,0,2.7744997434581835,9.215639677599794,PLN;GJA5;CAV1;PDE4D;PDE4B;ANK2
GO_Biological_Process_2023,Regulation Of Vascular Endothelial Growth Factor Production (GO:0010574),6/26,0.036096837559117,0.2085313799523183,0,0,2.7744997434581835,9.215639677599794,C3;CCBE1;IL1A;C5;IL6;IL1B
GO_Biological_Process_2023,Glycerophospholipid Metabolic Process (GO:0006650),11/62,0.0364856917545446,0.2104825831049989,0,0,1.99642943597192,6.609848655228426,CETP;PLA2G4F;PLA2G1B;PLEK;PLA2G4C;PLA2G2A;APOA1;PLA2G3;ABHD6;SERINC1;PLA1A
GO_Biological_Process_2023,Notch Signaling Pathway (GO:0007219),8/40,0.0371752045224785,0.2141603740252993,0,0,2.3129173086800203,7.614385799099003,BMP2;NOTCH1;HEY1;NOTCH4;HEY2;SNAI2;ZNF423;DLL1
GO_Biological_Process_2023,Positive Regulation Of Cytokine Production Involved In Immune Response (GO:0002720),7/33,0.0373779107207118,0.2144284321150586,0,0,2.4903846153846154,8.185085780918852,CLEC7A;KIT;LAPTM5;FFAR2;MAP3K7;KIR2DL4;HLA-E
GO_Biological_Process_2023,Positive Regulation Of Nitrogen Compound Metabolic Process (GO:0051173),7/33,0.0373779107207118,0.2144284321150586,0,0,2.4903846153846154,8.185085780918852,WFS1;PDGFB;AGTR1;WNT7A;KLF4;TNF;KLF2
GO_Biological_Process_2023,Ventricular Cardiac Muscle Tissue Morphogenesis (GO:0055010),7/33,0.0373779107207118,0.2144284321150586,0,0,2.4903846153846154,8.185085780918852,TGFBR3;NOTCH1;TNNC1;TNNT2;ZFPM2;SMAD7;ENG
GO_Biological_Process_2023,Phosphatidylcholine Metabolic Process (GO:0046470),10/55,0.0387111695102807,0.2217681602403981,0,0,2.056555269922879,6.687150853988289,CETP;PLA2G1B;PLA2G4C;PLA2G2A;ENPP2;TSPO;APOA1;PLA2G3;CHPT1;PLA2G5
GO_Biological_Process_2023,Muscle Contraction (GO:0006936),15/94,0.0389342794627698,0.222736523759929,0,0,1.758384444734438,5.707505246613163,TMOD1;LMOD1;MYOM2;MYLK;EDNRA;DES;SGCA;TNNT2;CHRNE;FXYD1;CASQ2;SCN7A;MYH11;MYH4;CRYAB
GO_Biological_Process_2023,Myoblast Differentiation (GO:0045445),5/20,0.0395958421364084,0.2237246553633283,0,0,3.082051282051282,9.952039635059132,ITGB1;RB1;NOTCH1;EPAS1;IGF1
GO_Biological_Process_2023,Negative Regulation Of Small GTPase Mediated Signal Transduction (GO:0051058),5/20,0.0395958421364084,0.2237246553633283,0,0,3.082051282051282,9.952039635059132,SPRY1;SLIT2;ARHGAP25;FBP1;CGNL1
GO_Biological_Process_2023,Positive Regulation Of Epithelial Cell Differentiation (GO:0030858),5/20,0.0395958421364084,0.2237246553633283,0,0,3.082051282051282,9.952039635059132,TMEM100;BTG1;BAD;ATOH8;FGF2
GO_Biological_Process_2023,Positive Regulation Of Protein Processing (GO:0010954),5/20,0.0395958421364084,0.2237246553633283,0,0,3.082051282051282,9.952039635059132,CCBE1;CLEC3B;GSN;ANXA2;NKD2
GO_Biological_Process_2023,Positive Regulation Of Vascular Associated Smooth Muscle Cell Proliferation (GO:1904707),5/20,0.0395958421364084,0.2237246553633283,0,0,3.082051282051282,9.952039635059132,JUN;GJA1;PDGFB;IGF1;FGF2
GO_Biological_Process_2023,Regulation Of Cardiac Muscle Cell Proliferation (GO:0060043),5/20,0.0395958421364084,0.2237246553633283,0,0,3.082051282051282,9.952039635059132,TGFBR3;NOTCH1;ZFPM2;FGF2;TBX2
GO_Biological_Process_2023,Regulation Of Fibroblast Migration (GO:0010762),5/20,0.0395958421364084,0.2237246553633283,0,0,3.082051282051282,9.952039635059132,ITGB1;PRKCE;HAS1;HYAL2;FGF2
GO_Biological_Process_2023,Regulation Of Macrophage Chemotaxis (GO:0010758),5/20,0.0395958421364084,0.2237246553633283,0,0,3.082051282051282,9.952039635059132,C5;RARRES2;CCL5;MTUS1;MAPK1
GO_Biological_Process_2023,Regulation Of Smooth Muscle Contraction (GO:0006940),5/20,0.0395958421364084,0.2237246553633283,0,0,3.082051282051282,9.952039635059132,CNN1;SETD3;CAV1;PLCE1;PROK2
GO_Biological_Process_2023,Ras Protein Signal Transduction (GO:0007265),21/144,0.0408388139079152,0.2276008250345031,0,0,1.5821373622216055,5.059868824904895,RB1;RASGRF1;IGF1;RASGRP2;FGF2;AIF1;ART4;RASSF1;DOK2;RAP1A;MRAS;RRAS;DOK6;PDPN;AGTR1;ELMO1;PLCE1;CDH13;GRAP;CTNNAL1;RAPGEF4
GO_Biological_Process_2023,Aminoglycan Catabolic Process (GO:0006026),4/14,0.041000197177859,0.2276008250345031,0,0,3.697590978985136,11.810765248473054,CHIA;HYAL1;HYAL2;CHI3L2
GO_Biological_Process_2023,Aorta Development (GO:0035904),4/14,0.041000197177859,0.2276008250345031,0,0,3.697590978985136,11.810765248473054,EFEMP2;PDE2A;TBX2;TGFBR2
GO_Biological_Process_2023,Membrane Repolarization During Cardiac Muscle Cell Action Potential (GO:0086013),4/14,0.041000197177859,0.2276008250345031,0,0,3.697590978985136,11.810765248473054,KCNJ5;KCNJ8;KCNA5;KCNJ2
GO_Biological_Process_2023,Pathway-Restricted SMAD Protein Phosphorylation (GO:0060389),4/14,0.041000197177859,0.2276008250345031,0,0,3.697590978985136,11.810765248473054,TGFBR3;BMP2;SMAD7;TGFBR2
GO_Biological_Process_2023,Positive Regulation Of Adaptive Immune Response Based On Somatic Recombination Of Immune Receptors Built From Immunoglobulin Superfamily Domains (GO:0002824),4/14,0.041000197177859,0.2276008250345031,0,0,3.697590978985136,11.810765248473054,CLEC7A;SLC11A1;IL1B;IL12RB1
GO_Biological_Process_2023,Positive Regulation Of Endothelial Cell Chemotaxis (GO:2001028),4/14,0.041000197177859,0.2276008250345031,0,0,3.697590978985136,11.810765248473054,SEMA5A;FGF18;PRKD1;FGF2
GO_Biological_Process_2023,Positive Regulation Of Heterotypic Cell-Cell Adhesion (GO:0034116),4/14,0.041000197177859,0.2276008250345031,0,0,3.697590978985136,11.810765248473054,IL1B;FGG;TNF;CD44
GO_Biological_Process_2023,Regulation Of Endothelial Cell Chemotaxis (GO:2001026),4/14,0.041000197177859,0.2276008250345031,0,0,3.697590978985136,11.810765248473054,SEMA5A;NOTCH1;PRKD1;FGF2
GO_Biological_Process_2023,Regulation Of Extracellular Matrix Disassembly (GO:0010715),4/14,0.041000197177859,0.2276008250345031,0,0,3.697590978985136,11.810765248473054,IL6;PDPN;FGFR4;CLASP2
GO_Biological_Process_2023,Regulation Of Leukocyte Activation (GO:0002694),4/14,0.041000197177859,0.2276008250345031,0,0,3.697590978985136,11.810765248473054,CD74;PLSCR1;PLA2G2A;CD200
GO_Biological_Process_2023,Striated Muscle Tissue Development (GO:0014706),4/14,0.041000197177859,0.2276008250345031,0,0,3.697590978985136,11.810765248473054,GATA5;PGM5;SGCG;TBX2
GO_Biological_Process_2023,Synaptic Vesicle Membrane Organization (GO:0048499),4/14,0.041000197177859,0.2276008250345031,0,0,3.697590978985136,11.810765248473054,SYNGR1;SNAP23;STX2;STX11
GO_Biological_Process_2023,Cytoskeleton Organization (GO:0007010),17/111,0.0413831143058906,0.2294172918249843,0,0,1.6751586412840611,5.335183187326172,CCL13;CCL24;SEMA6A;KRT4;TNFAIP3;NEDD9;TIMD4;FGD3;FGD5;DES;DPYSL2;EPB41L3;ZMYM6;CCL3;PLCE1;CCL2;WASF3
GO_Biological_Process_2023,Synapse Assembly (GO:0007416),12/71,0.0415346805314435,0.2299480498777093,0,0,1.8827429189528688,5.989431714039651,FZD1;PTPRD;GPM6A;NLGN4X;FLRT3;BDNF;WNT3A;SPOCK2;WNT7A;PCDHB4;ZDHHC2;SHANK3
GO_Biological_Process_2023,Visual System Development (GO:0150063),8/41,0.0423766358436342,0.2342944470334623,0,0,2.2427043937059343,7.089543182601707,C3;C1QA;MEIS1;ITGAM;CPAMD8;CHRDL1;MEIS2;FREM2
GO_Biological_Process_2023,T Cell Activation Involved In Immune Response (GO:0002286),6/27,0.0427021119113831,0.2345199986173163,0,0,2.642234112731804,8.332303507732053,CD74;FCER1G;IFNA14;SLC11A1;LCP1;IFNA10
GO_Biological_Process_2023,Negative Regulation Of Neurogenesis (GO:0050768),6/27,0.0427021119113831,0.2345199986173163,0,0,2.642234112731804,8.332303507732053,IL6;NOTCH1;WNT3A;IL1B;WNT7A;TNF
GO_Biological_Process_2023,Positive Regulation Of Immune System Process (GO:0002684),6/27,0.0427021119113831,0.2345199986173163,0,0,2.642234112731804,8.332303507732053,C6;C7;PLA2G1B;IL15;LILRB2;C8B
GO_Biological_Process_2023,Positive Regulation Of Response To Wounding (GO:1903036),6/27,0.0427021119113831,0.2345199986173163,0,0,2.642234112731804,8.332303507732053,ITGB1;DUOX1;CLEC7A;PRKCE;MYLK;HBEGF
GO_Biological_Process_2023,Regulation Of Actin Polymerization Or Depolymerization (GO:0008064),6/27,0.0427021119113831,0.2345199986173163,0,0,2.642234112731804,8.332303507732053,CXCL12;WDR1;ARHGAP18;HCLS1;ARHGAP28;ESAM
GO_Biological_Process_2023,Negative Regulation Of Interleukin-6 Production (GO:0032715),7/34,0.0432403493293443,0.2365298790007559,0,0,2.3980150581793294,7.532120232795727,SYT11;TNFAIP3;GHRL;GAS6;TNF;TLR4;CD200
GO_Biological_Process_2023,Response To Estrogen (GO:0043627),7/34,0.0432403493293443,0.2365298790007559,0,0,2.3980150581793294,7.532120232795727,GSTM3;SFRP1;CITED2;CAV1;SERPINB9;GHRL;ZNF366
GO_Biological_Process_2023,Superoxide Metabolic Process (GO:0006801),7/34,0.0432403493293443,0.2365298790007559,0,0,2.3980150581793294,7.532120232795727,DUOX1;PREX1;NCF1;NCF2;NCF4;NCF1C;CYBB
GO_Biological_Process_2023,Cholesterol Homeostasis (GO:0042632),12/72,0.0455858227782578,0.2486993430776741,0,0,1.8512609366958312,5.716987224751704,CYP39A1;CETP;CAV1;CNBP;EPHX2;PCSK9;APOA1;LCP1;FGFR4;LDLR;ABCG1;CES1
GO_Biological_Process_2023,Plasma Membrane Organization (GO:0007009),12/72,0.0455858227782578,0.2486993430776741,0,0,1.8512609366958312,5.716987224751704,COLEC12;PLSCR1;SYT11;PLSCR4;EPB41L3;ANXA6;CXCR4;ANK2;CHMP6;STX2;SPTBN1;CHMP5
GO_Biological_Process_2023,Regulation Of Cell Communication (GO:0010646),9/49,0.0457537217373759,0.2492851585135602,0,0,2.0817702980472763,6.421183306237664,SOCS2;GRK5;GJA5;VEPH1;CASQ2;IGFBP7;LRRC32;CRK;MGLL
GO_Biological_Process_2023,Negative Regulation Of Neuron Death (GO:1901215),14/88,0.045981242543635,0.2498637704976683,0,0,1.7516326218026372,5.394190733106843,CNTFR;NTRK2;BDNF;WFS1;PLA2G3;TNFRSF1B;CLU;MAG;GPNMB;CCL2;FBXO7;PPARGC1A;CD200;SNCA
GO_Biological_Process_2023,Negative Regulation Of Protein Kinase Activity (GO:0006469),14/88,0.045981242543635,0.2498637704976683,0,0,1.7516326218026372,5.394190733106843,CDKN1C;RB1;PTPRR;CAV1;PTPRO;ADARB1;PPM1F;SLC8A3;PTPRB;PTPRC;CAMK2N1;HYAL2;GNAQ;SNCA
GO_Biological_Process_2023,Innate Immune Response In Mucosa (GO:0002227),5/21,0.0479241255477648,0.2546628722887089,0,0,2.8892628205128204,8.777974071718981,PLA2G1B;DEFA3;DEFB1;DEFA1;CAMP
GO_Biological_Process_2023,Positive Regulation Of T Cell Cytokine Production (GO:0002726),5/21,0.0479241255477648,0.2546628722887089,0,0,2.8892628205128204,8.777974071718981,IL6;IL1B;NLRP3;MAP3K7;IL18R1
GO_Biological_Process_2023,Positive Regulation Of Amyloid Precursor Protein Catabolic Process (GO:1902993),5/21,0.0479241255477648,0.2546628722887089,0,0,2.8892628205128204,8.777974071718981,IFNGR1;AGER;CLU;TNF;ABCG1
GO_Biological_Process_2023,Regulation Of Lipid Storage (GO:0010883),5/21,0.0479241255477648,0.2546628722887089,0,0,2.8892628205128204,8.777974071718981,C3;IL6;PPARG;LCP1;TNF
GO_Biological_Process_2023,Regulation Of Steroid Metabolic Process (GO:0019218),5/21,0.0479241255477648,0.2546628722887089,0,0,2.8892628205128204,8.777974071718981,ACADVL;ASAH1;ACADL;EPHX2;ABCG1
GO_Biological_Process_2023,Myeloid Cell Differentiation (GO:0030099),10/57,0.047940231169007,0.2546628722887089,0,0,1.9688234972378715,5.980892468680832,CEBPA;ALAS2;CDKN2B;SNRK;SPI1;MAF;ZBTB16;KIT;HCLS1;EVI2B
GO_Biological_Process_2023,Positive Regulation Of Calcium Ion Transmembrane Transport (GO:1904427),8/42,0.048037087735369,0.2546628722887089,0,0,2.1766216502009126,6.607748620298165,RAMP3;PPP3CC;PLA2G1B;P2RX2;CAV1;CAPN3;ANK2;SNCA
GO_Biological_Process_2023,Regulation Of Osteoclast Differentiation (GO:0045670),8/42,0.048037087735369,0.2546628722887089,0,0,2.1766216502009126,6.607748620298165,CCR1;MAFB;CCL3;NEDD9;TMEM64;LILRB3;TNF;TLR4
GO_Biological_Process_2023,Regulation Of Cell-Matrix Adhesion (GO:0001952),11/65,0.0492477769193712,0.2546628722887089,0,0,1.8852023319615911,5.676138830770368,PKHD1;BST1;SFRP1;CDK6;MYOC;CCL21;PLEKHA2;CDH13;CD36;GPM6B;ACTG1
GO_Biological_Process_2023,Negative Regulation Of Cell Cycle G1/S Phase Transition (GO:1902807),7/35,0.0496644872159255,0.2546628722887089,0,0,2.3122433264887063,6.942429992751885,RB1;GPNMB;SUSD2;FHL1;FAM107A;CCL2;KLF4
GO_Biological_Process_2023,Positive Regulation Of Substrate Adhesion-Dependent Cell Spreading (GO:1900026),7/35,0.0496644872159255,0.2546628722887089,0,0,2.3122433264887063,6.942429992751885,MYOC;FGG;MYADM;NEDD9;APOA1;CRK;LIMS2
GO_Biological_Process_2023,Organic Anion Transport (GO:0015711),14/89,0.049858993576732,0.2546628722887089,0,0,1.7281813498196803,5.182049222795369,SLC2A14;SLC22A3;SLC2A3;SLC2A6;SLCO2B1;CA4;SLCO2A1;SLCO4C1;LRRC8C;SLC39A8;CFTR;SLC25A25;ABCG2;SLC25A24
GO_Biological_Process_2023,Sterol Homeostasis (GO:0055092),12/73,0.0499012816611203,0.2546628722887089,0,0,1.8208111505783688,5.458261230430662,CYP39A1;CETP;CAV1;CNBP;EPHX2;PCSK9;APOA1;LCP1;FGFR4;LDLR;ABCG1;CES1
GO_Biological_Process_2023,I-kappaB Phosphorylation (GO:0007252),3/9,0.049964271212396,0.2546628722887089,0,0,4.620645491803279,13.845519805930069,TLR7;MAP3K7;TLR4
GO_Biological_Process_2023,T-helper 1 Type Immune Response (GO:0042088),3/9,0.049964271212396,0.2546628722887089,0,0,4.620645491803279,13.845519805930069,TMEM98;TLR4;HLA-DRB1
GO_Biological_Process_2023,Wnt Signaling Pathway Involved In Midbrain Dopaminergic Neuron Differentiation (GO:1904953),3/9,0.049964271212396,0.2546628722887089,0,0,4.620645491803279,13.845519805930069,FZD1;WNT3A;WNT2
GO_Biological_Process_2023,Adherens Junction Assembly (GO:0034333),3/9,0.049964271212396,0.2546628722887089,0,0,4.620645491803279,13.845519805930069,RAMP2;JAM3;SMAD7
GO_Biological_Process_2023,Cellular Response To Oxidised Low-Density Lipoprotein Particle Stimulus (GO:0140052),3/9,0.049964271212396,0.2546628722887089,0,0,4.620645491803279,13.845519805930069,CD36;CD68;TLR4
GO_Biological_Process_2023,Embryonic Eye Morphogenesis (GO:0048048),3/9,0.049964271212396,0.2546628722887089,0,0,4.620645491803279,13.845519805930069,MFAP5;EFEMP1;TBX2
GO_Biological_Process_2023,Leucine Transport (GO:0015820),3/9,0.049964271212396,0.2546628722887089,0,0,4.620645491803279,13.845519805930069,SLC7A7;SLC43A2;SLC3A2
GO_Biological_Process_2023,Mitral Valve Morphogenesis (GO:0003183),3/9,0.049964271212396,0.2546628722887089,0,0,4.620645491803279,13.845519805930069,NOTCH1;AXIN2;SMAD6
GO_Biological_Process_2023,Myelin Maintenance (GO:0043217),3/9,0.049964271212396,0.2546628722887089,0,0,4.620645491803279,13.845519805930069,EPB41L3;CXCR4;CLU
GO_Biological_Process_2023,Negative Regulation Of Cell Adhesion Mediated By Integrin (GO:0033629),3/9,0.049964271212396,0.2546628722887089,0,0,4.620645491803279,13.845519805930069,PDE3B;SNAI2;JAM3
GO_Biological_Process_2023,Negative Regulation Of Cell-Cell Adhesion Mediated By Cadherin (GO:2000048),3/9,0.049964271212396,0.2546628722887089,0,0,4.620645491803279,13.845519805930069,NOTCH1;NOTCH4;PPM1F
GO_Biological_Process_2023,Negative Regulation Of Hormone Secretion (GO:0046888),3/9,0.049964271212396,0.2546628722887089,0,0,4.620645491803279,13.845519805930069,GJA1;IL1B;OSM
GO_Biological_Process_2023,Negative Regulation Of Lipid Localization (GO:1905953),3/9,0.049964271212396,0.2546628722887089,0,0,4.620645491803279,13.845519805930069,IL6;PPARG;TNF
GO_Biological_Process_2023,Negative Regulation Of Protein Autophosphorylation (GO:0031953),3/9,0.049964271212396,0.2546628722887089,0,0,4.620645491803279,13.845519805930069,IMPACT;CAV1;ENG
GO_Biological_Process_2023,Negative Regulation Of Protein Maturation (GO:1903318),3/9,0.049964271212396,0.2546628722887089,0,0,4.620645491803279,13.845519805930069,PRNP;LRRK2;GAS1
GO_Biological_Process_2023,Negative Regulation Of Sodium Ion Transmembrane Transport (GO:1902306),3/9,0.049964271212396,0.2546628722887089,0,0,4.620645491803279,13.845519805930069,PRKCE;NEDD4L;PCSK9
GO_Biological_Process_2023,Negative Regulation Of Transcription By Competitive Promoter Binding (GO:0010944),3/9,0.049964271212396,0.2546628722887089,0,0,4.620645491803279,13.845519805930069,HHEX;DACH1;SMAD7
GO_Biological_Process_2023,Primary Alcohol Catabolic Process (GO:0034310),3/9,0.049964271212396,0.2546628722887089,0,0,4.620645491803279,13.845519805930069,SULT1A1;SULT1A3;SULT1A2
GO_Biological_Process_2023,Regulation Of Complement Activation (GO:0030449),3/9,0.049964271212396,0.2546628722887089,0,0,4.620645491803279,13.845519805930069,CFH;IL1B;CD59
GO_Biological_Process_2023,Regulation Of Dendritic Cell Apoptotic Process (GO:2000668),3/9,0.049964271212396,0.2546628722887089,0,0,4.620645491803279,13.845519805930069,CXCL12;CCL21;GAS6
GO_Biological_Process_2023,Regulation Of Granulocyte Differentiation (GO:0030852),3/9,0.049964271212396,0.2546628722887089,0,0,4.620645491803279,13.845519805930069,HCLS1;EVI2B;C1QC
GO_Biological_Process_2023,Regulation Of Long-Term Synaptic Depression (GO:1900452),3/9,0.049964271212396,0.2546628722887089,0,0,4.620645491803279,13.845519805930069,LILRB2;AGER;SHANK3
GO_Biological_Process_2023,Regulation Of Memory T Cell Differentiation (GO:0043380),3/9,0.049964271212396,0.2546628722887089,0,0,4.620645491803279,13.845519805930069,HLA-DRA;IL12RB1;HLA-DRB1
GO_Biological_Process_2023,Regulation Of Tau-Protein Kinase Activity (GO:1902947),3/9,0.049964271212396,0.2546628722887089,0,0,4.620645491803279,13.845519805930069,RB1;EGR1;CLU
GO_Biological_Process_2023,Response To Platelet-Derived Growth Factor (GO:0036119),3/9,0.049964271212396,0.2546628722887089,0,0,4.620645491803279,13.845519805930069,HYAL1;HAS1;PDGFB
GO_Biological_Process_2023,Smooth Muscle Tissue Development (GO:0048745),3/9,0.049964271212396,0.2546628722887089,0,0,4.620645491803279,13.845519805930069,EFEMP2;ENG;MYLK
GO_Biological_Process_2023,Synaptic Vesicle Fusion To Presynaptic Active Zone Membrane (GO:0031629),3/9,0.049964271212396,0.2546628722887089,0,0,4.620645491803279,13.845519805930069,SNAP23;STX2;STX11
GO_Biological_Process_2023,Type II Interferon-Mediated Signaling Pathway (GO:0060333),3/9,0.049964271212396,0.2546628722887089,0,0,4.620645491803279,13.845519805930069,IFNGR1;IRF1;JAK1
GO_Biological_Process_2023,Vasoconstriction (GO:0042310),3/9,0.049964271212396,0.2546628722887089,0,0,4.620645491803279,13.845519805930069,EDN1;EDNRA;EDNRB
GO_Biological_Process_2023,"Wound Healing, Spreading Of Epidermal Cells (GO:0035313)",3/9,0.049964271212396,0.2546628722887089,0,0,4.620645491803279,13.845519805930069,ITGB1;WNT7A;ARHGAP24
GO_Biological_Process_2023,Apoptotic Cell Clearance (GO:0043277),6/28,0.0500175439867845,0.2546628722887089,0,0,2.5219926302532767,7.554329955220799,FCN1;FCN3;TYROBP;ALOX15;TIMD4;GAS6
GO_Biological_Process_2023,Hematopoietic Progenitor Cell Differentiation (GO:0002244),6/28,0.0500175439867845,0.2546628722887089,0,0,2.5219926302532767,7.554329955220799,SFRP1;PTPRC;PLEK;KIT;SBDS;MEOX1
GO_Biological_Process_2023,Mucosal Immune Response (GO:0002385),6/28,0.0500175439867845,0.2546628722887089,0,0,2.5219926302532767,7.554329955220799,PLA2G1B;DEFA3;DEFB1;FFAR2;DEFA1;CAMP
GO_Biological_Process_2023,Negative Regulation Of Actin Filament Bundle Assembly (GO:0032232),6/28,0.0500175439867845,0.2546628722887089,0,0,2.5219926302532767,7.554329955220799,MYOC;ARHGAP28;PHLDB2;SHANK3;CGNL1;CLASP2
GO_Biological_Process_2023,Negative Regulation Of Cation Channel Activity (GO:2001258),6/28,0.0500175439867845,0.2546628722887089,0,0,2.5219926302532767,7.554329955220799,PPP3CC;GRP;GSTO1;FKBP1B;CASQ2;KCNAB1
GO_Biological_Process_2023,"Regulation Of DNA Damage Response, Signal Transduction By P53 Class Mediator (GO:0043516)",6/28,0.0500175439867845,0.2546628722887089,0,0,2.5219926302532767,7.554329955220799,CD74;ANKRD1;SNAI2;MSX1;CD44;ATR
GO_Biological_Process_2023,Regulation Of Protein Localization To Membrane (GO:1905475),6/28,0.0500175439867845,0.2546628722887089,0,0,2.5219926302532767,7.554329955220799,GSN;STX7;GPC3;GPC5;ZDHHC2;SPTBN1
GO_Biological_Process_2023,Regulation Of Sodium Ion Transmembrane Transport (GO:1902305),6/28,0.0500175439867845,0.2546628722887089,0,0,2.5219926302532767,7.554329955220799,FXYD3;FXYD1;NEDD4L;FXYD6;SCN4B;SCN2B
GO_Biological_Process_2023,Blood Circulation (GO:0008015),9/50,0.0511546729439952,0.259432272110301,0,0,2.030882610984383,6.037613824660435,ACVRL1;PLN;CXCL12;COL4A3;C3AR1;AGTR1;OLR1;SERPING1;SGCG
GO_Biological_Process_2023,Intracellular Iron Ion Homeostasis (GO:0006879),9/50,0.0511546729439952,0.259432272110301,0,0,2.030882610984383,6.037613824660435,ALAS2;TFRC;SCARA5;SLC11A1;HMOX1;CYBRD1;FBXL5;F3;BMP6
GO_Biological_Process_2023,Negative Regulation Of Canonical Wnt Signaling Pathway (GO:0090090),17/114,0.0513038736876441,0.259432272110301,0,0,1.6230783143425571,4.820524770859751,CCL14;CAV1;PTPRO;AXIN2;TMEM64;DKK2;DKK3;NKD2;SFRP1;BMP2;DAB2;SOX17;TMEM88;SFRP5;SNAI2;IGFBP6;RBMS3
GO_Biological_Process_2023,Alpha-Beta T Cell Activation (GO:0046631),4/15,0.0517100984225678,0.259432272110301,0,0,3.36125995992731,9.956395485835712,CLEC4A;NKG7;CD247;HLA-E
GO_Biological_Process_2023,Cellular Response To Corticosteroid Stimulus (GO:0071384),4/15,0.0517100984225678,0.259432272110301,0,0,3.36125995992731,9.956395485835712,ZFP36;FAM107A;NR3C1;ZFP36L2
GO_Biological_Process_2023,Epiboly Involved In Wound Healing (GO:0090505),4/15,0.0517100984225678,0.259432272110301,0,0,3.36125995992731,9.956395485835712,CD151;PDPN;LCP1;CD44
GO_Biological_Process_2023,Ganglioside Biosynthetic Process (GO:0001574),4/15,0.0517100984225678,0.259432272110301,0,0,3.36125995992731,9.956395485835712,ST6GALNAC3;ST3GAL1;ST6GALNAC5;ST6GALNAC6
GO_Biological_Process_2023,Negative Regulation Of Cell-Substrate Junction Organization (GO:0150118),4/15,0.0517100984225678,0.259432272110301,0,0,3.36125995992731,9.956395485835712,DUSP22;FAM107A;PHLDB2;CLASP2
GO_Biological_Process_2023,Negative Regulation Of Focal Adhesion Assembly (GO:0051895),4/15,0.0517100984225678,0.259432272110301,0,0,3.36125995992731,9.956395485835712,DUSP22;FAM107A;PHLDB2;CLASP2
GO_Biological_Process_2023,Negative Regulation Of Platelet Activation (GO:0010544),4/15,0.0517100984225678,0.259432272110301,0,0,3.36125995992731,9.956395485835712,PDGFRA;THBD;PDGFB;CD9
GO_Biological_Process_2023,Positive Regulation Of Sprouting Angiogenesis (GO:1903672),4/15,0.0517100984225678,0.259432272110301,0,0,3.36125995992731,9.956395485835712,KLF4;DLL1;FGF2;JAK1
GO_Biological_Process_2023,Regulation Of Bicellular Tight Junction Assembly (GO:2000810),4/15,0.0517100984225678,0.259432272110301,0,0,3.36125995992731,9.956395485835712,CLDN5;PRKCH;SNAI2;TNF
GO_Biological_Process_2023,Renal System Development (GO:0072001),10/58,0.0530649757753699,0.2659058822612515,0,0,1.9276992287917736,5.660184033259703,SOX17;MME;FOXF1;WFS1;HYAL2;ARL3;AGTR1;ITGA8;PCSK9;TCF21
GO_Biological_Process_2023,Positive Regulation Of Cellular Biosynthetic Process (GO:0031328),24/174,0.0531356330851525,0.2659364188064926,0,0,1.4827550491973072,4.35174894357583,EGR1;EDN1;TYRP1;CIRBP;PDGFB;HBB;IGF1;SORBS1;KLF4;CLU;FGF2;TNF;KLF2;IL6;CLEC7A;IL1B;CCL5;CD36;VIM;FGFR4;PPARGC1A;TLR4;LDLR;SNCA
GO_Biological_Process_2023,Negative Regulation Of Wnt Signaling Pathway (GO:0030178),20/140,0.0540023569898166,0.2699462481080759,0,0,1.5439276485788114,4.506304217785471,CCL14;CAV1;PTPRO;AXIN2;TMEM64;APCDD1;DKK2;DKK3;NKD2;SFRP1;BMP2;DAB2;SOX17;TMEM88;WIF1;SFRP5;SNAI2;SOSTDC1;IGFBP6;RBMS3
GO_Biological_Process_2023,Cellular Response To BMP Stimulus (GO:0071773),11/66,0.0540979884603212,0.2700965023855312,0,0,1.8508230452674896,5.398773598750063,ACVRL1;TMEM100;TGFBR3;GDF10;SFRP1;BMP2;PPARG;SMAD6;LEFTY2;BMP6;ENG
GO_Biological_Process_2023,Negative Regulation Of Sequestering Of Calcium Ion (GO:0051283),7/36,0.0566612668438963,0.2822101065659119,0,0,2.232386886638816,6.408433620834324,GP9;PTPRC;CCL21;ITPR1;PLCE1;CLU;FGF2
GO_Biological_Process_2023,Protein Destabilization (GO:0031648),7/36,0.0566612668438963,0.2822101065659119,0,0,2.232386886638816,6.408433620834324,PRNP;GSN;SOX17;PYHIN1;CAPN3;CTSH;SNCA
GO_Biological_Process_2023,Regulation Of Substrate Adhesion-Dependent Cell Spreading (GO:1900024),9/51,0.056957200118812,0.2832202916853966,0,0,1.982418147114961,5.680530325390323,MYOC;FGG;PDPN;MYADM;APOA1;NEDD9;FBLN1;CRK;LIMS2
GO_Biological_Process_2023,Fc Receptor Mediated Stimulatory Signaling Pathway (GO:0002431),5/22,0.0572078860602694,0.2832202916853966,0,0,2.719155354449472,7.779676195029257,FGR;HCK;FCER1G;PRKCE;FCGR2B
GO_Biological_Process_2023,Negative Regulation Of G Protein-Coupled Receptor Signaling Pathway (GO:0045744),5/22,0.0572078860602694,0.2832202916853966,0,0,2.719155354449472,7.779676195029257,RGS2;CCL5;PLEK;CRY1;SNCA
GO_Biological_Process_2023,Negative Regulation Of Extrinsic Apoptotic Signaling Pathway In Absence Of Ligand (GO:2001240),5/22,0.0572078860602694,0.2832202916853966,0,0,2.719155354449472,7.779676195029257,IL1A;IL1B;SNAI2;TNF;MCL1
GO_Biological_Process_2023,Negative Regulation Of Signal Transduction In Absence Of Ligand (GO:1901099),5/22,0.0572078860602694,0.2832202916853966,0,0,2.719155354449472,7.779676195029257,IL1A;IL1B;SNAI2;TNF;MCL1
GO_Biological_Process_2023,Peptidyl-Tyrosine Dephosphorylation (GO:0035335),6/29,0.0580542086385297,0.2863775872839568,0,0,2.412206928859839,6.866052910407799,DUSP22;PTPRR;PTPRB;DUSP1;PTPRO;PTPN13
GO_Biological_Process_2023,Regulation Of Monoatomic Ion Transmembrane Transport (GO:0034765),6/29,0.0580542086385297,0.2863775872839568,0,0,2.412206928859839,6.866052910407799,KCNJ5;KCNJ8;KCNJ15;NEDD4L;KCNJ16;KCNJ2
GO_Biological_Process_2023,Regulation Of Muscle Contraction (GO:0006937),6/29,0.0580542086385297,0.2863775872839568,0,0,2.412206928859839,6.866052910407799,CNN1;CAV1;TNNC1;PLCE1;ATP1A2;MYL9
GO_Biological_Process_2023,Regulation Of Actin Cytoskeleton Organization (GO:0032956),14/91,0.058280671797451,0.2871508219302643,0,0,1.683106177696595,4.784203677497589,PDGFRA;CSF3;FAM107A;ARHGAP18;NEDD9;IQGAP2;CLU;C9ORF72;CORO2B;HCK;BST1;ESAM;CRK;GPM6B
GO_Biological_Process_2023,Regulation Of NIK/NF-kappaB Signaling (GO:1901222),13/83,0.0589819998394134,0.2902590888154646,0,0,1.7189568927468,4.865546967799924,CD86;SPI1;LAPTM5;TNF;AGER;UACA;PPM1A;RASSF2;IL1B;NLRP3;TLR7;TLR4;SASH1
GO_Biological_Process_2023,Regulation Of Neurogenesis (GO:0050767),11/67,0.0592568443247204,0.2909164979422212,0,0,1.8176715902410348,5.136510868513953,CX3CR1;IL6;NOTCH1;HEY1;MME;WNT3A;IL1B;HEY2;WNT7A;TNF;DLL1
GO_Biological_Process_2023,Regulation Of Viral Genome Replication (GO:0045069),11/67,0.0592568443247204,0.2909164979422212,0,0,1.8176715902410348,5.136510868513953,SRPK2;PLSCR1;NR5A2;APOBEC3F;SLPI;APOBEC3G;CCL5;ADARB1;TNF;PPID;OASL
GO_Biological_Process_2023,Negative Regulation Of Phosphorylation (GO:0042326),12/75,0.0593480648766203,0.2910174752699991,0,0,1.7628115579736785,4.978771727916151,CDKN1C;PRNP;IMPACT;CDKN2B;CDKN2C;LRRK2;MYADM;FBLN1;SLIT2;PTPN13;C9ORF72;SH3GL2
GO_Biological_Process_2023,Embryonic Organ Morphogenesis (GO:0048562),8/44,0.0607744958291643,0.2965997018013362,0,0,2.0554699537750385,5.756518432534471,MFAP5;PDGFRA;EFEMP1;SOX17;FOXF1;ID2;TCF21;HOXA4
GO_Biological_Process_2023,Negative Regulation Of Immune System Process (GO:0002683),8/44,0.0607744958291643,0.2965997018013362,0,0,2.0554699537750385,5.756518432534471,TSC22D3;TNFAIP3;HMOX1;LILRB2;LILRA2;FCGR2B;IL17D;CD200
GO_Biological_Process_2023,Regulation Of B Cell Proliferation (GO:0030888),8/44,0.0607744958291643,0.2965997018013362,0,0,2.0554699537750385,5.756518432534471,CD74;BST1;PTPRC;TYROBP;TFRC;MNDA;FCGR2B;TNFSF13B
GO_Biological_Process_2023,Synaptic Vesicle Recycling (GO:0036465),8/44,0.0607744958291643,0.2965997018013362,0,0,2.0554699537750385,5.756518432534471,GIT2;NLGN4X;WNT3A;CANX;STON1;WNT7A;AP3S1;SNCA
GO_Biological_Process_2023,Regulation Of Peptide Hormone Secretion (GO:0090276),9/52,0.0631679316449383,0.3052980125022589,0,0,1.936207844355745,5.347725746956335,IL6;GRP;IL1B;ALOX5;CCL5;FGG;FFAR2;KCNA5;TNF
GO_Biological_Process_2023,Antifungal Innate Immune Response (GO:0061760),4/16,0.0637905613586116,0.3052980125022589,0,0,3.080984110712455,8.479330545580412,CX3CR1;CLEC4A;CLEC7A;RARRES2
GO_Biological_Process_2023,Cell Communication By Electrical Coupling Involved In Cardiac Conduction (GO:0086064),4/16,0.0637905613586116,0.3052980125022589,0,0,3.080984110712455,8.479330545580412,GJA1;GJA5;FKBP1B;ATP1A2
GO_Biological_Process_2023,Cellular Response To Fatty Acid (GO:0071398),4/16,0.0637905613586116,0.3052980125022589,0,0,3.080984110712455,8.479330545580412,PDK4;AKR1C2;FFAR2;LCP1
GO_Biological_Process_2023,Innate Immune Response-Activating Signaling Pathway (GO:0002758),4/16,0.0637905613586116,0.3052980125022589,0,0,3.080984110712455,8.479330545580412,HCK;CASP1;NLRP3;LILRA2
GO_Biological_Process_2023,Lymphocyte Mediated Immunity (GO:0002449),4/16,0.0637905613586116,0.3052980125022589,0,0,3.080984110712455,8.479330545580412,CD8A;BTN3A3;C4BPA;KLRD1
GO_Biological_Process_2023,Membrane Depolarization During Cardiac Muscle Cell Action Potential (GO:0086012),4/16,0.0637905613586116,0.3052980125022589,0,0,3.080984110712455,8.479330545580412,ATP1A2;SCN4B;KCNJ2;SCN2B
GO_Biological_Process_2023,Negative Regulation Of ATP-dependent Activity (GO:0032780),4/16,0.0637905613586116,0.3052980125022589,0,0,3.080984110712455,8.479330545580412,PXK;PLN;SLN;TNNT2
GO_Biological_Process_2023,Positive Regulation Of Cell Migration Involved In Sprouting Angiogenesis (GO:0090050),4/16,0.0637905613586116,0.3052980125022589,0,0,3.080984110712455,8.479330545580412,RHOJ;HMOX1;GATA2;FGF2
GO_Biological_Process_2023,Positive Regulation Of Positive Chemotaxis (GO:0050927),4/16,0.0637905613586116,0.3052980125022589,0,0,3.080984110712455,8.479330545580412,CXCL12;VEGFC;CDH13;IL16
GO_Biological_Process_2023,Positive Regulation Of Smooth Muscle Cell Migration (GO:0014911),4/16,0.0637905613586116,0.3052980125022589,0,0,3.080984110712455,8.479330545580412,CCL5;PDGFB;IGF1;AIF1
GO_Biological_Process_2023,Prostanoid Metabolic Process (GO:0006692),4/16,0.0637905613586116,0.3052980125022589,0,0,3.080984110712455,8.479330545580412,HPGD;GSTA1;AKR1C2;CES1
GO_Biological_Process_2023,Regulation Of Cardiac Muscle Contraction By Regulation Of The Release Of Sequestered Calcium Ion (GO:0010881),4/16,0.0637905613586116,0.3052980125022589,0,0,3.080984110712455,8.479330545580412,GSTO1;FKBP1B;CASQ2;ATP1A2
GO_Biological_Process_2023,Regulation Of Establishment Of Endothelial Barrier (GO:1903140),4/16,0.0637905613586116,0.3052980125022589,0,0,3.080984110712455,8.479330545580412,CDH5;CLDN5;IL1B;TNF
GO_Biological_Process_2023,Regulation Of Fatty Acid Oxidation (GO:0046320),4/16,0.0637905613586116,0.3052980125022589,0,0,3.080984110712455,8.479330545580412,ACADVL;ACADL;PDK4;PPARGC1A
GO_Biological_Process_2023,Response To UV-B (GO:0010224),4/16,0.0637905613586116,0.3052980125022589,0,0,3.080984110712455,8.479330545580412,MFAP4;MME;HYAL1;HYAL2
GO_Biological_Process_2023,Purine Ribonucleotide Metabolic Process (GO:0009150),13/84,0.0638168460219579,0.3052980125022589,0,0,1.694651948767787,4.663238298505672,ACOT7;BAD;LRRK2;ATP1A2;GIMAP7;ACAT1;TPST2;SULT1A1;ACOT2;ACOT1;MYH4;SULT1A3;SULT1A2
GO_Biological_Process_2023,Positive Regulation Of Receptor Signaling Pathway Via JAK-STAT (GO:0046427),7/37,0.0642381462040856,0.3062464400632275,0,0,2.1578542094455853,5.923650890698461,GHR;IL6;NOTCH1;CCL5;KIT;IL7R;TNF
GO_Biological_Process_2023,Positive Regulation Of Receptor Signaling Pathway Via STAT (GO:1904894),7/37,0.0642381462040856,0.3062464400632275,0,0,2.1578542094455853,5.923650890698461,GHR;IL6;NOTCH1;CCL5;KIT;IL7R;TNF
GO_Biological_Process_2023,Regulation Of p38MAPK Cascade (GO:1900744),7/37,0.0642381462040856,0.3062464400632275,0,0,2.1578542094455853,5.923650890698461,BMP2;SPI1;NCF1;GADD45B;DUSP1;IL1B;SASH1
GO_Biological_Process_2023,Wnt Signaling Pathway (GO:0016055),12/76,0.0644891753808154,0.3067911620360826,0,0,1.7351711271230057,4.756551547615163,FZD1;NR4A2;FRAT1;SFRP1;WNT2B;FZD4;WNT3A;LRRK2;SFRP5;DIXDC1;WNT7A;WNT2
GO_Biological_Process_2023,Positive Regulation Of Cysteine-Type Endopeptidase Activity Involved In Apoptotic Process (GO:0043280),16/109,0.0645013707995259,0.3067911620360826,0,0,1.5928396745911595,4.366083139725311,GSN;BAD;LAPTM5;TNF;UACA;PPM1F;CLEC7A;COL4A3;CASP1;NLRP3;PPARG;IFT57;SOX7;S100A9;S100A8;SNCA
GO_Biological_Process_2023,T-helper Cell Lineage Commitment (GO:0002295),3/10,0.0663228199882068,0.3079861279948409,0,0,3.960333723653396,10.745261608690864,SOCS3;IL6;JAK1
GO_Biological_Process_2023,Branched-Chain Amino Acid Transport (GO:0015803),3/10,0.0663228199882068,0.3079861279948409,0,0,3.960333723653396,10.745261608690864,SLC7A7;SLC43A2;SLC3A2
GO_Biological_Process_2023,Cellular Response To Interleukin-15 (GO:0071350),3/10,0.0663228199882068,0.3079861279948409,0,0,3.960333723653396,10.745261608690864,IL15;IL2RB;JAK1
GO_Biological_Process_2023,Induction Of Positive Chemotaxis (GO:0050930),3/10,0.0663228199882068,0.3079861279948409,0,0,3.960333723653396,10.745261608690864,CXCL12;VEGFC;IL16
GO_Biological_Process_2023,Interleukin-15-Mediated Signaling Pathway (GO:0035723),3/10,0.0663228199882068,0.3079861279948409,0,0,3.960333723653396,10.745261608690864,IL15;IL2RB;JAK1
GO_Biological_Process_2023,Mast Cell Activation Involved In Immune Response (GO:0002279),3/10,0.0663228199882068,0.3079861279948409,0,0,3.960333723653396,10.745261608690864,GRP;KIT;FCER1A
GO_Biological_Process_2023,Mast Cell Degranulation (GO:0043303),3/10,0.0663228199882068,0.3079861279948409,0,0,3.960333723653396,10.745261608690864,GRP;KIT;FCER1A
GO_Biological_Process_2023,Negative Regulation Of B Cell Proliferation (GO:0030889),3/10,0.0663228199882068,0.3079861279948409,0,0,3.960333723653396,10.745261608690864,TYROBP;MNDA;FCGR2B
GO_Biological_Process_2023,Negative Regulation Of Oxidoreductase Activity (GO:0051354),3/10,0.0663228199882068,0.3079861279948409,0,0,3.960333723653396,10.745261608690864,GZMA;HP;SNCA
GO_Biological_Process_2023,Negative Regulation Of Sprouting Angiogenesis (GO:1903671),3/10,0.0663228199882068,0.3079861279948409,0,0,3.960333723653396,10.745261608690864,SEMA6A;ALOX5;KLF2
GO_Biological_Process_2023,Neuron Projection Fasciculation (GO:0106030),3/10,0.0663228199882068,0.3079861279948409,0,0,3.960333723653396,10.745261608690864,SEMA5A;CRTAC1;RTN4
GO_Biological_Process_2023,Positive Regulation Of Defense Response To Bacterium (GO:1900426),3/10,0.0663228199882068,0.3079861279948409,0,0,3.960333723653396,10.745261608690864,MMRN2;EMILIN2;PGC
GO_Biological_Process_2023,Positive Regulation Of Phospholipid Transport (GO:2001140),3/10,0.0663228199882068,0.3079861279948409,0,0,3.960333723653396,10.745261608690864,CETP;APOA1;TSPO
GO_Biological_Process_2023,Receptor-Mediated Endocytosis Of Virus By Host Cell (GO:0019065),3/10,0.0663228199882068,0.3079861279948409,0,0,3.960333723653396,10.745261608690864,CAV2;CTSL;CAV1
GO_Biological_Process_2023,Regulation Of Calcium Ion Import Across Plasma Membrane (GO:1905664),3/10,0.0663228199882068,0.3079861279948409,0,0,3.960333723653396,10.745261608690864,PRNP;PPP3CC;RAMP3
GO_Biological_Process_2023,Regulation Of Inclusion Body Assembly (GO:0090083),3/10,0.0663228199882068,0.3079861279948409,0,0,3.960333723653396,10.745261608690864,DNAJB6;HSPA2;SNCAIP
GO_Biological_Process_2023,Regulation Of Lamellipodium Morphogenesis (GO:2000392),3/10,0.0663228199882068,0.3079861279948409,0,0,3.960333723653396,10.745261608690864,PDPN;ENPP2;CD44
GO_Biological_Process_2023,Regulation Of Mitochondrial Depolarization (GO:0051900),3/10,0.0663228199882068,0.3079861279948409,0,0,3.960333723653396,10.745261608690864,MYOC;LRRK2;DCN
GO_Biological_Process_2023,Regulation Of Peroxisome Proliferator Activated Receptor Signaling Pathway (GO:0035358),3/10,0.0663228199882068,0.3079861279948409,0,0,3.960333723653396,10.745261608690864,BMP2;PTGIS;CITED2
GO_Biological_Process_2023,Regulation Of Phospholipase Activity (GO:0010517),3/10,0.0663228199882068,0.3079861279948409,0,0,3.960333723653396,10.745261608690864,RGS2;PLA2G5;SNCA
GO_Biological_Process_2023,Response To Corticosteroid (GO:0031960),3/10,0.0663228199882068,0.3079861279948409,0,0,3.960333723653396,10.745261608690864,IL1RN;IL6;TNF
GO_Biological_Process_2023,Cardiac Muscle Cell Action Potential Involved In Contraction (GO:0086002),6/30,0.0668174728184622,0.3085439131605896,0,0,2.3115700359158544,6.254624621217012,GJA1;NEDD4L;KCNA5;SCN4B;KCNJ2;SCN2B
GO_Biological_Process_2023,Negative Regulation Of Axon Extension (GO:0030517),6/30,0.0668174728184622,0.3085439131605896,0,0,2.3115700359158544,6.254624621217012,SEMA5A;MAG;SEMA6A;SEMA3B;SEMA3G;RTN4
GO_Biological_Process_2023,Negative Regulation Of Myeloid Leukocyte Differentiation (GO:0002762),6/30,0.0668174728184622,0.3085439131605896,0,0,2.3115700359158544,6.254624621217012,CDK6;MAFB;CCL3;LILRB3;TLR4;C1QC
GO_Biological_Process_2023,Negative Regulation Of Peptidyl-Tyrosine Phosphorylation (GO:0050732),6/30,0.0668174728184622,0.3085439131605896,0,0,2.3115700359158544,6.254624621217012,SOCS3;SFRP1;PTPRC;HYAL2;CAV1;SAMSN1
GO_Biological_Process_2023,Positive Regulation Of Locomotion (GO:0040017),6/30,0.0668174728184622,0.3085439131605896,0,0,2.3115700359158544,6.254624621217012,DUOX1;CCL21;SPOCK2;RARRES2;PDGFB;PPM1F
GO_Biological_Process_2023,Adaptive Immune Response Based On Somatic Recombination Of Immune Receptors Built From Immunoglobulin Superfamily Domains (GO:0002460),5/23,0.0674471748141789,0.3086832367328923,0,0,2.567948717948718,6.924244099258988,CD8A;BTN3A3;C4BPA;TLR4;HLA-DRB1
GO_Biological_Process_2023,Glial Cell Development (GO:0021782),5/23,0.0674471748141789,0.3086832367328923,0,0,2.567948717948718,6.924244099258988,CDK6;MXRA8;TPPP;DLL1;S100A9
GO_Biological_Process_2023,Negative Regulation Of Protein Tyrosine Kinase Activity (GO:0061099),5/23,0.0674471748141789,0.3086832367328923,0,0,2.567948717948718,6.924244099258988,DUSP22;GPRC5A;PTPRC;HYAL2;CHMP6
GO_Biological_Process_2023,Protein Localization To Cell Junction (GO:1902414),5/23,0.0674471748141789,0.3086832367328923,0,0,2.567948717948718,6.924244099258988,HEG1;CGNL1;JAK1;JAM3;TJP2
GO_Biological_Process_2023,Regulation Of Cardiac Muscle Hypertrophy (GO:0010611),5/23,0.0674471748141789,0.3086832367328923,0,0,2.567948717948718,6.924244099258988,EDN1;RGS2;NOTCH1;IGF1;LMCD1
GO_Biological_Process_2023,Regulation Of Cholesterol Transport (GO:0032374),5/23,0.0674471748141789,0.3086832367328923,0,0,2.567948717948718,6.924244099258988,CETP;APOC1;APOA1;TSPO;ABCA8
GO_Biological_Process_2023,Regulation Of Interleukin-4 Production (GO:0032673),5/23,0.0674471748141789,0.3086832367328923,0,0,2.567948717948718,6.924244099258988,CD86;FCER1G;NLRP3;HLA-DRB1;HLA-E
GO_Biological_Process_2023,Response To BMP (GO:0071772),5/23,0.0674471748141789,0.3086832367328923,0,0,2.567948717948718,6.924244099258988,ACVRL1;TMEM100;BMP2;SFRP1;BMP6
GO_Biological_Process_2023,Transport Across Blood-Brain Barrier (GO:0150104),13/85,0.0689074832423585,0.3150165632355992,0,0,1.671022142121524,4.469968349894042,SLC22A3;ABCB1;TFRC;KCNJ8;SLC1A1;SLC2A3;ATP1A2;AGER;FABP5;SLCO2B1;LEPR;CD36;ABCG2
GO_Biological_Process_2023,Positive Regulation Of NIK/NF-kappaB Signaling (GO:1901224),9/53,0.0697918491690636,0.3187057945979748,0,0,1.8920980099037648,5.037215316511946,CD86;IL1B;LAPTM5;NLRP3;TLR7;TNF;TLR4;AGER;SASH1
GO_Biological_Process_2023,BMP Signaling Pathway (GO:0030509),10/61,0.0705585597076008,0.3194142717193808,0,0,1.8140027219113863,4.8094876921927945,ACVRL1;TMEM100;TGFBR3;GDF10;BMP2;PPARG;SMAD6;LEFTY2;BMP6;ENG
GO_Biological_Process_2023,Positive Regulation Of Cell Junction Assembly (GO:1901890),10/61,0.0705585597076008,0.3194142717193808,0,0,1.8140027219113863,4.8094876921927945,PTPRD;CLDN5;SFRP1;MYOC;BDNF;CAV1;WNT7A;GHRL;TEK;PPM1F
GO_Biological_Process_2023,Calcium-Dependent Cell-Cell Adhesion Via Plasma Membrane Cell Adhesion Molecules (GO:0016339),7/38,0.0723990633584123,0.3194142717193808,0,0,2.0881300920712724,5.482514846884021,CDH6;SELP;CDH5;SELL;CDH23;CDH13;PCDHB4
GO_Biological_Process_2023,Membrane Assembly (GO:0071709),7/38,0.0723990633584123,0.3194142717193808,0,0,2.0881300920712724,5.482514846884021,PTPRD;NLGN4X;ANXA2;STX2;CHMP6;SPTBN1;CHMP5
GO_Biological_Process_2023,Positive Regulation Of Protein Kinase Activity (GO:0045860),20/145,0.0724309351333399,0.3194142717193808,0,0,1.4817571059431525,3.889792866301222,EGR1;PRNP;CCL21;CAB39L;SLC11A1;LRRK2;PDGFB;NEDD9;ADRB2;AXIN2;CLU;TGFBR2;RASSF2;RAP1A;PTPRC;RELN;CCL5;GAS6;FCGR1A;SNCA
GO_Biological_Process_2023,T Cell Activation (GO:0042110),16/111,0.0735847905367008,0.3194142717193808,0,0,1.559132488260362,4.068270789808821,CD86;ITK;CD74;IFNA14;CCL21;CD1C;PTPRC;CD8A;CLEC7A;KIT;LEPR;LCP1;CD247;CD44;MICA;IFNA10
GO_Biological_Process_2023,Epithelium Development (GO:0060429),21/154,0.0737291481049314,0.3194142717193808,0,0,1.4623632504218147,3.8129031471733184,NDRG4;TAGLN;PCNA;KRT4;TCF21;AKR1C2;MEOX1;DLL1;TBX2;BMP2;DMBT1;SOX17;SOX18;ALDH1A2;GSTA2;GSTA1;SNAI2;PPARG;WNT2;CD34;CES1
GO_Biological_Process_2023,Negative Regulation Of Binding (GO:0051100),13/86,0.0742569260865259,0.3194142717193808,0,0,1.6480397274381728,4.285272823085177,JUN;LRRK2;CAV1;GZMA;PDGFB;ARHGAP28;IFIT2;DAB2;PLN;SLN;SLPI;EFHB;NES
GO_Biological_Process_2023,Regulation Of Interleukin-10 Production (GO:0032653),8/46,0.0754433347082616,0.3194142717193808,0,0,1.9470710674992568,5.031958749101571,IL6;TYROBP;CLEC7A;CD47;FCGR2B;DLL1;TLR4;HLA-DRB1
GO_Biological_Process_2023,Long-Chain Fatty Acid Metabolic Process (GO:0001676),12/78,0.0756259552499523,0.3194142717193808,0,0,1.6824030318626304,4.343890150485282,ACADL;ALOX5;PLA2G4C;ALOX15;CYP1A2;GSTA1;ACOT2;ACOT1;ACSL4;ABHD6;LTC4S;MGLL
GO_Biological_Process_2023,Inorganic Cation Import Across Plasma Membrane (GO:0098659),15/103,0.0757812809586872,0.3194142717193808,0,0,1.5777589034676665,4.070466458575043,KCNJ5;SLC24A4;KCNJ8;TRPV2;KCNJ15;KCNJ16;ATP1B3;ATP1A2;CLU;SLC8A3;SCNN1G;SLC9A9;SCN7A;SLC39A8;KCNJ2
GO_Biological_Process_2023,Actin Filament Polymerization (GO:0030041),6/31,0.0763070767440951,0.3194142717193808,0,0,2.2189840944073884,5.709422988717286,PREX1;GSN;FAM107A;ANG;WASF3;GAS7
GO_Biological_Process_2023,Modulation Of Excitatory Postsynaptic Potential (GO:0098815),6/31,0.0763070767440951,0.3194142717193808,0,0,2.2189840944073884,5.709422988717286,SLC8A3;RELN;NLGN4X;LRRK2;WNT7A;SHANK3
GO_Biological_Process_2023,Negative Regulation Of Cell-Matrix Adhesion (GO:0001953),6/31,0.0763070767440951,0.3194142717193808,0,0,2.2189840944073884,5.709422988717286,ACVRL1;DUSP22;MYOC;FAM107A;PHLDB2;CLASP2
GO_Biological_Process_2023,Negative Regulation Of Chemotaxis (GO:0050922),6/31,0.0763070767440951,0.3194142717193808,0,0,2.2189840944073884,5.709422988717286,SEMA5A;NOTCH1;SEMA6A;SEMA3B;SEMA3G;SLIT2
GO_Biological_Process_2023,Negative Regulation Of Developmental Growth (GO:0048640),6/31,0.0763070767440951,0.3194142717193808,0,0,2.2189840944073884,5.709422988717286,MAG;WWC2;SEMA3G;MYOZ1;RTN4;SLC6A4
GO_Biological_Process_2023,Toll-Like Receptor Signaling Pathway (GO:0002224),6/31,0.0763070767440951,0.3194142717193808,0,0,2.2189840944073884,5.709422988717286,BTK;TLR8;TLR7;MAP3K7;TLR4;CTSS
GO_Biological_Process_2023,Regulation Of Exocytosis (GO:0017157),9/54,0.0768322502984018,0.3194142717193808,0,0,1.8499486125385407,4.747210115294953,ANXA2;LGI3;FGG;STXBP6;CHMP6;CFTR;RAB8B;CLASP2;SNCA
GO_Biological_Process_2023,Diol Biosynthetic Process (GO:0034312),4/17,0.0772072679858309,0.3194142717193808,0,0,2.84382762291527,7.283786719331625,QDPR;ASAH1;SPTLC1;SPTLC3
GO_Biological_Process_2023,Embryonic Digit Morphogenesis (GO:0042733),4/17,0.0772072679858309,0.3194142717193808,0,0,2.84382762291527,7.283786719331625,WNT7A;MSX1;TBX3;TBX2
GO_Biological_Process_2023,Negative Regulation Of Leukocyte Activation (GO:0002695),4/17,0.0772072679858309,0.3194142717193808,0,0,2.84382762291527,7.283786719331625,CD300LF;FCGR2B;CD200;CD33
GO_Biological_Process_2023,Negative Regulation Of Vascular Associated Smooth Muscle Cell Proliferation (GO:1904706),4/17,0.0772072679858309,0.3194142717193808,0,0,2.84382762291527,7.283786719331625,CNN1;EFEMP2;PPARG;APLN
GO_Biological_Process_2023,Positive Regulation Of Amyloid-Beta Formation (GO:1902004),4/17,0.0772072679858309,0.3194142717193808,0,0,2.84382762291527,7.283786719331625,IFNGR1;CLU;TNF;ABCG1
GO_Biological_Process_2023,Positive Regulation Of Lymphocyte Chemotaxis (GO:0140131),4/17,0.0772072679858309,0.3194142717193808,0,0,2.84382762291527,7.283786719331625,CCL21;CCL5;CCL3;NEDD9
GO_Biological_Process_2023,Positive Regulation Of Small GTPase Mediated Signal Transduction (GO:0051057),4/17,0.0772072679858309,0.3194142717193808,0,0,2.84382762291527,7.283786719331625,NOTCH1;RELN;RASGRF1;IGF1
GO_Biological_Process_2023,Regulation Of Receptor Recycling (GO:0001919),4/17,0.0772072679858309,0.3194142717193808,0,0,2.84382762291527,7.283786719331625,RAMP3;PCSK9;LDLR;SNCA
GO_Biological_Process_2023,Regulation Of Receptor Signaling Pathway Via STAT (GO:1904892),4/17,0.0772072679858309,0.3194142717193808,0,0,2.84382762291527,7.283786719331625,IL6;PTPRC;PPARG;IL7R
GO_Biological_Process_2023,T Cell Receptor Signaling Pathway (GO:0050852),14/95,0.0778937279820749,0.3194142717193808,0,0,1.599633636727918,4.08292063966742,BTNL9;ITK;PDE4D;BTN3A3;PRAM1;PTPRC;CD8A;PDE4B;BTK;CD247;HLA-DRB3;MAP3K7;HLA-DRB1;HLA-DPA1
GO_Biological_Process_2023,L-ascorbic Acid Metabolic Process (GO:0019852),2/5,0.0781820659577795,0.3194142717193808,0,0,6.158730158730159,15.6968478953095,RGN;SLC2A3
GO_Biological_Process_2023,Amylin Receptor Signaling Pathway (GO:0097647),2/5,0.0781820659577795,0.3194142717193808,0,0,6.158730158730159,15.6968478953095,RAMP2;RAMP3
GO_Biological_Process_2023,Astrocyte Differentiation (GO:0048708),2/5,0.0781820659577795,0.3194142717193808,0,0,6.158730158730159,15.6968478953095,DLL1;S100A9
GO_Biological_Process_2023,Bradykinin Catabolic Process (GO:0010815),2/5,0.0781820659577795,0.3194142717193808,0,0,6.158730158730159,15.6968478953095,MME;CTSH
GO_Biological_Process_2023,Cellular Response To Granulocyte Macrophage Colony-Stimulating Factor Stimulus (GO:0097011),2/5,0.0781820659577795,0.3194142717193808,0,0,6.158730158730159,15.6968478953095,ZFP36;ZFP36L2
GO_Biological_Process_2023,Cellular Response To Iron Ion (GO:0071281),2/5,0.0781820659577795,0.3194142717193808,0,0,6.158730158730159,15.6968478953095,F3;BMP6
GO_Biological_Process_2023,Cerebral Cortex Cell Migration (GO:0021795),2/5,0.0781820659577795,0.3194142717193808,0,0,6.158730158730159,15.6968478953095,RELN;LHX6
GO_Biological_Process_2023,Chitin Catabolic Process (GO:0006032),2/5,0.0781820659577795,0.3194142717193808,0,0,6.158730158730159,15.6968478953095,CHIA;CHI3L2
GO_Biological_Process_2023,Chitin Metabolic Process (GO:0006030),2/5,0.0781820659577795,0.3194142717193808,0,0,6.158730158730159,15.6968478953095,CHIA;CHI3L2
GO_Biological_Process_2023,Cholesterol Import (GO:0070508),2/5,0.0781820659577795,0.3194142717193808,0,0,6.158730158730159,15.6968478953095,CD36;LDLR
GO_Biological_Process_2023,Embryonic Hindlimb Morphogenesis (GO:0035116),2/5,0.0781820659577795,0.3194142717193808,0,0,6.158730158730159,15.6968478953095,WNT7A;TBX4
GO_Biological_Process_2023,Endothelin Receptor Signaling Pathway (GO:0086100),2/5,0.0781820659577795,0.3194142717193808,0,0,6.158730158730159,15.6968478953095,EDN1;EDNRB
GO_Biological_Process_2023,Forebrain Neuron Differentiation (GO:0021879),2/5,0.0781820659577795,0.3194142717193808,0,0,6.158730158730159,15.6968478953095,LHX6;SHANK3
GO_Biological_Process_2023,Glomerular Epithelial Cell Differentiation (GO:0072311),2/5,0.0781820659577795,0.3194142717193808,0,0,6.158730158730159,15.6968478953095,PTPRO;KLF15
GO_Biological_Process_2023,Glycosylceramide Metabolic Process (GO:0006677),2/5,0.0781820659577795,0.3194142717193808,0,0,6.158730158730159,15.6968478953095,ST6GALNAC3;ST6GALNAC6
GO_Biological_Process_2023,Hydrogen Peroxide Biosynthetic Process (GO:0050665),2/5,0.0781820659577795,0.3194142717193808,0,0,6.158730158730159,15.6968478953095,DUOX1;MAOB
GO_Biological_Process_2023,Leukocyte Apoptotic Process (GO:0071887),2/5,0.0781820659577795,0.3194142717193808,0,0,6.158730158730159,15.6968478953095,IL6;CTSL
GO_Biological_Process_2023,Negative Regulation Of B Cell Receptor Signaling Pathway (GO:0050859),2/5,0.0781820659577795,0.3194142717193808,0,0,6.158730158730159,15.6968478953095,LPXN;FCGR2B
GO_Biological_Process_2023,Negative Regulation Of Calcium Ion Import (GO:0090281),2/5,0.0781820659577795,0.3194142717193808,0,0,6.158730158730159,15.6968478953095,PLN;SLN
GO_Biological_Process_2023,Negative Regulation Of Cellular Extravasation (GO:0002692),2/5,0.0781820659577795,0.3194142717193808,0,0,6.158730158730159,15.6968478953095,PTGER4;CXCL12
GO_Biological_Process_2023,Negative Regulation Of Erythrocyte Differentiation (GO:0045647),2/5,0.0781820659577795,0.3194142717193808,0,0,6.158730158730159,15.6968478953095,ZFP36;MAFB
GO_Biological_Process_2023,Negative Regulation Of Excitatory Postsynaptic Potential (GO:0090394),2/5,0.0781820659577795,0.3194142717193808,0,0,6.158730158730159,15.6968478953095,NLGN4X;LRRK2
GO_Biological_Process_2023,Negative Regulation Of Fibroblast Migration (GO:0010764),2/5,0.0781820659577795,0.3194142717193808,0,0,6.158730158730159,15.6968478953095,HAS1;HYAL2
GO_Biological_Process_2023,Negative Regulation Of Monocyte Chemotaxis (GO:0090027),2/5,0.0781820659577795,0.3194142717193808,0,0,6.158730158730159,15.6968478953095,DUSP1;SLIT2
GO_Biological_Process_2023,Negative Regulation Of Morphogenesis Of An Epithelium (GO:1905331),2/5,0.0781820659577795,0.3194142717193808,0,0,6.158730158730159,15.6968478953095,TNF;TBX2
GO_Biological_Process_2023,Negative Regulation Of Myeloid Leukocyte Mediated Immunity (GO:0002887),2/5,0.0781820659577795,0.3194142717193808,0,0,6.158730158730159,15.6968478953095,CX3CR1;SPI1
GO_Biological_Process_2023,Negative Regulation Of Nervous System Process (GO:0031645),2/5,0.0781820659577795,0.3194142717193808,0,0,6.158730158730159,15.6968478953095,TMEM98;JAM2
GO_Biological_Process_2023,Negative Regulation Of Protein Kinase Activity By Regulation Of Protein Phosphorylation (GO:0044387),2/5,0.0781820659577795,0.3194142717193808,0,0,6.158730158730159,15.6968478953095,ADARB1;PPM1F
GO_Biological_Process_2023,Negative Regulation Of Relaxation Of Muscle (GO:1901078),2/5,0.0781820659577795,0.3194142717193808,0,0,6.158730158730159,15.6968478953095,PDE4D;PDE4B
GO_Biological_Process_2023,Negative Regulation Of Transcription From RNA Polymerase II Promoter In Response To Stress (GO:0097201),2/5,0.0781820659577795,0.3194142717193808,0,0,6.158730158730159,15.6968478953095,JUN;CITED2
GO_Biological_Process_2023,"Nucleotide-Binding Domain, Leucine Rich Repeat Containing Receptor Signaling Pathway (GO:0035872)",2/5,0.0781820659577795,0.3194142717193808,0,0,6.158730158730159,15.6968478953095,TNFAIP3;MAP3K7
GO_Biological_Process_2023,Pericardium Morphogenesis (GO:0003344),2/5,0.0781820659577795,0.3194142717193808,0,0,6.158730158730159,15.6968478953095,NOTCH1;FLRT3
GO_Biological_Process_2023,"Positive Regulation Of CD4-positive, CD25-positive, Alpha-Beta Regulatory T Cell Differentiation (GO:0032831)",2/5,0.0781820659577795,0.3194142717193808,0,0,6.158730158730159,15.6968478953095,HLA-DRA;HLA-DRB1
GO_Biological_Process_2023,Positive Regulation Of I-kappaB Phosphorylation (GO:1903721),2/5,0.0781820659577795,0.3194142717193808,0,0,6.158730158730159,15.6968478953095,CX3CR1;TNF
GO_Biological_Process_2023,Positive Regulation Of T Cell Mediated Immune Response To Tumor Cell (GO:0002842),2/5,0.0781820659577795,0.3194142717193808,0,0,6.158730158730159,15.6968478953095,HLA-DRB3;HLA-DRB1
GO_Biological_Process_2023,Positive Regulation Of T-helper 1 Cell Cytokine Production (GO:2000556),2/5,0.0781820659577795,0.3194142717193808,0,0,6.158730158730159,15.6968478953095,IL1B;IL18R1
GO_Biological_Process_2023,Positive Regulation Of Antigen Processing And Presentation (GO:0002579),2/5,0.0781820659577795,0.3194142717193808,0,0,6.158730158730159,15.6968478953095,CCL21;SLC11A1
GO_Biological_Process_2023,Positive Regulation Of Cardiac Muscle Cell Differentiation (GO:2000727),2/5,0.0781820659577795,0.3194142717193808,0,0,6.158730158730159,15.6968478953095,EFNB2;WNT3A
GO_Biological_Process_2023,Positive Regulation Of Cholesterol Storage (GO:0010886),2/5,0.0781820659577795,0.3194142717193808,0,0,6.158730158730159,15.6968478953095,MSR1;LCP1
GO_Biological_Process_2023,Positive Regulation Of Dendritic Cell Antigen Processing And Presentation (GO:0002606),2/5,0.0781820659577795,0.3194142717193808,0,0,6.158730158730159,15.6968478953095,CCL21;SLC11A1
GO_Biological_Process_2023,Positive Regulation Of Endothelial Cell Development (GO:1901552),2/5,0.0781820659577795,0.3194142717193808,0,0,6.158730158730159,15.6968478953095,CDH5;CLDN5
GO_Biological_Process_2023,Positive Regulation Of Establishment Of Endothelial Barrier (GO:1903142),2/5,0.0781820659577795,0.3194142717193808,0,0,6.158730158730159,15.6968478953095,CDH5;CLDN5
GO_Biological_Process_2023,Positive Regulation Of Extrinsic Apoptotic Signaling Pathway Via Death Domain Receptors (GO:1902043),2/5,0.0781820659577795,0.3194142717193808,0,0,6.158730158730159,15.6968478953095,SFRP1;TIMP3
GO_Biological_Process_2023,Positive Regulation Of Intrinsic Apoptotic Signaling Pathway By P53 Class Mediator (GO:1902255),2/5,0.0781820659577795,0.3194142717193808,0,0,6.158730158730159,15.6968478953095,UBB;MSX1
GO_Biological_Process_2023,Positive Regulation Of Podosome Assembly (GO:0071803),2/5,0.0781820659577795,0.3194142717193808,0,0,6.158730158730159,15.6968478953095,LCP1;TNF
GO_Biological_Process_2023,Positive Regulation Of Transcription Of Notch Receptor Target (GO:0007221),2/5,0.0781820659577795,0.3194142717193808,0,0,6.158730158730159,15.6968478953095,NOTCH1;NOTCH4
GO_Biological_Process_2023,Positive Regulation Of Vesicle Fusion (GO:0031340),2/5,0.0781820659577795,0.3194142717193808,0,0,6.158730158730159,15.6968478953095,ANXA2;SNCA
GO_Biological_Process_2023,Protection From Natural Killer Cell Mediated Cytotoxicity (GO:0042270),2/5,0.0781820659577795,0.3194142717193808,0,0,6.158730158730159,15.6968478953095,SERPINB9;HLA-E
GO_Biological_Process_2023,Protein Import (GO:0017038),2/5,0.0781820659577795,0.3194142717193808,0,0,6.158730158730159,15.6968478953095,PRF1;CLU
GO_Biological_Process_2023,Protein Localization To Membrane Raft (GO:1903044),2/5,0.0781820659577795,0.3194142717193808,0,0,6.158730158730159,15.6968478953095,MYADM;ZDHHC2
GO_Biological_Process_2023,Protein Repair (GO:0030091),2/5,0.0781820659577795,0.3194142717193808,0,0,6.158730158730159,15.6968478953095,MSRA;MSRB3
GO_Biological_Process_2023,Protein Sulfation (GO:0006477),2/5,0.0781820659577795,0.3194142717193808,0,0,6.158730158730159,15.6968478953095,TPST2;UST
GO_Biological_Process_2023,Regulation Of T-helper 1 Cell Cytokine Production (GO:2000554),2/5,0.0781820659577795,0.3194142717193808,0,0,6.158730158730159,15.6968478953095,IL1B;IL18R1
GO_Biological_Process_2023,Regulation Of Calcidiol 1-Monooxygenase Activity (GO:0060558),2/5,0.0781820659577795,0.3194142717193808,0,0,6.158730158730159,15.6968478953095,IL1B;TNF
GO_Biological_Process_2023,Regulation Of Establishment Of T Cell Polarity (GO:1903903),2/5,0.0781820659577795,0.3194142717193808,0,0,6.158730158730159,15.6968478953095,GSN;DOCK8
GO_Biological_Process_2023,Regulation Of Glutamate Receptor Signaling Pathway (GO:1900449),2/5,0.0781820659577795,0.3194142717193808,0,0,6.158730158730159,15.6968478953095,PRNP;SHANK3
GO_Biological_Process_2023,Regulation Of Immature T Cell Proliferation In Thymus (GO:0033084),2/5,0.0781820659577795,0.3194142717193808,0,0,6.158730158730159,15.6968478953095,IL1A;IL1B
GO_Biological_Process_2023,Regulation Of Interleukin-1-Mediated Signaling Pathway (GO:2000659),2/5,0.0781820659577795,0.3194142717193808,0,0,6.158730158730159,15.6968478953095,IL1RN;IL6
GO_Biological_Process_2023,Regulation Of Macrophage Proliferation (GO:0120040),2/5,0.0781820659577795,0.3194142717193808,0,0,6.158730158730159,15.6968478953095,IL33;MAPK1
GO_Biological_Process_2023,Regulation Of Morphogenesis Of A Branching Structure (GO:0060688),2/5,0.0781820659577795,0.3194142717193808,0,0,6.158730158730159,15.6968478953095,LRRK2;RTN4
GO_Biological_Process_2023,Regulation Of Natural Killer Cell Mediated Immunity (GO:0002715),2/5,0.0781820659577795,0.3194142717193808,0,0,6.158730158730159,15.6968478953095,KLRB1;SH2D1B
GO_Biological_Process_2023,Regulation Of Neutrophil Activation (GO:1902563),2/5,0.0781820659577795,0.3194142717193808,0,0,6.158730158730159,15.6968478953095,PLA2G2A;FCGR2B
GO_Biological_Process_2023,Regulation Of Protein Depolymerization (GO:1901879),2/5,0.0781820659577795,0.3194142717193808,0,0,6.158730158730159,15.6968478953095,SLN;WDR1
GO_Biological_Process_2023,Regulation Of Retinal Ganglion Cell Axon Guidance (GO:0090259),2/5,0.0781820659577795,0.3194142717193808,0,0,6.158730158730159,15.6968478953095,PTPRO;SLIT2
GO_Biological_Process_2023,Regulation Of Superoxide Metabolic Process (GO:0090322),2/5,0.0781820659577795,0.3194142717193808,0,0,6.158730158730159,15.6968478953095,BST1;FBLN5
GO_Biological_Process_2023,Regulation Of Type 2 Immune Response (GO:0002828),2/5,0.0781820659577795,0.3194142717193808,0,0,6.158730158730159,15.6968478953095,CD74;NLRP3
GO_Biological_Process_2023,Regulation Of Type B Pancreatic Cell Proliferation (GO:0061469),2/5,0.0781820659577795,0.3194142717193808,0,0,6.158730158730159,15.6968478953095,NR4A1;NUPR1
GO_Biological_Process_2023,Regulation Of Ventricular Cardiac Muscle Cell Membrane Depolarization (GO:0060373),2/5,0.0781820659577795,0.3194142717193808,0,0,6.158730158730159,15.6968478953095,GJA5;SMAD7
GO_Biological_Process_2023,Regulation Of Vitamin D Biosynthetic Process (GO:0060556),2/5,0.0781820659577795,0.3194142717193808,0,0,6.158730158730159,15.6968478953095,SNAI2;TNF
GO_Biological_Process_2023,Renal Filtration Cell Differentiation (GO:0061318),2/5,0.0781820659577795,0.3194142717193808,0,0,6.158730158730159,15.6968478953095,PTPRO;KLF15
GO_Biological_Process_2023,Response To Bile Acid (GO:1903412),2/5,0.0781820659577795,0.3194142717193808,0,0,6.158730158730159,15.6968478953095,GPBAR1;FGFR4
GO_Biological_Process_2023,Response To cGMP (GO:0070305),2/5,0.0781820659577795,0.3194142717193808,0,0,6.158730158730159,15.6968478953095,PDE2A;TLR7
GO_Biological_Process_2023,Response To Granulocyte Macrophage Colony-Stimulating Factor (GO:0097012),2/5,0.0781820659577795,0.3194142717193808,0,0,6.158730158730159,15.6968478953095,ZFP36;ZFP36L2
GO_Biological_Process_2023,Retinal Ganglion Cell Axon Guidance (GO:0031290),2/5,0.0781820659577795,0.3194142717193808,0,0,6.158730158730159,15.6968478953095,PTPRM;SLIT2
GO_Biological_Process_2023,Synaptic Vesicle Uncoating (GO:0016191),2/5,0.0781820659577795,0.3194142717193808,0,0,6.158730158730159,15.6968478953095,SH3GL3;SH3GL2
GO_Biological_Process_2023,Tight Junction Organization (GO:0120193),2/5,0.0781820659577795,0.3194142717193808,0,0,6.158730158730159,15.6968478953095,CLDN11;CLDN5
GO_Biological_Process_2023,Venous Blood Vessel Morphogenesis (GO:0048845),2/5,0.0781820659577795,0.3194142717193808,0,0,6.158730158730159,15.6968478953095,NOTCH1;ENG
GO_Biological_Process_2023,Zymogen Inhibition (GO:0097341),2/5,0.0781820659577795,0.3194142717193808,0,0,6.158730158730159,15.6968478953095,CAST;CST7
GO_Biological_Process_2023,ERK1 And ERK2 Cascade (GO:0070371),5/24,0.0786322096439553,0.3194142717193808,0,0,2.4326585695006746,6.186187180717631,PTGER4;CTSH;MAPK1;IGF1;ZFP36L2
GO_Biological_Process_2023,Cell Morphogenesis Involved In Differentiation (GO:0000904),5/24,0.0786322096439553,0.3194142717193808,0,0,2.4326585695006746,6.186187180717631,RB1;PKHD1;SPI1;RELN;DACT2
GO_Biological_Process_2023,Mononuclear Cell Differentiation (GO:1903131),5/24,0.0786322096439553,0.3194142717193808,0,0,2.4326585695006746,6.186187180717631,IRF8;MT1G;PPARG;GAS6;CLU
GO_Biological_Process_2023,Positive Regulation Of Cellular Response To Transforming Growth Factor Beta Stimulus (GO:1903846),5/24,0.0786322096439553,0.3194142717193808,0,0,2.4326585695006746,6.186187180717631,CDKN1C;SDCBP;CDKN2B;DAB2;CITED2
GO_Biological_Process_2023,Positive Regulation Of Transforming Growth Factor Beta Receptor Signaling Pathway (GO:0030511),5/24,0.0786322096439553,0.3194142717193808,0,0,2.4326585695006746,6.186187180717631,CDKN1C;SDCBP;CDKN2B;DAB2;CITED2
GO_Biological_Process_2023,Regulation Of Ryanodine-Sensitive Calcium-Release Channel Activity (GO:0060314),5/24,0.0786322096439553,0.3194142717193808,0,0,2.4326585695006746,6.186187180717631,JPH2;GSTO1;PDE4D;FKBP1B;CASQ2
GO_Biological_Process_2023,Glucose Homeostasis (GO:0042593),13/87,0.0798675771457625,0.3241128574023603,0,0,1.6256784590976143,4.108715842464505,CEBPA;BAD;WFS1;HK3;IL6;ALOX5;LEPR;PDK4;CRY1;FFAR2;PPARG;FGFR4;PPARGC1A
GO_Biological_Process_2023,Regulation Of Receptor-Mediated Endocytosis (GO:0048259),7/39,0.0811444455263136,0.3286469725888751,0,0,2.022763732032854,5.080220537937045,C3;CCL21;SGIP1;APOC1;RSPO1;CLU;F3
GO_Biological_Process_2023,Release Of Sequestered Calcium Ion Into Cytosol (GO:0051209),7/39,0.0811444455263136,0.3286469725888751,0,0,2.022763732032854,5.080220537937045,GP9;PTPRC;CCL21;ITPR1;PLCE1;CLU;FGF2
GO_Biological_Process_2023,Positive Regulation Of Protein Localization To Membrane (GO:1905477),12/79,0.0816270274074564,0.3302767444904845,0,0,1.6572003594994662,4.152272692185855,ITGB1;PRNP;ITGAM;PRKCH;RAMP3;STAC;PRKCE;GZMB;SORBS1;TNF;SPTBN1;NKD2
GO_Biological_Process_2023,Kidney Development (GO:0001822),11/71,0.0830651879277372,0.3354367736023036,0,0,1.696116255144033,4.220157030170416,SOX17;MME;WFS1;HYAL2;ARL3;ZBTB16;AGTR1;ITGA8;PCSK9;TCF21;CTSH
GO_Biological_Process_2023,Regulation Of Hydrolase Activity (GO:0051336),11/71,0.0830651879277372,0.3354367736023036,0,0,1.696116255144033,4.220157030170416,ARHGAP9;FGD3;NTRK2;FGD5;CHN2;CAV1;CHN1;APOA1;ARHGAP15;CRK;RASIP1
GO_Biological_Process_2023,Negative Regulation Of Tumor Necrosis Factor Production (GO:0032720),8/47,0.0835092273245278,0.3357550270802025,0,0,1.8970408122950493,4.709969412316807,CLEC4A;SYT11;TNFAIP3;GHRL;IGF1;GAS6;TLR4;CD33
GO_Biological_Process_2023,Positive Regulation Of Tyrosine Phosphorylation Of STAT Protein (GO:0042531),9/55,0.0842907264255582,0.3357550270802025,0,0,1.809631797667456,4.476094260212725,GHR;IL6;IL15;CCL5;KIT;OSM;HCLS1;IGF1;TNF
GO_Biological_Process_2023,Desensitization Of G Protein-Coupled Receptor Signaling Pathway (GO:0002029),3/11,0.084774272435885,0.3357550270802025,0,0,3.465099897540984,8.551045918967384,DMBT1;ADRB2;ARRB2
GO_Biological_Process_2023,Melanocyte Differentiation (GO:0030318),3/11,0.084774272435885,0.3357550270802025,0,0,3.465099897540984,8.551045918967384,KIT;TYRP1;MITF
GO_Biological_Process_2023,Negative Regulation Of Amyloid Fibril Formation (GO:1905907),3/11,0.084774272435885,0.3357550270802025,0,0,3.465099897540984,8.551045918967384,CLU;CRYAB;LDLR
GO_Biological_Process_2023,Negative Regulation Of Bone Remodeling (GO:0046851),3/11,0.084774272435885,0.3357550270802025,0,0,3.465099897540984,8.551045918967384,IL6;SFRP1;TNFAIP3
GO_Biological_Process_2023,Negative Regulation Of Leukocyte Chemotaxis (GO:0002689),3/11,0.084774272435885,0.3357550270802025,0,0,3.465099897540984,8.551045918967384,C5;DUSP1;SLIT2
GO_Biological_Process_2023,Negative Regulation Of Potassium Ion Transmembrane Transport (GO:1901380),3/11,0.084774272435885,0.3357550270802025,0,0,3.465099897540984,8.551045918967384,CAV1;CASQ2;NEDD4L
GO_Biological_Process_2023,Negative Regulation Of Release Of Sequestered Calcium Ion Into Cytosol (GO:0051280),3/11,0.084774272435885,0.3357550270802025,0,0,3.465099897540984,8.551045918967384,GSTO1;FKBP1B;CASQ2
GO_Biological_Process_2023,Negative Regulation Of Ryanodine-Sensitive Calcium-Release Channel Activity (GO:0060315),3/11,0.084774272435885,0.3357550270802025,0,0,3.465099897540984,8.551045918967384,GSTO1;FKBP1B;CASQ2
GO_Biological_Process_2023,Phospholipid Efflux (GO:0033700),3/11,0.084774272435885,0.3357550270802025,0,0,3.465099897540984,8.551045918967384,APOC1;APOA1;ABCG1
GO_Biological_Process_2023,Podocyte Differentiation (GO:0072112),3/11,0.084774272435885,0.3357550270802025,0,0,3.465099897540984,8.551045918967384,PODXL;PTPRO;KLF15
GO_Biological_Process_2023,Positive Regulation Of Lipid Transport (GO:0032370),3/11,0.084774272435885,0.3357550270802025,0,0,3.465099897540984,8.551045918967384,CETP;ABCA3;TSPO
GO_Biological_Process_2023,Positive Regulation Of Myelination (GO:0031643),3/11,0.084774272435885,0.3357550270802025,0,0,3.465099897540984,8.551045918967384,EGR2;TPPP;TNFRSF1B
GO_Biological_Process_2023,Positive Regulation Of Vascular Permeability (GO:0043117),3/11,0.084774272435885,0.3357550270802025,0,0,3.465099897540984,8.551045918967384,PDE2A;BMP6;TJP2
GO_Biological_Process_2023,Regulation Of T Cell Mediated Immunity (GO:0002709),3/11,0.084774272435885,0.3357550270802025,0,0,3.465099897540984,8.551045918967384,IL1B;CLC;TNFRSF1B
GO_Biological_Process_2023,Regulation Of Adipose Tissue Development (GO:1904177),3/11,0.084774272435885,0.3357550270802025,0,0,3.465099897540984,8.551045918967384,SPI1;PPARG;LCP1
GO_Biological_Process_2023,Regulation Of Leukocyte Tethering Or Rolling (GO:1903236),3/11,0.084774272435885,0.3357550270802025,0,0,3.465099897540984,8.551045918967384,SELP;CXCL12;SELE
GO_Biological_Process_2023,Regulation Of Phospholipase C Activity (GO:1900274),3/11,0.084774272435885,0.3357550270802025,0,0,3.465099897540984,8.551045918967384,PDGFRA;KIT;FGF2
GO_Biological_Process_2023,Smooth Muscle Cell Differentiation (GO:0051145),3/11,0.084774272435885,0.3357550270802025,0,0,3.465099897540984,8.551045918967384,EDNRB;HEY1;HEY2
GO_Biological_Process_2023,Negative Regulation Of G1/S Transition Of Mitotic Cell Cycle (GO:2000134),6/32,0.0865172944694985,0.3416728052922959,0,0,2.133520148399574,5.2216005710311615,RB1;GPNMB;FHL1;FAM107A;CCL2;KLF4
GO_Biological_Process_2023,Regulation Of Natural Killer Cell Mediated Cytotoxicity (GO:0042269),6/32,0.0865172944694985,0.3416728052922959,0,0,2.133520148399574,5.2216005710311615,KLRB1;KLRD1;ARRB2;KIR2DL4;MICA;HLA-E
GO_Biological_Process_2023,Transition Metal Ion Transport (GO:0000041),6/32,0.0865172944694985,0.3416728052922959,0,0,2.133520148399574,5.2216005710311615,TFRC;SLC31A2;SLC11A1;SLC39A8;ATP2C1;F3
GO_Biological_Process_2023,Regulation Of Protein Localization To Plasma Membrane (GO:1903076),12/80,0.0879188625566251,0.3468752824432364,0,0,1.6327389422058067,3.969744979370689,ITGB1;DAB2;PRKCH;RAMP3;STAC;PRKCE;STX7;SORBS1;TNF;ZDHHC2;SPTBN1;NKD2
GO_Biological_Process_2023,Negative Regulation Of DNA-binding Transcription Factor Activity (GO:0043433),20/149,0.0899311348459136,0.3494956399766159,0,0,1.435490655609639,3.457682232935594,RB1;PRNP;SPI1;PTGIS;WFS1;LRRK2;TNFAIP3;ARRB2;KLF4;SMAD7;PKHD1;TCEAL7;SFRP5;ID2;ID1;NLRP3;ID3;NUPR1;GAS6;CD200
GO_Biological_Process_2023,Negative Regulation Of Mitotic Cell Cycle Phase Transition (GO:1901991),7/40,0.0904712592349674,0.3494956399766159,0,0,1.961358969572522,4.71260241773315,RB1;GPNMB;FHL1;FAM107A;CCL2;KLF4;ZFP36L2
GO_Biological_Process_2023,Positive Regulation Of Insulin Secretion (GO:0032024),7/40,0.0904712592349674,0.3494956399766159,0,0,1.961358969572522,4.71260241773315,BAD;NNAT;ACSL4;GHRL;MYRIP;CFTR;HLA-DRB1
GO_Biological_Process_2023,Positive Regulation Of Wound Healing (GO:0090303),7/40,0.0904712592349674,0.3494956399766159,0,0,1.961358969572522,4.71260241773315,ITGB1;DUOX1;CLEC7A;PRKCE;EMILIN2;MYLK;HBEGF
GO_Biological_Process_2023,Regulation Of Cytosolic Calcium Ion Concentration (GO:0051480),7/40,0.0904712592349674,0.3494956399766159,0,0,1.961358969572522,4.71260241773315,CALB2;PLN;CAV2;CAV1;FKBP1B;CDH23;TMEM64
GO_Biological_Process_2023,Regulation Of Small Molecule Metabolic Process (GO:0062012),7/40,0.0904712592349674,0.3494956399766159,0,0,1.961358969572522,4.71260241773315,ACADVL;ACADL;EPHX2;PGAM1;PDK4;SLC2A6;ABCG1
GO_Biological_Process_2023,Cardiac Conduction System Development (GO:0003161),5/25,0.0907440331618458,0.3494956399766159,0,0,2.310897435897436,5.545489597823622,GJA1;HEY1;GJA5;HEY2;MSX1
GO_Biological_Process_2023,Negative Regulation Of Intrinsic Apoptotic Signaling Pathway In Response To DNA Damage (GO:1902230),5/25,0.0907440331618458,0.3494956399766159,0,0,2.310897435897436,5.545489597823622,CD74;CXCL12;SNAI2;CLU;CD44
GO_Biological_Process_2023,Negative Regulation Of Lipid Biosynthetic Process (GO:0051055),5/25,0.0907440331618458,0.3494956399766159,0,0,2.310897435897436,5.545489597823622,ACADVL;BMP2;ACADL;APOC1;BMP5
GO_Biological_Process_2023,Negative Regulation Of Signaling Receptor Activity (GO:2000272),5/25,0.0907440331618458,0.3494956399766159,0,0,2.310897435897436,5.545489597823622,RAMP3;GPRC5A;PPARG;CHMP6;TNF
GO_Biological_Process_2023,Negative Regulation Of Stress Fiber Assembly (GO:0051497),5/25,0.0907440331618458,0.3494956399766159,0,0,2.310897435897436,5.545489597823622,MYOC;ARHGAP28;PHLDB2;CGNL1;CLASP2
GO_Biological_Process_2023,Osteoclast Differentiation (GO:0030316),5/25,0.0907440331618458,0.3494956399766159,0,0,2.310897435897436,5.545489597823622,BMP2;TYROBP;SNX10;GAB2;OSCAR
GO_Biological_Process_2023,Positive Regulation Of T Cell Migration (GO:2000406),5/25,0.0907440331618458,0.3494956399766159,0,0,2.310897435897436,5.545489597823622,CXCL12;CCL21;DOCK8;CCL5;AIF1
GO_Biological_Process_2023,Regulation Of Keratinocyte Proliferation (GO:0010837),5/25,0.0907440331618458,0.3494956399766159,0,0,2.310897435897436,5.545489597823622,TGM1;ZFP36;KLF9;SNAI2;PRKD1
GO_Biological_Process_2023,Regulation Of Monocyte Chemotaxis (GO:0090025),5/25,0.0907440331618458,0.3494956399766159,0,0,2.310897435897436,5.545489597823622,CCR1;CXCL12;DUSP1;CCL5;SLIT2
GO_Biological_Process_2023,Regulation Of Myelination (GO:0031641),5/25,0.0907440331618458,0.3494956399766159,0,0,2.310897435897436,5.545489597823622,EGR2;TMEM98;TPPP;TNFRSF1B;JAM2
GO_Biological_Process_2023,Regulation Of Protein Processing (GO:0070613),5/25,0.0907440331618458,0.3494956399766159,0,0,2.310897435897436,5.545489597823622,CCBE1;PRNP;LRRK2;GAS1;NKD2
GO_Biological_Process_2023,Ventricular Cardiac Muscle Tissue Development (GO:0003229),5/25,0.0907440331618458,0.3494956399766159,0,0,2.310897435897436,5.545489597823622,TGFBR3;TNNC1;ID2;TNNT2;SMAD7
GO_Biological_Process_2023,Cardiac Atrium Morphogenesis (GO:0003209),4/18,0.0919083786805016,0.3494956399766159,0,0,2.640550633374826,6.302896878182586,BMP2;NOTCH1;HEY2;ENG
GO_Biological_Process_2023,Cardiac Muscle Cell Contraction (GO:0086003),4/18,0.0919083786805016,0.3494956399766159,0,0,2.640550633374826,6.302896878182586,GSN;SCN4B;KCNJ2;SCN2B
GO_Biological_Process_2023,Epithelial Cell Development (GO:0002064),4/18,0.0919083786805016,0.3494956399766159,0,0,2.640550633374826,6.302896878182586,PKHD1;DACT2;WNT7A;ROS1
GO_Biological_Process_2023,Glycerolipid Catabolic Process (GO:0046503),4/18,0.0919083786805016,0.3494956399766159,0,0,2.640550633374826,6.302896878182586,PLA2G4F;PLA2G4C;ABHD6;MGLL
GO_Biological_Process_2023,Membrane Repolarization (GO:0086009),4/18,0.0919083786805016,0.3494956399766159,0,0,2.640550633374826,6.302896878182586,SLC24A4;ATP1A2;ATP1B3;KCNJ2
GO_Biological_Process_2023,Myoblast Fusion (GO:0007520),4/18,0.0919083786805016,0.3494956399766159,0,0,2.640550633374826,6.302896878182586,ITGB1;CD9;DOCK2;JAM2
GO_Biological_Process_2023,Negative Regulation Of Lipid Catabolic Process (GO:0050995),4/18,0.0919083786805016,0.3494956399766159,0,0,2.640550633374826,6.302896878182586,IL1B;PDE3B;APOC1;TNF
GO_Biological_Process_2023,Negative Regulation Of Viral Entry Into Host Cell (GO:0046597),4/18,0.0919083786805016,0.3494956399766159,0,0,2.640550633374826,6.302896878182586,FCN1;CH25H;FCN3;GSN
GO_Biological_Process_2023,Positive Regulation Of Focal Adhesion Assembly (GO:0051894),4/18,0.0919083786805016,0.3494956399766159,0,0,2.640550633374826,6.302896878182586,SFRP1;MYOC;TEK;PPM1F
GO_Biological_Process_2023,Positive Regulation Of Interleukin-4 Production (GO:0032753),4/18,0.0919083786805016,0.3494956399766159,0,0,2.640550633374826,6.302896878182586,CD86;FCER1G;NLRP3;HLA-E
GO_Biological_Process_2023,Positive Regulation Of Macrophage Migration (GO:1905523),4/18,0.0919083786805016,0.3494956399766159,0,0,2.640550633374826,6.302896878182586,RARRES2;CCL5;CCL3;MAPK1
GO_Biological_Process_2023,Positive Regulation Of Nervous System Process (GO:0031646),4/18,0.0919083786805016,0.3494956399766159,0,0,2.640550633374826,6.302896878182586,EGR2;TPPP;CST7;TNFRSF1B
GO_Biological_Process_2023,Positive Regulation Of Neutrophil Chemotaxis (GO:0090023),4/18,0.0919083786805016,0.3494956399766159,0,0,2.640550633374826,6.302896878182586,CD74;CCL21;DAPK2;RAC2
GO_Biological_Process_2023,Positive Regulation Of Osteoclast Differentiation (GO:0045672),4/18,0.0919083786805016,0.3494956399766159,0,0,2.640550633374826,6.302896878182586,TYROBP;NEDD9;TMEM64;TNF
GO_Biological_Process_2023,Regulation Of T Cell Cytokine Production (GO:0002724),4/18,0.0919083786805016,0.3494956399766159,0,0,2.640550633374826,6.302896878182586,CLC;TNFRSF1B;MAP3K7;SMAD7
GO_Biological_Process_2023,Regulation Of Adaptive Immune Response (GO:0002819),4/18,0.0919083786805016,0.3494956399766159,0,0,2.640550633374826,6.302896878182586,IRF1;ALOX15;FCGR2B;SAMSN1
GO_Biological_Process_2023,Regulation Of cAMP-mediated Signaling (GO:0043949),4/18,0.0919083786805016,0.3494956399766159,0,0,2.640550633374826,6.302896878182586,PDE4D;PDE2A;PDE3B;GNAI1
GO_Biological_Process_2023,Regulation Of Cell-Cell Adhesion Mediated By Cadherin (GO:2000047),4/18,0.0919083786805016,0.3494956399766159,0,0,2.640550633374826,6.302896878182586,NOTCH1;NOTCH4;BMP6;PPM1F
GO_Biological_Process_2023,Regulation Of Oligodendrocyte Differentiation (GO:0048713),4/18,0.0919083786805016,0.3494956399766159,0,0,2.640550633374826,6.302896878182586,NOTCH1;TMEM98;TNFRSF1B;ZNF365
GO_Biological_Process_2023,Renal Absorption (GO:0070293),4/18,0.0919083786805016,0.3494956399766159,0,0,2.640550633374826,6.302896878182586,GSN;HYAL2;HBB;MAGED2
GO_Biological_Process_2023,Ureteric Bud Development (GO:0001657),4/18,0.0919083786805016,0.3494956399766159,0,0,2.640550633374826,6.302896878182586,GPC3;TCF21;SLIT2;NPNT
GO_Biological_Process_2023,Myelination (GO:0042552),8/48,0.092061852239531,0.3494956399766159,0,0,1.849512069851053,4.411631191466037,SLC8A3;MYOC;EPB41L3;PMP22;CXCR4;MAL;TPPP;GPM6B
GO_Biological_Process_2023,Positive Regulation Of Reactive Oxygen Species Metabolic Process (GO:2000379),8/48,0.092061852239531,0.3494956399766159,0,0,1.849512069851053,4.411631191466037,ITGAM;TYROBP;CLEC7A;PDGFB;AGTR1;CD36;TLR4;TGFBR2
GO_Biological_Process_2023,MAPK Cascade (GO:0000165),14/98,0.0951073512219722,0.3607248431706297,0,0,1.5422462648119526,3.628518376572284,PTGER4;LRRK2;IGF1;TNF;ZFP36L2;ZFP36;IL1B;CCL5;CCL3;CTSH;CCL2;MAPK1;MAP3K7;SHANK3
GO_Biological_Process_2023,Neuron Projection Guidance (GO:0097485),17/124,0.0960382824499482,0.3639205937546797,0,0,1.470568945728808,3.44555538009813,EPHB6;SEMA5A;ROBO4;SEMA6A;NOTCH1;BDNF;PTPRO;SEMA3B;SEMA3G;NEXN;EFNB2;ENAH;NELL2;CXCL12;RELN;FEZ1;SLIT2
GO_Biological_Process_2023,Carboxylic Acid Metabolic Process (GO:0019752),6/33,0.0974371634007567,0.3671945800985517,0,0,2.0543868650590045,4.783737576749422,PTGIS;GSTO1;CYP1A2;TBXAS1;SLC2A3;ST3GAL1
GO_Biological_Process_2023,Cardiac Muscle Contraction (GO:0060048),6/33,0.0974371634007567,0.3671945800985517,0,0,2.0543868650590045,4.783737576749422,GSN;TNNC1;TNNT2;CASQ2;SCN4B;SCN2B
GO_Biological_Process_2023,Epithelial Tube Morphogenesis (GO:0060562),6/33,0.0974371634007567,0.3671945800985517,0,0,2.0543868650590045,4.783737576749422,ACVRL1;PKHD1;SOX17;PODXL;SLIT2;RASIP1
GO_Biological_Process_2023,Inositol Lipid-Mediated Signaling (GO:0048017),6/33,0.0974371634007567,0.3671945800985517,0,0,2.0543868650590045,4.783737576749422,PDGFRA;INPP5A;PLCE1;TNFAIP8L3;GAB2;IGF1
GO_Biological_Process_2023,Negative Regulation Of Endocytosis (GO:0045806),6/33,0.0974371634007567,0.3671945800985517,0,0,2.0543868650590045,4.783737576749422,PLSCR1;SYT11;CAV1;APOC1;PRKD1;FCGR2B
GO_Biological_Process_2023,Regulation Of Potassium Ion Transmembrane Transport (GO:1901379),6/33,0.0974371634007567,0.3671945800985517,0,0,2.0543868650590045,4.783737576749422,DPP6;KCNIP1;CAV1;FHL1;NEDD4L;KCNAB1
GO_Biological_Process_2023,Negative Regulation Of Cell Motility (GO:2000146),18/133,0.0975283652031717,0.3672023183472252,0,0,1.4488563668604522,3.37237549204583,CD74;CLIC4;CITED2;NEDD9;MITF;FBLN1;ADARB1;SMAD7;DUSP22;CLDN5;SFRP1;DACH1;MMRN2;EMILIN2;SLIT2;CRK;RECK;ENG
GO_Biological_Process_2023,Protein Localization To Cell Periphery (GO:1990778),19/142,0.0987107772353047,0.3713147866960915,0,0,1.429978834912316,3.311203430664285,RAMP2;RAMP3;ARL3;CAV1;ANK2;ATP1B3;TNF;ZDHHC2;PRAM1;NKD2;DPP6;RAP1A;TMEM88;EPB41L3;MYADM;GAS6;SPTBN1;RAB8B;CLASP2
GO_Biological_Process_2023,Regulation Of Tyrosine Phosphorylation Of STAT Protein (GO:0042509),10/65,0.0989593829328268,0.3719103086681696,0,0,1.6817013320869365,3.889852180231695,GHR;SOCS3;IL6;IL15;CCL5;KIT;OSM;HCLS1;IGF1;TNF
GO_Biological_Process_2023,Heart Contraction (GO:0060047),7/41,0.1003730981910938,0.3742158775336704,0,0,1.9035662519627972,4.376034320217305,TNNC1;TNNT2;CASQ2;ATP1A2;SCN4B;SGCG;SCN2B
GO_Biological_Process_2023,Positive Regulation Of Actin Filament Polymerization (GO:0030838),7/41,0.1003730981910938,0.3742158775336704,0,0,1.9035662519627972,4.376034320217305,CCL24;HCK;CSF3;CCL21;PRKCE;LMOD1;CDC42EP2
GO_Biological_Process_2023,Regulation Of Heart Rate By Cardiac Conduction (GO:0086091),7/41,0.1003730981910938,0.3742158775336704,0,0,1.9035662519627972,4.376034320217305,KCNJ5;CAV1;KCNA5;ANK2;SCN4B;KCNJ2;SCN2B
GO_Biological_Process_2023,Negative Regulation Of Cysteine-Type Endopeptidase Activity Involved In Apoptotic Process (GO:0043154),8/49,0.1010975890132737,0.3742158775336704,0,0,1.8043018026482267,4.1348625091882525,DNAJB6;LAMP3;GAS6;KLF4;TNF;CD44;AQP1;SNCA
GO_Biological_Process_2023,Negative Regulation Of Tumor Necrosis Factor Superfamily Cytokine Production (GO:1903556),8/49,0.1010975890132737,0.3742158775336704,0,0,1.8043018026482267,4.1348625091882525,CLEC4A;SYT11;TNFAIP3;GHRL;IGF1;GAS6;TLR4;CD33
GO_Biological_Process_2023,Cellular Component Assembly (GO:0022607),32/260,0.1030143795371333,0.3742158775336704,0,0,1.3003804362700824,2.9556173898779847,RTN1;WIPF1;FAM107A;NEDD9;AIF1;RTN4;HAS1;TSPAN4;HYDIN;CAPN3;LPXN;PPARGC1A;GPM6B;SPTBN1;WASF3;FZD1;CD74;GSN;NLGN4X;WNT3A;TINF2;STX7;FGG;DNAJB12;WNT7A;MITF;PTPRD;IL2RB;LCP1;CD247;GAS6;PPID
GO_Biological_Process_2023,Negative Regulation Of Lipid Metabolic Process (GO:0045833),5/26,0.1037552774083455,0.3742158775336704,0,0,2.200732600732601,4.986244428391132,IL1B;PDE3B;APOC1;CCDC3;TNF
GO_Biological_Process_2023,Positive Regulation Of Nuclear Division (GO:0051785),5/26,0.1037552774083455,0.3742158775336704,0,0,2.200732600732601,4.986244428391132,IL1A;EDN1;IL1B;PDGFB;IGF1
GO_Biological_Process_2023,Regulation Of Actin Filament Bundle Assembly (GO:0032231),5/26,0.1037552774083455,0.3742158775336704,0,0,2.200732600732601,4.986244428391132,PTGER4;SYNPO2L;SYNPO2;PLEK;SHANK3
GO_Biological_Process_2023,Lipid Transport (GO:0006869),15/108,0.1037757413629086,0.3742158775336704,0,0,1.4925174592617227,3.3813326932363825,CETP;ABCA6;ABCA3;ABCA9;ABCA8;RBP7;FABP4;FABP5;VAPA;SLCO2B1;SLCO2A1;TNFAIP8L3;CD36;PLTP;LDLR
GO_Biological_Process_2023,Positive Regulation Of Transferase Activity (GO:0051347),19/143,0.1039358450417769,0.3742158775336704,0,0,1.418367601972807,3.2111579327498974,ARRDC4;PDGFRA;CD74;NTRK2;PCNA;TIE1;APOA1;KLF4;TCP1;AGTR1;TSPO;MAPK1;ROR1;SERINC1;TEK;FGFR4;ROS1;CD200;HLA-DRB1
GO_Biological_Process_2023,Atrial Cardiac Muscle Cell Action Potential (GO:0086014),3/12,0.1051237897592753,0.3742158775336704,0,0,3.0799180327868854,6.937874712597856,KCNJ5;GJA1;KCNA5
GO_Biological_Process_2023,Axonal Fasciculation (GO:0007413),3/12,0.1051237897592753,0.3742158775336704,0,0,3.0799180327868854,6.937874712597856,SEMA5A;CRTAC1;RTN4
GO_Biological_Process_2023,Cellular Response To Leucine Starvation (GO:1990253),3/12,0.1051237897592753,0.3742158775336704,0,0,3.0799180327868854,6.937874712597856,IMPACT;RRAGB;SESN1
GO_Biological_Process_2023,Multicellular Organismal-Level Iron Ion Homeostasis (GO:0060586),3/12,0.1051237897592753,0.3742158775336704,0,0,3.0799180327868854,6.937874712597856,SLC11A1;CYBRD1;HMOX1
GO_Biological_Process_2023,Negative Regulation Of Cardiac Muscle Hypertrophy (GO:0010614),3/12,0.1051237897592753,0.3742158775336704,0,0,3.0799180327868854,6.937874712597856,RGS2;NOTCH1;PPARG
GO_Biological_Process_2023,Negative Regulation Of Macrophage Derived Foam Cell Differentiation (GO:0010745),3/12,0.1051237897592753,0.3742158775336704,0,0,3.0799180327868854,6.937874712597856,CETP;PPARG;ABCG1
GO_Biological_Process_2023,Negative Regulation Of Mononuclear Cell Migration (GO:0071676),3/12,0.1051237897592753,0.3742158775336704,0,0,3.0799180327868854,6.937874712597856,DUSP1;SLIT2;BMP5
GO_Biological_Process_2023,Negative Regulation Of Potassium Ion Transport (GO:0043267),3/12,0.1051237897592753,0.3742158775336704,0,0,3.0799180327868854,6.937874712597856,CAV1;CASQ2;NEDD4L
GO_Biological_Process_2023,Neutrophil Mediated Immunity (GO:0002446),3/12,0.1051237897592753,0.3742158775336704,0,0,3.0799180327868854,6.937874712597856,IL6;ANXA3;PLA2G1B
GO_Biological_Process_2023,Phospholipid Homeostasis (GO:0055091),3/12,0.1051237897592753,0.3742158775336704,0,0,3.0799180327868854,6.937874712597856,CETP;APOA1;ABCG1
GO_Biological_Process_2023,Positive Regulation Of Calcium-Mediated Signaling (GO:0050850),3/12,0.1051237897592753,0.3742158775336704,0,0,3.0799180327868854,6.937874712597856,CLEC7A;P2RX2;CDH13
GO_Biological_Process_2023,Positive Regulation Of Cellular Extravasation (GO:0002693),3/12,0.1051237897592753,0.3742158775336704,0,0,3.0799180327868854,6.937874712597856,CD47;AGER;JAM3
GO_Biological_Process_2023,Positive Regulation Of Myeloid Leukocyte Mediated Immunity (GO:0002888),3/12,0.1051237897592753,0.3742158775336704,0,0,3.0799180327868854,6.937874712597856,ITGAM;SPI1;TYROBP
GO_Biological_Process_2023,Regulation Of Actin Filament Organization (GO:0110053),3/12,0.1051237897592753,0.3742158775336704,0,0,3.0799180327868854,6.937874712597856,CSF3;CXCL12;C9ORF72
GO_Biological_Process_2023,Regulation Of Cell Communication By Electrical Coupling (GO:0010649),3/12,0.1051237897592753,0.3742158775336704,0,0,3.0799180327868854,6.937874712597856,CAV1;PDE4D;CASQ2
GO_Biological_Process_2023,Regulation Of Monooxygenase Activity (GO:0032768),3/12,0.1051237897592753,0.3742158775336704,0,0,3.0799180327868854,6.937874712597856,IL1A;IL1B;SNCA
GO_Biological_Process_2023,Regulation Of Sensory Perception (GO:0051931),3/12,0.1051237897592753,0.3742158775336704,0,0,3.0799180327868854,6.937874712597856,TMEM100;CCL3;MGLL
GO_Biological_Process_2023,Response To Iron Ion (GO:0010039),3/12,0.1051237897592753,0.3742158775336704,0,0,3.0799180327868854,6.937874712597856,F3;BMP6;SNCA
GO_Biological_Process_2023,Steroid Catabolic Process (GO:0006706),3/12,0.1051237897592753,0.3742158775336704,0,0,3.0799180327868854,6.937874712597856,HSD11B1;CYP1A2;HSD17B6
GO_Biological_Process_2023,Cellular Response To Oxidative Stress (GO:0034599),16/117,0.1057248702681806,0.3742158775336704,0,0,1.4660205577030112,3.2940237612815144,PDGFRA;JUN;NCF1;LRRK2;FOS;AIF1;ZFP36L2;MSRA;ALDH3B1;HMOX1;MAPK1;PRKD1;STX2;PPARGC1A;SLC25A24;SNCA
GO_Biological_Process_2023,Positive Regulation Of Protein Serine/Threonine Kinase Activity (GO:0071902),16/117,0.1057248702681806,0.3742158775336704,0,0,1.4660205577030112,3.2940237612815144,EDN1;PLA2G1B;LRRK2;PDGFB;ADRB2;TPD52L1;FGF2;TNF;GHR;CCND2;IL1B;FGF18;KIT;S100A12;TLR4;SNCA
GO_Biological_Process_2023,Negative Regulation Of Endopeptidase Activity (GO:0010951),10/66,0.1069703491592573,0.3742158775336704,0,0,1.6515791406536908,3.691615630276894,SERPINA3;ANXA8L1;SERPINA1;SPOCK2;TIMP3;SERPING1;ANXA8;SERPINB9;RECK;CST5
GO_Biological_Process_2023,Cellular Response To Lectin (GO:1990858),4/19,0.1078272532203067,0.3742158775336704,0,0,2.4643772424397743,5.488722208641575,TYROBP;CLEC7A;KLRD1;MAP3K7
GO_Biological_Process_2023,Inositol Phosphate-Mediated Signaling (GO:0048016),4/19,0.1078272532203067,0.3742158775336704,0,0,2.4643772424397743,5.488722208641575,EDN1;INPP5A;PPP3CC;PLCE1
GO_Biological_Process_2023,Mesoderm Development (GO:0007498),4/19,0.1078272532203067,0.3742158775336704,0,0,2.4643772424397743,5.488722208641575,HCK;TIE1;BTK;TBX3
GO_Biological_Process_2023,Negative Regulation Of Axon Extension Involved In Axon Guidance (GO:0048843),4/19,0.1078272532203067,0.3742158775336704,0,0,2.4643772424397743,5.488722208641575,SEMA5A;SEMA6A;SEMA3B;SEMA3G
GO_Biological_Process_2023,Negative Regulation Of Leukocyte Cell-Cell Adhesion (GO:1903038),4/19,0.1078272532203067,0.3742158775336704,0,0,2.4643772424397743,5.488722208641575,GPNMB;LAPTM5;CTSG;TNFAIP8L2
GO_Biological_Process_2023,Negative Regulation Of Peptidyl-Serine Phosphorylation (GO:0033137),4/19,0.1078272532203067,0.3742158775336704,0,0,2.4643772424397743,5.488722208641575,RASSF2;PDE4D;PPM1F;SMAD7
GO_Biological_Process_2023,Positive Regulation Of Alpha-Beta T Cell Activation (GO:0046635),4/19,0.1078272532203067,0.3742158775336704,0,0,2.4643772424397743,5.488722208641575,HLA-DRA;HLA-DRB3;HLA-DRB1;HLA-E
GO_Biological_Process_2023,Positive Regulation Of calcineurin-NFAT Signaling Cascade (GO:0070886),4/19,0.1078272532203067,0.3742158775336704,0,0,2.4643772424397743,5.488722208641575,PPP3CC;IGF1;TNF;LMCD1
GO_Biological_Process_2023,Positive Regulation Of Calcineurin-Mediated Signaling (GO:0106058),4/19,0.1078272532203067,0.3742158775336704,0,0,2.4643772424397743,5.488722208641575,PPP3CC;IGF1;TNF;LMCD1
GO_Biological_Process_2023,Regulation Of B Cell Differentiation (GO:0045577),4/19,0.1078272532203067,0.3742158775336704,0,0,2.4643772424397743,5.488722208641575,SFRP1;SPI1;ID2;ZFP36L2
GO_Biological_Process_2023,Regulation Of Vascular Endothelial Growth Factor Signaling Pathway (GO:1900746),4/19,0.1078272532203067,0.3742158775336704,0,0,2.4643772424397743,5.488722208641575,CCBE1;SEMA6A;DLL1;DCN
GO_Biological_Process_2023,Stimulatory C-type Lectin Receptor Signaling Pathway (GO:0002223),4/19,0.1078272532203067,0.3742158775336704,0,0,2.4643772424397743,5.488722208641575,TYROBP;CLEC7A;KLRD1;MAP3K7
GO_Biological_Process_2023,Water Transport (GO:0006833),4/19,0.1078272532203067,0.3742158775336704,0,0,2.4643772424397743,5.488722208641575,AQP9;PDPN;AQP4;CFTR
GO_Biological_Process_2023,Xenobiotic Catabolic Process (GO:0042178),4/19,0.1078272532203067,0.3742158775336704,0,0,2.4643772424397743,5.488722208641575,GSTM3;GSTO1;CYP1A2;CYP3A5
GO_Biological_Process_2023,Calcium Ion Transmembrane Import Into Cytosol (GO:0097553),12/83,0.1085423311242234,0.3742158775336704,0,0,1.5634890143744609,3.471907209999892,SLC8A3;GP9;JPH2;SLC24A4;PTPRC;CCL21;ITPR1;TRPV2;PLCE1;SCN7A;CLU;FGF2
GO_Biological_Process_2023,Cellular Response To Hydrogen Peroxide (GO:0070301),6/34,0.1090507718479644,0.3742158775336704,0,0,1.9809059590999047,4.3895721352516,EDN1;IL6;CAT;TNFAIP3;CLU;AQP1
GO_Biological_Process_2023,Negative Regulation Of Ras Protein Signal Transduction (GO:0046580),6/34,0.1090507718479644,0.3742158775336704,0,0,1.9809059590999047,4.3895721352516,MYOC;HEG1;SPRY1;FBP1;RASIP1;ARHGAP24
GO_Biological_Process_2023,Glycosaminoglycan Biosynthetic Process (GO:0006024),9/58,0.1091648648217239,0.3742158775336704,0,0,1.6985548587369173,3.7621223932444416,CHST9;CHST7;ANGPT1;HYAL1;IL1B;HAS1;UST;ST3GAL1;HS3ST2
GO_Biological_Process_2023,Memory (GO:0007613),9/58,0.1091648648217239,0.3742158775336704,0,0,1.6985548587369173,3.7621223932444416,SLC8A3;PRNP;CAMK2N1;BDNF;SYT11;RASGRF1;VLDLR;SHANK3;LDLR
GO_Biological_Process_2023,G Protein-Coupled Receptor Internalization (GO:0002031),2/6,0.109839037615491,0.3742158775336704,0,0,4.61879160266257,10.201706435494753,DMBT1;ARRB2
GO_Biological_Process_2023,Antigen Processing And Presentation Of Exogenous Peptide Antigen Via MHC Class I (GO:0042590),2/6,0.109839037615491,0.3742158775336704,0,0,4.61879160266257,10.201706435494753,FCER1G;IFI30
GO_Biological_Process_2023,Axon Extension Involved In Axon Guidance (GO:0048846),2/6,0.109839037615491,0.3742158775336704,0,0,4.61879160266257,10.201706435494753,NELL2;SLIT2
GO_Biological_Process_2023,Cellular Response To Laminar Fluid Shear Stress (GO:0071499),2/6,0.109839037615491,0.3742158775336704,0,0,4.61879160266257,10.201706435494753,KLF4;KLF2
GO_Biological_Process_2023,Clathrin Coat Disassembly (GO:0072318),2/6,0.109839037615491,0.3742158775336704,0,0,4.61879160266257,10.201706435494753,SH3GL3;SH3GL2
GO_Biological_Process_2023,Dendrite Arborization (GO:0140059),2/6,0.109839037615491,0.3742158775336704,0,0,4.61879160266257,10.201706435494753,PHACTR1;ZNF365
GO_Biological_Process_2023,Ethanol Catabolic Process (GO:0006068),2/6,0.109839037615491,0.3742158775336704,0,0,4.61879160266257,10.201706435494753,SULT1A3;SULT1A2
GO_Biological_Process_2023,Forebrain Neuron Development (GO:0021884),2/6,0.109839037615491,0.3742158775336704,0,0,4.61879160266257,10.201706435494753,CCL14;LHX6
GO_Biological_Process_2023,Hemostasis (GO:0007599),2/6,0.109839037615491,0.3742158775336704,0,0,4.61879160266257,10.201706435494753,VWF;FLI1
GO_Biological_Process_2023,Hindlimb Morphogenesis (GO:0035137),2/6,0.109839037615491,0.3742158775336704,0,0,4.61879160266257,10.201706435494753,WNT7A;TBX4
GO_Biological_Process_2023,Interleukin-3-Mediated Signaling Pathway (GO:0038156),2/6,0.109839037615491,0.3742158775336704,0,0,4.61879160266257,10.201706435494753,FCER1G;IL3RA
GO_Biological_Process_2023,Ketone Body Metabolic Process (GO:1902224),2/6,0.109839037615491,0.3742158775336704,0,0,4.61879160266257,10.201706435494753,HMGCS2;ACAT1
GO_Biological_Process_2023,Lipid Hydroxylation (GO:0002933),2/6,0.109839037615491,0.3742158775336704,0,0,4.61879160266257,10.201706435494753,CYP3A5;CYP3A7
GO_Biological_Process_2023,Locomotor Rhythm (GO:0045475),2/6,0.109839037615491,0.3742158775336704,0,0,4.61879160266257,10.201706435494753,EGR1;ID2
GO_Biological_Process_2023,Marginal Zone B Cell Differentiation (GO:0002315),2/6,0.109839037615491,0.3742158775336704,0,0,4.61879160266257,10.201706435494753,DOCK11;MFNG
GO_Biological_Process_2023,Membrane Biogenesis (GO:0044091),2/6,0.109839037615491,0.3742158775336704,0,0,4.61879160266257,10.201706435494753,SERINC1;SPTBN1
GO_Biological_Process_2023,Monoacylglycerol Catabolic Process (GO:0052651),2/6,0.109839037615491,0.3742158775336704,0,0,4.61879160266257,10.201706435494753,ABHD6;MGLL
GO_Biological_Process_2023,Negative Regulation Of RIG-I Signaling Pathway (GO:0039536),2/6,0.109839037615491,0.3742158775336704,0,0,4.61879160266257,10.201706435494753,RNF125;SEC14L1
GO_Biological_Process_2023,Negative Regulation Of Acute Inflammatory Response (GO:0002674),2/6,0.109839037615491,0.3742158775336704,0,0,4.61879160266257,10.201706435494753,NLRP3;FCGR2B
GO_Biological_Process_2023,Negative Regulation Of Heart Rate (GO:0010459),2/6,0.109839037615491,0.3742158775336704,0,0,4.61879160266257,10.201706435494753,PLN;FKBP1B
GO_Biological_Process_2023,Negative Regulation Of Lipoprotein Particle Clearance (GO:0010985),2/6,0.109839037615491,0.3742158775336704,0,0,4.61879160266257,10.201706435494753,PCSK9;LDLR
GO_Biological_Process_2023,Negative Regulation Of Oligodendrocyte Differentiation (GO:0048715),2/6,0.109839037615491,0.3742158775336704,0,0,4.61879160266257,10.201706435494753,NOTCH1;TMEM98
GO_Biological_Process_2023,Negative Regulation Of Steroid Metabolic Process (GO:0045939),2/6,0.109839037615491,0.3742158775336704,0,0,4.61879160266257,10.201706435494753,BMP2;BMP5
GO_Biological_Process_2023,Neuron Projection Extension Involved In Neuron Projection Guidance (GO:1902284),2/6,0.109839037615491,0.3742158775336704,0,0,4.61879160266257,10.201706435494753,NELL2;SLIT2
GO_Biological_Process_2023,Placenta Blood Vessel Development (GO:0060674),2/6,0.109839037615491,0.3742158775336704,0,0,4.61879160266257,10.201706435494753,HEY1;HEY2
GO_Biological_Process_2023,Positive Regulation Of Blood Circulation (GO:1903524),2/6,0.109839037615491,0.3742158775336704,0,0,4.61879160266257,10.201706435494753,ATP1A2;APLN
GO_Biological_Process_2023,Positive Regulation Of Deacetylase Activity (GO:0090045),2/6,0.109839037615491,0.3742158775336704,0,0,4.61879160266257,10.201706435494753,FNTA;PRKD1
GO_Biological_Process_2023,Positive Regulation Of Fibroblast Apoptotic Process (GO:2000271),2/6,0.109839037615491,0.3742158775336704,0,0,4.61879160266257,10.201706435494753,SFRP1;BTG1
GO_Biological_Process_2023,Positive Regulation Of Humoral Immune Response (GO:0002922),2/6,0.109839037615491,0.3742158775336704,0,0,4.61879160266257,10.201706435494753,IL1B;FCGR2B
GO_Biological_Process_2023,Positive Regulation Of Immune Response To Tumor Cell (GO:0002839),2/6,0.109839037615491,0.3742158775336704,0,0,4.61879160266257,10.201706435494753,HLA-DRB3;HLA-DRB1
GO_Biological_Process_2023,Positive Regulation Of Leukocyte Tethering Or Rolling (GO:1903238),2/6,0.109839037615491,0.3742158775336704,0,0,4.61879160266257,10.201706435494753,SELP;SELE
GO_Biological_Process_2023,Positive Regulation Of Lipopolysaccharide-Mediated Signaling Pathway (GO:0031666),2/6,0.109839037615491,0.3742158775336704,0,0,4.61879160266257,10.201706435494753,LY86;SASH1
GO_Biological_Process_2023,Positive Regulation Of Membrane Depolarization (GO:1904181),2/6,0.109839037615491,0.3742158775336704,0,0,4.61879160266257,10.201706435494753,MYOC;DCN
GO_Biological_Process_2023,Positive Regulation Of Multicellular Organism Growth (GO:0040018),2/6,0.109839037615491,0.3742158775336704,0,0,4.61879160266257,10.201706435494753,GHR;GHRL
GO_Biological_Process_2023,Positive Regulation Of Natural Killer Cell Cytokine Production (GO:0002729),2/6,0.109839037615491,0.3742158775336704,0,0,4.61879160266257,10.201706435494753,KIR2DL4;HLA-E
GO_Biological_Process_2023,Positive Regulation Of Receptor Catabolic Process (GO:2000646),2/6,0.109839037615491,0.3742158775336704,0,0,4.61879160266257,10.201706435494753,LAPTM5;PCSK9
GO_Biological_Process_2023,Positive Regulation Of Striated Muscle Contraction (GO:0045989),2/6,0.109839037615491,0.3742158775336704,0,0,4.61879160266257,10.201706435494753,RGS2;GSTO1
GO_Biological_Process_2023,Regulation Of I-kappaB Phosphorylation (GO:1903719),2/6,0.109839037615491,0.3742158775336704,0,0,4.61879160266257,10.201706435494753,CX3CR1;TNF
GO_Biological_Process_2023,Regulation Of T Cell Mediated Immune Response To Tumor Cell (GO:0002840),2/6,0.109839037615491,0.3742158775336704,0,0,4.61879160266257,10.201706435494753,HLA-DRB3;HLA-DRB1
GO_Biological_Process_2023,Regulation Of T Cell Tolerance Induction (GO:0002664),2/6,0.109839037615491,0.3742158775336704,0,0,4.61879160266257,10.201706435494753,LILRB2;TGFBR2
GO_Biological_Process_2023,Regulation Of Adiponectin Secretion (GO:0070163),2/6,0.109839037615491,0.3742158775336704,0,0,4.61879160266257,10.201706435494753,IL1B;PPARG
GO_Biological_Process_2023,Regulation Of Bile Acid Metabolic Process (GO:1904251),2/6,0.109839037615491,0.3742158775336704,0,0,4.61879160266257,10.201706435494753,FGFR4;CES1
GO_Biological_Process_2023,Regulation Of Blood-Brain Barrier Permeability (GO:1905603),2/6,0.109839037615491,0.3742158775336704,0,0,4.61879160266257,10.201706435494753,SH3GL2;TJP2
GO_Biological_Process_2023,Regulation Of Cardiac Muscle Cell Membrane Potential (GO:0086036),2/6,0.109839037615491,0.3742158775336704,0,0,4.61879160266257,10.201706435494753,PLN;FXYD1
GO_Biological_Process_2023,Regulation Of Collagen Fibril Organization (GO:1904026),2/6,0.109839037615491,0.3742158775336704,0,0,4.61879160266257,10.201706435494753,RB1;EFEMP2
GO_Biological_Process_2023,Regulation Of Cortisol Biosynthetic Process (GO:2000064),2/6,0.109839037615491,0.3742158775336704,0,0,4.61879160266257,10.201706435494753,BMP5;DKK3
GO_Biological_Process_2023,Regulation Of Endothelial Cell Chemotaxis To Fibroblast Growth Factor (GO:2000544),2/6,0.109839037615491,0.3742158775336704,0,0,4.61879160266257,10.201706435494753,FGF18;FGF2
GO_Biological_Process_2023,Regulation Of Extracellular Matrix Assembly (GO:1901201),2/6,0.109839037615491,0.3742158775336704,0,0,4.61879160266257,10.201706435494753,NOTCH1;TIE1
GO_Biological_Process_2023,Regulation Of Glial Cell Apoptotic Process (GO:0034350),2/6,0.109839037615491,0.3742158775336704,0,0,4.61879160266257,10.201706435494753,PRKCH;DLL1
GO_Biological_Process_2023,Regulation Of Inositol Phosphate Biosynthetic Process (GO:0010919),2/6,0.109839037615491,0.3742158775336704,0,0,4.61879160266257,10.201706435494753,PLEK;SNCA
GO_Biological_Process_2023,Regulation Of Natural Killer Cell Chemotaxis (GO:2000501),2/6,0.109839037615491,0.3742158775336704,0,0,4.61879160266257,10.201706435494753,CCL5;CCL3
GO_Biological_Process_2023,Regulation Of Natural Killer Cell Cytokine Production (GO:0002727),2/6,0.109839037615491,0.3742158775336704,0,0,4.61879160266257,10.201706435494753,KIR2DL4;HLA-E
GO_Biological_Process_2023,Regulation Of Phospholipid Transport (GO:2001138),2/6,0.109839037615491,0.3742158775336704,0,0,4.61879160266257,10.201706435494753,CETP;TSPO
GO_Biological_Process_2023,Regulation Of Relaxation Of Muscle (GO:1901077),2/6,0.109839037615491,0.3742158775336704,0,0,4.61879160266257,10.201706435494753,PLN;SLN
GO_Biological_Process_2023,Regulation Of Skeletal Muscle Contraction (GO:0014819),2/6,0.109839037615491,0.3742158775336704,0,0,4.61879160266257,10.201706435494753,SLC8A3;KCNJ2
GO_Biological_Process_2023,Regulation Of Skeletal Muscle Satellite Cell Proliferation (GO:0014842),2/6,0.109839037615491,0.3742158775336704,0,0,4.61879160266257,10.201706435494753,ANGPT1;FGF2
GO_Biological_Process_2023,Regulation Of Systemic Arterial Blood Pressure By Renin-Angiotensin (GO:0003081),2/6,0.109839037615491,0.3742158775336704,0,0,4.61879160266257,10.201706435494753,ENPEP;AGTR1
GO_Biological_Process_2023,Regulation Of Vascular Associated Smooth Muscle Cell Apoptotic Process (GO:1905459),2/6,0.109839037615491,0.3742158775336704,0,0,4.61879160266257,10.201706435494753,PPARG;IGF1
GO_Biological_Process_2023,Regulation Of Vascular Associated Smooth Muscle Cell Differentiation (GO:1905063),2/6,0.109839037615491,0.3742158775336704,0,0,4.61879160266257,10.201706435494753,KIT;PDGFB
GO_Biological_Process_2023,Vascular Associated Smooth Muscle Contraction (GO:0014829),2/6,0.109839037615491,0.3742158775336704,0,0,4.61879160266257,10.201706435494753,EDNRA;EDNRB
GO_Biological_Process_2023,Vascular Wound Healing (GO:0061042),2/6,0.109839037615491,0.3742158775336704,0,0,4.61879160266257,10.201706435494753,GATA2;CD34
GO_Biological_Process_2023,Potassium Ion Import Across Plasma Membrane (GO:1990573),7/42,0.1108403046932087,0.3770034806204184,0,0,1.8490759753593429,4.067347354097269,KCNJ5;KCNJ8;KCNJ15;KCNJ16;ATP1A2;ATP1B3;KCNJ2
GO_Biological_Process_2023,Stress-Activated MAPK Cascade (GO:0051403),7/42,0.1108403046932087,0.3770034806204184,0,0,1.8490759753593429,4.067347354097269,PTGER4;ZFP36;LRRK2;SH2D3C;TNFRSF19;MAPK1;MAP3K7
GO_Biological_Process_2023,Positive Regulation Of Cell Projection Organization (GO:0031346),16/118,0.1118038014779458,0.3799668797752962,0,0,1.4515669083517884,3.1803972001354137,FZD1;NTRK2;NDRG4;CDKL5;BDNF;FZD4;PLA2G3;NEDD9;PTPRD;RAP1A;RELN;MAP6;ROR1;PRKD1;SLIT2;S100A9
GO_Biological_Process_2023,Generation Of Neurons (GO:0048699),22/172,0.1157434856492366,0.3930316713843411,0,0,1.357785825142266,2.927900659368125,FZD1;GPM6A;IRX2;NTRK2;CDKL5;RTN1;WNT2B;NLGN4X;FZD4;WNT3A;PCSK9;WNT7A;ACSL4;EML1;RTN4;NR4A2;PTPRD;NGRN;CDK6;RELN;LHX6;WNT2
GO_Biological_Process_2023,Positive Regulation Of Programmed Cell Death (GO:0043068),30/245,0.1167234789420861,0.3960329569707188,0,0,1.2924192086982784,2.776048697883706,ITGB1;TNFAIP8;LRRK2;PRF1;CLU;TNF;IFIT2;C3ORF38;RASSF2;CLEC7A;ANKRD1;EMILIN2;SAP18;SLIT2;HOXA5;MCL1;SNCA;JUN;GADD45B;BAD;DAPK2;GZMA;LAPTM5;OLFM1;SFRP1;BMP2;IL6;MNDA;RNF122;PPID
GO_Biological_Process_2023,Myeloid Cell Development (GO:0061515),5/27,0.1176310033450203,0.3978013980116082,0,0,2.100582750582751,4.495672757529263,GP9;ALAS2;ANXA2;KIT;EVI2B
GO_Biological_Process_2023,Positive Regulation Of Calcium Ion Transmembrane Transporter Activity (GO:1901021),5/27,0.1176310033450203,0.3978013980116082,0,0,2.100582750582751,4.495672757529263,JPH2;PPP3CC;GSTO1;STAC;ANK2
GO_Biological_Process_2023,Regulation Of Extrinsic Apoptotic Signaling Pathway In Absence Of Ligand (GO:2001239),5/27,0.1176310033450203,0.3978013980116082,0,0,2.100582750582751,4.495672757529263,IL1A;IL1B;SNAI2;TNF;MCL1
GO_Biological_Process_2023,Regulation Of Immunoglobulin Production (GO:0002637),5/27,0.1176310033450203,0.3978013980116082,0,0,2.100582750582751,4.495672757529263,CD86;IL6;PTPRC;FCGR2B;HLA-E
GO_Biological_Process_2023,Regulation Of Protein Kinase Activity (GO:0045859),16/119,0.1180888270044478,0.3990047904526812,0,0,1.4373939123860262,3.0707307274216027,RB1;CCL21;LRRK2;C5AR1;AXIN2;PPM1F;FGR;RASSF2;RAP1A;PTPRC;RELN;CAMK2N1;GNAQ;PLCE1;GAS6;SNCA
GO_Biological_Process_2023,Negative Regulation Of Cytokine-Mediated Signaling Pathway (GO:0001960),9/59,0.1182774579127758,0.3990047904526812,0,0,1.664491264131552,3.5532262474211125,IL1RN;IL6;PTPRC;APOA1;PPARG;SLIT2;CCDC3;GAS6;SAMHD1
GO_Biological_Process_2023,Phospholipid Transport (GO:0015914),9/59,0.1182774579127758,0.3990047904526812,0,0,1.664491264131552,3.5532262474211125,ABCB1;VAPA;ABCA3;APOC1;APOA1;TNFAIP8L3;LDLR;PLTP;ABCG1
GO_Biological_Process_2023,Positive Regulation Of Cellular Component Biogenesis (GO:0044089),13/93,0.1190709219278252,0.401352804763267,0,0,1.5032505149330586,3.198971183950108,TFRC;SYNPO2;PLEK;CLU;TNF;CDH5;SDCBP;SYNPO2L;HYAL1;CLEC7A;ERCC1;CDC42EP2;TPPP
GO_Biological_Process_2023,Regulation Of Release Of Sequestered Calcium Ion Into Cytosol (GO:0051279),8/51,0.1205925473191528,0.4059374575524034,0,0,1.7201896776197132,3.638782236694293,JPH2;GSTO1;PDE4D;FKBP1B;CASQ2;CAPN3;ANK2;SNCA
GO_Biological_Process_2023,Negative Regulation Of Response To External Stimulus (GO:0032102),19/146,0.1206281738393158,0.4059374575524034,0,0,1.384631027526518,2.92855334271747,RB1;PTGER4;PTGIS;TNFAIP3;APOA1;METRNL;LILRA2;KLF4;FGF2;CDH5;MMRN1;ALOX5;NLRP3;SLC39A8;PPARG;GHRL;TNFAIP8L2;TEK;CRK
GO_Biological_Process_2023,Adherens Junction Organization (GO:0034332),6/35,0.1213375943118028,0.4069947483471628,0,0,1.9124927018276392,4.033788646218456,CDH6;CDH5;RAMP2;CDH13;JAM3;SMAD7
GO_Biological_Process_2023,Dendrite Morphogenesis (GO:0048813),6/35,0.1213375943118028,0.4069947483471628,0,0,1.9124927018276392,4.033788646218456,SDC2;MAP6;WNT7A;PHACTR1;SHANK3;ZNF365
GO_Biological_Process_2023,Platelet Aggregation (GO:0070527),6/35,0.1213375943118028,0.4069947483471628,0,0,1.9124927018276392,4.033788646218456,PDGFRA;PLEK;FGG;HBB;MYL9;ACTG1
GO_Biological_Process_2023,Positive Regulation Of Mitotic Nuclear Division (GO:0045840),6/35,0.1213375943118028,0.4069947483471628,0,0,1.9124927018276392,4.033788646218456,RB1;IL1A;EDN1;IL1B;PDGFB;IGF1
GO_Biological_Process_2023,Negative Regulation Of BMP Signaling Pathway (GO:0030514),7/43,0.1218601206716704,0.4077512892336396,0,0,1.797612936344969,3.783762113052061,NOTCH1;CRIM1;SOSTDC1;PPARG;SMAD6;CHRDL1;SMAD7
GO_Biological_Process_2023,Regulation Of Cell-Cell Adhesion (GO:0022407),7/43,0.1218601206716704,0.4077512892336396,0,0,1.797612936344969,3.783762113052061,PKHD1;PTPRR;CITED2;PODXL;CD47;ZDHHC2;SMAD7
GO_Biological_Process_2023,Regulation Of Primary Metabolic Process (GO:0080090),7/43,0.1218601206716704,0.4077512892336396,0,0,1.797612936344969,3.783762113052061,SERPINA3;LACTB;ID2;TNFAIP8L3;PPARG;FGFR4;LDLR
GO_Biological_Process_2023,Cell-Cell Junction Organization (GO:0045216),10/68,0.1240673125046304,0.4111190381614544,0,0,1.5944508465561564,3.3275089281689096,CDH6;PKHD1;CDH5;CLDN5;NLGN4X;GJA4;MYADM;CDH13;LIMS2;TJP2
GO_Biological_Process_2023,Fc-gamma Receptor Signaling Pathway Involved In Phagocytosis (GO:0038096),4/20,0.1248851143851996,0.4111190381614544,0,0,2.3102255253716044,4.806103197887079,FGR;HCK;PRKCE;FCGR2B
GO_Biological_Process_2023,Cell Projection Organization (GO:0030030),4/20,0.1248851143851996,0.4111190381614544,0,0,2.3102255253716044,4.806103197887079,ITGB1;GSN;PLEK;KIF17
GO_Biological_Process_2023,Long-Term Memory (GO:0007616),4/20,0.1248851143851996,0.4111190381614544,0,0,2.3102255253716044,4.806103197887079,PRNP;CAMK2N1;RASGRF1;LDLR
GO_Biological_Process_2023,Negative Regulation Of Cyclin-Dependent Protein Kinase Activity (GO:1904030),4/20,0.1248851143851996,0.4111190381614544,0,0,2.3102255253716044,4.806103197887079,CDKN1C;CEBPA;HHEX;INCA1
GO_Biological_Process_2023,Negative Regulation Of Phosphate Metabolic Process (GO:0045936),4/20,0.1248851143851996,0.4111190381614544,0,0,2.3102255253716044,4.806103197887079,CDKN1C;CDKN2B;CDKN2C;PLEK
GO_Biological_Process_2023,Phosphatidylserine Metabolic Process (GO:0006658),4/20,0.1248851143851996,0.4111190381614544,0,0,2.3102255253716044,4.806103197887079,PLSCR1;PLA2G3;SERINC1;PLA1A
GO_Biological_Process_2023,Positive Regulation Of Leukocyte Activation (GO:0002696),4/20,0.1248851143851996,0.4111190381614544,0,0,2.3102255253716044,4.806103197887079,CEBPA;IL33;CLEC7A;TLR4
GO_Biological_Process_2023,Positive Regulation Of Lipid Storage (GO:0010884),4/20,0.1248851143851996,0.4111190381614544,0,0,2.3102255253716044,4.806103197887079,C3;MSR1;LCP1;OSBPL11
GO_Biological_Process_2023,Regulation Of Cardiac Muscle Contraction By Calcium Ion Signaling (GO:0010882),4/20,0.1248851143851996,0.4111190381614544,0,0,2.3102255253716044,4.806103197887079,GSTO1;FKBP1B;CASQ2;ATP1A2
GO_Biological_Process_2023,Response To Ketone (GO:1901654),4/20,0.1248851143851996,0.4111190381614544,0,0,2.3102255253716044,4.806103197887079,TGFBR3;CCL21;CAV1;SLIT2
GO_Biological_Process_2023,Regulation Of Neuron Projection Development (GO:0010975),22/174,0.1264117018721969,0.4111190381614544,0,0,1.3397704685925886,2.7709283199922603,FZD1;NTNG1;NTRK2;NDRG4;CDKL5;BDNF;WNT3A;LRRK2;PTPRO;PLA2G3;KNDC1;EFNB2;MAG;RAP1A;RELN;CHN1;ROR1;PRKD1;FBXO7;S100A9;SHANK3;ZNF365
GO_Biological_Process_2023,Vesicle Organization (GO:0016050),13/94,0.1265233420435414,0.4111190381614544,0,0,1.4846092230232293,3.069174907275865,SRGN;SRPX;ANXA8L1;ANXA2;CAV2;CAV1;STX7;SNX10;SYT11;ANXA8;CHMP6;CD34;CHMP5
GO_Biological_Process_2023,ATP Transport (GO:0015867),3/13,0.1271584497736569,0.4111190381614544,0,0,2.7717725409836067,5.716285644713688,CD47;SLC25A25;SLC25A24
GO_Biological_Process_2023,Branching Involved In Blood Vessel Morphogenesis (GO:0001569),3/13,0.1271584497736569,0.4111190381614544,0,0,2.7717725409836067,5.716285644713688,NOTCH4;TGFBR2;ENG
GO_Biological_Process_2023,Catecholamine Metabolic Process (GO:0006584),3/13,0.1271584497736569,0.4111190381614544,0,0,2.7717725409836067,5.716285644713688,COMT;SNCAIP;SULT1A3
GO_Biological_Process_2023,Embryonic Hemopoiesis (GO:0035162),3/13,0.1271584497736569,0.4111190381614544,0,0,2.7717725409836067,5.716285644713688,KITLG;KIT;TGFBR2
GO_Biological_Process_2023,Endothelial Cell Differentiation (GO:0045446),3/13,0.1271584497736569,0.4111190381614544,0,0,2.7717725409836067,5.716285644713688,ACVRL1;SOX18;TIE1
GO_Biological_Process_2023,Immune Response-Regulating Cell Surface Receptor Signaling Pathway (GO:0002768),3/13,0.1271584497736569,0.4111190381614544,0,0,2.7717725409836067,5.716285644713688,FGR;KIT;LILRB2
GO_Biological_Process_2023,Interleukin-6-Mediated Signaling Pathway (GO:0070102),3/13,0.1271584497736569,0.4111190381614544,0,0,2.7717725409836067,5.716285644713688,IL6;SPI1;JAK1
GO_Biological_Process_2023,Intracellular Potassium Ion Homeostasis (GO:0030007),3/13,0.1271584497736569,0.4111190381614544,0,0,2.7717725409836067,5.716285644713688,ATP1A2;ATP1B3;KCNJ2
GO_Biological_Process_2023,Lipid Oxidation (GO:0034440),3/13,0.1271584497736569,0.4111190381614544,0,0,2.7717725409836067,5.716285644713688,ALOX5;ALOX15;PPARGC1A
GO_Biological_Process_2023,Membrane Depolarization During Action Potential (GO:0086010),3/13,0.1271584497736569,0.4111190381614544,0,0,2.7717725409836067,5.716285644713688,SCN4B;KCNJ2;SCN2B
GO_Biological_Process_2023,"Negative Regulation Of DNA Damage Response, Signal Transduction By P53 Class Mediator (GO:0043518)",3/13,0.1271584497736569,0.4111190381614544,0,0,2.7717725409836067,5.716285644713688,CD74;SNAI2;CD44
GO_Biological_Process_2023,Negative Regulation Of Bone Mineralization (GO:0030502),3/13,0.1271584497736569,0.4111190381614544,0,0,2.7717725409836067,5.716285644713688,CCR1;SRGN;CCL3
GO_Biological_Process_2023,Negative Regulation Of Receptor Internalization (GO:0002091),3/13,0.1271584497736569,0.4111190381614544,0,0,2.7717725409836067,5.716285644713688,SDCBP;ANXA2;PCSK9
GO_Biological_Process_2023,Positive Regulation Of Glycoprotein Biosynthetic Process (GO:0010560),3/13,0.1271584497736569,0.4111190381614544,0,0,2.7717725409836067,5.716285644713688,IL33;CCL21;IGF1
GO_Biological_Process_2023,Positive Regulation Of Granulocyte Macrophage Colony-Stimulating Factor Production (GO:0032725),3/13,0.1271584497736569,0.4111190381614544,0,0,2.7717725409836067,5.716285644713688,IL1B;LILRA2;IL17D
GO_Biological_Process_2023,Positive Regulation Of Leukocyte Degranulation (GO:0043302),3/13,0.1271584497736569,0.4111190381614544,0,0,2.7717725409836067,5.716285644713688,FGR;ITGAM;GAB2
GO_Biological_Process_2023,Positive Regulation Of Macrophage Chemotaxis (GO:0010759),3/13,0.1271584497736569,0.4111190381614544,0,0,2.7717725409836067,5.716285644713688,RARRES2;CCL5;MAPK1
GO_Biological_Process_2023,Positive Regulation Of Superoxide Anion Generation (GO:0032930),3/13,0.1271584497736569,0.4111190381614544,0,0,2.7717725409836067,5.716285644713688,ITGAM;TYROBP;CLEC7A
GO_Biological_Process_2023,Positive Regulation Of Type 2 Immune Response (GO:0002830),3/13,0.1271584497736569,0.4111190381614544,0,0,2.7717725409836067,5.716285644713688,CD86;IL6;NLRP3
GO_Biological_Process_2023,Regulation Of cAMP-dependent Protein Kinase Activity (GO:2000479),3/13,0.1271584497736569,0.4111190381614544,0,0,2.7717725409836067,5.716285644713688,PKIA;ADRB2;PKIG
GO_Biological_Process_2023,Regulation Of Cellular Ketone Metabolic Process (GO:0010565),3/13,0.1271584497736569,0.4111190381614544,0,0,2.7717725409836067,5.716285644713688,PDK4;FGFR4;CES1
GO_Biological_Process_2023,Regulation Of Humoral Immune Response (GO:0002920),3/13,0.1271584497736569,0.4111190381614544,0,0,2.7717725409836067,5.716285644713688,CFH;CD59;FCGR2B
GO_Biological_Process_2023,Regulation Of Leukocyte Migration (GO:0002685),3/13,0.1271584497736569,0.4111190381614544,0,0,2.7717725409836067,5.716285644713688,BST1;RAC2;HMOX1
GO_Biological_Process_2023,Regulation Of Nitric-Oxide Synthase Biosynthetic Process (GO:0051769),3/13,0.1271584497736569,0.4111190381614544,0,0,2.7717725409836067,5.716285644713688,IL33;EDN1;TLR4
GO_Biological_Process_2023,Regulation Of Nitrogen Compound Metabolic Process (GO:0051171),3/13,0.1271584497736569,0.4111190381614544,0,0,2.7717725409836067,5.716285644713688,ALDH2;TNF;LDLR
GO_Biological_Process_2023,Response To Chemokine (GO:1990868),3/13,0.1271584497736569,0.4111190381614544,0,0,2.7717725409836067,5.716285644713688,CXCL12;DUSP1;DOCK8
GO_Biological_Process_2023,Sodium-Independent Organic Anion Transport (GO:0043252),3/13,0.1271584497736569,0.4111190381614544,0,0,2.7717725409836067,5.716285644713688,SLCO2B1;SLCO2A1;SLCO4C1
GO_Biological_Process_2023,Sphingoid Biosynthetic Process (GO:0046520),3/13,0.1271584497736569,0.4111190381614544,0,0,2.7717725409836067,5.716285644713688,ASAH1;SPTLC1;SPTLC3
GO_Biological_Process_2023,Sphingosine Biosynthetic Process (GO:0046512),3/13,0.1271584497736569,0.4111190381614544,0,0,2.7717725409836067,5.716285644713688,ASAH1;SPTLC1;SPTLC3
GO_Biological_Process_2023,Substrate-Dependent Cell Migration (GO:0006929),3/13,0.1271584497736569,0.4111190381614544,0,0,2.7717725409836067,5.716285644713688,SDCBP;PTPRC;VEGFC
GO_Biological_Process_2023,Negative Regulation Of Defense Response (GO:0031348),15/112,0.1301730078074941,0.4205353875757397,0,0,1.4306515038792644,2.916942309449678,RB1;PTGER4;PTGIS;TNFAIP3;APOA1;METRNL;KLF4;CDH5;ALOX5;NLRP3;SLC39A8;PPARG;GHRL;TNFAIP8L2;TEK
GO_Biological_Process_2023,Negative Regulation Of Response To Stimulus (GO:0048585),8/52,0.131033389705696,0.422651943772719,0,0,1.6810010739132464,3.4163037020367053,WFS1;HHIP;ALOX5;APOA1;SLIT2;KLF4;FCGR2B;CLU
GO_Biological_Process_2023,Positive Regulation Of B Cell Activation (GO:0050871),8/52,0.131033389705696,0.422651943772719,0,0,1.6810010739132464,3.4163037020367053,CD74;BST1;IL6;SPI1;PTPRC;TFRC;BTK;TNFSF13B
GO_Biological_Process_2023,Determination Of Bilateral Symmetry (GO:0009855),5/28,0.1323295872246264,0.4248367652207608,0,0,2.0091415830546264,4.063407673346773,NOTCH1;CITED2;MMP23A;DLL1;DNAI1
GO_Biological_Process_2023,Glycosaminoglycan Metabolic Process (GO:0030203),5/28,0.1323295872246264,0.4248367652207608,0,0,2.0091415830546264,4.063407673346773,CHST9;HYAL1;HAS1;HYAL2;HS3ST2
GO_Biological_Process_2023,Negative Regulation Of Signaling (GO:0023057),5/28,0.1323295872246264,0.4248367652207608,0,0,2.0091415830546264,4.063407673346773,HHIP;IL1B;OSM;PCSK9;LDLR
GO_Biological_Process_2023,Negative Regulation Of Type II Interferon Production (GO:0032689),5/28,0.1323295872246264,0.4248367652207608,0,0,2.0091415830546264,4.063407673346773,PRNP;LAPTM5;GAS6;TLR4;HLA-DRB1
GO_Biological_Process_2023,Pyroptosis (GO:0070269),5/28,0.1323295872246264,0.4248367652207608,0,0,2.0091415830546264,4.063407673346773,GZMA;APIP;CASP1;NLRP3;GZMB
GO_Biological_Process_2023,Regulation Of Lipid Biosynthetic Process (GO:0046890),5/28,0.1323295872246264,0.4248367652207608,0,0,2.0091415830546264,4.063407673346773,C3;ASAH1;PDK4;HSD17B13;SORBS1
GO_Biological_Process_2023,Defense Response To Symbiont (GO:0140546),19/148,0.1325998093033812,0.4253727527419215,0,0,1.3630117240053816,2.753855655866296,FCN3;APOBEC3F;APOBEC3G;MLKL;PRF1;RNASE6;SAMHD1;RNASE1;IFIT3;IFIT2;OASL;IL6;PLSCR1;PTPRC;IRF1;CASP1;TLR8;TLR7;MICA
GO_Biological_Process_2023,Positive Regulation Of Cytokine-Mediated Signaling Pathway (GO:0001961),7/44,0.133416864192383,0.4273281987623837,0,0,1.7489316832232644,3.522832401070434,CD74;EDN1;CASP1;LAPTM5;CXCR4;CD300LF;GAS6
GO_Biological_Process_2023,Response To Unfolded Protein (GO:0006986),7/44,0.133416864192383,0.4273281987623837,0,0,1.7489316832232644,3.522832401070434,PACRG;HSPB8;DNAJB4;HSPB7;HSPB2;HSPB3;HSPA2
GO_Biological_Process_2023,Regulation Of Erythrocyte Differentiation (GO:0045646),6/36,0.1342728642497479,0.4294021178918569,0,0,1.8486403283735249,3.711850251688544,ZFP36;SPI1;CDK6;MAFB;ETS1;HOXA5
GO_Biological_Process_2023,Regulation Of Trans-Synaptic Signaling (GO:0099177),6/36,0.1342728642497479,0.4294021178918569,0,0,1.8486403283735249,3.711850251688544,CX3CR1;PXK;RELN;CDKL5;NLGN4X;FABP5
GO_Biological_Process_2023,Cellular Response To Nutrient Levels (GO:0031669),11/78,0.1371246512736078,0.433930439028224,0,0,1.518318899330508,3.016694533427444,KLF10;SFRP1;CDKN2B;MAP1LC3C;RRAGB;LRRK2;FAM107A;PDK4;PCSK9;LCP1;CD68
GO_Biological_Process_2023,Regulation Of Innate Immune Response (GO:0045088),11/78,0.1371246512736078,0.433930439028224,0,0,1.518318899330508,3.016694533427444,FGR;PLSCR1;CFH;IRF1;CCL5;SH2D1B;TNFAIP3;TLR8;SAMHD1;FCGR2B;HLA-E
GO_Biological_Process_2023,Negative Regulation Of Viral Process (GO:0048525),9/61,0.1376962714621291,0.433930439028224,0,0,1.600294489682979,3.1729118075413623,SRPK2;ZFP36;PLSCR1;APOBEC3F;SLPI;APOBEC3G;CCL5;TNF;OASL
GO_Biological_Process_2023,Fatty Acid Metabolic Process (GO:0006631),16/122,0.1381685745603003,0.433930439028224,0,0,1.3964794145980717,2.764024871307272,PHYH;HPGD;PLA2G1B;ALOX15;CYP4B1;ACSL4;ACACB;ALOX5;ACOT2;ACOT1;TSPO;CD36;LCP1;GGT1;PPARGC1A;CES1
GO_Biological_Process_2023,Potassium Ion Transport (GO:0006813),16/122,0.1381685745603003,0.433930439028224,0,0,1.3964794145980717,2.764024871307272,KCNJ5;SLC24A4;KCNJ8;KCNJ15;KCNJ16;PKD2L1;ATP1B3;KCNAB1;ATP1A2;KCNA5;KCNK17;AQP1;KCNMB1;SLC9A9;KCNJ2;KCNK3
GO_Biological_Process_2023,Axon Guidance (GO:0007411),19/149,0.1388360012960284,0.433930439028224,0,0,1.3524515257469802,2.670363994591034,EPHB6;SEMA5A;ROBO4;SEMA6A;NOTCH1;BDNF;PTPRO;SEMA3B;SEMA3G;PTPRM;NEXN;EFNB2;ENAH;NELL2;CXCL12;RELN;FEZ1;CHN1;SLIT2
GO_Biological_Process_2023,Regulation Of Insulin Secretion (GO:0050796),12/87,0.1400640606828165,0.433930439028224,0,0,1.4797735460627894,2.90872483898914,SFRP1;IL6;BAD;IL1B;ALOX5;CCL5;NNAT;ACSL4;KCNA5;GHRL;MYRIP;TNF
GO_Biological_Process_2023,Negative Regulation Of Viral Genome Replication (GO:0045071),8/53,0.1419207775639401,0.433930439028224,0,0,1.6435541859270673,3.2090170010013903,SRPK2;PLSCR1;APOBEC3F;SLPI;APOBEC3G;CCL5;TNF;OASL
GO_Biological_Process_2023,Protein Homotetramerization (GO:0051289),8/53,0.1419207775639401,0.433930439028224,0,0,1.6435541859270673,3.2090170010013903,ALDH1A2;APIP;AQP4;PKD2L1;SAMHD1;CLU;ACACB;KCNJ2
GO_Biological_Process_2023,Negative Regulation Of Extrinsic Apoptotic Signaling Pathway (GO:2001237),10/70,0.1425619069827703,0.433930439028224,0,0,1.5411311053984575,3.002090935008687,IL1A;IL1B;FGG;TNFAIP3;HMOX1;SNAI2;IGF1;TNF;MCL1;BMP5
GO_Biological_Process_2023,Regulation Of Actin Filament-Based Process (GO:0032970),10/70,0.1425619069827703,0.433930439028224,0,0,1.5411311053984575,3.002090935008687,HCK;BST1;FAM107A;ARHGAP18;NEDD9;ESAM;IQGAP2;CRK;CORO2B;GPM6B
GO_Biological_Process_2023,Sulfur Compound Biosynthetic Process (GO:0044272),10/70,0.1425619069827703,0.433930439028224,0,0,1.5411311053984575,3.002090935008687,CHST9;CHST7;ANGPT1;GSTA1;UST;MAT2B;GGT1;CDO1;ST3GAL1;PAPSS2
GO_Biological_Process_2023,Antigen Processing And Presentation Of Endogenous Peptide Antigen (GO:0002483),4/21,0.1429935894951954,0.433930439028224,0,0,2.1742093044291013,4.228740297907194,HLA-DRA;HLA-DRB1;MICA;HLA-E
GO_Biological_Process_2023,Cellular Response To Nerve Growth Factor Stimulus (GO:1990090),4/21,0.1429935894951954,0.433930439028224,0,0,2.1742093044291013,4.228740297907194,NTRK2;RAP1A;BDNF;SH3GL2
GO_Biological_Process_2023,Macrophage Differentiation (GO:0030225),4/21,0.1429935894951954,0.433930439028224,0,0,2.1742093044291013,4.228740297907194,IL33;IL1RL1;IL15;HLA-DRB1
GO_Biological_Process_2023,Negative Regulation Of Osteoclast Differentiation (GO:0045671),4/21,0.1429935894951954,0.433930439028224,0,0,2.1742093044291013,4.228740297907194,MAFB;CCL3;LILRB3;TLR4
GO_Biological_Process_2023,Positive Regulation Of Granulocyte Chemotaxis (GO:0071624),4/21,0.1429935894951954,0.433930439028224,0,0,2.1742093044291013,4.228740297907194,CD74;CCL21;DAPK2;RAC2
GO_Biological_Process_2023,Positive Regulation Of Heart Contraction (GO:0045823),4/21,0.1429935894951954,0.433930439028224,0,0,2.1742093044291013,4.228740297907194,EDN1;RGS2;ATP1A2;APLN
GO_Biological_Process_2023,Positive Regulation Of Signal Transduction By P53 Class Mediator (GO:1901798),4/21,0.1429935894951954,0.433930439028224,0,0,2.1742093044291013,4.228740297907194,UBB;MSX1;RPL17;ATR
GO_Biological_Process_2023,Regulation Of Lipopolysaccharide-Mediated Signaling Pathway (GO:0031664),4/21,0.1429935894951954,0.433930439028224,0,0,2.1742093044291013,4.228740297907194,LY86;CD36;LILRA2;SASH1
GO_Biological_Process_2023,Regulation Of Membrane Protein Ectodomain Proteolysis (GO:0051043),4/21,0.1429935894951954,0.433930439028224,0,0,2.1742093044291013,4.228740297907194,IL1B;TIMP3;TNFRSF1B;TNF
GO_Biological_Process_2023,Negative Regulation Of MAPK Cascade (GO:0043409),14/105,0.1436929705918203,0.433930439028224,0,0,1.4230571077557168,2.760839516783987,PTPRR;SEMA6A;DUSP1;CAV1;FBLN1;RGS2;BMP2;PTPRC;HYAL2;IL1B;TIMP3;PPARG;SPRY1;TLR4
GO_Biological_Process_2023,Positive Regulation Of Stress-Activated MAPK Cascade (GO:0032874),14/105,0.1436929705918203,0.433930439028224,0,0,1.4230571077557168,2.760839516783987,SPI1;NCF1;GADD45B;CCL21;TNFRSF19;WNT7A;TPD52L1;SDCBP;BMP2;RASSF2;IL1B;IGFBP6;FCGR2B;SASH1
GO_Biological_Process_2023,ADP Transport (GO:0015866),2/7,0.1441167372154917,0.433930439028224,0,0,3.6948284690220174,7.157369104810077,SLC25A25;SLC25A24
GO_Biological_Process_2023,UV Protection (GO:0009650),2/7,0.1441167372154917,0.433930439028224,0,0,3.6948284690220174,7.157369104810077,MFAP4;SCARA3
GO_Biological_Process_2023,Amino-Acid Betaine Transport (GO:0015838),2/7,0.1441167372154917,0.433930439028224,0,0,3.6948284690220174,7.157369104810077,SLC22A4;SLC6A12
GO_Biological_Process_2023,Aromatic Compound Catabolic Process (GO:0019439),2/7,0.1441167372154917,0.433930439028224,0,0,3.6948284690220174,7.157369104810077,EPHX2;CYP2F1
GO_Biological_Process_2023,Atrial Cardiac Muscle Cell To AV Node Cell Signaling (GO:0086026),2/7,0.1441167372154917,0.433930439028224,0,0,3.6948284690220174,7.157369104810077,GJA1;KCNA5
GO_Biological_Process_2023,"Blood Coagulation, Intrinsic Pathway (GO:0007597)",2/7,0.1441167372154917,0.433930439028224,0,0,3.6948284690220174,7.157369104810077,GP9;F8
GO_Biological_Process_2023,Cellular Response To Epinephrine Stimulus (GO:0071872),2/7,0.1441167372154917,0.433930439028224,0,0,3.6948284690220174,7.157369104810077,PDE4B;SNCA
GO_Biological_Process_2023,Cellular Response To Interferon-Alpha (GO:0035457),2/7,0.1441167372154917,0.433930439028224,0,0,3.6948284690220174,7.157369104810077,PYHIN1;GAS6
GO_Biological_Process_2023,Cellular Response To Interleukin-2 (GO:0071352),2/7,0.1441167372154917,0.433930439028224,0,0,3.6948284690220174,7.157369104810077,IL2RB;JAK1
GO_Biological_Process_2023,Coronary Vasculature Development (GO:0060976),2/7,0.1441167372154917,0.433930439028224,0,0,3.6948284690220174,7.157369104810077,GPC3;APLN
GO_Biological_Process_2023,Coronary Vasculature Morphogenesis (GO:0060977),2/7,0.1441167372154917,0.433930439028224,0,0,3.6948284690220174,7.157369104810077,TGFBR3;NOTCH1
GO_Biological_Process_2023,Dopamine Uptake (GO:0090494),2/7,0.1441167372154917,0.433930439028224,0,0,3.6948284690220174,7.157369104810077,SLC22A3;SNCA
GO_Biological_Process_2023,Immunological Synapse Formation (GO:0001771),2/7,0.1441167372154917,0.433930439028224,0,0,3.6948284690220174,7.157369104810077,CCL21;PRF1
GO_Biological_Process_2023,Inhibition Of Cysteine-Type Endopeptidase Activity (GO:0097340),2/7,0.1441167372154917,0.433930439028224,0,0,3.6948284690220174,7.157369104810077,CAST;CST7
GO_Biological_Process_2023,Interleukin-2-Mediated Signaling Pathway (GO:0038110),2/7,0.1441167372154917,0.433930439028224,0,0,3.6948284690220174,7.157369104810077,IL2RB;JAK1
GO_Biological_Process_2023,Monosaccharide Biosynthetic Process (GO:0046364),2/7,0.1441167372154917,0.433930439028224,0,0,3.6948284690220174,7.157369104810077,UST;RGN
GO_Biological_Process_2023,Natural Killer Cell Differentiation (GO:0001779),2/7,0.1441167372154917,0.433930439028224,0,0,3.6948284690220174,7.157369104810077,PTPRC;NFIL3
GO_Biological_Process_2023,Negative Regulation Of SMAD Protein Signal Transduction (GO:0060392),2/7,0.1441167372154917,0.433930439028224,0,0,3.6948284690220174,7.157369104810077,VEPH1;PPARG
GO_Biological_Process_2023,Negative Regulation Of Amyloid-Beta Clearance (GO:1900222),2/7,0.1441167372154917,0.433930439028224,0,0,3.6948284690220174,7.157369104810077,IFNGR1;TNF
GO_Biological_Process_2023,Negative Regulation Of Inflammatory Response To Wounding (GO:0106015),2/7,0.1441167372154917,0.433930439028224,0,0,3.6948284690220174,7.157369104810077,IL33;SIGLEC10
GO_Biological_Process_2023,Negative Regulation Of Intracellular Transport (GO:0032387),2/7,0.1441167372154917,0.433930439028224,0,0,3.6948284690220174,7.157369104810077,PLN;CRYAB
GO_Biological_Process_2023,Negative Regulation Of Keratinocyte Proliferation (GO:0010839),2/7,0.1441167372154917,0.433930439028224,0,0,3.6948284690220174,7.157369104810077,KLF9;SNAI2
GO_Biological_Process_2023,Negative Regulation Of Leukocyte Proliferation (GO:0070664),2/7,0.1441167372154917,0.433930439028224,0,0,3.6948284690220174,7.157369104810077,IL33;TNFAIP3
GO_Biological_Process_2023,Negative Regulation Of Macrophage Migration (GO:1905522),2/7,0.1441167372154917,0.433930439028224,0,0,3.6948284690220174,7.157369104810077,C5;CD200
GO_Biological_Process_2023,Negative Regulation Of Muscle Hypertrophy (GO:0014741),2/7,0.1441167372154917,0.433930439028224,0,0,3.6948284690220174,7.157369104810077,RGS2;NOTCH1
GO_Biological_Process_2023,Negative Regulation Of Nitric Oxide Biosynthetic Process (GO:0045019),2/7,0.1441167372154917,0.433930439028224,0,0,3.6948284690220174,7.157369104810077,PTGIS;CAV1
GO_Biological_Process_2023,Negative Regulation Of Nitric Oxide Metabolic Process (GO:1904406),2/7,0.1441167372154917,0.433930439028224,0,0,3.6948284690220174,7.157369104810077,PTGIS;CAV1
GO_Biological_Process_2023,Negative Regulation Of Vascular Associated Smooth Muscle Cell Differentiation (GO:1905064),2/7,0.1441167372154917,0.433930439028224,0,0,3.6948284690220174,7.157369104810077,HEY2;PDGFB
GO_Biological_Process_2023,Neuron Projection Arborization (GO:0140058),2/7,0.1441167372154917,0.433930439028224,0,0,3.6948284690220174,7.157369104810077,PHACTR1;ZNF365
GO_Biological_Process_2023,Pericardium Development (GO:0060039),2/7,0.1441167372154917,0.433930439028224,0,0,3.6948284690220174,7.157369104810077,NOTCH1;BMP5
GO_Biological_Process_2023,Plasma Membrane Phospholipid Scrambling (GO:0017121),2/7,0.1441167372154917,0.433930439028224,0,0,3.6948284690220174,7.157369104810077,PLSCR1;PLSCR4
GO_Biological_Process_2023,"Positive Regulation Of CD4-positive, Alpha-Beta T Cell Differentiation (GO:0043372)",2/7,0.1441167372154917,0.433930439028224,0,0,3.6948284690220174,7.157369104810077,HLA-DRA;HLA-DRB1
GO_Biological_Process_2023,Positive Regulation Of T-helper 2 Cell Cytokine Production (GO:2000553),2/7,0.1441167372154917,0.433930439028224,0,0,3.6948284690220174,7.157369104810077,IL6;NLRP3
GO_Biological_Process_2023,Positive Regulation Of Dendritic Cell Chemotaxis (GO:2000510),2/7,0.1441167372154917,0.433930439028224,0,0,3.6948284690220174,7.157369104810077,CCL21;GAS6
GO_Biological_Process_2023,Positive Regulation Of Epithelial Tube Formation (GO:1905278),2/7,0.1441167372154917,0.433930439028224,0,0,3.6948284690220174,7.157369104810077,MMRN2;FGF2
GO_Biological_Process_2023,Positive Regulation Of Fibroblast Migration (GO:0010763),2/7,0.1441167372154917,0.433930439028224,0,0,3.6948284690220174,7.157369104810077,ITGB1;PRKCE
GO_Biological_Process_2023,Positive Regulation Of Isomerase Activity (GO:0010912),2/7,0.1441167372154917,0.433930439028224,0,0,3.6948284690220174,7.157369104810077,PLSCR1;ITGAM
GO_Biological_Process_2023,Positive Regulation Of Oligodendrocyte Differentiation (GO:0048714),2/7,0.1441167372154917,0.433930439028224,0,0,3.6948284690220174,7.157369104810077,TNFRSF1B;ZNF365
GO_Biological_Process_2023,Positive Regulation Of Ryanodine-Sensitive Calcium-Release Channel Activity (GO:0060316),2/7,0.1441167372154917,0.433930439028224,0,0,3.6948284690220174,7.157369104810077,JPH2;GSTO1
GO_Biological_Process_2023,Regulation Of ATPase-coupled Calcium Transmembrane Transporter Activity (GO:1901894),2/7,0.1441167372154917,0.433930439028224,0,0,3.6948284690220174,7.157369104810077,PLN;SLN
GO_Biological_Process_2023,Regulation Of T-helper 2 Cell Differentiation (GO:0045628),2/7,0.1441167372154917,0.433930439028224,0,0,3.6948284690220174,7.157369104810077,CD86;NLRP3
GO_Biological_Process_2023,Regulation Of Dopamine Receptor Signaling Pathway (GO:0060159),2/7,0.1441167372154917,0.433930439028224,0,0,3.6948284690220174,7.157369104810077,LRRK2;PALM
GO_Biological_Process_2023,Regulation Of Epithelial To Mesenchymal Transition Involved In Endocardial Cushion Formation (GO:1905005),2/7,0.1441167372154917,0.433930439028224,0,0,3.6948284690220174,7.157369104810077,ENG;TGFBR2
GO_Biological_Process_2023,Regulation Of Phospholipase A2 Activity (GO:0032429),2/7,0.1441167372154917,0.433930439028224,0,0,3.6948284690220174,7.157369104810077,ANXA8L1;ANXA8
GO_Biological_Process_2023,Regulation Of Protein Localization To Cell Cortex (GO:1904776),2/7,0.1441167372154917,0.433930439028224,0,0,3.6948284690220174,7.157369104810077,EPB41L2;GNAI1
GO_Biological_Process_2023,Regulation Of Protein Localization To Nucleolus (GO:1904749),2/7,0.1441167372154917,0.433930439028224,0,0,3.6948284690220174,7.157369104810077,MCRS1;GLUL
GO_Biological_Process_2023,Regulation Of Vascular Wound Healing (GO:0061043),2/7,0.1441167372154917,0.433930439028224,0,0,3.6948284690220174,7.157369104810077,TNFAIP3;TNF
GO_Biological_Process_2023,"Regulation Of Wound Healing, Spreading Of Epidermal Cells (GO:1903689)",2/7,0.1441167372154917,0.433930439028224,0,0,3.6948284690220174,7.157369104810077,PHLDB2;CLASP2
GO_Biological_Process_2023,Response To Epinephrine (GO:0071871),2/7,0.1441167372154917,0.433930439028224,0,0,3.6948284690220174,7.157369104810077,PDE4B;SNCA
GO_Biological_Process_2023,Response To Hydroperoxide (GO:0033194),2/7,0.1441167372154917,0.433930439028224,0,0,3.6948284690220174,7.157369104810077,GPX3;PRKD1
GO_Biological_Process_2023,Sialylation (GO:0097503),2/7,0.1441167372154917,0.433930439028224,0,0,3.6948284690220174,7.157369104810077,ST6GALNAC2;ST3GAL1
GO_Biological_Process_2023,Spleen Development (GO:0048536),2/7,0.1441167372154917,0.433930439028224,0,0,3.6948284690220174,7.157369104810077,CITED2;TCF21
GO_Biological_Process_2023,Sulfur Amino Acid Biosynthetic Process (GO:0000097),2/7,0.1441167372154917,0.433930439028224,0,0,3.6948284690220174,7.157369104810077,CDO1;GGT1
GO_Biological_Process_2023,Tryptophan Catabolic Process (GO:0006569),2/7,0.1441167372154917,0.433930439028224,0,0,3.6948284690220174,7.157369104810077,KYNU;AFMID
GO_Biological_Process_2023,Ventricular Cardiac Muscle Cell Membrane Repolarization (GO:0099625),2/7,0.1441167372154917,0.433930439028224,0,0,3.6948284690220174,7.157369104810077,KCNJ5;KCNJ8
GO_Biological_Process_2023,Ventricular Trabecula Myocardium Morphogenesis (GO:0003222),2/7,0.1441167372154917,0.433930439028224,0,0,3.6948284690220174,7.157369104810077,NOTCH1;ENG
GO_Biological_Process_2023,Very-Low-Density Lipoprotein Particle Remodeling (GO:0034372),2/7,0.1441167372154917,0.433930439028224,0,0,3.6948284690220174,7.157369104810077,CETP;LCP1
GO_Biological_Process_2023,Positive Regulation Of Innate Immune Response (GO:0045089),7/45,0.1454921271170216,0.4377516958327335,0,0,1.7028126013184912,3.282398279062615,PLSCR1;SPI1;CCL5;SH2D1B;TLR8;PLA2G5;HLA-E
GO_Biological_Process_2023,Negative Regulation Of Cellular Component Organization (GO:0051129),11/79,0.1461022099505805,0.4392664253915628,0,0,1.4959074679254418,2.877301475031684,CH25H;SLN;DNAJB6;SYT11;APOA1;PRKD1;HSPA2;CLU;TNF;CRYAB;BMP6
GO_Biological_Process_2023,JNK Cascade (GO:0007254),5/29,0.1478036294108351,0.4418019953143904,0,0,1.9253205128205129,3.680963904563242,PTGER4;LRRK2;SH2D3C;TNFRSF19;MAP3K7
GO_Biological_Process_2023,Heterotypic Cell-Cell Adhesion (GO:0034113),5/29,0.1478036294108351,0.4418019953143904,0,0,1.9253205128205129,3.680963904563242,ITGB1;CD58;LILRB2;CD200;JAM3
GO_Biological_Process_2023,Modified Amino Acid Transport (GO:0072337),5/29,0.1478036294108351,0.4418019953143904,0,0,1.9253205128205129,3.680963904563242,SLC7A7;PDPN;FOLR3;FOLR2;FOLR1
GO_Biological_Process_2023,Positive Regulation Of B Cell Proliferation (GO:0030890),5/29,0.1478036294108351,0.4418019953143904,0,0,1.9253205128205129,3.680963904563242,CD74;BST1;PTPRC;TFRC;TNFSF13B
GO_Biological_Process_2023,Positive Regulation Of Viral Genome Replication (GO:0045070),5/29,0.1478036294108351,0.4418019953143904,0,0,1.9253205128205129,3.680963904563242,SRPK2;NR5A2;CCL5;ADARB1;PPID
GO_Biological_Process_2023,Regulation Of Neuron Migration (GO:2001222),5/29,0.1478036294108351,0.4418019953143904,0,0,1.9253205128205129,3.680963904563242,NTNG1;IGSF10;RELN;SEMA6A;PHACTR1
GO_Biological_Process_2023,Regulation Of Striated Muscle Contraction (GO:0006942),5/29,0.1478036294108351,0.4418019953143904,0,0,1.9253205128205129,3.680963904563242,SLC8A3;GJA5;ATP1A2;ASB3;SMAD7
GO_Biological_Process_2023,Response To Alcohol (GO:0097305),5/29,0.1478036294108351,0.4418019953143904,0,0,1.9253205128205129,3.680963904563242,TGFBR3;CCL21;CCL3;SLIT2;TGFBR2
GO_Biological_Process_2023,Ceramide Transport (GO:0035627),3/14,0.1506561652921858,0.4448406773035938,0,0,2.5196535022354696,4.7690869904735385,ABCB1;VAPA;PLTP
GO_Biological_Process_2023,Endoderm Development (GO:0007492),3/14,0.1506561652921858,0.4448406773035938,0,0,2.5196535022354696,4.7690869904735385,SOX17;DUSP1;SOX7
GO_Biological_Process_2023,Membrane Raft Organization (GO:0031579),3/14,0.1506561652921858,0.4448406773035938,0,0,2.5196535022354696,4.7690869904735385,COLEC12;ANXA2;MYADM
GO_Biological_Process_2023,Monosaccharide Transmembrane Transport (GO:0015749),3/14,0.1506561652921858,0.4448406773035938,0,0,2.5196535022354696,4.7690869904735385,SLC2A9;SLC2A12;SLC2A6
GO_Biological_Process_2023,Negative Regulation Of T Cell Mediated Immunity (GO:0002710),3/14,0.1506561652921858,0.4448406773035938,0,0,2.5196535022354696,4.7690869904735385,PTPRC;KLRD1;SMAD7
GO_Biological_Process_2023,Negative Regulation Of Receptor Signaling Pathway Via STAT (GO:1904893),3/14,0.1506561652921858,0.4448406773035938,0,0,2.5196535022354696,4.7690869904735385,SOCS3;CAV1;PPARG
GO_Biological_Process_2023,Negative Regulation Of Smooth Muscle Cell Migration (GO:0014912),3/14,0.1506561652921858,0.4448406773035938,0,0,2.5196535022354696,4.7690869904735385,NDRG4;SLIT2;AIF1
GO_Biological_Process_2023,Positive Regulation Of Long-Term Synaptic Potentiation (GO:1900273),3/14,0.1506561652921858,0.4448406773035938,0,0,2.5196535022354696,4.7690869904735385,RELN;ZDHHC2;SHANK3
GO_Biological_Process_2023,Positive Regulation Of Membrane Protein Ectodomain Proteolysis (GO:0051044),3/14,0.1506561652921858,0.4448406773035938,0,0,2.5196535022354696,4.7690869904735385,IL1B;TNFRSF1B;TNF
GO_Biological_Process_2023,Protein Homotrimerization (GO:0070207),3/14,0.1506561652921858,0.4448406773035938,0,0,2.5196535022354696,4.7690869904735385,MLKL;SCARA5;ITLN1
GO_Biological_Process_2023,Protein Trimerization (GO:0070206),3/14,0.1506561652921858,0.4448406773035938,0,0,2.5196535022354696,4.7690869904735385,MLKL;SCARA5;ITLN1
GO_Biological_Process_2023,Regulation Of Feeding Behavior (GO:0060259),3/14,0.1506561652921858,0.4448406773035938,0,0,2.5196535022354696,4.7690869904735385,SLC24A4;SGIP1;LEPR
GO_Biological_Process_2023,Regulation Of Sensory Perception Of Pain (GO:0051930),3/14,0.1506561652921858,0.4448406773035938,0,0,2.5196535022354696,4.7690869904735385,TMEM100;CCL3;MGLL
GO_Biological_Process_2023,Regulation Of Sequestering Of Triglyceride (GO:0010889),3/14,0.1506561652921858,0.4448406773035938,0,0,2.5196535022354696,4.7690869904735385,PPARG;LCP1;OSBPL11
GO_Biological_Process_2023,Regulation Of Superoxide Anion Generation (GO:0032928),3/14,0.1506561652921858,0.4448406773035938,0,0,2.5196535022354696,4.7690869904735385,ITGAM;TYROBP;CLEC7A
GO_Biological_Process_2023,Renal Water Homeostasis (GO:0003091),3/14,0.1506561652921858,0.4448406773035938,0,0,2.5196535022354696,4.7690869904735385,WFS1;AQP4;AQP1
GO_Biological_Process_2023,Smooth Muscle Contraction (GO:0006939),3/14,0.1506561652921858,0.4448406773035938,0,0,2.5196535022354696,4.7690869904735385,EDNRA;MYH11;MYLK
GO_Biological_Process_2023,Regulation Of G1/S Transition Of Mitotic Cell Cycle (GO:2000045),14/106,0.1515729291067315,0.446906868282482,0,0,1.4075106959657728,2.655534088339748,RB1;CDKN2B;CDKN2C;FHL1;FAM107A;UBE2E2;KLF4;AIF1;CCND2;GPNMB;ADAMTS1;HYAL1;ID2;CCL2
GO_Biological_Process_2023,Response To Calcium Ion (GO:0051592),14/106,0.1515729291067315,0.446906868282482,0,0,1.4075106959657728,2.655534088339748,CLIC4;CAV1;ALOX15;FGG;SYT15;RASGRP2;CLU;SYT11;KCNMB1;TNNT2;ALOX5AP;CASQ2;CAPN3;SLC25A24
GO_Biological_Process_2023,Negative Regulation Of Protein Binding (GO:0032091),10/71,0.1523154694478209,0.4484541948931913,0,0,1.5157823759956173,2.8524014761063468,DAB2;SLPI;LRRK2;CAV1;PDGFB;ARRB2;ADRB2;EFHB;NES;IFIT2
GO_Biological_Process_2023,Negative Regulation Of Supramolecular Fiber Organization (GO:1902904),10/71,0.1523154694478209,0.4484541948931913,0,0,1.5157823759956173,2.8524014761063468,CDH5;PLEKHH2;MYADM;SLIT2;CLU;CRYAB;SHANK3;LDLR;CLASP2;SNCA
GO_Biological_Process_2023,Apical Junction Assembly (GO:0043297),8/54,0.1532405239875245,0.4508555130747241,0,0,1.6077354235055046,3.015704157496818,CLDN11;CDH5;CLDN5;RAMP2;WDR1;PECAM1;CLDN18;ESAM
GO_Biological_Process_2023,Wound Healing (GO:0042060),11/80,0.155377817758332,0.45681743850576,0,0,1.4741456432277689,2.744705278195157,PDGFRA;SYT11;SLC11A1;ANXA6;HMOX1;WNT7A;IGF1;MYOZ1;CHMP6;FGF2;CHMP5
GO_Biological_Process_2023,T Cell Differentiation (GO:0030217),7/46,0.1580649901526185,0.4633948003121962,0,0,1.65905860053704,3.0605466950259137,SPI1;FCER1G;PTPRC;CD8A;KIT;LEPR;ZFP36L2
GO_Biological_Process_2023,Cardiac Conduction (GO:0061337),7/46,0.1580649901526185,0.4633948003121962,0,0,1.65905860053704,3.0605466950259137,KCNJ5;CAV1;KCNA5;ANK2;SCN4B;KCNJ2;SCN2B
GO_Biological_Process_2023,Homotypic Cell-Cell Adhesion (GO:0034109),7/46,0.1580649901526185,0.4633948003121962,0,0,1.65905860053704,3.0605466950259137,PDGFRA;PLEK;FGG;HBB;MYL9;ACTG1;TJP2
GO_Biological_Process_2023,Positive Regulation Of Peptide Hormone Secretion (GO:0090277),7/46,0.1580649901526185,0.4633948003121962,0,0,1.65905860053704,3.0605466950259137,GRP;BAD;NNAT;FGG;ACSL4;GHRL;MYRIP
GO_Biological_Process_2023,Protein Polymerization (GO:0051258),9/63,0.1586436486557146,0.4647604472353402,0,0,1.540853031860226,2.8368564974962864,PREX1;GSN;FGG;FAM107A;CASQ2;ANG;TPPP;WASF3;GAS7
GO_Biological_Process_2023,Antigen Receptor-Mediated Signaling Pathway (GO:0050851),17/134,0.1597586286995514,0.4676942371097743,0,0,1.3441295546558705,2.4652561521198595,BTNL9;ITK;PDE4D;BTN3A3;PRAM1;LAT2;PTPRC;CD8A;BTK;PDE4B;MNDA;CD247;HLA-DRB3;MAP3K7;HLA-DRB1;SPG21;HLA-DPA1
GO_Biological_Process_2023,Fatty Acid Transport (GO:0015908),6/38,0.1619708991250277,0.4710748998883812,0,0,1.7329079014879425,3.1544791345146965,RBP7;FABP4;FABP5;SLCO2A1;PPARG;CD36
GO_Biological_Process_2023,Positive Regulation Of Production Of Molecular Mediator Of Immune Response (GO:0002702),6/38,0.1619708991250277,0.4710748998883812,0,0,1.7329079014879425,3.1544791345146965,CD86;IL6;PTPRC;LAPTM5;FFAR2;HLA-E
GO_Biological_Process_2023,Response To cAMP (GO:0051591),6/38,0.1619708991250277,0.4710748998883812,0,0,1.7329079014879425,3.1544791345146965,DUOX1;RAP1A;AQP9;PDE2A;CFTR;AQP1
GO_Biological_Process_2023,Dendritic Cell Differentiation (GO:0097028),4/22,0.1620570850065152,0.4710748998883812,0,0,2.053305996924654,3.736619865054285,IRF8;GAS6;CLU;TGFBR2
GO_Biological_Process_2023,Mammary Gland Development (GO:0030879),4/22,0.1620570850065152,0.4710748998883812,0,0,2.053305996924654,3.736619865054285,CAV1;NOTCH4;WNT2;TBX3
GO_Biological_Process_2023,Natural Killer Cell Mediated Immunity (GO:0002228),4/22,0.1620570850065152,0.4710748998883812,0,0,2.053305996924654,3.736619865054285,GZMB;NKG7;KLRD1;MICA
GO_Biological_Process_2023,Oxoacid Metabolic Process (GO:0043436),4/22,0.1620570850065152,0.4710748998883812,0,0,2.053305996924654,3.736619865054285,SULT1A1;TPST2;SULT1A3;SULT1A2
GO_Biological_Process_2023,Regulation Of Cardiac Muscle Cell Membrane Repolarization (GO:0099623),4/22,0.1620570850065152,0.4710748998883812,0,0,2.053305996924654,3.736619865054285,GJA5;ANK2;KCNA5;SCN4B
GO_Biological_Process_2023,Regulation Of Catabolic Process (GO:0009894),4/22,0.1620570850065152,0.4710748998883812,0,0,2.053305996924654,3.736619865054285,ITGB1;RARRES2;CHMP6;ZDHHC2
GO_Biological_Process_2023,Regulation Of Neural Precursor Cell Proliferation (GO:2000177),4/22,0.1620570850065152,0.4710748998883812,0,0,2.053305996924654,3.736619865054285,LRRK2;ID2;GATA2;NES
GO_Biological_Process_2023,Cellular Response To Hypoxia (GO:0071456),10/72,0.1623947783732176,0.4717236192660673,0,0,1.4912513475412554,2.710684862637409,SLC8A3;SFRP1;CPEB1;PTGIS;NOTCH1;EPAS1;BAD;HMOX1;PPARG;AQP1
GO_Biological_Process_2023,Negative Regulation Of Carbohydrate Metabolic Process (GO:0045912),5/30,0.1640008649089014,0.4757180018026513,0,0,1.848205128205128,3.341339698832225,PLEK;CRY1;NUPR1;FBP1;CLK2
GO_Biological_Process_2023,Response To Epidermal Growth Factor (GO:0070849),5/30,0.1640008649089014,0.4757180018026513,0,0,1.848205128205128,3.341339698832225,DUSP22;ZFP36;MAPK1;SNAI2;ZFP36L2
GO_Biological_Process_2023,Activation Of Protein Kinase Activity (GO:0032147),11/81,0.1649439876073331,0.4781170196724878,0,0,1.4530055849500294,2.618533043962235,CD86;ANGPT1;CAB39L;SLC11A1;PDGFB;ANG;ADRB2;IGF1;GAS6;MAP3K7;TGFBR2
GO_Biological_Process_2023,Regulation Of Cellular Component Organization (GO:0051128),19/153,0.1654138833975131,0.4791419027527119,0,0,1.3117868817071667,2.360304120101285,TFRC;WNT3A;FAM107A;LTBP4;STON1;WFDC1;AXIN2;RASGRP2;SNCAIP;TNF;SOCS2;RAP1A;ANGPTL7;AGTR1;PLCE1;CDH13;CHPT1;CD36;ROS1
GO_Biological_Process_2023,Actin Filament Organization (GO:0007015),18/144,0.1663689259143687,0.4815696457071574,0,0,1.3215576369938786,2.370276410918517,GSN;WIPF1;NEBL;PLA2G1B;LMOD1;NEDD9;ARHGAP25;AIF1;ENAH;CNN1;ELMO1;NOSTRIN;RAC2;CDC42EP2;HCLS1;GHRL;LCP1;CGNL1
GO_Biological_Process_2023,Negative Regulation Of Cell Death (GO:0060548),9/64,0.1696616480746919,0.4907558486093089,0,0,1.512753433616743,2.683547638474533,PACRG;GPNMB;WFS1;AGR3;TNFRSF1B;CHMP6;CD200;CHMP5;SNCA
GO_Biological_Process_2023,Bicellular Tight Junction Assembly (GO:0070830),7/47,0.1711122510637234,0.4908676375686618,0,0,1.6174922997946612,2.855578325209852,CLDN11;CDH5;CLDN5;RAMP2;PECAM1;CLDN18;ESAM
GO_Biological_Process_2023,Nitrogen Compound Transport (GO:0071705),20/163,0.1711257927669491,0.4908676375686618,0,0,1.2939412009179452,2.284267332008824,ARRDC4;SLC22A4;SLC22A3;EDN1;RAMP2;CALCRL;RAMP3;SLC43A2;SLC11A1;AQP9;SLC6A12;HBB;SLC3A2;HBA1;AQP1;SLC6A4;PDPN;SLC19A3;SLC15A3;ABCG2
GO_Biological_Process_2023,Cellular Response To Decreased Oxygen Levels (GO:0036294),10/73,0.1727896988279647,0.4908676375686618,0,0,1.4674990818949687,2.5764588433574187,SLC8A3;SFRP1;CPEB1;PTGIS;NOTCH1;EPAS1;BAD;HMOX1;PPARG;AQP1
GO_Biological_Process_2023,Cellular Response To Reactive Oxygen Species (GO:0034614),10/73,0.1727896988279647,0.4908676375686618,0,0,1.4674990818949687,2.5764588433574187,PDGFRA;EDN1;JUN;IL6;NCF1;TNFAIP3;MAPK1;FOS;CLU;AQP1
GO_Biological_Process_2023,Protein Tetramerization (GO:0051262),10/73,0.1727896988279647,0.4908676375686618,0,0,1.4674990818949687,2.5764588433574187,ALDH1A2;APIP;AQP4;PKD2L1;SAMHD1;CLU;ACACB;KCNJ2;HLA-DRB1;SNCA
GO_Biological_Process_2023,Sodium Ion Transmembrane Transport (GO:0035725),11/82,0.1747923985167429,0.4908676375686618,0,0,1.4324610212716629,2.498435919701119,SLC8A3;SCNN1G;SLC24A4;SLC9A9;SLC6A12;PKD2L1;ATP1B3;ATP1A2;SCN4B;SLC6A4;SCN2B
GO_Biological_Process_2023,Dendritic Spine Morphogenesis (GO:0060997),3/15,0.1753926898157691,0.4908676375686618,0,0,2.3095543032786887,4.020305559466643,WNT7A;SHANK3;ZNF365
GO_Biological_Process_2023,Glycosaminoglycan Catabolic Process (GO:0006027),3/15,0.1753926898157691,0.4908676375686618,0,0,2.3095543032786887,4.020305559466643,HYAL1;HYAL2;FGF2
GO_Biological_Process_2023,Negative Regulation Of Epithelial Cell Differentiation (GO:0030857),3/15,0.1753926898157691,0.4908676375686618,0,0,2.3095543032786887,4.020305559466643,NOTCH4;SPRY1;DLL1
GO_Biological_Process_2023,Negative Regulation Of Protein Processing (GO:0010955),3/15,0.1753926898157691,0.4908676375686618,0,0,2.3095543032786887,4.020305559466643,PRNP;LRRK2;GAS1
GO_Biological_Process_2023,"Positive Regulation Of DNA Damage Response, Signal Transduction By P53 Class Mediator (GO:0043517)",3/15,0.1753926898157691,0.4908676375686618,0,0,2.3095543032786887,4.020305559466643,PYHIN1;MSX1;ATR
GO_Biological_Process_2023,Positive Regulation Of Syncytium Formation By Plasma Membrane Fusion (GO:0060143),3/15,0.1753926898157691,0.4908676375686618,0,0,2.3095543032786887,4.020305559466643,CD53;TYROBP;SCGB3A1
GO_Biological_Process_2023,Regulation Of Amyloid Fibril Formation (GO:1905906),3/15,0.1753926898157691,0.4908676375686618,0,0,2.3095543032786887,4.020305559466643,CLU;CRYAB;LDLR
GO_Biological_Process_2023,Regulation Of Amyloid-Beta Clearance (GO:1900221),3/15,0.1753926898157691,0.4908676375686618,0,0,2.3095543032786887,4.020305559466643,IFNGR1;CLU;TNF
GO_Biological_Process_2023,Regulation Of Granulocyte Macrophage Colony-Stimulating Factor Production (GO:0032645),3/15,0.1753926898157691,0.4908676375686618,0,0,2.3095543032786887,4.020305559466643,IL1B;LILRA2;IL17D
GO_Biological_Process_2023,Regulation Of Hormone Secretion (GO:0046883),3/15,0.1753926898157691,0.4908676375686618,0,0,2.3095543032786887,4.020305559466643,EDN1;OSM;FFAR2
GO_Biological_Process_2023,Regulation Of Intrinsic Apoptotic Signaling Pathway In Response To DNA Damage (GO:1902229),3/15,0.1753926898157691,0.4908676375686618,0,0,2.3095543032786887,4.020305559466643,CXCL12;SNAI2;CLU
GO_Biological_Process_2023,Regulation Of Monocyte Differentiation (GO:0045655),3/15,0.1753926898157691,0.4908676375686618,0,0,2.3095543032786887,4.020305559466643,CD74;CDK6;HLA-DRB1
GO_Biological_Process_2023,Regulation Of Systemic Arterial Blood Pressure By Hormone (GO:0001990),3/15,0.1753926898157691,0.4908676375686618,0,0,2.3095543032786887,4.020305559466643,EDN1;ENPEP;AGTR1
GO_Biological_Process_2023,Stem Cell Development (GO:0048864),3/15,0.1753926898157691,0.4908676375686618,0,0,2.3095543032786887,4.020305559466643,PTPRC;WNT7A;SNAI2
GO_Biological_Process_2023,Digestive Tract Development (GO:0048565),6/39,0.1766666207169435,0.4908676375686618,0,0,1.680302252903587,2.912788532244816,EDNRB;FOXF1;RARRES2;KIT;GATA5;TNF
GO_Biological_Process_2023,Negative Regulation Of Cell-Substrate Adhesion (GO:0010812),6/39,0.1766666207169435,0.4908676375686618,0,0,1.680302252903587,2.912788532244816,NOTCH1;MYOC;FZD4;PTPRO;FBLN1;CORO2B
GO_Biological_Process_2023,Negative Regulation Of Transport (GO:0051051),6/39,0.1766666207169435,0.4908676375686618,0,0,1.680302252903587,2.912788532244816,PXK;SYT11;PRKD1;CRYAB;PPM1F;SNCA
GO_Biological_Process_2023,Positive Regulation Of Intrinsic Apoptotic Signaling Pathway (GO:2001244),6/39,0.1766666207169435,0.4908676375686618,0,0,1.680302252903587,2.912788532244816,UBB;CAV1;MSX1;NUPR1;S100A9;S100A8
GO_Biological_Process_2023,CD40 Signaling Pathway (GO:0023035),2/8,0.1802009399765304,0.4908676375686618,0,0,3.078853046594982,5.276177255750717,CD86;ITGB1
GO_Biological_Process_2023,DNA Cytosine Deamination (GO:0070383),2/8,0.1802009399765304,0.4908676375686618,0,0,3.078853046594982,5.276177255750717,APOBEC3F;APOBEC3G
GO_Biological_Process_2023,Anoikis (GO:0043276),2/8,0.1802009399765304,0.4908676375686618,0,0,3.078853046594982,5.276177255750717,DAPK2;MAP3K7
GO_Biological_Process_2023,Apoptotic DNA Fragmentation (GO:0006309),2/8,0.1802009399765304,0.4908676375686618,0,0,3.078853046594982,5.276177255750717,DNASE2B;DNASE1L3
GO_Biological_Process_2023,Astral Microtubule Organization (GO:0030953),2/8,0.1802009399765304,0.4908676375686618,0,0,3.078853046594982,5.276177255750717,LIMK2;TPPP
GO_Biological_Process_2023,Brown Fat Cell Differentiation (GO:0050873),2/8,0.1802009399765304,0.4908676375686618,0,0,3.078853046594982,5.276177255750717,METRNL;PPARGC1A
GO_Biological_Process_2023,Cellular Response To Muramyl Dipeptide (GO:0071225),2/8,0.1802009399765304,0.4908676375686618,0,0,3.078853046594982,5.276177255750717,VIM;CHMP5
GO_Biological_Process_2023,Cilium Movement Involved In Cell Motility (GO:0060294),2/8,0.1802009399765304,0.4908676375686618,0,0,3.078853046594982,5.276177255750717,TEKT1;TEKT3
GO_Biological_Process_2023,Embryonic Forelimb Morphogenesis (GO:0035115),2/8,0.1802009399765304,0.4908676375686618,0,0,3.078853046594982,5.276177255750717,WNT7A;TBX3
GO_Biological_Process_2023,Endothelial Cell Chemotaxis (GO:0035767),2/8,0.1802009399765304,0.4908676375686618,0,0,3.078853046594982,5.276177255750717,NR4A1;EGR3
GO_Biological_Process_2023,Glucosamine-Containing Compound Catabolic Process (GO:1901072),2/8,0.1802009399765304,0.4908676375686618,0,0,3.078853046594982,5.276177255750717,CHIA;CHI3L2
GO_Biological_Process_2023,Kynurenine Metabolic Process (GO:0070189),2/8,0.1802009399765304,0.4908676375686618,0,0,3.078853046594982,5.276177255750717,KYNU;AFMID
GO_Biological_Process_2023,Manganese Ion Transport (GO:0006828),2/8,0.1802009399765304,0.4908676375686618,0,0,3.078853046594982,5.276177255750717,SLC11A1;SLC39A8
GO_Biological_Process_2023,Mesodermal Cell Differentiation (GO:0048333),2/8,0.1802009399765304,0.4908676375686618,0,0,3.078853046594982,5.276177255750717,ITGB1;ITGA8
GO_Biological_Process_2023,Monocyte Activation (GO:0042117),2/8,0.1802009399765304,0.4908676375686618,0,0,3.078853046594982,5.276177255750717,HYAL2;MT1G
GO_Biological_Process_2023,Negative Regulation Of Glial Cell Differentiation (GO:0045686),2/8,0.1802009399765304,0.4908676375686618,0,0,3.078853046594982,5.276177255750717,NOTCH1;TMEM98
GO_Biological_Process_2023,Negative Regulation Of Leukocyte Degranulation (GO:0043301),2/8,0.1802009399765304,0.4908676375686618,0,0,3.078853046594982,5.276177255750717,SPI1;FCGR2B
GO_Biological_Process_2023,Negative Regulation Of Lipase Activity (GO:0060192),2/8,0.1802009399765304,0.4908676375686618,0,0,3.078853046594982,5.276177255750717,RGS2;APOC1
GO_Biological_Process_2023,Negative Regulation Of Production Of Molecular Mediator Of Immune Response (GO:0002701),2/8,0.1802009399765304,0.4908676375686618,0,0,3.078853046594982,5.276177255750717,FCGR2B;TNF
GO_Biological_Process_2023,Negative Regulation Of Protein-Containing Complex Disassembly (GO:0043242),2/8,0.1802009399765304,0.4908676375686618,0,0,3.078853046594982,5.276177255750717,SLN;TNF
GO_Biological_Process_2023,Neurotransmitter Reuptake (GO:0098810),2/8,0.1802009399765304,0.4908676375686618,0,0,3.078853046594982,5.276177255750717,SLC22A3;SLC6A4
GO_Biological_Process_2023,p38MAPK Cascade (GO:0038066),2/8,0.1802009399765304,0.4908676375686618,0,0,3.078853046594982,5.276177255750717,ZFP36;MAP3K7
GO_Biological_Process_2023,"Phototransduction, Visible Light (GO:0007603)",2/8,0.1802009399765304,0.4908676375686618,0,0,3.078853046594982,5.276177255750717,DMBT1;GNAQ
GO_Biological_Process_2023,Plasminogen Activation (GO:0031639),2/8,0.1802009399765304,0.4908676375686618,0,0,3.078853046594982,5.276177255750717,F11;FGG
GO_Biological_Process_2023,Positive Regulation Of Actin Cytoskeleton Reorganization (GO:2000251),2/8,0.1802009399765304,0.4908676375686618,0,0,3.078853046594982,5.276177255750717,HCK;TEK
GO_Biological_Process_2023,Positive Regulation Of Calcium Ion Import Across Plasma Membrane (GO:1905665),2/8,0.1802009399765304,0.4908676375686618,0,0,3.078853046594982,5.276177255750717,PPP3CC;RAMP3
GO_Biological_Process_2023,Positive Regulation Of Calcium Ion Transport Into Cytosol (GO:0010524),2/8,0.1802009399765304,0.4908676375686618,0,0,3.078853046594982,5.276177255750717,P2RX2;PLA2G1B
GO_Biological_Process_2023,Positive Regulation Of Dendritic Cell Cytokine Production (GO:0002732),2/8,0.1802009399765304,0.4908676375686618,0,0,3.078853046594982,5.276177255750717,CLEC7A;KIT
GO_Biological_Process_2023,Positive Regulation Of Extracellular Matrix Assembly (GO:1901203),2/8,0.1802009399765304,0.4908676375686618,0,0,3.078853046594982,5.276177255750717,PHLDB2;CLASP2
GO_Biological_Process_2023,Positive Regulation Of Mast Cell Degranulation (GO:0043306),2/8,0.1802009399765304,0.4908676375686618,0,0,3.078853046594982,5.276177255750717,PLA2G3;GAB2
GO_Biological_Process_2023,Positive Regulation Of Monocyte Chemotactic Protein-1 Production (GO:0071639),2/8,0.1802009399765304,0.4908676375686618,0,0,3.078853046594982,5.276177255750717,CLEC7A;IL1B
GO_Biological_Process_2023,Positive Regulation Of Peptide Secretion (GO:0002793),2/8,0.1802009399765304,0.4908676375686618,0,0,3.078853046594982,5.276177255750717,GRP;FGG
GO_Biological_Process_2023,Positive Regulation Of Sequestering Of Triglyceride (GO:0010890),2/8,0.1802009399765304,0.4908676375686618,0,0,3.078853046594982,5.276177255750717,LCP1;OSBPL11
GO_Biological_Process_2023,Positive Regulation Of Tumor Necrosis Factor-Mediated Signaling Pathway (GO:1903265),2/8,0.1802009399765304,0.4908676375686618,0,0,3.078853046594982,5.276177255750717,CASP1;LAPTM5
GO_Biological_Process_2023,Presynaptic Membrane Assembly (GO:0097105),2/8,0.1802009399765304,0.4908676375686618,0,0,3.078853046594982,5.276177255750717,PTPRD;NLGN4X
GO_Biological_Process_2023,"Regulation Of CD8-positive, Alpha-Beta T Cell Proliferation (GO:2000564)",2/8,0.1802009399765304,0.4908676375686618,0,0,3.078853046594982,5.276177255750717,IRF1;HLA-E
GO_Biological_Process_2023,Regulation Of T-helper 1 Type Immune Response (GO:0002825),2/8,0.1802009399765304,0.4908676375686618,0,0,3.078853046594982,5.276177255750717,SLC11A1;IL12RB1
GO_Biological_Process_2023,Regulation Of Cell Killing (GO:0031341),2/8,0.1802009399765304,0.4908676375686618,0,0,3.078853046594982,5.276177255750717,CFH;CD59
GO_Biological_Process_2023,Regulation Of Defense Response To Bacterium (GO:1900424),2/8,0.1802009399765304,0.4908676375686618,0,0,3.078853046594982,5.276177255750717,MMRN2;EMILIN2
GO_Biological_Process_2023,Regulation Of Endothelial Cell Development (GO:1901550),2/8,0.1802009399765304,0.4908676375686618,0,0,3.078853046594982,5.276177255750717,IL1B;TNF
GO_Biological_Process_2023,Regulation Of Gap Junction Assembly (GO:1903596),2/8,0.1802009399765304,0.4908676375686618,0,0,3.078853046594982,5.276177255750717,CAV1;IL1B
GO_Biological_Process_2023,Regulation Of Intrinsic Apoptotic Signaling Pathway By P53 Class Mediator (GO:1902253),2/8,0.1802009399765304,0.4908676375686618,0,0,3.078853046594982,5.276177255750717,UBB;MSX1
GO_Biological_Process_2023,Regulation Of Macrophage Migration (GO:1905521),2/8,0.1802009399765304,0.4908676375686618,0,0,3.078853046594982,5.276177255750717,CX3CR1;MTUS1
GO_Biological_Process_2023,Regulation Of Morphogenesis Of An Epithelium (GO:1905330),2/8,0.1802009399765304,0.4908676375686618,0,0,3.078853046594982,5.276177255750717,GJA1;MMRN2
GO_Biological_Process_2023,Regulation Of Organ Growth (GO:0046620),2/8,0.1802009399765304,0.4908676375686618,0,0,3.078853046594982,5.276177255750717,WWC2;SLC6A4
GO_Biological_Process_2023,Response To Magnesium Ion (GO:0032026),2/8,0.1802009399765304,0.4908676375686618,0,0,3.078853046594982,5.276177255750717,FBP1;SNCA
GO_Biological_Process_2023,Response To Misfolded Protein (GO:0051788),2/8,0.1802009399765304,0.4908676375686618,0,0,3.078853046594982,5.276177255750717,DNAJB12;CLU
GO_Biological_Process_2023,Sensory Perception Of Sour Taste (GO:0050915),2/8,0.1802009399765304,0.4908676375686618,0,0,3.078853046594982,5.276177255750717,SCNN1G;PKD2L1
GO_Biological_Process_2023,Serotonin Uptake (GO:0051610),2/8,0.1802009399765304,0.4908676375686618,0,0,3.078853046594982,5.276177255750717,SLC22A3;SLC6A4
GO_Biological_Process_2023,Triglyceride-Rich Lipoprotein Particle Remodeling (GO:0034370),2/8,0.1802009399765304,0.4908676375686618,0,0,3.078853046594982,5.276177255750717,CETP;LCP1
GO_Biological_Process_2023,Tyrosine Phosphorylation Of STAT Protein (GO:0007260),2/8,0.1802009399765304,0.4908676375686618,0,0,3.078853046594982,5.276177255750717,IL15;JAK1
GO_Biological_Process_2023,Unsaturated Fatty Acid Biosynthetic Process (GO:0006636),2/8,0.1802009399765304,0.4908676375686618,0,0,3.078853046594982,5.276177255750717,ALOX15;SCD5
GO_Biological_Process_2023,acyl-CoA Metabolic Process (GO:0006637),5/31,0.180865058292849,0.4908676375686618,0,0,1.7770216962524654,3.0387143154043974,ACOT7;ACOT2;ACOT1;HMGCS2;ACACB
GO_Biological_Process_2023,Cellular Response To cAMP (GO:0071320),5/31,0.180865058292849,0.4908676375686618,0,0,1.7770216962524654,3.0387143154043974,RAP1A;AQP9;PDE2A;CFTR;AQP1
GO_Biological_Process_2023,Negative Regulation Of DNA Biosynthetic Process (GO:2000279),5/31,0.180865058292849,0.4908676375686618,0,0,1.7770216962524654,3.0387143154043974,ACVRL1;DACH1;TINF2;STON1;ANKRD1
GO_Biological_Process_2023,Negative Regulation Of Intracellular Steroid Hormone Receptor Signaling Pathway (GO:0033144),5/31,0.180865058292849,0.4908676375686618,0,0,1.7770216962524654,3.0387143154043974,DAB2;SFRP1;CRY1;TCF21;ZNF366
GO_Biological_Process_2023,Organic Cation Transport (GO:0015695),5/31,0.180865058292849,0.4908676375686618,0,0,1.7770216962524654,3.0387143154043974,SLC22A4;SLC22A3;SEC14L1;SLC19A3;SLC6A12
GO_Biological_Process_2023,Positive Regulation Of G1/S Transition Of Mitotic Cell Cycle (GO:1900087),5/31,0.180865058292849,0.4908676375686618,0,0,1.7770216962524654,3.0387143154043974,CCND2;ADAMTS1;HYAL1;UBE2E2;AIF1
GO_Biological_Process_2023,Positive Regulation Of Proteolysis Involved In Protein Catabolic Process (GO:1903052),5/31,0.180865058292849,0.4908676375686618,0,0,1.7770216962524654,3.0387143154043974,PYHIN1;LAPTM5;NUPR1;CLU;CTSC
GO_Biological_Process_2023,Regulation Of Cell Morphogenesis (GO:0022604),5/31,0.180865058292849,0.4908676375686618,0,0,1.7770216962524654,3.0387143154043974,NTNG1;SPARC;PDPN;ZMYM6;CD44
GO_Biological_Process_2023,Regulation Of Dendrite Morphogenesis (GO:0048814),5/31,0.180865058292849,0.4908676375686618,0,0,1.7770216962524654,3.0387143154043974,PTPRD;CDKL5;SDC2;NEDD4L;KNDC1
GO_Biological_Process_2023,Regulation Of Extrinsic Apoptotic Signaling Pathway Via Death Domain Receptors (GO:1902041),5/31,0.180865058292849,0.4908676375686618,0,0,1.7770216962524654,3.0387143154043974,SFRP1;FGG;TNFAIP3;HMOX1;BMP5
GO_Biological_Process_2023,Regulation Of Protein Autophosphorylation (GO:0031952),5/31,0.180865058292849,0.4908676375686618,0,0,1.7770216962524654,3.0387143154043974,IMPACT;RASSF2;GPNMB;PDGFB;ENG
GO_Biological_Process_2023,Regulation Of Protein Localization To Cell Surface (GO:2000008),5/31,0.180865058292849,0.4908676375686618,0,0,1.7770216962524654,3.0387143154043974,TYROBP;BDNF;NEDD4L;TNF;GPM6B
GO_Biological_Process_2023,Regulation Of Response To Biotic Stimulus (GO:0002831),5/31,0.180865058292849,0.4908676375686618,0,0,1.7770216962524654,3.0387143154043974,FGR;IRF1;CD36;SAMHD1;FCGR2B
GO_Biological_Process_2023,Regulation Of Transmembrane Receptor Protein Serine/Threonine Kinase Signaling Pathway (GO:0090092),5/31,0.180865058292849,0.4908676375686618,0,0,1.7770216962524654,3.0387143154043974,LTBP4;FOLR1;DKK3;SMAD7;ENG
GO_Biological_Process_2023,Fatty Acid Biosynthetic Process (GO:0006633),9/65,0.181024513633725,0.4908676375686618,0,0,1.4856573924533842,2.539170955778075,ACOT7;PLA2G1B;ALOX5;ALOX15;SCD5;CYP1A2;LCP1;LTC4S;ACACB
GO_Biological_Process_2023,Axon Extension (GO:0048675),4/23,0.1819749654205745,0.4908676375686618,0,0,1.9451293533680436,3.3142789729442974,SEMA5A;NELL2;SLIT2;C9ORF72
GO_Biological_Process_2023,Cellular Response To Interleukin-6 (GO:0071354),4/23,0.1819749654205745,0.4908676375686618,0,0,1.9451293533680436,3.3142789729442974,IL6;PTGIS;SPI1;JAK1
GO_Biological_Process_2023,Cholesterol Efflux (GO:0033344),4/23,0.1819749654205745,0.4908676375686618,0,0,1.9451293533680436,3.3142789729442974,APOC1;APOA1;ABCA8;ABCG1
GO_Biological_Process_2023,Hepaticobiliary System Development (GO:0061008),4/23,0.1819749654205745,0.4908676375686618,0,0,1.9451293533680436,3.3142789729442974,TGFBR3;CEBPA;CITED2;PCSK9
GO_Biological_Process_2023,Long-Chain Fatty Acid Transport (GO:0015909),4/23,0.1819749654205745,0.4908676375686618,0,0,1.9451293533680436,3.3142789729442974,FABP4;FABP5;PPARG;CD36
GO_Biological_Process_2023,Lymphocyte Activation Involved In Immune Response (GO:0002285),4/23,0.1819749654205745,0.4908676375686618,0,0,1.9451293533680436,3.3142789729442974,CD74;IFNA14;LCP1;IFNA10
GO_Biological_Process_2023,Negative Regulation Of Extrinsic Apoptotic Signaling Pathway Via Death Domain Receptors (GO:1902042),4/23,0.1819749654205745,0.4908676375686618,0,0,1.9451293533680436,3.3142789729442974,FGG;TNFAIP3;HMOX1;BMP5
GO_Biological_Process_2023,Positive Regulation Of Cell-Substrate Junction Organization (GO:0150117),4/23,0.1819749654205745,0.4908676375686618,0,0,1.9451293533680436,3.3142789729442974,SFRP1;MYOC;TEK;PPM1F
GO_Biological_Process_2023,Positive Regulation Of Epithelial Cell Apoptotic Process (GO:1904037),4/23,0.1819749654205745,0.4908676375686618,0,0,1.9451293533680436,3.3142789729442974,IL6;GSN;PLA2G1B;CCL2
GO_Biological_Process_2023,Positive Regulation Of Neutrophil Migration (GO:1902624),4/23,0.1819749654205745,0.4908676375686618,0,0,1.9451293533680436,3.3142789729442974,CD74;CCL21;DAPK2;RAC2
GO_Biological_Process_2023,Positive Regulation Of Oxidoreductase Activity (GO:0051353),4/23,0.1819749654205745,0.4908676375686618,0,0,1.9451293533680436,3.3142789729442974,EDN1;PPM1M;AGTR1;TNF
GO_Biological_Process_2023,Regulation Of Axon Extension Involved In Axon Guidance (GO:0048841),4/23,0.1819749654205745,0.4908676375686618,0,0,1.9451293533680436,3.3142789729442974,SEMA5A;SEMA6A;SEMA3B;SEMA3G
GO_Biological_Process_2023,Protein Localization To Plasma Membrane (GO:0072659),17/137,0.1824615600298352,0.4918580927767613,0,0,1.3103070175438596,2.229114946219136,RAMP2;RAMP3;ANK2;ATP1B3;TNF;ZDHHC2;PRAM1;NKD2;DPP6;RAP1A;TMEM88;EPB41L3;GAS6;ASB3;SPTBN1;RAB8B;CLASP2
GO_Biological_Process_2023,Negative Regulation Of Neuron Apoptotic Process (GO:0043524),10/74,0.1834891170710479,0.4943045606380943,0,0,1.4444890745501284,2.4492755603473246,CX3CR1;CNTFR;NTRK2;MAG;BDNF;WFS1;PLA2G3;CCL2;CLU;PPARGC1A
GO_Biological_Process_2023,Negative Regulation Of ERK1 And ERK2 Cascade (GO:0070373),7/48,0.1846086625780751,0.4969954778817592,0,0,1.57795362347874,2.665979522267261,PTPRR;SEMA6A;PTPRC;TIMP3;FBLN1;SPRY1;TLR4
GO_Biological_Process_2023,Vascular Transport (GO:0010232),11/83,0.1849139376857862,0.4974921680782192,0,0,1.4124871399176957,2.384087272847248,SLC22A3;ABCB1;TFRC;KCNJ8;SLCO2B1;SLC1A1;LEPR;SLC2A3;ATP1A2;AGER;ABCG2
GO_Biological_Process_2023,B Cell Activation (GO:0042113),12/92,0.1855726166913095,0.4986129211686262,0,0,1.386901698404529,2.335971025072807,CD86;ITGB1;LAT2;LYL1;HHEX;KLF6;IFNA14;PTPRC;BANK1;KIT;BTK;IFNA10
GO_Biological_Process_2023,Positive Regulation Of Neuron Projection Development (GO:0010976),12/92,0.1855726166913095,0.4986129211686262,0,0,1.386901698404529,2.335971025072807,FZD1;NTRK2;NDRG4;RAP1A;RELN;BDNF;PLA2G3;ROR1;VLDLR;PRKD1;S100A9;BMP5
GO_Biological_Process_2023,Striated Muscle Contraction (GO:0006941),8/57,0.1896261749154248,0.5091722389026302,0,0,1.509051078058342,2.5091002013360715,STAC;TNNC1;TNNT2;CASQ2;TNNI2;ATP1A2;SCN4B;SCN2B
GO_Biological_Process_2023,Cyclic-Nucleotide-Mediated Signaling (GO:0019935),6/40,0.1918775690079153,0.5142119106985058,0,0,1.630791054235958,2.692269317650763,PDE4D;PDE2A;DEFB1;CD36;PDE7B;AQP1
GO_Biological_Process_2023,Negative Regulation Of Secretion By Cell (GO:1903531),6/40,0.1918775690079153,0.5142119106985058,0,0,1.630791054235958,2.692269317650763,NOTCH1;SYT11;OSM;STXBP6;TNFRSF1B;SNCA
GO_Biological_Process_2023,Synaptic Vesicle Endocytosis (GO:0048488),6/40,0.1918775690079153,0.5142119106985058,0,0,1.630791054235958,2.692269317650763,SH3GL3;NLGN4X;CANX;STON1;SH3GL2;SNCA
GO_Biological_Process_2023,Regulation Of BMP Signaling Pathway (GO:0030510),10/75,0.1944810045665302,0.52084997256797,0,0,1.422187067431283,2.328718662364874,CDH5;NOTCH1;CRIM1;SOSTDC1;PPARG;ZNF423;SMAD6;CHRDL1;ENG;SMAD7
GO_Biological_Process_2023,Cellular Nitrogen Compound Biosynthetic Process (GO:0044271),5/32,0.1983368689057347,0.5296201032758159,0,0,1.711111111111111,2.7682155968955287,GCHFR;ASAH1;SPTLC1;SPTLC3;SULT1A2
GO_Biological_Process_2023,Left/Right Pattern Formation (GO:0060972),5/32,0.1983368689057347,0.5296201032758159,0,0,1.711111111111111,2.7682155968955287,NOTCH1;CITED2;MMP23A;DLL1;DNAI1
GO_Biological_Process_2023,Negative Regulation Of Fat Cell Differentiation (GO:0045599),5/32,0.1983368689057347,0.5296201032758159,0,0,1.711111111111111,2.7682155968955287,BMP2;IL6;TNF;ZFP36L2;RUNX1T1
GO_Biological_Process_2023,Purine Ribonucleoside Triphosphate Metabolic Process (GO:0009205),5/32,0.1983368689057347,0.5296201032758159,0,0,1.711111111111111,2.7682155968955287,BAD;LRRK2;ATP1A2;MYH4;GIMAP7
GO_Biological_Process_2023,Heterophilic Cell-Cell Adhesion Via Plasma Membrane Cell Adhesion Molecules (GO:0007157),7/49,0.1985271763675309,0.5296201032758159,0,0,1.5402977412731007,2.490398487351242,PTPRD;SELP;IGSF21;SELL;CD209;CEACAM8;SELE
GO_Biological_Process_2023,Unsaturated Fatty Acid Metabolic Process (GO:0033559),7/49,0.1985271763675309,0.5296201032758159,0,0,1.5402977412731007,2.490398487351242,ALOX5;PLA2G4C;ALOX15;SCD5;GSTA1;ABHD6;MGLL
GO_Biological_Process_2023,acetyl-CoA Metabolic Process (GO:0006084),3/16,0.2011470325424507,0.531446200796892,0,0,2.131778058007566,3.418773259269415,HMGCS2;ACACB;ACAT1
GO_Biological_Process_2023,Endoplasmic Reticulum Tubular Network Organization (GO:0071786),3/16,0.2011470325424507,0.531446200796892,0,0,2.131778058007566,3.418773259269415,REEP1;RTN1;RTN4
GO_Biological_Process_2023,Late Endosome To Lysosome Transport (GO:1902774),3/16,0.2011470325424507,0.531446200796892,0,0,2.131778058007566,3.418773259269415,CHMP6;C9ORF72;CHMP5
GO_Biological_Process_2023,Mesonephric Tubule Development (GO:0072164),3/16,0.2011470325424507,0.531446200796892,0,0,2.131778058007566,3.418773259269415,TCF21;SLIT2;NPNT
GO_Biological_Process_2023,Negative Regulation Of RNA Biosynthetic Process (GO:1902679),3/16,0.2011470325424507,0.531446200796892,0,0,2.131778058007566,3.418773259269415,FCN3;APOBEC3F;APOBEC3G
GO_Biological_Process_2023,Negative Regulation Of Inflammatory Response To Antigenic Stimulus (GO:0002862),3/16,0.2011470325424507,0.531446200796892,0,0,2.131778058007566,3.418773259269415,FGR;HCK;HLA-DRB1
GO_Biological_Process_2023,Negative Regulation Of Interleukin-10 Production (GO:0032693),3/16,0.2011470325424507,0.531446200796892,0,0,2.131778058007566,3.418773259269415,TYROBP;FCGR2B;DLL1
GO_Biological_Process_2023,Negative Regulation Of Viral-Induced Cytoplasmic Pattern Recognition Receptor Signaling Pathway (GO:0039532),3/16,0.2011470325424507,0.531446200796892,0,0,2.131778058007566,3.418773259269415,RNF125;SEC14L1;TNFAIP3
GO_Biological_Process_2023,Positive Regulation Of Myeloid Leukocyte Cytokine Production Involved In Immune Response (GO:0061081),3/16,0.2011470325424507,0.531446200796892,0,0,2.131778058007566,3.418773259269415,CD74;KIT;LAPTM5
GO_Biological_Process_2023,Protein Localization To Endoplasmic Reticulum (GO:0070972),3/16,0.2011470325424507,0.531446200796892,0,0,2.131778058007566,3.418773259269415,PPP1R15A;VAPA;LRRK2
GO_Biological_Process_2023,Regulation Of B Cell Receptor Signaling Pathway (GO:0050855),3/16,0.2011470325424507,0.531446200796892,0,0,2.131778058007566,3.418773259269415,PRKCH;LPXN;FCGR2B
GO_Biological_Process_2023,Regulation Of Natural Killer Cell Activation (GO:0032814),3/16,0.2011470325424507,0.531446200796892,0,0,2.131778058007566,3.418773259269415,TYROBP;KLRD1;MICA
GO_Biological_Process_2023,Regulation Of Presynapse Assembly (GO:1905606),3/16,0.2011470325424507,0.531446200796892,0,0,2.131778058007566,3.418773259269415,WNT3A;WNT7A;SNCA
GO_Biological_Process_2023,Regulation Of Presynapse Organization (GO:0099174),3/16,0.2011470325424507,0.531446200796892,0,0,2.131778058007566,3.418773259269415,WNT3A;WNT7A;SNCA
GO_Biological_Process_2023,Regulation Of Stem Cell Proliferation (GO:0072091),3/16,0.2011470325424507,0.531446200796892,0,0,2.131778058007566,3.418773259269415,GJA1;PTPRC;FBLN1
GO_Biological_Process_2023,Regulation Of Bone Mineralization (GO:0030500),8/58,0.2024999856610855,0.5333473854657699,0,0,1.4787878787878788,2.3616471092835147,SRGN;CCR1;KL;BMP2;ALOX5;CCL3;GPM6B;BMP6
GO_Biological_Process_2023,Amyloid Fibril Formation (GO:1990000),4/24,0.2026435198480043,0.5333473854657699,0,0,1.8477703741670937,2.949608604334258,GSN;CD36;CAMP;SNCA
GO_Biological_Process_2023,Iron Ion Transport (GO:0006826),4/24,0.2026435198480043,0.5333473854657699,0,0,1.8477703741670937,2.949608604334258,SCARA5;TFRC;SLC11A1;F3
GO_Biological_Process_2023,Negative Regulation Of Antigen Receptor-Mediated Signaling Pathway (GO:0050858),4/24,0.2026435198480043,0.5333473854657699,0,0,1.8477703741670937,2.949608604334258,PRNP;LAPTM5;LPXN;FCGR2B
GO_Biological_Process_2023,Positive Regulation Of BMP Signaling Pathway (GO:0030513),4/24,0.2026435198480043,0.5333473854657699,0,0,1.8477703741670937,2.949608604334258,CDH5;NOTCH1;ZNF423;ENG
GO_Biological_Process_2023,Positive Regulation Of Natural Killer Cell Mediated Immunity (GO:0002717),4/24,0.2026435198480043,0.5333473854657699,0,0,1.8477703741670937,2.949608604334258,SH2D1B;KLRD1;KIR2DL4;HLA-E
GO_Biological_Process_2023,Activation Of Cysteine-Type Endopeptidase Activity Involved In Apoptotic Process (GO:0006919),9/67,0.204723920211148,0.5381351801848875,0,0,1.434268348867704,2.274882899591025,BAD;COL4A3;LAPTM5;PPARG;IFT57;TNF;S100A9;S100A8;SNCA
GO_Biological_Process_2023,Negative Regulation Of Cellular Catabolic Process (GO:0031330),9/67,0.204723920211148,0.5381351801848875,0,0,1.434268348867704,2.274882899591025,RRAGB;APOC1;HP;LEPR;TIMP3;NUPR1;RASIP1;EIF4G2;MCL1
GO_Biological_Process_2023,Positive Regulation Of Protein Localization (GO:1903829),11/85,0.2059362650256853,0.54097670640357,0,0,1.3741588811033256,2.1714301313718662,TYROBP;TFRC;SYT11;LIMK2;PYHIN1;PECAM1;NEDD9;TNF;CORO2B;RTN4;JAK1
GO_Biological_Process_2023,Acylglycerol Metabolic Process (GO:0006639),6/41,0.2075640512525779,0.5428294140376944,0,0,1.5841090669207651,2.490718932622653,CETP;CAV1;APOC1;ABHD6;LCP1;MGLL
GO_Biological_Process_2023,Negative Regulation Of Proteolysis (GO:0045861),6/41,0.2075640512525779,0.5428294140376944,0,0,1.5841090669207651,2.490718932622653,PRNP;CSTA;LRRK2;TIMP3;GAS1;CST7
GO_Biological_Process_2023,Non-Canonical Wnt Signaling Pathway (GO:0035567),6/41,0.2075640512525779,0.5428294140376944,0,0,1.5841090669207651,2.490718932622653,FZD1;SFRP1;FZD4;SFRP5;PRICKLE2;WNT7A
GO_Biological_Process_2023,Positive Regulation Of Ossification (GO:0045778),6/41,0.2075640512525779,0.5428294140376944,0,0,1.5841090669207651,2.490718932622653,KL;BMP2;ALOX5;ZBTB16;GPM6B;BMP6
GO_Biological_Process_2023,Positive Regulation Of Viral Process (GO:0048524),6/41,0.2075640512525779,0.5428294140376944,0,0,1.5841090669207651,2.490718932622653,SRPK2;NR5A2;CD209;CCL5;ADARB1;PPID
GO_Biological_Process_2023,Regulation Of Dendrite Development (GO:0050773),6/41,0.2075640512525779,0.5428294140376944,0,0,1.5841090669207651,2.490718932622653,CDKL5;SDC2;NEDD4L;KNDC1;VLDLR;BMP5
GO_Biological_Process_2023,Stem Cell Differentiation (GO:0048863),6/41,0.2075640512525779,0.5428294140376944,0,0,1.5841090669207651,2.490718932622653,GPM6A;SFRP1;PTPRC;KIT;WNT7A;MEOX1
GO_Biological_Process_2023,Proteolysis (GO:0006508),37/330,0.2112146620345423,0.5493973382819826,0,0,1.168780050322613,1.817313083516762,FCN1;CPM;COLEC11;ENPEP;FCN3;CPB2;CFH;CPXM2;CXCR4;CTSW;CTSS;LACTB;THBD;CTSL;ADAMTS1;ANPEP;CASP1;FBXO3;CTSH;OLR1;CAPN3;CTSG;TPSAB1;GGT1;ADAMTS8;CTSC;CPA3;SRGN;MME;GZMA;GZMB;VASH1;PGC;CAPN11;PSMC4;MMP23B;ATG4B
GO_Biological_Process_2023,Plasma Membrane Bounded Cell Projection Morphogenesis (GO:0120039),7/50,0.2128391897161749,0.5493973382819826,0,0,1.504393295449119,2.3276249518567926,GPM6A;SNX1;UBB;BDNF;LRRK2;EPB41L3;GAS7
GO_Biological_Process_2023,Positive Regulation Of Transport (GO:0051050),7/50,0.2128391897161749,0.5493973382819826,0,0,1.504393295449119,2.3276249518567926,DAB2;CD151;ANXA2;GPC3;TNF;DLL1;SNCA
GO_Biological_Process_2023,Cilium Movement (GO:0003341),8/59,0.2157113633144109,0.5493973382819826,0,0,1.4497114716456692,2.2235878176680357,SPAG6;TEKT1;HYDIN;TEKT3;ROPN1L;DNAH9;NME5;DNAI1
GO_Biological_Process_2023,Cell Junction Assembly (GO:0034329),12/95,0.2158126594250896,0.5493973382819826,0,0,1.3365494918428216,2.0493908993201684,CDH6;CDH5;CLDN5;GPM6A;FLRT3;BDNF;SPOCK2;GJA4;CDH13;PCDHB4;ZDHHC2;SHANK3
GO_Biological_Process_2023,Regulation Of Protein Polymerization (GO:0032271),5/33,0.2163546751240497,0.5493973382819826,0,0,1.6499084249084248,2.525739549254376,ARHGAP18;HCLS1;ARHGAP28;ESAM;TPPP
GO_Biological_Process_2023,Positive Regulation Of JNK Cascade (GO:0046330),10/77,0.2172899084991943,0.5493973382819826,0,0,1.3795802478609522,2.105960748600868,SDCBP;RASSF2;NCF1;CCL21;GADD45B;IL1B;TNFRSF19;WNT7A;TPD52L1;FCGR2B
GO_Biological_Process_2023,B Cell Homeostasis (GO:0001782),2/9,0.2174114254429792,0.5493973382819826,0,0,2.6388706020042427,4.026820881553191,DOCK11;TNFAIP3
GO_Biological_Process_2023,SNARE Complex Assembly (GO:0035493),2/9,0.2174114254429792,0.5493973382819826,0,0,2.6388706020042427,4.026820881553191,STXBP6;SNCA
GO_Biological_Process_2023,Actin-Mediated Cell Contraction (GO:0070252),2/9,0.2174114254429792,0.5493973382819826,0,0,2.6388706020042427,4.026820881553191,GSN;PDPN
GO_Biological_Process_2023,Aminoglycan Metabolic Process (GO:0006022),2/9,0.2174114254429792,0.5493973382819826,0,0,2.6388706020042427,4.026820881553191,CHST9;CHIA
GO_Biological_Process_2023,Apical Protein Localization (GO:0045176),2/9,0.2174114254429792,0.5493973382819826,0,0,2.6388706020042427,4.026820881553191,MAL;JAM3
GO_Biological_Process_2023,Arachidonate Transport (GO:1903963),2/9,0.2174114254429792,0.5493973382819826,0,0,2.6388706020042427,4.026820881553191,PLA2G1B;PLA2G5
GO_Biological_Process_2023,Arachidonic Acid Secretion (GO:0050482),2/9,0.2174114254429792,0.5493973382819826,0,0,2.6388706020042427,4.026820881553191,PLA2G1B;PLA2G5
GO_Biological_Process_2023,Cellular Response To Purine-Containing Compound (GO:0071415),2/9,0.2174114254429792,0.5493973382819826,0,0,2.6388706020042427,4.026820881553191,CASQ2;CLU
GO_Biological_Process_2023,Ectoderm Development (GO:0007398),2/9,0.2174114254429792,0.5493973382819826,0,0,2.6388706020042427,4.026820881553191,ITGAM;STX2
GO_Biological_Process_2023,Ether Lipid Biosynthetic Process (GO:0008611),2/9,0.2174114254429792,0.5493973382819826,0,0,2.6388706020042427,4.026820881553191,PLA2G4C;CHPT1
GO_Biological_Process_2023,Excitatory Synapse Assembly (GO:1904861),2/9,0.2174114254429792,0.5493973382819826,0,0,2.6388706020042427,4.026820881553191,WNT7A;SHANK3
GO_Biological_Process_2023,Forelimb Morphogenesis (GO:0035136),2/9,0.2174114254429792,0.5493973382819826,0,0,2.6388706020042427,4.026820881553191,WNT7A;TBX3
GO_Biological_Process_2023,Granulocyte Migration (GO:0097530),2/9,0.2174114254429792,0.5493973382819826,0,0,2.6388706020042427,4.026820881553191,CCL3;JAM3
GO_Biological_Process_2023,Hematopoietic Stem Cell Differentiation (GO:0060218),2/9,0.2174114254429792,0.5493973382819826,0,0,2.6388706020042427,4.026820881553191,SFRP1;MEOX1
GO_Biological_Process_2023,Intestinal Cholesterol Absorption (GO:0030299),2/9,0.2174114254429792,0.5493973382819826,0,0,2.6388706020042427,4.026820881553191,CD36;LDLR
GO_Biological_Process_2023,Iron Ion Transmembrane Transport (GO:0034755),2/9,0.2174114254429792,0.5493973382819826,0,0,2.6388706020042427,4.026820881553191,SCARA5;SLC39A8
GO_Biological_Process_2023,Morphogenesis Of An Epithelial Sheet (GO:0002011),2/9,0.2174114254429792,0.5493973382819826,0,0,2.6388706020042427,4.026820881553191,NOTCH1;BMP5
GO_Biological_Process_2023,Multivesicular Body-Lysosome Fusion (GO:0061763),2/9,0.2174114254429792,0.5493973382819826,0,0,2.6388706020042427,4.026820881553191,CHMP6;CHMP5
GO_Biological_Process_2023,Negative Regulation Of Bone Resorption (GO:0045779),2/9,0.2174114254429792,0.5493973382819826,0,0,2.6388706020042427,4.026820881553191,IL6;TNFAIP3
GO_Biological_Process_2023,Negative Regulation Of Delayed Rectifier Potassium Channel Activity (GO:1902260),2/9,0.2174114254429792,0.5493973382819826,0,0,2.6388706020042427,4.026820881553191,KCNAB1;KCNRG
GO_Biological_Process_2023,Negative Regulation Of Extracellular Matrix Organization (GO:1903054),2/9,0.2174114254429792,0.5493973382819826,0,0,2.6388706020042427,4.026820881553191,NOTCH1;TNFRSF1B
GO_Biological_Process_2023,Negative Regulation Of Humoral Immune Response Mediated By Circulating Immunoglobulin (GO:0002924),2/9,0.2174114254429792,0.5493973382819826,0,0,2.6388706020042427,4.026820881553191,SVEP1;FCGR2B
GO_Biological_Process_2023,Negative Regulation Of Protein Localization To Cell Surface (GO:2000009),2/9,0.2174114254429792,0.5493973382819826,0,0,2.6388706020042427,4.026820881553191,NEDD4L;GPM6B
GO_Biological_Process_2023,Negative Regulation Of Toll-Like Receptor 4 Signaling Pathway (GO:0034144),2/9,0.2174114254429792,0.5493973382819826,0,0,2.6388706020042427,4.026820881553191,TNFAIP3;LILRA2
GO_Biological_Process_2023,Negative Regulation Of Vascular Endothelial Growth Factor Signaling Pathway (GO:1900747),2/9,0.2174114254429792,0.5493973382819826,0,0,2.6388706020042427,4.026820881553191,SEMA6A;DCN
GO_Biological_Process_2023,Neuron Remodeling (GO:0016322),2/9,0.2174114254429792,0.5493973382819826,0,0,2.6388706020042427,4.026820881553191,C3;C1QA
GO_Biological_Process_2023,Peptidyl-Cysteine Modification (GO:0018198),2/9,0.2174114254429792,0.5493973382819826,0,0,2.6388706020042427,4.026820881553191,S100A9;S100A8
GO_Biological_Process_2023,Positive Regulation Of Cardiocyte Differentiation (GO:1905209),2/9,0.2174114254429792,0.5493973382819826,0,0,2.6388706020042427,4.026820881553191,EFNB2;WNT3A
GO_Biological_Process_2023,Positive Regulation Of Monocyte Differentiation (GO:0045657),2/9,0.2174114254429792,0.5493973382819826,0,0,2.6388706020042427,4.026820881553191,CD74;HLA-DRB1
GO_Biological_Process_2023,Positive Regulation Of Myoblast Fusion (GO:1901741),2/9,0.2174114254429792,0.5493973382819826,0,0,2.6388706020042427,4.026820881553191,CD53;SCGB3A1
GO_Biological_Process_2023,Positive Regulation Of Protein Kinase A Signaling (GO:0010739),2/9,0.2174114254429792,0.5493973382819826,0,0,2.6388706020042427,4.026820881553191,RAMP3;ADRB2
GO_Biological_Process_2023,Positive Regulation Of Receptor Recycling (GO:0001921),2/9,0.2174114254429792,0.5493973382819826,0,0,2.6388706020042427,4.026820881553191,RAMP3;SNCA
GO_Biological_Process_2023,Positive Regulation Of Sodium Ion Transmembrane Transport (GO:1902307),2/9,0.2174114254429792,0.5493973382819826,0,0,2.6388706020042427,4.026820881553191,FXYD1;ATP1B3
GO_Biological_Process_2023,Postsynapse Assembly (GO:0099068),2/9,0.2174114254429792,0.5493973382819826,0,0,2.6388706020042427,4.026820881553191,NLGN4X;WNT7A
GO_Biological_Process_2023,Presynaptic Membrane Organization (GO:0097090),2/9,0.2174114254429792,0.5493973382819826,0,0,2.6388706020042427,4.026820881553191,PTPRD;NLGN4X
GO_Biological_Process_2023,"Regulation Of CD8-positive, Alpha-Beta T Cell Activation (GO:2001185)",2/9,0.2174114254429792,0.5493973382819826,0,0,2.6388706020042427,4.026820881553191,IRF1;HLA-E
GO_Biological_Process_2023,Regulation Of Animal Organ Morphogenesis (GO:2000027),2/9,0.2174114254429792,0.5493973382819826,0,0,2.6388706020042427,4.026820881553191,PKHD1;CITED2
GO_Biological_Process_2023,Regulation Of Cardiac Muscle Cell Differentiation (GO:2000725),2/9,0.2174114254429792,0.5493973382819826,0,0,2.6388706020042427,4.026820881553191,EFNB2;WNT3A
GO_Biological_Process_2023,Regulation Of Cell-Cell Adhesion Mediated By Integrin (GO:0033632),2/9,0.2174114254429792,0.5493973382819826,0,0,2.6388706020042427,4.026820881553191,PODXL;CCL5
GO_Biological_Process_2023,Regulation Of Cellular Extravasation (GO:0002691),2/9,0.2174114254429792,0.5493973382819826,0,0,2.6388706020042427,4.026820881553191,BST1;JAM3
GO_Biological_Process_2023,Regulation Of Cellular Response To Oxidative Stress (GO:1900407),2/9,0.2174114254429792,0.5493973382819826,0,0,2.6388706020042427,4.026820881553191,ALOX5;FBLN5
GO_Biological_Process_2023,Regulation Of Complement-Dependent Cytotoxicity (GO:1903659),2/9,0.2174114254429792,0.5493973382819826,0,0,2.6388706020042427,4.026820881553191,CFH;CD59
GO_Biological_Process_2023,Regulation Of Inflammatory Response To Wounding (GO:0106014),2/9,0.2174114254429792,0.5493973382819826,0,0,2.6388706020042427,4.026820881553191,IL33;SIGLEC10
GO_Biological_Process_2023,Regulation Of Leukocyte Mediated Cytotoxicity (GO:0001910),2/9,0.2174114254429792,0.5493973382819826,0,0,2.6388706020042427,4.026820881553191,KLRB1;DNASE1L3
GO_Biological_Process_2023,Regulation Of Mast Cell Activation (GO:0033003),2/9,0.2174114254429792,0.5493973382819826,0,0,2.6388706020042427,4.026820881553191,PLSCR1;CD300LF
GO_Biological_Process_2023,Regulation Of Sequestering Of Calcium Ion (GO:0051282),2/9,0.2174114254429792,0.5493973382819826,0,0,2.6388706020042427,4.026820881553191,FKBP1B;ANXA6
GO_Biological_Process_2023,Serotonin Transport (GO:0006837),2/9,0.2174114254429792,0.5493973382819826,0,0,2.6388706020042427,4.026820881553191,SLC22A3;SLC6A4
GO_Biological_Process_2023,Vesicle Fusion With Vacuole (GO:0051469),2/9,0.2174114254429792,0.5493973382819826,0,0,2.6388706020042427,4.026820881553191,CHMP6;CHMP5
GO_Biological_Process_2023,Ceramide Biosynthetic Process (GO:0046513),6/42,0.2236846766229137,0.5616282562948495,0,0,1.5400205233453053,2.30620831933695,ASAH1;SPTLC1;SPTLC3;ST6GALNAC3;ST6GALNAC5;ST6GALNAC6
GO_Biological_Process_2023,Skeletal Muscle Tissue Development (GO:0007519),6/42,0.2236846766229137,0.5616282562948495,0,0,1.5400205233453053,2.30620831933695,EGR2;CAV2;CAV1;TCF21;MYOZ1;VRK3
GO_Biological_Process_2023,Activation Of Protein Kinase B Activity (GO:0032148),4/25,0.2239577097849676,0.5616282562948495,0,0,1.759683678699568,2.6330112404331127,PDGFB;ANG;IGF1;GAS6
GO_Biological_Process_2023,Long-Chain Fatty Acid Biosynthetic Process (GO:0042759),4/25,0.2239577097849676,0.5616282562948495,0,0,1.759683678699568,2.6330112404331127,ALOX5;ALOX15;CYP1A2;LTC4S
GO_Biological_Process_2023,Myotube Differentiation (GO:0014902),4/25,0.2239577097849676,0.5616282562948495,0,0,1.759683678699568,2.6330112404331127,ITGB1;IGF1;DOCK2;JAM2
GO_Biological_Process_2023,Organophosphate Ester Transport (GO:0015748),4/25,0.2239577097849676,0.5616282562948495,0,0,1.759683678699568,2.6330112404331127,VAPA;TNFAIP8L3;LDLR;PLTP
GO_Biological_Process_2023,Peptide Hormone Secretion (GO:0030072),4/25,0.2239577097849676,0.5616282562948495,0,0,1.759683678699568,2.6330112404331127,EDN1;IL6;GHRL;KLRG1
GO_Biological_Process_2023,Positive Regulation Of Striated Muscle Cell Differentiation (GO:0051155),4/25,0.2239577097849676,0.5616282562948495,0,0,1.759683678699568,2.6330112404331127,EFNB2;EDN1;WNT3A;IGF1
GO_Biological_Process_2023,Regulation Of Actin Cytoskeleton Reorganization (GO:2000249),4/25,0.2239577097849676,0.5616282562948495,0,0,1.759683678699568,2.6330112404331127,PDGFRA;HCK;TEK;CLU
GO_Biological_Process_2023,Regulation Of Biomineral Tissue Development (GO:0070167),4/25,0.2239577097849676,0.5616282562948495,0,0,1.759683678699568,2.6330112404331127,NOTCH1;HEY1;HEY2;GAS6
GO_Biological_Process_2023,Regulation Of Postsynapse Organization (GO:0099175),4/25,0.2239577097849676,0.5616282562948495,0,0,1.759683678699568,2.6330112404331127,CDKL5;LRRK2;FCGR2B;SHANK3
GO_Biological_Process_2023,Plasma Membrane Bounded Cell Projection Assembly (GO:0120031),31/275,0.2259800218571855,0.5616282562948495,0,0,1.175469053542824,1.748285329319934,ITGB1;NOTCH1;ARL3;PTPRO;PLA2G3;SNX10;AIF1;MYLK;RPGR;FGD3;SDCBP;FGD5;ABLIM1;RAP1A;ABLIM3;TEKT1;TEKT3;IFT57;RAB8B;GSN;CCL21;SPAG6;RFX2;EMP1;EMP3;RP2;KIT;PMP22;CDH13;CCDC65;ARHGEF6
GO_Biological_Process_2023,Negative Regulation Of Programmed Cell Death (GO:0043069),42/381,0.2261003250731424,0.5616282562948495,0,0,1.1467139136508937,1.7049072554166649,TNFAIP8;TFRC;CITED2;ZFAND6;APIP;IFIT3;AQP1;PKHD1;SOCS2;SOCS3;CCND2;GRK5;PDPN;PROK2;CTSH;CAPN3;MCL1;TXNDC5;SNCA;CD74;EGR3;TSC22D1;ANGPT1;WFS1;LAPTM5;SERPINB9;IGF1;SMAD6;TBX3;HCK;SFRP1;DAB2;IL6;CAT;IL2RB;GHRL;NUPR1;TEK;GAS6;EVI2B;CRYAB;CD44
GO_Biological_Process_2023,Negative Regulation Of MAP Kinase Activity (GO:0043407),7/51,0.2275147924959416,0.5616282562948495,0,0,1.4701208698898638,2.17657278320408,RGS2;BMP2;DUSP1;HYAL2;IL1B;PPARG;SPRY1
GO_Biological_Process_2023,Positive Regulation Of Ras Protein Signal Transduction (GO:0046579),7/51,0.2275147924959416,0.5616282562948495,0,0,1.4701208698898638,2.17657278320408,NOTCH1;SYNPO2L;GPR65;RASGRF1;APOA1;GPR4;IGF1
GO_Biological_Process_2023,Sensory Perception (GO:0007600),7/51,0.2275147924959416,0.5616282562948495,0,0,1.4701208698898638,2.17657278320408,MME;C5AR1;PENK;CDH23;TRPV2;PROK2;CCL2
GO_Biological_Process_2023,Rac Protein Signal Transduction (GO:0016601),3/17,0.2277055566915267,0.5616282562948495,0,0,1.979398419203747,2.9289196069906414,ELMO1;CDH13;AIF1
GO_Biological_Process_2023,Base Conversion Or Substitution Editing (GO:0016553),3/17,0.2277055566915267,0.5616282562948495,0,0,1.979398419203747,2.9289196069906414,APOBEC3F;APOBEC3G;ADARB1
GO_Biological_Process_2023,cGMP-mediated Signaling (GO:0019934),3/17,0.2277055566915267,0.5616282562948495,0,0,1.979398419203747,2.9289196069906414,PDE2A;CD36;AQP1
GO_Biological_Process_2023,Carbohydrate Derivative Transport (GO:1901264),3/17,0.2277055566915267,0.5616282562948495,0,0,1.979398419203747,2.9289196069906414,VLDLR;SLC15A3;PLTP
GO_Biological_Process_2023,Carboxylic Acid Biosynthetic Process (GO:0046394),3/17,0.2277055566915267,0.5616282562948495,0,0,1.979398419203747,2.9289196069906414,CASP1;RGN;CDO1
GO_Biological_Process_2023,Embryo Development Ending In Birth Or Egg Hatching (GO:0009792),3/17,0.2277055566915267,0.5616282562948495,0,0,1.979398419203747,2.9289196069906414,SCEL;NR5A2;RAI2
GO_Biological_Process_2023,Embryonic Axis Specification (GO:0000578),3/17,0.2277055566915267,0.5616282562948495,0,0,1.979398419203747,2.9289196069906414,WNT7A;SMAD6;TBX3
GO_Biological_Process_2023,Filopodium Assembly (GO:0046847),3/17,0.2277055566915267,0.5616282562948495,0,0,1.979398419203747,2.9289196069906414,FGD3;FGD5;SPAG6
GO_Biological_Process_2023,Intracellular Estrogen Receptor Signaling Pathway (GO:0030520),3/17,0.2277055566915267,0.5616282562948495,0,0,1.979398419203747,2.9289196069906414,DEFA3;DEFA1;PPARGC1B
GO_Biological_Process_2023,Megakaryocyte Differentiation (GO:0030219),3/17,0.2277055566915267,0.5616282562948495,0,0,1.979398419203747,2.9289196069906414,GP9;MAF;KIT
GO_Biological_Process_2023,Negative Regulation Of Rho Protein Signal Transduction (GO:0035024),3/17,0.2277055566915267,0.5616282562948495,0,0,1.979398419203747,2.9289196069906414,MYOC;HEG1;RASIP1
GO_Biological_Process_2023,Positive Regulation Of SMAD Protein Signal Transduction (GO:0060391),3/17,0.2277055566915267,0.5616282562948495,0,0,1.979398419203747,2.9289196069906414,DAB2;PPARG;BMP6
GO_Biological_Process_2023,Positive Regulation Of Cell Adhesion Mediated By Integrin (GO:0033630),3/17,0.2277055566915267,0.5616282562948495,0,0,1.979398419203747,2.9289196069906414,CCL21;PODXL;CCL5
GO_Biological_Process_2023,Positive Regulation Of Dendrite Morphogenesis (GO:0050775),3/17,0.2277055566915267,0.5616282562948495,0,0,1.979398419203747,2.9289196069906414,PTPRD;CDKL5;RELN
GO_Biological_Process_2023,Positive Regulation Of Heart Rate (GO:0010460),3/17,0.2277055566915267,0.5616282562948495,0,0,1.979398419203747,2.9289196069906414,EDN1;PDE4D;ADRA1B
GO_Biological_Process_2023,Positive Regulation Of Macrophage Activation (GO:0043032),3/17,0.2277055566915267,0.5616282562948495,0,0,1.979398419203747,2.9289196069906414,CEBPA;IL33;TLR4
GO_Biological_Process_2023,Positive Regulation Of Regulatory T Cell Differentiation (GO:0045591),3/17,0.2277055566915267,0.5616282562948495,0,0,1.979398419203747,2.9289196069906414,HLA-DRA;LILRB2;HLA-DRB1
GO_Biological_Process_2023,Regulation Of Glucose Transmembrane Transport (GO:0010827),3/17,0.2277055566915267,0.5616282562948495,0,0,1.979398419203747,2.9289196069906414,C3;PLA2G1B;IL1B
GO_Biological_Process_2023,Regulation Of Hematopoietic Progenitor Cell Differentiation (GO:1901532),3/17,0.2277055566915267,0.5616282562948495,0,0,1.979398419203747,2.9289196069906414,KITLG;SPI1;OSM
GO_Biological_Process_2023,Regulation Of Inflammatory Response To Antigenic Stimulus (GO:0002861),3/17,0.2277055566915267,0.5616282562948495,0,0,1.979398419203747,2.9289196069906414,FGR;HCK;HLA-DRB1
GO_Biological_Process_2023,Regulation Of Leukocyte Chemotaxis (GO:0002688),3/17,0.2277055566915267,0.5616282562948495,0,0,1.979398419203747,2.9289196069906414,IL6;MTUS1;SLIT2
GO_Biological_Process_2023,Response To Interferon-Alpha (GO:0035455),3/17,0.2277055566915267,0.5616282562948495,0,0,1.979398419203747,2.9289196069906414,PYHIN1;LAMP3;GAS6
GO_Biological_Process_2023,Sensory Perception Of Taste (GO:0050909),3/17,0.2277055566915267,0.5616282562948495,0,0,1.979398419203747,2.9289196069906414,SCNN1G;PKD2L1;CD36
GO_Biological_Process_2023,Toll-Like Receptor 4 Signaling Pathway (GO:0034142),3/17,0.2277055566915267,0.5616282562948495,0,0,1.979398419203747,2.9289196069906414,PRKCE;PIK3AP1;TLR4
GO_Biological_Process_2023,Organonitrogen Compound Catabolic Process (GO:1901565),10/78,0.2290789171202157,0.5640560046447401,0,0,1.3592166943898385,2.0030623085857053,BCHE;ENPEP;ANPEP;ENPP2;CAPN3;DENND3;NPL;PLA2G5;CYP3A5;NAALADL1
GO_Biological_Process_2023,Homophilic Cell Adhesion Via Plasma Membrane Adhesion Molecules (GO:0007156),8/60,0.2292376187849708,0.5640560046447401,0,0,1.4217533878550828,2.094237304641747,ITGB1;IGSF21;ROBO4;PECAM1;PTPRM;CDH13;NEXN;ESAM
GO_Biological_Process_2023,Negative Regulation Of Peptidase Activity (GO:0010466),8/60,0.2292376187849708,0.5640560046447401,0,0,1.4217533878550828,2.094237304641747,SERPINA3;CSTA;SERPINA1;SPOCK2;TIMP3;SERPING1;SERPINB9;CST7
GO_Biological_Process_2023,Sterol Metabolic Process (GO:0016125),8/60,0.2292376187849708,0.5640560046447401,0,0,1.4217533878550828,2.094237304641747,CYP27A1;CYP39A1;CH25H;CETP;CYP26B1;APOA1;ABCG1;CES1
GO_Biological_Process_2023,Cellular Response To Calcium Ion (GO:0071277),9/69,0.2296101139791063,0.5642983648448324,0,0,1.3863052415210688,2.039771499194146,CLIC4;SYT11;ALOX15;ALOX5AP;CAPN3;SYT15;RASGRP2;CLU;SLC25A24
GO_Biological_Process_2023,Regulation Of Monoatomic Ion Transmembrane Transporter Activity (GO:0032412),9/69,0.2296101139791063,0.5642983648448324,0,0,1.3863052415210688,2.039771499194146,RELN;FXYD3;FHL1;FXYD1;NEDD4L;ANK2;FXYD6;SCN4B;SCN2B
GO_Biological_Process_2023,Embryonic Limb Morphogenesis (GO:0030326),5/34,0.2348553489098204,0.5747885811999704,0,0,1.5929266136162687,2.3078089658953678,CYP26B1;WNT7A;TBX4;TBX3;TBX2
GO_Biological_Process_2023,Negative Regulation Of Mitotic Cell Cycle (GO:0045930),5/34,0.2348553489098204,0.5747885811999704,0,0,1.5929266136162687,2.3078089658953678,CDKN1C;BTG2;BTG1;GAS1;ZFP36L2
GO_Biological_Process_2023,Positive Regulation Of Immunoglobulin Production (GO:0002639),5/34,0.2348553489098204,0.5747885811999704,0,0,1.5929266136162687,2.3078089658953678,CD86;IL6;PTPRC;TFRC;HLA-E
GO_Biological_Process_2023,Regulation Of DNA Biosynthetic Process (GO:2000278),5/34,0.2348553489098204,0.5747885811999704,0,0,1.5929266136162687,2.3078089658953678,DACH1;PDGFB;ANKRD1;FGFR4;FGF2
GO_Biological_Process_2023,Regulation Of Interleukin-17 Production (GO:0032660),5/34,0.2348553489098204,0.5747885811999704,0,0,1.5929266136162687,2.3078089658953678,PRNP;IL6;IL15;OSM;TLR4
GO_Biological_Process_2023,Regulation Of Metal Ion Transport (GO:0010959),5/34,0.2348553489098204,0.5747885811999704,0,0,1.5929266136162687,2.3078089658953678,PLN;SLN;KCNA5;IL16;F3
GO_Biological_Process_2023,Semaphorin-Plexin Signaling Pathway (GO:0071526),5/34,0.2348553489098204,0.5747885811999704,0,0,1.5929266136162687,2.3078089658953678,SEMA5A;NELL2;SEMA6A;SEMA3B;SEMA3G
GO_Biological_Process_2023,Monocarboxylic Acid Metabolic Process (GO:0032787),12/97,0.2370474327201928,0.5798090115050322,0,0,1.30495595047077,1.8784775917768,VNN2;KYNU;CYP1A2;ACOT2;ACOT1;TSPO;CYP4B1;ACSL4;IGF1;CD36;LCP1;GGT1
GO_Biological_Process_2023,Learning (GO:0007612),6/43,0.2401967670745258,0.5868152334400784,0,0,1.4983151442874378,2.1370421387406258,SLC8A3;NTRK2;CLDN5;NLGN4X;SYT11;SHANK3
GO_Biological_Process_2023,Regulation Of Filopodium Assembly (GO:0051489),6/43,0.2401967670745258,0.5868152334400784,0,0,1.4983151442874378,2.1370421387406258,PPP1R16B;GPM6A;DOCK11;CCL21;PALM;CLU
GO_Biological_Process_2023,Positive Regulation Of Catabolic Process (GO:0009896),10/79,0.2411045267801334,0.5868794902351949,0,0,1.3394433888454231,1.9053913295861864,IL1B;PYHIN1;TNFSF12;GPC3;LAPTM5;TNFAIP3;C4BPA;CLU;TNF;TNFSF13B
GO_Biological_Process_2023,Regulation Of Cyclin-Dependent Protein Serine/Threonine Kinase Activity (GO:0000079),10/79,0.2411045267801334,0.5868794902351949,0,0,1.3394433888454231,1.9053913295861864,DIRAS3;CCNA1;CEBPA;HHEX;CDKN2B;CCND2;CDKN2C;SERTAD1;INCA1;PDGFB
GO_Biological_Process_2023,Vesicle Fusion (GO:0006906),10/79,0.2411045267801334,0.5868794902351949,0,0,1.3394433888454231,1.9053913295861864,CAV2;SYT11;STX7;PLA2G5;STXBP6;CHMP6;RAB8B;CHMP5;NKD2;SNCA
GO_Biological_Process_2023,Adenylate Cyclase-Modulating G Protein-Coupled Receptor Signaling Pathway (GO:0007188),19/163,0.2423748231966261,0.5868794902351949,0,0,1.2200090392561984,1.7290820828213274,PTGER4;VIPR1;RAMP2;CALCRL;RAMP3;PTGER1;GPR65;PTGER2;PDE2A;FPR1;ADCY4;GPR4;ADRB2;ADRA1B;GNAI1;AKAP12;MARCO;GRK5;GNAQ
GO_Biological_Process_2023,Positive Regulation Of Protein Polymerization (GO:0032273),9/70,0.2424532919736098,0.5868794902351949,0,0,1.3635031085202096,1.9320105449986835,HCK;CCL24;CSF3;CCL21;PRKCE;ALOX15;LMOD1;CDC42EP2;TPPP
GO_Biological_Process_2023,Regulation Of Cellular Biosynthetic Process (GO:0031326),9/70,0.2424532919736098,0.5868794902351949,0,0,1.3635031085202096,1.9320105449986835,CX3CR1;C3;CCL5;PDK4;MITF;CD47;TNFRSF1B;FGFR4;CES1
GO_Biological_Process_2023,Negative Regulation Of Autophagy (GO:0010507),8/61,0.2430551806188928,0.5868794902351949,0,0,1.39485032609433,1.972969450287137,RRAGB;LRRK2;LEPR;NUPR1;RASIP1;EIF4G2;MCL1;SNCA
GO_Biological_Process_2023,Fc Receptor Signaling Pathway (GO:0038093),4/26,0.2458126982306184,0.5868794902351949,0,0,1.679604864638181,2.3567970613856644,FCER1G;KIT;CD247;MAP3K7
GO_Biological_Process_2023,cAMP-mediated Signaling (GO:0019933),4/26,0.2458126982306184,0.5868794902351949,0,0,1.679604864638181,2.3567970613856644,PDE4D;PDE2A;DEFB1;PDE7B
GO_Biological_Process_2023,Dendritic Spine Organization (GO:0097061),4/26,0.2458126982306184,0.5868794902351949,0,0,1.679604864638181,2.3567970613856644,PRNP;WNT7A;SHANK3;ZNF365
GO_Biological_Process_2023,Negative Regulation Of Protein Polymerization (GO:0032272),4/26,0.2458126982306184,0.5868794902351949,0,0,1.679604864638181,2.3567970613856644,CDH5;MYADM;SLIT2;SNCA
GO_Biological_Process_2023,Negative Regulation Of Receptor-Mediated Endocytosis (GO:0048261),4/26,0.2458126982306184,0.5868794902351949,0,0,1.679604864638181,2.3567970613856644,SDCBP;ANXA2;APOC1;PCSK9
GO_Biological_Process_2023,Protein Localization To Cell Surface (GO:0034394),4/26,0.2458126982306184,0.5868794902351949,0,0,1.679604864638181,2.3567970613856644,FCN1;ANK2;FBLN5;JAM3
GO_Biological_Process_2023,Regulation Of Epidermal Growth Factor-Activated Receptor Activity (GO:0007176),4/26,0.2458126982306184,0.5868794902351949,0,0,1.679604864638181,2.3567970613856644,GPRC5A;NCF1;CHMP6;HBEGF
GO_Biological_Process_2023,Regulation Of Reactive Oxygen Species Biosynthetic Process (GO:1903426),4/26,0.2458126982306184,0.5868794902351949,0,0,1.679604864638181,2.3567970613856644,ALOX5;CD36;TLR4;SNCA
GO_Biological_Process_2023,Cellular Response To Chemical Stress (GO:0062197),11/89,0.2507807492723525,0.5868794902351949,0,0,1.3033990186767963,1.8028305414342465,MSRA;LRRK2;ALDH3B1;CAV1;PRKD1;STX2;AIF1;PPARGC1A;ZFP36L2;SLC25A24;SNCA
GO_Biological_Process_2023,Sodium Ion Transport (GO:0006814),11/89,0.2507807492723525,0.5868794902351949,0,0,1.3033990186767963,1.8028305414342465,SLC8A3;SCNN1G;SLC24A4;SLC6A12;SCN7A;PKD2L1;ATP1B3;ATP1A2;SCN4B;SLC6A4;SCN2B
GO_Biological_Process_2023,Protein Processing (GO:0016485),14/117,0.2519025087004429,0.5868794902351949,0,0,1.2564237231334063,1.7322478921704652,SRGN;CPM;MME;CPXM2;C1R;PCSK9;CTSS;THBD;CTSL;CASP1;CTSH;CTSG;MASP1;GGT1
GO_Biological_Process_2023,Negative Regulation Of Intracellular Signal Transduction (GO:1902532),26/231,0.252225965888493,0.5868794902351949,0,0,1.1729570483885243,1.615666113646954,SLC24A4;SPI1;WWC2;PDE3B;PLEK;ITPR1;TNFAIP3;ARRB2;UACA;PKHD1;HYAL2;NLRP3;SLC39A8;SLIT2;CGNL1;DUSP1;CAV1;PDE4D;PDE2A;ARHGAP25;PPM1A;BANK1;SFRP5;VEPH1;MYADM;PPARG
GO_Biological_Process_2023,Liver Development (GO:0001889),5/35,0.2537749746347425,0.5868794902351949,0,0,1.5397435897435898,2.111461672881218,TGFBR3;CEBPA;IL6;CITED2;PCSK9
GO_Biological_Process_2023,Regulation Of Axon Extension (GO:0030516),5/35,0.2537749746347425,0.5868794902351949,0,0,1.5397435897435898,2.111461672881218,OLFM1;MAG;CDKL5;SEMA3G;RTN4
GO_Biological_Process_2023,Skeletal Muscle Organ Development (GO:0060538),5/35,0.2537749746347425,0.5868794902351949,0,0,1.5397435897435898,2.111461672881218,DES;CAV1;TCF21;MYOZ1;VRK3
GO_Biological_Process_2023,T-helper Cell Differentiation (GO:0042093),3/18,0.2548649933150799,0.5868794902351949,0,0,1.8473360655737705,2.525347772075854,PTGER4;IL6;TMEM98
GO_Biological_Process_2023,Adrenergic Receptor Signaling Pathway (GO:0071875),3/18,0.2548649933150799,0.5868794902351949,0,0,1.8473360655737705,2.525347772075854,PDE4D;ADRB2;ADRA1B
GO_Biological_Process_2023,Antigen Processing And Presentation Of Peptide Antigen Via MHC Class I (GO:0002474),3/18,0.2548649933150799,0.5868794902351949,0,0,1.8473360655737705,2.525347772075854,CLEC4A;FCER1G;IFI30
GO_Biological_Process_2023,Branching Involved In Ureteric Bud Morphogenesis (GO:0001658),3/18,0.2548649933150799,0.5868794902351949,0,0,1.8473360655737705,2.525347772075854,TCF21;NPNT;FGF2
GO_Biological_Process_2023,Intracellular Sodium Ion Homeostasis (GO:0006883),3/18,0.2548649933150799,0.5868794902351949,0,0,1.8473360655737705,2.525347772075854,SCNN1G;ATP1A2;ATP1B3
GO_Biological_Process_2023,Melanosome Assembly (GO:1903232),3/18,0.2548649933150799,0.5868794902351949,0,0,1.8473360655737705,2.525347772075854,RAB32;AP1S2;AP3S1
GO_Biological_Process_2023,Negative Regulation Of Signal Transduction By P53 Class Mediator (GO:1901797),3/18,0.2548649933150799,0.5868794902351949,0,0,1.8473360655737705,2.525347772075854,CD74;SNAI2;CD44
GO_Biological_Process_2023,Nitric Oxide Mediated Signal Transduction (GO:0007263),3/18,0.2548649933150799,0.5868794902351949,0,0,1.8473360655737705,2.525347772075854,FPR1;CD36;KLRG1
GO_Biological_Process_2023,Positive Regulation Of CREB Transcription Factor Activity (GO:0032793),3/18,0.2548649933150799,0.5868794902351949,0,0,1.8473360655737705,2.525347772075854,RELN;PRKD1;CD200
GO_Biological_Process_2023,Positive Regulation Of NLRP3 Inflammasome Complex Assembly (GO:1900227),3/18,0.2548649933150799,0.5868794902351949,0,0,1.8473360655737705,2.525347772075854,CD36;PRKD1;TLR4
GO_Biological_Process_2023,Positive Regulation Of Establishment Of Protein Localization (GO:1904951),3/18,0.2548649933150799,0.5868794902351949,0,0,1.8473360655737705,2.525347772075854,TCP1;CORO2B;TNF
GO_Biological_Process_2023,Positive Regulation Of Monocyte Chemotaxis (GO:0090026),3/18,0.2548649933150799,0.5868794902351949,0,0,1.8473360655737705,2.525347772075854,CCR1;CXCL12;CCL5
GO_Biological_Process_2023,Positive Regulation Of Natural Killer Cell Activation (GO:0032816),3/18,0.2548649933150799,0.5868794902351949,0,0,1.8473360655737705,2.525347772075854,TYROBP;GAS6;HLA-E
GO_Biological_Process_2023,Positive Regulation Of Phosphoprotein Phosphatase Activity (GO:0032516),3/18,0.2548649933150799,0.5868794902351949,0,0,1.8473360655737705,2.525347772075854,PPP1R15A;PTPRC;CD33
GO_Biological_Process_2023,Protein Autoprocessing (GO:0016540),3/18,0.2548649933150799,0.5868794902351949,0,0,1.8473360655737705,2.525347772075854,CTSL;CASP1;PCSK9
GO_Biological_Process_2023,Regulation Of RIG-I Signaling Pathway (GO:0039535),3/18,0.2548649933150799,0.5868794902351949,0,0,1.8473360655737705,2.525347772075854,RNF125;SEC14L1;OASL
GO_Biological_Process_2023,Regulation Of Epithelial Cell Differentiation (GO:0030856),3/18,0.2548649933150799,0.5868794902351949,0,0,1.8473360655737705,2.525347772075854,CAV1;DLL1;APOLD1
GO_Biological_Process_2023,Regulation Of Lymphocyte Proliferation (GO:0050670),3/18,0.2548649933150799,0.5868794902351949,0,0,1.8473360655737705,2.525347772075854,CD209;LST1;TNFRSF1B
GO_Biological_Process_2023,Regulation Of Ventricular Cardiac Muscle Cell Membrane Repolarization (GO:0060307),3/18,0.2548649933150799,0.5868794902351949,0,0,1.8473360655737705,2.525347772075854,GJA5;ANK2;SCN4B
GO_Biological_Process_2023,Response To Axon Injury (GO:0048678),3/18,0.2548649933150799,0.5868794902351949,0,0,1.8473360655737705,2.525347772075854,TYROBP;FLRT3;FOLR1
GO_Biological_Process_2023,Response To Cholesterol (GO:0070723),3/18,0.2548649933150799,0.5868794902351949,0,0,1.8473360655737705,2.525347772075854,CCL3;TGFBR2;CES1
GO_Biological_Process_2023,Ureteric Bud Morphogenesis (GO:0060675),3/18,0.2548649933150799,0.5868794902351949,0,0,1.8473360655737705,2.525347772075854,TCF21;NPNT;FGF2
GO_Biological_Process_2023,N-acetylneuraminate Metabolic Process (GO:0006054),2/10,0.2551835802406492,0.5868794902351949,0,0,2.308883768561188,3.153408964742065,NPL;ST3GAL1
GO_Biological_Process_2023,T Cell Chemotaxis (GO:0010818),2/10,0.2551835802406492,0.5868794902351949,0,0,2.308883768561188,3.153408964742065,CCL3;DEFA1
GO_Biological_Process_2023,Acidic Amino Acid Transport (GO:0015800),2/10,0.2551835802406492,0.5868794902351949,0,0,2.308883768561188,3.153408964742065,GJA1;SLC1A1
GO_Biological_Process_2023,Actin Filament Depolymerization (GO:0030042),2/10,0.2551835802406492,0.5868794902351949,0,0,2.308883768561188,3.153408964742065,GSN;WDR1
GO_Biological_Process_2023,Angiogenesis Involved In Wound Healing (GO:0060055),2/10,0.2551835802406492,0.5868794902351949,0,0,2.308883768561188,3.153408964742065,GATA2;CD34
GO_Biological_Process_2023,Arginine Metabolic Process (GO:0006525),2/10,0.2551835802406492,0.5868794902351949,0,0,2.308883768561188,3.153408964742065,SLC39A8;ART4
GO_Biological_Process_2023,Aromatic Amino Acid Family Catabolic Process (GO:0009074),2/10,0.2551835802406492,0.5868794902351949,0,0,2.308883768561188,3.153408964742065,QDPR;KYNU
GO_Biological_Process_2023,Basement Membrane Organization (GO:0071711),2/10,0.2551835802406492,0.5868794902351949,0,0,2.308883768561188,3.153408964742065,RAMP2;CTSS
GO_Biological_Process_2023,Cardiac Muscle Cell Membrane Repolarization (GO:0099622),2/10,0.2551835802406492,0.5868794902351949,0,0,2.308883768561188,3.153408964742065,KCNJ5;KCNJ2
GO_Biological_Process_2023,Cell Proliferation In Forebrain (GO:0021846),2/10,0.2551835802406492,0.5868794902351949,0,0,2.308883768561188,3.153408964742065,WNT3A;WNT7A
GO_Biological_Process_2023,Cellular Response To UV-A (GO:0071492),2/10,0.2551835802406492,0.5868794902351949,0,0,2.308883768561188,3.153408964742065,MME;PPID
GO_Biological_Process_2023,Cellular Response To Forskolin (GO:1904322),2/10,0.2551835802406492,0.5868794902351949,0,0,2.308883768561188,3.153408964742065,CFTR;GNAI1
GO_Biological_Process_2023,Cellular Response To Type III Interferon (GO:0071358),2/10,0.2551835802406492,0.5868794902351949,0,0,2.308883768561188,3.153408964742065,IFNGR1;JAK1
GO_Biological_Process_2023,Columnar/Cuboidal Epithelial Cell Differentiation (GO:0002065),2/10,0.2551835802406492,0.5868794902351949,0,0,2.308883768561188,3.153408964742065,GATA5;ROS1
GO_Biological_Process_2023,Epithelial Cell Apoptotic Process (GO:1904019),2/10,0.2551835802406492,0.5868794902351949,0,0,2.308883768561188,3.153408964742065,GSN;COL4A3
GO_Biological_Process_2023,Fatty Acid Beta-Oxidation Using acyl-CoA Dehydrogenase (GO:0033539),2/10,0.2551835802406492,0.5868794902351949,0,0,2.308883768561188,3.153408964742065,ACADVL;ACADL
GO_Biological_Process_2023,Hematopoietic Stem Cell Proliferation (GO:0071425),2/10,0.2551835802406492,0.5868794902351949,0,0,2.308883768561188,3.153408964742065,WNT2B;CD34
GO_Biological_Process_2023,Heme Catabolic Process (GO:0042167),2/10,0.2551835802406492,0.5868794902351949,0,0,2.308883768561188,3.153408964742065,SLCO2B1;HMOX1
GO_Biological_Process_2023,"Heparan Sulfate Proteoglycan Biosynthetic Process, Enzymatic Modification (GO:0015015)",2/10,0.2551835802406492,0.5868794902351949,0,0,2.308883768561188,3.153408964742065,NDST1;HS3ST2
GO_Biological_Process_2023,Insulin-Like Growth Factor Receptor Signaling Pathway (GO:0048009),2/10,0.2551835802406492,0.5868794902351949,0,0,2.308883768561188,3.153408964742065,GHR;IGF1
GO_Biological_Process_2023,Lens Fiber Cell Differentiation (GO:0070306),2/10,0.2551835802406492,0.5868794902351949,0,0,2.308883768561188,3.153408964742065,MAF;WNT7A
GO_Biological_Process_2023,Megakaryocyte Development (GO:0035855),2/10,0.2551835802406492,0.5868794902351949,0,0,2.308883768561188,3.153408964742065,GP9;KIT
GO_Biological_Process_2023,Monoamine Transport (GO:0015844),2/10,0.2551835802406492,0.5868794902351949,0,0,2.308883768561188,3.153408964742065,SLC22A3;SLC6A4
GO_Biological_Process_2023,Monocyte Differentiation (GO:0030224),2/10,0.2551835802406492,0.5868794902351949,0,0,2.308883768561188,3.153408964742065,MT1G;PPARG
GO_Biological_Process_2023,Muscle Filament Sliding (GO:0030049),2/10,0.2551835802406492,0.5868794902351949,0,0,2.308883768561188,3.153408964742065,TNNT2;MYH4
GO_Biological_Process_2023,Negative Regulation Of Adenylate Cyclase Activity (GO:0007194),2/10,0.2551835802406492,0.5868794902351949,0,0,2.308883768561188,3.153408964742065,EDNRB;PALM
GO_Biological_Process_2023,Negative Regulation Of Autophagosome Assembly (GO:1902902),2/10,0.2551835802406492,0.5868794902351949,0,0,2.308883768561188,3.153408964742065,LRRK2;NUPR1
GO_Biological_Process_2023,Negative Regulation Of Dephosphorylation (GO:0035305),2/10,0.2551835802406492,0.5868794902351949,0,0,2.308883768561188,3.153408964742065,PPP1R15A;PPP1R16B
GO_Biological_Process_2023,Negative Regulation Of Exocytosis (GO:0045920),2/10,0.2551835802406492,0.5868794902351949,0,0,2.308883768561188,3.153408964742065,STXBP6;SNCA
GO_Biological_Process_2023,Negative Regulation Of Glycolytic Process (GO:0045820),2/10,0.2551835802406492,0.5868794902351949,0,0,2.308883768561188,3.153408964742065,NUPR1;FBP1
GO_Biological_Process_2023,Negative Regulation Of Hemostasis (GO:1900047),2/10,0.2551835802406492,0.5868794902351949,0,0,2.308883768561188,3.153408964742065,THBD;EDN1
GO_Biological_Process_2023,Negative Regulation Of Inclusion Body Assembly (GO:0090084),2/10,0.2551835802406492,0.5868794902351949,0,0,2.308883768561188,3.153408964742065,DNAJB6;HSPA2
GO_Biological_Process_2023,Negative Regulation Of Interleukin-17 Production (GO:0032700),2/10,0.2551835802406492,0.5868794902351949,0,0,2.308883768561188,3.153408964742065,PRNP;TLR4
GO_Biological_Process_2023,Negative Regulation Of Response To Cytokine Stimulus (GO:0060761),2/10,0.2551835802406492,0.5868794902351949,0,0,2.308883768561188,3.153408964742065,PTPRC;KLF4
GO_Biological_Process_2023,Negative Regulation Of Steroid Biosynthetic Process (GO:0010894),2/10,0.2551835802406492,0.5868794902351949,0,0,2.308883768561188,3.153408964742065,SNAI2;BMP5
GO_Biological_Process_2023,Negative Regulation Of Vascular Endothelial Growth Factor Receptor Signaling Pathway (GO:0030948),2/10,0.2551835802406492,0.5868794902351949,0,0,2.308883768561188,3.153408964742065,HHEX;MMRN2
GO_Biological_Process_2023,Omega-Hydroxylase P450 Pathway (GO:0097267),2/10,0.2551835802406492,0.5868794902351949,0,0,2.308883768561188,3.153408964742065,CYP2U1;CYP1A2
GO_Biological_Process_2023,Positive Regulation Of Actin Filament Depolymerization (GO:0030836),2/10,0.2551835802406492,0.5868794902351949,0,0,2.308883768561188,3.153408964742065,SEMA5A;PLEK
GO_Biological_Process_2023,Positive Regulation Of Actin Nucleation (GO:0051127),2/10,0.2551835802406492,0.5868794902351949,0,0,2.308883768561188,3.153408964742065,GSN;WASF3
GO_Biological_Process_2023,Positive Regulation Of Cholesterol Metabolic Process (GO:0090205),2/10,0.2551835802406492,0.5868794902351949,0,0,2.308883768561188,3.153408964742065,APOA1;CES1
GO_Biological_Process_2023,Positive Regulation Of Dendrite Development (GO:1900006),2/10,0.2551835802406492,0.5868794902351949,0,0,2.308883768561188,3.153408964742065,VLDLR;BMP5
GO_Biological_Process_2023,Positive Regulation Of Epidermal Growth Factor-Activated Receptor Activity (GO:0045741),2/10,0.2551835802406492,0.5868794902351949,0,0,2.308883768561188,3.153408964742065,NCF1;HBEGF
GO_Biological_Process_2023,Positive Regulation Of Integrin Activation (GO:0033625),2/10,0.2551835802406492,0.5868794902351949,0,0,2.308883768561188,3.153408964742065,PLEK;RASIP1
GO_Biological_Process_2023,Positive Regulation Of Lipid Localization (GO:1905954),2/10,0.2551835802406492,0.5868794902351949,0,0,2.308883768561188,3.153408964742065,C3;LCP1
GO_Biological_Process_2023,Positive Regulation Of Nitric-Oxide Synthase Biosynthetic Process (GO:0051770),2/10,0.2551835802406492,0.5868794902351949,0,0,2.308883768561188,3.153408964742065,IL33;TLR4
GO_Biological_Process_2023,Positive Regulation Of Non-Canonical Wnt Signaling Pathway (GO:2000052),2/10,0.2551835802406492,0.5868794902351949,0,0,2.308883768561188,3.153408964742065,DAB2;SFRP1
GO_Biological_Process_2023,Protein Kinase C Signaling (GO:0070528),2/10,0.2551835802406492,0.5868794902351949,0,0,2.308883768561188,3.153408964742065,PLEK;PDGFB
GO_Biological_Process_2023,Regulation Of T-helper 2 Cell Cytokine Production (GO:2000551),2/10,0.2551835802406492,0.5868794902351949,0,0,2.308883768561188,3.153408964742065,IL6;NLRP3
GO_Biological_Process_2023,Regulation Of Cardiac Muscle Cell Apoptotic Process (GO:0010665),2/10,0.2551835802406492,0.5868794902351949,0,0,2.308883768561188,3.153408964742065,NUPR1;ENG
GO_Biological_Process_2023,Regulation Of Dendritic Cell Differentiation (GO:2001198),2/10,0.2551835802406492,0.5868794902351949,0,0,2.308883768561188,3.153408964742065,LILRB2;FCGR2B
GO_Biological_Process_2023,Regulation Of Glycoprotein Biosynthetic Process (GO:0010559),2/10,0.2551835802406492,0.5868794902351949,0,0,2.308883768561188,3.153408964742065,CCL21;IGF1
GO_Biological_Process_2023,Regulation Of Long-Term Neuronal Synaptic Plasticity (GO:0048169),2/10,0.2551835802406492,0.5868794902351949,0,0,2.308883768561188,3.153408964742065,SYNGR1;SHANK3
GO_Biological_Process_2023,Regulation Of Low-Density Lipoprotein Particle Clearance (GO:0010988),2/10,0.2551835802406492,0.5868794902351949,0,0,2.308883768561188,3.153408964742065,PCSK9;LDLR
GO_Biological_Process_2023,Regulation Of Respiratory Burst (GO:0060263),2/10,0.2551835802406492,0.5868794902351949,0,0,2.308883768561188,3.153408964742065,CLEC7A;RAC2
GO_Biological_Process_2023,Regulation Of Synapse Maturation (GO:0090128),2/10,0.2551835802406492,0.5868794902351949,0,0,2.308883768561188,3.153408964742065,RELN;ARHGEF15
GO_Biological_Process_2023,Response To Forskolin (GO:1904321),2/10,0.2551835802406492,0.5868794902351949,0,0,2.308883768561188,3.153408964742065,CFTR;GNAI1
GO_Biological_Process_2023,Response To Sterol (GO:0036314),2/10,0.2551835802406492,0.5868794902351949,0,0,2.308883768561188,3.153408964742065,CCL3;TGFBR2
GO_Biological_Process_2023,Sarcoplasmic Reticulum Calcium Ion Transport (GO:0070296),2/10,0.2551835802406492,0.5868794902351949,0,0,2.308883768561188,3.153408964742065,SLN;CCL3
GO_Biological_Process_2023,Surfactant Homeostasis (GO:0043129),2/10,0.2551835802406492,0.5868794902351949,0,0,2.308883768561188,3.153408964742065,SFTPD;CTSH
GO_Biological_Process_2023,Type III Interferon-Mediated Signaling Pathway (GO:0038196),2/10,0.2551835802406492,0.5868794902351949,0,0,2.308883768561188,3.153408964742065,IFNGR1;JAK1
GO_Biological_Process_2023,Vacuole Fusion (GO:0097576),2/10,0.2551835802406492,0.5868794902351949,0,0,2.308883768561188,3.153408964742065,CHMP6;CHMP5
GO_Biological_Process_2023,Positive Regulation Of Biosynthetic Process (GO:0009891),6/44,0.2570567514476842,0.5900605189697685,0,0,1.4588047851799844,1.9817256081311867,CCL5;HSD17B13;CD36;SORBS1;VIM;TLR4
GO_Biological_Process_2023,Positive Regulation Of Osteoblast Differentiation (GO:0045669),6/44,0.2570567514476842,0.5900605189697685,0,0,1.4588047851799844,1.9817256081311867,IL6;ZHX3;IGF1;PRKD1;NPNT;BMP6
GO_Biological_Process_2023,Regulation Of Viral Entry Into Host Cell (GO:0046596),6/44,0.2570567514476842,0.5900605189697685,0,0,1.4588047851799844,1.9817256081311867,FCN1;CD74;FCN3;GSN;TRIM22;HLA-DRB1
GO_Biological_Process_2023,Cell Junction Organization (GO:0034330),8/62,0.2571397503157889,0.5900605189697685,0,0,1.3689436740284198,1.8592110920024425,PKHD1;SLC8A3;C1QA;NLGN4X;LIMS2;RAB8B;SNCA;TJP2
GO_Biological_Process_2023,Regulation Of Cyclin-Dependent Protein Kinase Activity (GO:1904029),7/53,0.2578320458642605,0.59099064936833,0,0,1.4060463351486474,1.9058211336713005,CDKN1C;DIRAS3;CCNA1;CDKN2B;CCND2;CDKN2C;SERTAD1
GO_Biological_Process_2023,Tight Junction Assembly (GO:0120192),7/53,0.2578320458642605,0.59099064936833,0,0,1.4060463351486474,1.9058211336713005,CLDN11;CDH5;CLDN5;RAMP2;PECAM1;CLDN18;ESAM
GO_Biological_Process_2023,Negative Regulation Of Cellular Biosynthetic Process (GO:0031327),16/137,0.2634865716833751,0.6036157890788777,0,0,1.222339196740247,1.6302984162306486,ACVRL1;FCN3;ACADVL;BTG2;PTGIS;CAV1;PLEK;PDGFB;GZMB;CLK2;DACH1;ACADL;APOC1;ANKRD1;CRY1;SNAI2
GO_Biological_Process_2023,Negative Regulation Of NF-kappaB Transcription Factor Activity (GO:0032088),10/81,0.2658029184838057,0.6085837805640888,0,0,1.3015677613237264,1.7245774825866385,PKHD1;TCEAL7;SPI1;PTGIS;LRRK2;TNFAIP3;NLRP3;ARRB2;KLF4;CD200
GO_Biological_Process_2023,Cellular Response To Epidermal Growth Factor Stimulus (GO:0071364),4/27,0.2681051664479459,0.6107993255525936,0,0,1.6064894257125666,2.114744065344736,DUSP22;ZFP36;SNAI2;ZFP36L2
GO_Biological_Process_2023,Cortical Cytoskeleton Organization (GO:0030865),4/27,0.2681051664479459,0.6107993255525936,0,0,1.6064894257125666,2.114744065344736,PLEK;EPB41L3;LCP1;TNF
GO_Biological_Process_2023,Glycerophospholipid Catabolic Process (GO:0046475),4/27,0.2681051664479459,0.6107993255525936,0,0,1.6064894257125666,2.114744065344736,PLA2G4F;PLA2G4C;ENPP2;PLA2G5
GO_Biological_Process_2023,In Utero Embryonic Development (GO:0001701),4/27,0.2681051664479459,0.6107993255525936,0,0,1.6064894257125666,2.114744065344736,PTPRR;BMP2;FOXF1;PDGFB
GO_Biological_Process_2023,Negative Regulation Of NIK/NF-kappaB Signaling (GO:1901223),4/27,0.2681051664479459,0.6107993255525936,0,0,1.6064894257125666,2.114744065344736,PPM1A;SPI1;NLRP3;UACA
GO_Biological_Process_2023,Positive Regulation Of Filopodium Assembly (GO:0051491),4/27,0.2681051664479459,0.6107993255525936,0,0,1.6064894257125666,2.114744065344736,GPM6A;DOCK11;CCL21;PALM
GO_Biological_Process_2023,Regulation Of SMAD Protein Signal Transduction (GO:0060390),4/27,0.2681051664479459,0.6107993255525936,0,0,1.6064894257125666,2.114744065344736,DAB2;VEPH1;PPARG;BMP6
GO_Biological_Process_2023,Regulation Of Transcription Regulatory Region DNA Binding (GO:2000677),4/27,0.2681051664479459,0.6107993255525936,0,0,1.6064894257125666,2.114744065344736,RB1;HEY1;HEY2;IGF1
GO_Biological_Process_2023,Respiratory Tube Development (GO:0030323),4/27,0.2681051664479459,0.6107993255525936,0,0,1.6064894257125666,2.114744065344736,CEBPA;FOXF1;PDPN;TCF21
GO_Biological_Process_2023,Positive Regulation Of Mitotic Cell Cycle Phase Transition (GO:1901992),8/63,0.2714664552019481,0.6181151625079184,0,0,1.3439790820376336,1.7524367706290014,RB1;CCND2;RRM2B;ADAMTS1;HYAL1;UBE2E2;AIF1;TNFSF13B
GO_Biological_Process_2023,Blood Vessel Diameter Maintenance (GO:0097746),5/36,0.2730495077051779,0.6206903544357769,0,0,1.4899917287014062,1.9341614714758424,EDNRA;EDN1;EDNRB;AGTR1;KLF2
GO_Biological_Process_2023,Negative Regulation Of Protein Kinase B Signaling (GO:0051898),5/36,0.2730495077051779,0.6206903544357769,0,0,1.4899917287014062,1.9341614714758424,PKHD1;BANK1;HYAL2;SFRP5;ARRB2
GO_Biological_Process_2023,Neural Crest Cell Migration (GO:0001755),5/36,0.2730495077051779,0.6206903544357769,0,0,1.4899917287014062,1.9341614714758424,SEMA5A;SEMA6A;SEMA3B;SEMA3G;FOLR1
GO_Biological_Process_2023,Positive Regulation Of Nucleic Acid-Templated Transcription (GO:1903508),59/557,0.274753861763907,0.6242201635993011,0,0,1.0964459102231712,1.416476137078985,CDKN1C;ACVRL1;CD86;SETD3;NCF1;CITED2;FGF2;TNF;ETS1;LYL1;HHEX;ING3;LBH;SOX17;SOX18;CAPN3;MITF;FOS;PPM1A;SFRP1;NR5A2;IL1B;IRF1;PPARG;NOTCH1;MAX;NOTCH4;PDGFB;SERTAD3;NFIL3;ATOH8;TNNI2;ZNF423;PPARGC1A;FZD1;EGR1;CD74;JUN;EGR2;FOXF2;FZD4;FOXF1;WNT3A;MCRS1;ZBTB16;CNBP;PYHIN1;WNT7A;IGF1;KLF4;FLI1;KLF2;KLF6;BMP2;IL6;MAFB;TMEM98;ID2;HLA-DRB1
GO_Biological_Process_2023,Adenylate Cyclase-Activating G Protein-Coupled Receptor Signaling Pathway (GO:0007189),13/110,0.2770285238291045,0.6290410637552821,0,0,1.2386210411203245,1.589937077328918,PTGER4;RAMP2;CALCRL;RAMP3;PTGER1;GPR65;PTGER2;ADCY4;GPR4;ADRB2;ADRA1B;GNG2;GNAQ
GO_Biological_Process_2023,Central Nervous System Development (GO:0007417),31/283,0.2777724315883344,0.6303563308745045,0,0,1.137641075141075,1.457264852707702,CCL14;CX3CR1;C1QA;SH3GL3;NDRG4;RTN1;ITGAM;CXCR4;PCDH18;DLL1;RTN4;AFF2;C3;RELN;NNAT;TPPP;SPTBN1;SH3GL2;GIT2;EGR2;GSN;ZBTB16;EML1;ECRG4;MEIS2;TGFBR2;SLC8A3;NR4A2;MEIS1;MAL;NES
GO_Biological_Process_2023,Protein Homooligomerization (GO:0051260),15/129,0.277913837549915,0.6303563308745045,0,0,1.2161557243624526,1.5572194829953905,SCARA5;MLKL;PRF1;APIP;ITLN1;AQP4;PKD2L1;SAMHD1;CLU;ACACB;ALAD;ALDH1A2;ALOX5AP;NLRP3;KCNJ2
GO_Biological_Process_2023,Regulation Of Phosphorylation (GO:0042325),10/82,0.278443267563851,0.6309610365703175,0,0,1.2834190231362468,1.6409037738769436,CDKN1C;CDH5;SDCBP;CDKN2B;CDKN2C;CCL5;ROPN1L;ANG;LDB2;IGF1
GO_Biological_Process_2023,Positive Regulation Of Protein Metabolic Process (GO:0051247),22/196,0.2784868085663601,0.6309610365703175,0,0,1.168935190966338,1.4943487310364545,CD86;WFS1;BAD;TNFSF12;CIRBP;WNT7A;TNFAIP3;C4BPA;LILRA2;KLF4;CLU;TNF;KLF2;TNFSF13B;IL6;IL1B;AGTR1;GPC3;CAPN3;VIM;IL17D;FGFR4
GO_Biological_Process_2023,Calcium-Independent Cell-Cell Adhesion Via Plasma Membrane Cell-Adhesion Molecules (GO:0016338),3/19,0.282434568609297,0.6336318017983086,0,0,1.731781506147541,2.189505854558312,CLDN11;CLDN5;CLDN18
GO_Biological_Process_2023,Cortical Actin Cytoskeleton Organization (GO:0030866),3/19,0.282434568609297,0.6336318017983086,0,0,1.731781506147541,2.189505854558312,PLEK;LCP1;TNF
GO_Biological_Process_2023,Fluid Transport (GO:0042044),3/19,0.282434568609297,0.6336318017983086,0,0,1.731781506147541,2.189505854558312,AQP9;PDPN;AQP4
GO_Biological_Process_2023,Ganglioside Metabolic Process (GO:0001573),3/19,0.282434568609297,0.6336318017983086,0,0,1.731781506147541,2.189505854558312,ST6GALNAC3;ST6GALNAC5;ST6GALNAC6
GO_Biological_Process_2023,Glycosphingolipid Biosynthetic Process (GO:0006688),3/19,0.282434568609297,0.6336318017983086,0,0,1.731781506147541,2.189505854558312,ST6GALNAC3;ST6GALNAC5;ST6GALNAC6
GO_Biological_Process_2023,Heme Biosynthetic Process (GO:0006783),3/19,0.282434568609297,0.6336318017983086,0,0,1.731781506147541,2.189505854558312,ALAD;ALAS2;TSPO
GO_Biological_Process_2023,Linoleic Acid Metabolic Process (GO:0043651),3/19,0.282434568609297,0.6336318017983086,0,0,1.731781506147541,2.189505854558312,ALOX5;ALOX15;GSTA1
GO_Biological_Process_2023,Negative Regulation Of Cyclin-Dependent Protein Serine/Threonine Kinase Activity (GO:0045736),3/19,0.282434568609297,0.6336318017983086,0,0,1.731781506147541,2.189505854558312,CEBPA;HHEX;INCA1
GO_Biological_Process_2023,Negative Regulation Of Protein Dephosphorylation (GO:0035308),3/19,0.282434568609297,0.6336318017983086,0,0,1.731781506147541,2.189505854558312,PPP1R15A;PPP1R16B;FKBP1B
GO_Biological_Process_2023,Purine Ribonucleotide Transport (GO:0015868),3/19,0.282434568609297,0.6336318017983086,0,0,1.731781506147541,2.189505854558312,LRRC8C;SLC25A25;SLC25A24
GO_Biological_Process_2023,Regulation Of Behavior (GO:0050795),3/19,0.282434568609297,0.6336318017983086,0,0,1.731781506147541,2.189505854558312,RELN;CCL3;LEPR
GO_Biological_Process_2023,Regulation Of Insulin-Like Growth Factor Receptor Signaling Pathway (GO:0043567),3/19,0.282434568609297,0.6336318017983086,0,0,1.731781506147541,2.189505854558312,IGF1;IGFBP6;BMP5
GO_Biological_Process_2023,Regulation Of Integrin-Mediated Signaling Pathway (GO:2001044),3/19,0.282434568609297,0.6336318017983086,0,0,1.731781506147541,2.189505854558312,LAMA2;PRKD1;LIMS2
GO_Biological_Process_2023,Regulation Of Tissue Remodeling (GO:0034103),3/19,0.282434568609297,0.6336318017983086,0,0,1.731781506147541,2.189505854558312,GPNMB;IL15;LEPR
GO_Biological_Process_2023,Response To Fatty Acid (GO:0070542),3/19,0.282434568609297,0.6336318017983086,0,0,1.731781506147541,2.189505854558312,PDK4;FFAR2;LCP1
GO_Biological_Process_2023,Skeletal Muscle Contraction (GO:0003009),3/19,0.282434568609297,0.6336318017983086,0,0,1.731781506147541,2.189505854558312,STAC;TNNC1;TNNI2
GO_Biological_Process_2023,Sphingosine Metabolic Process (GO:0006670),3/19,0.282434568609297,0.6336318017983086,0,0,1.731781506147541,2.189505854558312,ASAH1;SPTLC1;SPTLC3
GO_Biological_Process_2023,Vesicle Docking (GO:0048278),3/19,0.282434568609297,0.6336318017983086,0,0,1.731781506147541,2.189505854558312,STX7;STX2;STX11
GO_Biological_Process_2023,Positive Regulation Of Cysteine-Type Endopeptidase Activity (GO:2001056),8/64,0.286009997879755,0.6369828404932729,0,0,1.319906082617947,1.6521640756555234,CLEC7A;BAD;CASP1;NLRP3;TNF;SOX7;UACA;PPM1F
GO_Biological_Process_2023,Response To Metal Ion (GO:0010038),8/64,0.286009997879755,0.6369828404932729,0,0,1.319906082617947,1.6521640756555234,IL1A;PLSCR1;TNNT2;CAV1;FGG;CAPN3;MT1X;SNCA
GO_Biological_Process_2023,Sensory Perception Of Sound (GO:0007605),11/92,0.2864655147677094,0.6369828404932729,0,0,1.254915409236397,1.5688163322522604,CLIC5;WDR1;WFS1;P2RX2;COL4A3;KIT;CDH23;SNAI2;ROR1;GRAP;CCDC50
GO_Biological_Process_2023,Negative Regulation Of Transmembrane Receptor Protein Serine/Threonine Kinase Signaling Pathway (GO:0090101),13/111,0.2880088342456045,0.6369828404932729,0,0,1.2259137434582483,1.525973448020751,NOTCH1;CAV1;CRIM1;SMAD6;CHRDL1;SMAD7;PPM1A;BMP2;SNX25;VEPH1;SOSTDC1;PPARG;SPRY1
GO_Biological_Process_2023,Cellular Response To Osmotic Stress (GO:0071470),4/28,0.2907344279771715,0.6369828404932729,0,0,1.5394669400307537,1.9017728595961727,CASP1;CAPN3;NLRP3;MYLK
GO_Biological_Process_2023,Negative Regulation Of Cytoskeleton Organization (GO:0051494),4/28,0.2907344279771715,0.6369828404932729,0,0,1.5394669400307537,1.9017728595961727,PLEKHH2;MYADM;SLIT2;SHANK3
GO_Biological_Process_2023,Positive Regulation Of Defense Response To Virus By Host (GO:0002230),4/28,0.2907344279771715,0.6369828404932729,0,0,1.5394669400307537,1.9017728595961727,APOBEC3F;APOBEC3G;IL12RB1;TRIM22
GO_Biological_Process_2023,Regulation Of Plasma Membrane Bounded Cell Projection Organization (GO:0120035),4/28,0.2907344279771715,0.6369828404932729,0,0,1.5394669400307537,1.9017728595961727,NTNG1;FCGR2B;FBXO7;ZNF365
GO_Biological_Process_2023,Phospholipase C-activating G Protein-Coupled Receptor Signaling Pathway (GO:0007200),10/83,0.2912555033558678,0.6369828404932729,0,0,1.2657675106525337,1.5613930551035116,CX3CR1;GPR65;GNAQ;C5AR1;C3AR1;AGTR1;FPR1;PLCE1;GPR4;ADRA1B
GO_Biological_Process_2023,Positive Regulation Of Ubiquitin-Dependent Protein Catabolic Process (GO:2000060),10/83,0.2912555033558678,0.6369828404932729,0,0,1.2657675106525337,1.5613930551035116,CEBPA;COP1;DAB2;LRRK2;PYHIN1;LAPTM5;AXIN2;CLU;NKD2;SMAD7
GO_Biological_Process_2023,Epithelial Cell Migration (GO:0010631),6/46,0.2916438696489625,0.6369828404932729,0,0,1.3857106208311956,1.707502898600148,TNFSF12;KIT;LPXN;S100A12;CDH13;S100A9
GO_Biological_Process_2023,Regulation Of Cytokine Production Involved In Inflammatory Response (GO:1900015),6/46,0.2916438696489625,0.6369828404932729,0,0,1.3857106208311956,1.707502898600148,IL6;CLEC7A;ALOX5;IL17D;TNF;TLR4
GO_Biological_Process_2023,Regulation Of Nervous System Development (GO:0051960),6/46,0.2916438696489625,0.6369828404932729,0,0,1.3857106208311956,1.707502898600148,CX3CR1;HEY1;IL1B;HEY2;TNFRSF1B;DLL1
GO_Biological_Process_2023,Calcium Ion Import Across Plasma Membrane (GO:0098703),5/37,0.2926153705673257,0.6369828404932729,0,0,1.443349358974359,1.773726630252914,SLC8A3;SLC24A4;TRPV2;SCN7A;CLU
GO_Biological_Process_2023,Muscle Tissue Development (GO:0060537),5/37,0.2926153705673257,0.6369828404932729,0,0,1.443349358974359,1.773726630252914,CAV1;PGM5;MYOZ1;VRK3;ENG
GO_Biological_Process_2023,Positive Regulation Of Exocytosis (GO:0045921),5/37,0.2926153705673257,0.6369828404932729,0,0,1.443349358974359,1.773726630252914,SDCBP;FGG;CFTR;CLASP2;SNCA
GO_Biological_Process_2023,Positive Regulation Of Signaling (GO:0023056),5/37,0.2926153705673257,0.6369828404932729,0,0,1.443349358974359,1.773726630252914,EDN1;RAMP3;ANXA2;TNF;SNCA
GO_Biological_Process_2023,Regulation Of Cellular Component Biogenesis (GO:0044087),5/37,0.2926153705673257,0.6369828404932729,0,0,1.443349358974359,1.773726630252914,NOTCH1;RAP1A;TIE1;CD36;SNCAIP
GO_Biological_Process_2023,Regulation Of Defense Response To Virus By Host (GO:0050691),5/37,0.2926153705673257,0.6369828404932729,0,0,1.443349358974359,1.773726630252914,APOBEC3F;APOBEC3G;TNFAIP3;IL12RB1;TRIM22
GO_Biological_Process_2023,Regulation Of Ossification (GO:0030278),5/37,0.2926153705673257,0.6369828404932729,0,0,1.443349358974359,1.773726630252914,BMP2;SFRP1;NOTCH1;ZBTB16;SMAD6
GO_Biological_Process_2023,Synaptic Vesicle Cycle (GO:0099504),5/37,0.2926153705673257,0.6369828404932729,0,0,1.443349358974359,1.773726630252914,GIT2;WNT3A;WNT7A;AP3S1;SNCA
GO_Biological_Process_2023,Brain Morphogenesis (GO:0048854),2/11,0.293052314332302,0.6369828404932729,0,0,2.052227342549924,2.5189123337857464,SHANK3;SLC6A4
GO_Biological_Process_2023,Cellular Response To Fluid Shear Stress (GO:0071498),2/11,0.293052314332302,0.6369828404932729,0,0,2.052227342549924,2.5189123337857464,KLF4;KLF2
GO_Biological_Process_2023,Cellular Response To Growth Hormone Stimulus (GO:0071378),2/11,0.293052314332302,0.6369828404932729,0,0,2.052227342549924,2.5189123337857464,GHR;SOCS2
GO_Biological_Process_2023,Cellular Response To Nitrogen Levels (GO:0043562),2/11,0.293052314332302,0.6369828404932729,0,0,2.052227342549924,2.5189123337857464,GABARAPL1;MAP1LC3C
GO_Biological_Process_2023,Cellular Response To Nitrogen Starvation (GO:0006995),2/11,0.293052314332302,0.6369828404932729,0,0,2.052227342549924,2.5189123337857464,GABARAPL1;MAP1LC3C
GO_Biological_Process_2023,Central Nervous System Myelination (GO:0022010),2/11,0.293052314332302,0.6369828404932729,0,0,2.052227342549924,2.5189123337857464,CLU;GPM6B
GO_Biological_Process_2023,Complement Receptor Mediated Signaling Pathway (GO:0002430),2/11,0.293052314332302,0.6369828404932729,0,0,2.052227342549924,2.5189123337857464,C5AR1;FPR1
GO_Biological_Process_2023,Cytidine To Uridine Editing (GO:0016554),2/11,0.293052314332302,0.6369828404932729,0,0,2.052227342549924,2.5189123337857464,APOBEC3F;APOBEC3G
GO_Biological_Process_2023,Digestive System Development (GO:0055123),2/11,0.293052314332302,0.6369828404932729,0,0,2.052227342549924,2.5189123337857464,FOXF1;KIT
GO_Biological_Process_2023,Exit From Mitosis (GO:0010458),2/11,0.293052314332302,0.6369828404932729,0,0,2.052227342549924,2.5189123337857464,PPP2R2D;CLASP2
GO_Biological_Process_2023,Heterocycle Biosynthetic Process (GO:0018130),2/11,0.293052314332302,0.6369828404932729,0,0,2.052227342549924,2.5189123337857464,MOCS2;HDC
GO_Biological_Process_2023,Intestinal Absorption (GO:0050892),2/11,0.293052314332302,0.6369828404932729,0,0,2.052227342549924,2.5189123337857464,CD36;TJP2
GO_Biological_Process_2023,Intestinal Lipid Absorption (GO:0098856),2/11,0.293052314332302,0.6369828404932729,0,0,2.052227342549924,2.5189123337857464,CD36;LDLR
GO_Biological_Process_2023,Intracellular Copper Ion Homeostasis (GO:0006878),2/11,0.293052314332302,0.6369828404932729,0,0,2.052227342549924,2.5189123337857464,PRNP;MT2A
GO_Biological_Process_2023,Leukotriene D4 Metabolic Process (GO:1901748),2/11,0.293052314332302,0.6369828404932729,0,0,2.052227342549924,2.5189123337857464,DPEP2;GGT1
GO_Biological_Process_2023,Lipoprotein Transport (GO:0042953),2/11,0.293052314332302,0.6369828404932729,0,0,2.052227342549924,2.5189123337857464,PPARG;CD36
GO_Biological_Process_2023,Lysosomal Membrane Organization (GO:0097212),2/11,0.293052314332302,0.6369828404932729,0,0,2.052227342549924,2.5189123337857464,CHMP6;CHMP5
GO_Biological_Process_2023,Negative Regulation Of calcineurin-NFAT Signaling Cascade (GO:0070885),2/11,0.293052314332302,0.6369828404932729,0,0,2.052227342549924,2.5189123337857464,PRNP;MYOZ1
GO_Biological_Process_2023,Negative Regulation Of Calcineurin-Mediated Signaling (GO:0106057),2/11,0.293052314332302,0.6369828404932729,0,0,2.052227342549924,2.5189123337857464,PRNP;MYOZ1
GO_Biological_Process_2023,Negative Regulation Of Cellular Response To Vascular Endothelial Growth Factor Stimulus (GO:1902548),2/11,0.293052314332302,0.6369828404932729,0,0,2.052227342549924,2.5189123337857464,SEMA6A;DCN
GO_Biological_Process_2023,Negative Regulation Of Cyclase Activity (GO:0031280),2/11,0.293052314332302,0.6369828404932729,0,0,2.052227342549924,2.5189123337857464,EDNRB;PALM
GO_Biological_Process_2023,Negative Regulation Of Microtubule Polymerization (GO:0031115),2/11,0.293052314332302,0.6369828404932729,0,0,2.052227342549924,2.5189123337857464,CDH5;SNCA
GO_Biological_Process_2023,Negative Regulation Of Platelet-Derived Growth Factor Receptor Signaling Pathway (GO:0010642),2/11,0.293052314332302,0.6369828404932729,0,0,2.052227342549924,2.5189123337857464,NDRG4;SNCA
GO_Biological_Process_2023,Nucleotide-Binding Oligomerization Domain Containing Signaling Pathway (GO:0070423),2/11,0.293052314332302,0.6369828404932729,0,0,2.052227342549924,2.5189123337857464,TNFAIP3;MAP3K7
GO_Biological_Process_2023,Phasic Smooth Muscle Contraction (GO:0014821),2/11,0.293052314332302,0.6369828404932729,0,0,2.052227342549924,2.5189123337857464,EDN1;EDNRB
GO_Biological_Process_2023,Positive Regulation Of Behavior (GO:0048520),2/11,0.293052314332302,0.6369828404932729,0,0,2.052227342549924,2.5189123337857464,GRP;SGIP1
GO_Biological_Process_2023,Positive Regulation Of Protein Maturation (GO:1903319),2/11,0.293052314332302,0.6369828404932729,0,0,2.052227342549924,2.5189123337857464,CCBE1;NKD2
GO_Biological_Process_2023,Positive Regulation Of Pseudopodium Assembly (GO:0031274),2/11,0.293052314332302,0.6369828404932729,0,0,2.052227342549924,2.5189123337857464,CCL21;CDC42EP2
GO_Biological_Process_2023,Protein Polyglutamylation (GO:0018095),2/11,0.293052314332302,0.6369828404932729,0,0,2.052227342549924,2.5189123337857464,TTLL7;TTLL1
GO_Biological_Process_2023,"Regulation Of CD4-positive, Alpha-Beta T Cell Differentiation (GO:0043370)",2/11,0.293052314332302,0.6369828404932729,0,0,2.052227342549924,2.5189123337857464,HLA-DRA;HLA-DRB1
GO_Biological_Process_2023,Regulation Of T-helper 17 Cell Differentiation (GO:2000319),2/11,0.293052314332302,0.6369828404932729,0,0,2.052227342549924,2.5189123337857464,JUNB;SMAD7
GO_Biological_Process_2023,Regulation Of Cell Communication By Electrical Coupling Involved In Cardiac Conduction (GO:1901844),2/11,0.293052314332302,0.6369828404932729,0,0,2.052227342549924,2.5189123337857464,CAV1;PDE4D
GO_Biological_Process_2023,Regulation Of Cytoplasmic Transport (GO:1903649),2/11,0.293052314332302,0.6369828404932729,0,0,2.052227342549924,2.5189123337857464,LRRK2;MAPK1
GO_Biological_Process_2023,Regulation Of Fatty Acid Metabolic Process (GO:0019217),2/11,0.293052314332302,0.6369828404932729,0,0,2.052227342549924,2.5189123337857464,CAV1;PDK4
GO_Biological_Process_2023,Regulation Of Homotypic Cell-Cell Adhesion (GO:0034110),2/11,0.293052314332302,0.6369828404932729,0,0,2.052227342549924,2.5189123337857464,CCL5;JAK1
GO_Biological_Process_2023,Regulation Of Monocyte Chemotactic Protein-1 Production (GO:0071637),2/11,0.293052314332302,0.6369828404932729,0,0,2.052227342549924,2.5189123337857464,CLEC7A;IL1B
GO_Biological_Process_2023,Regulation Of Pseudopodium Assembly (GO:0031272),2/11,0.293052314332302,0.6369828404932729,0,0,2.052227342549924,2.5189123337857464,CCL21;CDC42EP2
GO_Biological_Process_2023,Retinoic Acid Receptor Signaling Pathway (GO:0048384),2/11,0.293052314332302,0.6369828404932729,0,0,2.052227342549924,2.5189123337857464,THRA;PPARG
GO_Biological_Process_2023,Brain Development (GO:0007420),19/169,0.2945489901013157,0.6398983598245356,0,0,1.1708161157024792,1.431100175708896,CCL14;CX3CR1;GIT2;NDRG4;EGR2;RTN1;CXCR4;EML1;PCDH18;MEIS2;RTN4;AFF2;SLC6A4;TGFBR2;MEIS1;RELN;NNAT;NES;SHANK3
GO_Biological_Process_2023,Gland Development (GO:0048732),9/74,0.2960402400024896,0.6427990240222744,0,0,1.279310617440114,1.557253498830126,TGFBR3;CEBPA;CITED2;NOTCH4;CAV1;PCSK9;TCF21;TBX3;DKK3
GO_Biological_Process_2023,Positive Regulation Of DNA Biosynthetic Process (GO:2000573),8/65,0.3007448011071298,0.6523264011375817,0,0,1.2966777498445652,1.557949512908659,PCNA;TCP1;PDGFB;MAPK1;KLF4;FGFR4;FGF2;ATR
GO_Biological_Process_2023,Positive Regulation Of Cell Cycle (GO:0045787),8/65,0.3007448011071298,0.6523264011375817,0,0,1.2966777498445652,1.557949512908659,TGM1;SRPK2;CCND2;CITED2;PDGFB;NUPR1;MEIS2;TBX3
GO_Biological_Process_2023,Positive Regulation Of Macromolecule Biosynthetic Process (GO:0010557),14/122,0.3041916147503032,0.6591757066293545,0,0,1.19792203331616,1.42564397447064,IL33;CCL21;CIRBP;PDGFB;IGF1;SORBS1;KLF4;FGF2;IL6;IL1B;CCL2;VIM;FGFR4;TLR4
GO_Biological_Process_2023,Positive Regulation Of Protein Ubiquitination (GO:0031398),10/84,0.3042226312945867,0.6591757066293545,0,0,1.2485930660737858,1.4858201372270925,ARRDC4;UBB;ANGPT1;WFS1;LRRK2;CAV1;FAM107A;CRY1;LAPTM5;SMAD7
GO_Biological_Process_2023,Peptide Metabolic Process (GO:0006518),7/56,0.305238489186356,0.6603347357975844,0,0,1.3197418597829276,1.5660873513842206,CPM;ENPEP;MME;CPXM2;ANPEP;GGT1;NAALADL1
GO_Biological_Process_2023,Regulation Of Mitotic Nuclear Division (GO:0007088),7/56,0.305238489186356,0.6603347357975844,0,0,1.3197418597829276,1.5660873513842206,IL1A;EDN1;DUSP1;CAV2;IL1B;PDGFB;IGF1
GO_Biological_Process_2023,Regulation Of Reactive Oxygen Species Metabolic Process (GO:2000377),7/56,0.305238489186356,0.6603347357975844,0,0,1.3197418597829276,1.5660873513842206,BST1;ALOX5;RAC2;AGTR1;PDGFB;TGFBR2;SNCA
GO_Biological_Process_2023,Secondary Alcohol Metabolic Process (GO:1902652),6/47,0.3092826409688194,0.6657876779017878,0,0,1.3518377154012688,1.586381186553706,CYP27A1;CETP;CH25H;APOA1;ABCG1;CES1
GO_Biological_Process_2023,Adenine Nucleotide Transport (GO:0051503),3/20,0.3102374106259823,0.6657876779017878,0,0,1.629821600771456,1.9075716156576787,LRRC8C;SLC25A25;SLC25A24
GO_Biological_Process_2023,Cellular Response To Estradiol Stimulus (GO:0071392),3/20,0.3102374106259823,0.6657876779017878,0,0,1.629821600771456,1.9075716156576787,SFRP1;RAMP3;SSTR1
GO_Biological_Process_2023,Cellular Response To pH (GO:0071467),3/20,0.3102374106259823,0.6657876779017878,0,0,1.629821600771456,1.9075716156576787,SCNN1G;HYAL1;PKD2L1
GO_Biological_Process_2023,Cilium-Dependent Cell Motility (GO:0060285),3/20,0.3102374106259823,0.6657876779017878,0,0,1.629821600771456,1.9075716156576787,TEKT1;TEKT3;CCDC65
GO_Biological_Process_2023,Epithelial Cilium Movement Involved In Extracellular Fluid Movement (GO:0003351),3/20,0.3102374106259823,0.6657876779017878,0,0,1.629821600771456,1.9075716156576787,SPAG6;AQP4;ROPN1L
GO_Biological_Process_2023,Limb Morphogenesis (GO:0035108),3/20,0.3102374106259823,0.6657876779017878,0,0,1.629821600771456,1.9075716156576787,CYP26B1;TBX4;TBX3
GO_Biological_Process_2023,Negative Regulation Of Phosphoprotein Phosphatase Activity (GO:0032515),3/20,0.3102374106259823,0.6657876779017878,0,0,1.629821600771456,1.9075716156576787,PPP1R15A;FKBP1B;TNF
GO_Biological_Process_2023,Negative Regulation Of Reproductive Process (GO:2000242),3/20,0.3102374106259823,0.6657876779017878,0,0,1.629821600771456,1.9075716156576787,GJA1;DUSP1;IGF1
GO_Biological_Process_2023,Negative Regulation Of Viral Life Cycle (GO:1903901),3/20,0.3102374106259823,0.6657876779017878,0,0,1.629821600771456,1.9075716156576787,FCN1;FCN3;GSN
GO_Biological_Process_2023,Peripheral Nervous System Development (GO:0007422),3/20,0.3102374106259823,0.6657876779017878,0,0,1.629821600771456,1.9075716156576787,GSTM3;EGR2;PMP22
GO_Biological_Process_2023,Phosphatidylglycerol Metabolic Process (GO:0046471),3/20,0.3102374106259823,0.6657876779017878,0,0,1.629821600771456,1.9075716156576787,PLA2G4F;PLA2G1B;PLA2G3
GO_Biological_Process_2023,Regulation Of Calcium Ion Transmembrane Transport (GO:1903169),3/20,0.3102374106259823,0.6657876779017878,0,0,1.629821600771456,1.9075716156576787,CACNG6;PRNP;ATP1A2
GO_Biological_Process_2023,Regulation Of Protein Localization To Cell Periphery (GO:1904375),3/20,0.3102374106259823,0.6657876779017878,0,0,1.629821600771456,1.9075716156576787,STX7;ZDHHC2;SPTBN1
GO_Biological_Process_2023,Sensory Perception Of Pain (GO:0019233),3/20,0.3102374106259823,0.6657876779017878,0,0,1.629821600771456,1.9075716156576787,MME;CCL2;PROK2
GO_Biological_Process_2023,Regulation Of Protein Ubiquitination (GO:0031396),13/113,0.3103453123504328,0.6657876779017878,0,0,1.2012615859938207,1.4055597722935933,FOXF2;ANGPT1;WFS1;CAV1;LRRK2;FAM107A;LAPTM5;TNFAIP3;ARRB2;SMAD7;UBB;CRY1;SASH1
GO_Biological_Process_2023,Connective Tissue Development (GO:0061448),5/38,0.3124099849836897,0.6688236632784916,0,0,1.3995337995337995,1.6282720633350816,HYAL1;HYAL2;ZBTB16;GHRL;CD44
GO_Biological_Process_2023,Positive Regulation Of Axonogenesis (GO:0050772),5/38,0.3124099849836897,0.6688236632784916,0,0,1.3995337995337995,1.6282720633350816,NTRK2;CDKL5;BDNF;MAP6;SLIT2
GO_Biological_Process_2023,Positive Regulation Of Bone Mineralization (GO:0030501),5/38,0.3124099849836897,0.6688236632784916,0,0,1.3995337995337995,1.6282720633350816,KL;BMP2;ALOX5;GPM6B;BMP6
GO_Biological_Process_2023,Regulation Of Intracellular Transport (GO:0032386),5/38,0.3124099849836897,0.6688236632784916,0,0,1.3995337995337995,1.6282720633350816,LRRK2;PLA2G3;GAS1;LCP1;CRYAB
GO_Biological_Process_2023,Cardiac Muscle Cell Action Potential (GO:0086001),4/29,0.3136033529872304,0.6692913010126437,0,0,1.4778062532034857,1.7137029955086298,ATP1A2;SCN4B;KCNJ2;SCN2B
GO_Biological_Process_2023,Negative Regulation Of DNA Binding (GO:0043392),4/29,0.3136033529872304,0.6692913010126437,0,0,1.4778062532034857,1.7137029955086298,JUN;HEY1;GZMA;HEY2
GO_Biological_Process_2023,Negative Regulation Of Plasma Membrane Bounded Cell Projection Assembly (GO:0120033),4/29,0.3136033529872304,0.6692913010126437,0,0,1.4778062532034857,1.7137029955086298,CCL21;LIMK2;SLIT2;ARHGAP24
GO_Biological_Process_2023,Positive Regulation Of Dephosphorylation (GO:0035306),4/29,0.3136033529872304,0.6692913010126437,0,0,1.4778062532034857,1.7137029955086298,PPP1R16B;CDH5;BMP2;LILRB2
GO_Biological_Process_2023,Regulation Of Blood Coagulation (GO:0030193),4/29,0.3136033529872304,0.6692913010126437,0,0,1.4778062532034857,1.7137029955086298,THBD;EDN1;CAV1;EMILIN2
GO_Biological_Process_2023,Response To Interferon-Beta (GO:0035456),4/29,0.3136033529872304,0.6692913010126437,0,0,1.4778062532034857,1.7137029955086298,PLSCR1;PYHIN1;IRF1;MNDA
GO_Biological_Process_2023,Organonitrogen Compound Biosynthetic Process (GO:1901566),14/123,0.3150072185485029,0.6719392714662266,0,0,1.186865750653451,1.371019513415238,ALAS2;MOCS2;PLA2G4C;APOA1;FMO3;SPTLC1;SPTLC3;ALDH3B1;GSTA1;CHPT1;PRKD1;CDO1;SULT1A2;OTC
GO_Biological_Process_2023,Negative Regulation Of Immune Response (GO:0050777),8/66,0.3156451471935307,0.6729515327588785,0,0,1.274250394063369,1.4693848285018205,FGR;HCK;SPI1;ALOX15;TNFAIP3;FCGR2B;SAMSN1;HLA-DRB1
GO_Biological_Process_2023,Monoatomic Anion Transport (GO:0006820),7/57,0.3214242108806802,0.6836837258691204,0,0,1.2932751540041068,1.4678588923163478,CLIC5;CLIC4;CLIC3;FXYD3;FXYD1;LRRC8C;TSPO
GO_Biological_Process_2023,Regulation Of Ras Protein Signal Transduction (GO:0046578),9/76,0.323877740101463,0.6836837258691204,0,0,1.240984184933503,1.3990721423576644,GIT2;NOTCH1;STARD8;RASGRF1;PLCE1;DENND3;SPRY1;IGF1;FBP1
GO_Biological_Process_2023,Protein Dephosphorylation (GO:0006470),14/124,0.3259200630039228,0.6836837258691204,0,0,1.1760104913118825,1.3184290464771846,PPP1R15A;PTPRR;DUSP1;PPM1M;PTPRO;PTPRM;PTPN13;PPM1F;PTPRD;DUSP22;PPM1A;PTPRB;PTPRC;PPP3CC
GO_Biological_Process_2023,Neuron Projection Development (GO:0031175),21/192,0.3266751536032009,0.6836837258691204,0,0,1.1349806781690523,1.2698039160001169,RB1;GPM6A;BTG2;MYOC;BDNF;LRRK2;RASGRF1;PTPRM;WNT7A;FRY;AGER;IL6;UBB;VAPA;FLRT3;EPB41L3;SHANK3;SH3GL2;GPM6B;ZNF365;GAS7
GO_Biological_Process_2023,Protein Localization To Membrane (GO:0072657),21/192,0.3266751536032009,0.6836837258691204,0,0,1.1349806781690523,1.2698039160001169,RAMP2;RAMP3;ARL3;CAV1;ANK2;ATP1B3;TNF;ZDHHC2;PRAM1;NKD2;RAB32;DPP6;RAP1A;TMEM88;EPB41L3;CAPN3;GAS6;SHANK3;SPTBN1;RAB8B;CLASP2
GO_Biological_Process_2023,Regulation Of Tumor Necrosis Factor-Mediated Signaling Pathway (GO:0010803),6/48,0.3270932065574089,0.6836837258691204,0,0,1.3195778054680056,1.4746415429705884,CASP1;LAPTM5;TNFAIP3;APOA1;CCDC3;GAS6
GO_Biological_Process_2023,Cellular Response To Organonitrogen Compound (GO:0071417),12/105,0.3286862527236203,0.6836837258691204,0,0,1.1921704049275317,1.326470335169568,EGR1;SFRP1;CPEB1;RAP1A;RRAGB;AQP9;PDE2A;SLIT2;CLU;FOLR1;CFTR;AQP1
GO_Biological_Process_2023,DNA Deamination (GO:0045006),2/12,0.3306380145499606,0.6836837258691204,0,0,1.8469022017409116,2.0440241305651887,APOBEC3F;APOBEC3G
GO_Biological_Process_2023,MyD88-dependent Toll-Like Receptor Signaling Pathway (GO:0002755),2/12,0.3306380145499606,0.6836837258691204,0,0,1.8469022017409116,2.0440241305651887,MAP3K7;TLR4
GO_Biological_Process_2023,Actin-Myosin Filament Sliding (GO:0033275),2/12,0.3306380145499606,0.6836837258691204,0,0,1.8469022017409116,2.0440241305651887,TNNT2;MYH4
GO_Biological_Process_2023,Biogenic Amine Metabolic Process (GO:0006576),2/12,0.3306380145499606,0.6836837258691204,0,0,1.8469022017409116,2.0440241305651887,SLC22A3;MAOA
GO_Biological_Process_2023,Cardiac Right Ventricle Morphogenesis (GO:0003215),2/12,0.3306380145499606,0.6836837258691204,0,0,1.8469022017409116,2.0440241305651887,HEY2;ZFPM2
GO_Biological_Process_2023,Cellular Response To Acidic pH (GO:0071468),2/12,0.3306380145499606,0.6836837258691204,0,0,1.8469022017409116,2.0440241305651887,SCNN1G;PKD2L1
GO_Biological_Process_2023,Dendrite Self-Avoidance (GO:0070593),2/12,0.3306380145499606,0.6836837258691204,0,0,1.8469022017409116,2.0440241305651887,ROBO4;NEXN
GO_Biological_Process_2023,Detection Of Bacterium (GO:0016045),2/12,0.3306380145499606,0.6836837258691204,0,0,1.8469022017409116,2.0440241305651887,PGLYRP1;HLA-DRB1
GO_Biological_Process_2023,Detection Of Calcium Ion (GO:0005513),2/12,0.3306380145499606,0.6836837258691204,0,0,1.8469022017409116,2.0440241305651887,KCNMB1;CASQ2
GO_Biological_Process_2023,Endothelium Development (GO:0003158),2/12,0.3306380145499606,0.6836837258691204,0,0,1.8469022017409116,2.0440241305651887,PECAM1;CD34
GO_Biological_Process_2023,Epithelial Cell Morphogenesis (GO:0003382),2/12,0.3306380145499606,0.6836837258691204,0,0,1.8469022017409116,2.0440241305651887,PKHD1;DACT2
GO_Biological_Process_2023,Gamma-Delta T Cell Activation (GO:0046629),2/12,0.3306380145499606,0.6836837258691204,0,0,1.8469022017409116,2.0440241305651887,ITK;MICA
GO_Biological_Process_2023,Glucose Import (GO:0046323),2/12,0.3306380145499606,0.6836837258691204,0,0,1.8469022017409116,2.0440241305651887,SLC2A14;SLC2A3
GO_Biological_Process_2023,Granulocyte Differentiation (GO:0030851),2/12,0.3306380145499606,0.6836837258691204,0,0,1.8469022017409116,2.0440241305651887,CEBPA;CSF3
GO_Biological_Process_2023,Icosanoid Secretion (GO:0032309),2/12,0.3306380145499606,0.6836837258691204,0,0,1.8469022017409116,2.0440241305651887,PLA2G1B;PLA2G5
GO_Biological_Process_2023,Lipoprotein Localization (GO:0044872),2/12,0.3306380145499606,0.6836837258691204,0,0,1.8469022017409116,2.0440241305651887,PPARG;CD36
GO_Biological_Process_2023,Negative Regulation By Host Of Viral Process (GO:0044793),2/12,0.3306380145499606,0.6836837258691204,0,0,1.8469022017409116,2.0440241305651887,CCL8;VAPA
GO_Biological_Process_2023,Negative Regulation By Host Of Viral Transcription (GO:0043922),2/12,0.3306380145499606,0.6836837258691204,0,0,1.8469022017409116,2.0440241305651887,JUN;CCL5
GO_Biological_Process_2023,Negative Regulation Of Cell Cycle Phase Transition (GO:1901988),2/12,0.3306380145499606,0.6836837258691204,0,0,1.8469022017409116,2.0440241305651887,SUSD2;ZFP36L2
GO_Biological_Process_2023,Negative Regulation Of Coagulation (GO:0050819),2/12,0.3306380145499606,0.6836837258691204,0,0,1.8469022017409116,2.0440241305651887,THBD;EDN1
GO_Biological_Process_2023,Negative Regulation Of Epidermal Growth Factor-Activated Receptor Activity (GO:0007175),2/12,0.3306380145499606,0.6836837258691204,0,0,1.8469022017409116,2.0440241305651887,GPRC5A;CHMP6
GO_Biological_Process_2023,Negative Regulation Of Intrinsic Apoptotic Signaling Pathway In Response To DNA Damage By P53 Class Mediator (GO:1902166),2/12,0.3306380145499606,0.6836837258691204,0,0,1.8469022017409116,2.0440241305651887,CD74;CD44
GO_Biological_Process_2023,Negative Regulation Of Locomotion (GO:0040013),2/12,0.3306380145499606,0.6836837258691204,0,0,1.8469022017409116,2.0440241305651887,FBLN1;CRK
GO_Biological_Process_2023,Negative Regulation Of Stem Cell Differentiation (GO:2000737),2/12,0.3306380145499606,0.6836837258691204,0,0,1.8469022017409116,2.0440241305651887,NOTCH1;ZFP36L2
GO_Biological_Process_2023,Nuclear Body Organization (GO:0030575),2/12,0.3306380145499606,0.6836837258691204,0,0,1.8469022017409116,2.0440241305651887,SRPK2;ETS1
GO_Biological_Process_2023,Phosphatidylcholine Acyl-Chain Remodeling (GO:0036151),2/12,0.3306380145499606,0.6836837258691204,0,0,1.8469022017409116,2.0440241305651887,PLA2G4C;TSPO
GO_Biological_Process_2023,Polysaccharide Biosynthetic Process (GO:0000271),2/12,0.3306380145499606,0.6836837258691204,0,0,1.8469022017409116,2.0440241305651887,NDST1;HAS1
GO_Biological_Process_2023,Porphyrin-Containing Compound Catabolic Process (GO:0006787),2/12,0.3306380145499606,0.6836837258691204,0,0,1.8469022017409116,2.0440241305651887,SLCO2B1;HMOX1
GO_Biological_Process_2023,Positive Regulation By Symbiont Of Entry Into Host (GO:0075294),2/12,0.3306380145499606,0.6836837258691204,0,0,1.8469022017409116,2.0440241305651887,CD74;HLA-DRB1
GO_Biological_Process_2023,Positive Regulation Of T Cell Chemotaxis (GO:0010820),2/12,0.3306380145499606,0.6836837258691204,0,0,1.8469022017409116,2.0440241305651887,CCL21;CCL5
GO_Biological_Process_2023,Positive Regulation Of T-helper Cell Differentiation (GO:0045624),2/12,0.3306380145499606,0.6836837258691204,0,0,1.8469022017409116,2.0440241305651887,CD86;NLRP3
GO_Biological_Process_2023,Positive Regulation Of Alcohol Biosynthetic Process (GO:1902932),2/12,0.3306380145499606,0.6836837258691204,0,0,1.8469022017409116,2.0440241305651887,BMP6;SNCA
GO_Biological_Process_2023,Positive Regulation Of Cell Morphogenesis Involved In Differentiation (GO:0010770),2/12,0.3306380145499606,0.6836837258691204,0,0,1.8469022017409116,2.0440241305651887,PTPRD;CDKL5
GO_Biological_Process_2023,Positive Regulation Of Integrin-Mediated Signaling Pathway (GO:2001046),2/12,0.3306380145499606,0.6836837258691204,0,0,1.8469022017409116,2.0440241305651887,LAMA2;LIMS2
GO_Biological_Process_2023,Positive Regulation Of Nuclear-Transcribed mRNA poly(A) Tail Shortening (GO:0060213),2/12,0.3306380145499606,0.6836837258691204,0,0,1.8469022017409116,2.0440241305651887,BTG2;ZFP36
GO_Biological_Process_2023,Positive Regulation Of Protein Export From Nucleus (GO:0046827),2/12,0.3306380145499606,0.6836837258691204,0,0,1.8469022017409116,2.0440241305651887,IL1B;GAS6
GO_Biological_Process_2023,Positive Regulation Of Protein Localization To Cell Surface (GO:2000010),2/12,0.3306380145499606,0.6836837258691204,0,0,1.8469022017409116,2.0440241305651887,TYROBP;TNF
GO_Biological_Process_2023,Positive Regulation Of Reactive Oxygen Species Biosynthetic Process (GO:1903428),2/12,0.3306380145499606,0.6836837258691204,0,0,1.8469022017409116,2.0440241305651887,CD36;TLR4
GO_Biological_Process_2023,Positive Regulation Of Vascular Endothelial Cell Proliferation (GO:1905564),2/12,0.3306380145499606,0.6836837258691204,0,0,1.8469022017409116,2.0440241305651887,FGF2;APLN
GO_Biological_Process_2023,Positive Regulation Of Vasoconstriction (GO:0045907),2/12,0.3306380145499606,0.6836837258691204,0,0,1.8469022017409116,2.0440241305651887,CAV1;FGG
GO_Biological_Process_2023,Positive Regulation Of Viral Entry Into Host Cell (GO:0046598),2/12,0.3306380145499606,0.6836837258691204,0,0,1.8469022017409116,2.0440241305651887,CD74;HLA-DRB1
GO_Biological_Process_2023,Positive Regulation Of Voltage-Gated Calcium Channel Activity (GO:1901387),2/12,0.3306380145499606,0.6836837258691204,0,0,1.8469022017409116,2.0440241305651887,PPP3CC;STAC
GO_Biological_Process_2023,Pyrimidine Deoxyribonucleotide Catabolic Process (GO:0009223),2/12,0.3306380145499606,0.6836837258691204,0,0,1.8469022017409116,2.0440241305651887,DUT;OGG1
GO_Biological_Process_2023,Quaternary Ammonium Group Transport (GO:0015697),2/12,0.3306380145499606,0.6836837258691204,0,0,1.8469022017409116,2.0440241305651887,SLC22A4;SLC22A3
GO_Biological_Process_2023,Regulation Of Leukocyte Adhesion To Vascular Endothelial Cell (GO:1904994),2/12,0.3306380145499606,0.6836837258691204,0,0,1.8469022017409116,2.0440241305651887,IL6;TNF
GO_Biological_Process_2023,Regulation Of Platelet-Derived Growth Factor Receptor Signaling Pathway (GO:0010640),2/12,0.3306380145499606,0.6836837258691204,0,0,1.8469022017409116,2.0440241305651887,NDRG4;SNCA
GO_Biological_Process_2023,Regulation Of Retinoic Acid Receptor Signaling Pathway (GO:0048385),2/12,0.3306380145499606,0.6836837258691204,0,0,1.8469022017409116,2.0440241305651887,CYP26B1;KLF2
GO_Biological_Process_2023,Regulation Of Transcription From RNA Polymerase II Promoter In Response To Stress (GO:0043618),2/12,0.3306380145499606,0.6836837258691204,0,0,1.8469022017409116,2.0440241305651887,HMOX1;KLF2
GO_Biological_Process_2023,Response To Muramyl Dipeptide (GO:0032495),2/12,0.3306380145499606,0.6836837258691204,0,0,1.8469022017409116,2.0440241305651887,VIM;CHMP5
GO_Biological_Process_2023,Sodium Ion Export Across Plasma Membrane (GO:0036376),2/12,0.3306380145499606,0.6836837258691204,0,0,1.8469022017409116,2.0440241305651887,ATP1A2;ATP1B3
GO_Biological_Process_2023,Sphingomyelin Metabolic Process (GO:0006684),2/12,0.3306380145499606,0.6836837258691204,0,0,1.8469022017409116,2.0440241305651887,VAPA;ABCA8
GO_Biological_Process_2023,Spinal Cord Development (GO:0021510),2/12,0.3306380145499606,0.6836837258691204,0,0,1.8469022017409116,2.0440241305651887,RELN;DLL1
GO_Biological_Process_2023,Synaptic Membrane Adhesion (GO:0099560),2/12,0.3306380145499606,0.6836837258691204,0,0,1.8469022017409116,2.0440241305651887,NTNG1;PTPRD
GO_Biological_Process_2023,Fibroblast Growth Factor Receptor Signaling Pathway (GO:0008543),5/39,0.3323722412106366,0.6869248678106433,0,0,1.3582956259426848,1.496162264807717,KL;FLRT3;FGF18;FGFR4;FGF2
GO_Biological_Process_2023,Regulation Of I-kappaB kinase/NF-kappaB Signaling (GO:0043122),25/232,0.3338433958015854,0.6896193316483101,0,0,1.116242396936247,1.2246108598444547,TFRC;ZFAND6;TNFAIP3;ARRB2;ATP2C1;TNF;GJA1;CLEC7A;CASP1;HMOX1;S100A12;CAPN3;SLC39A8;MAP3K7;TRIM22;CD74;CCL21;TNFRSF19;PPM1A;VAPA;IL1B;ROR1;S100A4;PRKD1;HLA-DRB1
GO_Biological_Process_2023,Regulation Of Protein Metabolic Process (GO:0051246),11/96,0.3360689654867916,0.6938687061855112,0,0,1.195594287097555,1.303722502119057,EDN1;EDNRB;WFS1;AGTR1;WNT7A;LILRB2;CHMP6;KLF4;ZDHHC2;LDLR;KLF2
GO_Biological_Process_2023,Negative Regulation Of Epithelial To Mesenchymal Transition (GO:0010719),4/30,0.3366191165374868,0.6939610315404946,0,0,1.420888696132161,1.5470681674300315,SFRP1;SPRY1;BMP5;SMAD7
GO_Biological_Process_2023,Positive Regulation Of JUN Kinase Activity (GO:0043507),4/30,0.3366191165374868,0.6939610315404946,0,0,1.420888696132161,1.5470681674300315,EDN1;TNF;MAP3K7;SASH1
GO_Biological_Process_2023,Positive Regulation Of Phosphate Metabolic Process (GO:0045937),4/30,0.3366191165374868,0.6939610315404946,0,0,1.420888696132161,1.5470681674300315,SDCBP;CCL5;ANG;SNCA
GO_Biological_Process_2023,Negative Regulation Of Transforming Growth Factor Beta Receptor Signaling Pathway (GO:0030512),9/77,0.3379849507847301,0.6946038697267884,0,0,1.2226664046913729,1.3262921616423804,PPM1A;BMP2;SNX25;CAV1;VEPH1;PPARG;SPRY1;SMAD6;SMAD7
GO_Biological_Process_2023,Negative Regulation Of Tumor Necrosis Factor-Mediated Signaling Pathway (GO:0010804),3/21,0.3381113762569096,0.6946038697267884,0,0,1.5391905737704918,1.6690673546738644,APOA1;CCDC3;GAS6
GO_Biological_Process_2023,Plasma Membrane Repair (GO:0001778),3/21,0.3381113762569096,0.6946038697267884,0,0,1.5391905737704918,1.6690673546738644,SYT11;CHMP6;CHMP5
GO_Biological_Process_2023,poly(A)+ mRNA Export From Nucleus (GO:0016973),3/21,0.3381113762569096,0.6946038697267884,0,0,1.5391905737704918,1.6690673546738644,DDX19B;HHEX;NXF3
GO_Biological_Process_2023,Porphyrin-Containing Compound Biosynthetic Process (GO:0006779),3/21,0.3381113762569096,0.6946038697267884,0,0,1.5391905737704918,1.6690673546738644,ALAD;ALAS2;TSPO
GO_Biological_Process_2023,Positive Regulation Of Interferon-Alpha Production (GO:0032727),3/21,0.3381113762569096,0.6946038697267884,0,0,1.5391905737704918,1.6690673546738644,TLR8;TLR7;TLR4
GO_Biological_Process_2023,Regulation Of Cardiac Conduction (GO:1903779),3/21,0.3381113762569096,0.6946038697267884,0,0,1.5391905737704918,1.6690673546738644,SLC8A3;GJA5;ANK2
GO_Biological_Process_2023,Phosphate-Containing Compound Metabolic Process (GO:0006796),20/184,0.3425440734206263,0.7033594408871187,0,0,1.1269301065103674,1.2073421457034772,SLC22A3;PLA2G1B;EPHX2;LRRK2;LIMK2;PLA2G4C;PLA2G2A;PLA2G3;PLA2G5;PTPRD;DUSP22;HK3;PPM1A;PTPRB;INPP5A;PTPRC;ALPL;TNFAIP8L3;LCP1;FBP1
GO_Biological_Process_2023,Interferon-Mediated Signaling Pathway (GO:0140888),6/49,0.3450326493819922,0.7081163342323996,0,0,1.2888183564618707,1.3714525313272086,HCK;IFNA14;IFNGR1;IRF1;JAK1;IFNA10
GO_Biological_Process_2023,B Cell Differentiation (GO:0030183),8/68,0.3458396871111396,0.709419158969514,0,0,1.231638418079096,1.3077289697690588,ITGB1;LYL1;HHEX;KLF6;IFNA14;PTPRC;KIT;IFNA10
GO_Biological_Process_2023,Positive Regulation Of I-kappaB kinase/NF-kappaB Signaling (GO:0043123),19/175,0.3499158908717932,0.7174233720761157,0,0,1.125407263191354,1.1817479251103804,CD74;TFRC;CCL21;TNFRSF19;ATP2C1;TNF;PPM1A;GJA1;VAPA;CLEC7A;CASP1;HMOX1;S100A12;ROR1;S100A4;PRKD1;MAP3K7;TRIM22;HLA-DRB1
GO_Biological_Process_2023,Proteolysis Involved In Protein Catabolic Process (GO:0051603),9/78,0.3521900829152168,0.7211685665134572,0,0,1.2048795746011889,1.2573933361808851,UBB;CTSL;GZMA;TNFAIP3;CTSH;GZMB;CTSW;CTSS;CTSC
GO_Biological_Process_2023,Positive Regulation Of Cell Cycle G1/S Phase Transition (GO:1902808),5/40,0.3524429046835614,0.7211685665134572,0,0,1.3194139194139194,1.3759727640455746,CCND2;ADAMTS1;HYAL1;UBE2E2;AIF1
GO_Biological_Process_2023,Regulation Of Glycolytic Process (GO:0006110),5/40,0.3524429046835614,0.7211685665134572,0,0,1.3194139194139194,1.3759727640455746,PGAM1;IGF1;NUPR1;SLC2A6;FBP1
GO_Biological_Process_2023,Regulation Of Microtubule Cytoskeleton Organization (GO:0070507),5/40,0.3524429046835614,0.7211685665134572,0,0,1.3194139194139194,1.3759727640455746,FAM107A;MAP6;TPPP;PHLDB2;CLASP2
GO_Biological_Process_2023,Neuron Projection Morphogenesis (GO:0048812),16/146,0.3534545981257588,0.7224635543262191,0,0,1.1371444440036498,1.1826304914738055,NTNG1;GPM6A;NRN1;BDNF;SPAG6;SDC2;LRRK2;WNT7A;IMPACT;UBB;FLRT3;EPB41L3;MAP6;SHANK3;ZNF365;GAS7
GO_Biological_Process_2023,Negative Regulation Of Transcription By RNA Polymerase II (GO:0000122),78/763,0.3535139973907822,0.7224635543262191,0,0,1.0531481747936022,1.095097381257489,RB1;SPI1;THRA;CITED2;WWC2;TCF21;LDB2;NR3C1;TNF;ETS2;ZFP36;HHEX;DACH1;EDNRB;HEY1;SOX18;HEY2;MYOZ1;ZNF366;KLF10;EDN1;MITF;THAP1;DUSP22;PPM1A;IMPACT;MAF;CRY1;IRF8;PPARG;FLYWCH1;ZFPM2;FBP1;ATF3;PPID;CEBPA;NOTCH1;MAX;NOTCH4;GATA5;GATA2;ZNF25;SDCBP;NFIL3;DNAJB4;ZBED2;NDN;RPL17;JAZF1;SNCA;IRX2;IL33;CBX7;JUN;WFS1;ZBTB16;CNBP;CAV1;PDE2A;KLF4;MEIS2;KLF2;TBX3;BMP6;TBX2;SMAD7;NR4A2;DAB2;BMP2;MAFB;ID2;BCL6B;ID1;ID4;SNAI2;FOSB;ID3;MAGED2
GO_Biological_Process_2023,Negative Regulation Of Protein-Containing Complex Assembly (GO:0031333),7/59,0.3541750308735691,0.7224635543262191,0,0,1.2433955931132523,1.2905999262593086,PTGER4;PPM1A;THRA;SMAD6;CLU;CRYAB;JAM3
GO_Biological_Process_2023,Positive Regulation Of Protein Binding (GO:0032092),7/59,0.3541750308735691,0.7224635543262191,0,0,1.2433955931132523,1.2905999262593086,CLDN5;CSF3;BMP2;BDNF;WNT3A;LRRK2;CAV1
GO_Biological_Process_2023,Negative Chemotaxis (GO:0050919),4/31,0.3596937869710064,0.7224635543262191,0,0,1.368187254399453,1.3989744793286871,SEMA6A;SEMA3B;SEMA3G;SLIT2
GO_Biological_Process_2023,Positive Regulation Of Rho Protein Signal Transduction (GO:0035025),4/31,0.3596937869710064,0.7224635543262191,0,0,1.368187254399453,1.3989744793286871,SYNPO2L;GPR65;APOA1;GPR4
GO_Biological_Process_2023,Positive Regulation Of Glucose Transmembrane Transport (GO:0010828),4/31,0.3596937869710064,0.7224635543262191,0,0,1.368187254399453,1.3989744793286871,C3;ITLN1;IGF1;SORBS1
GO_Biological_Process_2023,Positive Regulation Of Leukocyte Migration (GO:0002687),4/31,0.3596937869710064,0.7224635543262191,0,0,1.368187254399453,1.3989744793286871,IL6;AIF1;TNF;JAM3
GO_Biological_Process_2023,Presynaptic Endocytosis (GO:0140238),4/31,0.3596937869710064,0.7224635543262191,0,0,1.368187254399453,1.3989744793286871,NLGN4X;CANX;STON1;SNCA
GO_Biological_Process_2023,Regulation Of Gluconeogenesis (GO:0006111),4/31,0.3596937869710064,0.7224635543262191,0,0,1.368187254399453,1.3989744793286871,CRY1;PPARGC1A;FBP1;CLK2
GO_Biological_Process_2023,Response To Estradiol (GO:0032355),4/31,0.3596937869710064,0.7224635543262191,0,0,1.368187254399453,1.3989744793286871,SOCS2;SFRP1;RAMP3;SSTR1
GO_Biological_Process_2023,Phospholipid Metabolic Process (GO:0006644),8/69,0.3610829066963852,0.7224635543262191,0,0,1.2113802655619827,1.233969707503691,PLA2G1B;PLA2G4C;PLA2G2A;ENPP2;PLA2G3;TNFAIP8L3;LCP1;PLA2G5
GO_Biological_Process_2023,Regulation Of Endopeptidase Activity (GO:0052548),8/69,0.3610829066963852,0.7224635543262191,0,0,1.2113802655619827,1.233969707503691,SERPINA3;SERPINA1;SPOCK2;TIMP3;SERPING1;SERPINB9;PSMB8;PSMB9
GO_Biological_Process_2023,Regulation Of Gene Expression (GO:0010468),114/1127,0.3612137889147767,0.7224635543262191,0,0,1.0411355260483888,1.0601729836563991,RB1;ZNF331;SPI1;TFRC;WWC2;NR3C1;ETS1;CLU;FGF2;TNF;ACTG2;ACTG1;CDH5;GJA1;EFEMP1;SOX17;LAMP3;SLC39A8;SOX7;TRIM22;SH3GL2;HOXA5;SLC11A1;ANK2;MITF;THAP1;CLDN5;OLFM1;SFRP1;TYROBP;MYADM;NOTCH1;PDGFB;GATA5;PLA2G3;GATA2;CLEC7A;ZNF423;PPARGC1A;PPARGC1B;CCR1;SRPK2;BTNL9;EGR1;MSR1;WNT3A;EPHX2;PDE2A;IGF1;BMP6;CLK2;BMP2;IL6;PTPRC;CDK6;MAFB;TMEM98;ID2;FGF18;SNAI2;FGFR4;ACVRL1;BTG1;BNC2;CITED2;OGG1;AFF3;AFF2;LYL1;ING3;HEY2;CTSH;CD36;CD34;IFNGR1;SFTPD;BTN3A3;UPK3B;IL1A;PLSCR1;NR5A2;IL1B;HCLS1;PPARG;GAS6;TLR4;ENG;RBMS3;CEBPA;RAMP2;RAMP3;AHNAK;AIF1;DLL1;PPM1F;SERTAD3;NFIL3;ATOH8;TCEAL1;CCL3;RPL17;KLRG1;NTRK2;CD74;IL33;GSN;ANGPT1;MCRS1;CNBP;KLF4;APLN;NFIA;BCL6B;CCDC3
GO_Biological_Process_2023,Negative Regulation Of Cell Projection Organization (GO:0031345),6/50,0.3630590263199673,0.7224635543262191,0,0,1.259457064228742,1.2760691152396415,EFNB2;PRNP;MAG;WNT3A;PTPRO;ZNF365
GO_Biological_Process_2023,Positive Regulation Of Developmental Growth (GO:0048639),6/50,0.3630590263199673,0.7224635543262191,0,0,1.259457064228742,1.2760691152396415,GHR;CDKL5;BDNF;NEDD4L;GHRL;DLL1
GO_Biological_Process_2023,Regulation Of Interleukin-12 Production (GO:0032655),6/50,0.3630590263199673,0.7224635543262191,0,0,1.259457064228742,1.2760691152396415,CLEC7A;LAPTM5;TLR8;IL16;CD47;TLR4
GO_Biological_Process_2023,Cellular Response To Interferon-Beta (GO:0035458),3/22,0.3659094161078956,0.7224635543262191,0,0,1.458099654874892,1.4659288818744975,PYHIN1;IRF1;MNDA
GO_Biological_Process_2023,Cellular Response To Topologically Incorrect Protein (GO:0035967),3/22,0.3659094161078956,0.7224635543262191,0,0,1.458099654874892,1.4659288818744975,PACRG;HSPB8;DNAJB12
GO_Biological_Process_2023,Natural Killer Cell Activation Involved In Immune Response (GO:0002323),3/22,0.3659094161078956,0.7224635543262191,0,0,1.458099654874892,1.4659288818744975,IFNA14;NKG7;IFNA10
GO_Biological_Process_2023,Negative Regulation Of Axonogenesis (GO:0050771),3/22,0.3659094161078956,0.7224635543262191,0,0,1.458099654874892,1.4659288818744975,MAG;SEMA3G;RTN4
GO_Biological_Process_2023,Negative Regulation Of Cell Communication (GO:0010648),3/22,0.3659094161078956,0.7224635543262191,0,0,1.458099654874892,1.4659288818744975,HHIP;IL1B;OSM
GO_Biological_Process_2023,Negative Regulation Of Macroautophagy (GO:0016242),3/22,0.3659094161078956,0.7224635543262191,0,0,1.458099654874892,1.4659288818744975,LRRK2;FEZ1;NUPR1
GO_Biological_Process_2023,Placenta Development (GO:0001890),3/22,0.3659094161078956,0.7224635543262191,0,0,1.458099654874892,1.4659288818744975,PDGFB;ANG;PPARG
GO_Biological_Process_2023,Positive Regulation Of Excitatory Postsynaptic Potential (GO:2000463),3/22,0.3659094161078956,0.7224635543262191,0,0,1.458099654874892,1.4659288818744975,RELN;WNT7A;SHANK3
GO_Biological_Process_2023,Positive Regulation Of Phosphatase Activity (GO:0010922),3/22,0.3659094161078956,0.7224635543262191,0,0,1.458099654874892,1.4659288818744975,PPP1R15A;BMP2;PLEK
GO_Biological_Process_2023,Positive Regulation Of Protein Autophosphorylation (GO:0031954),3/22,0.3659094161078956,0.7224635543262191,0,0,1.458099654874892,1.4659288818744975,RASSF2;GPNMB;PDGFB
GO_Biological_Process_2023,"Positive Regulation Of Synaptic Transmission, Glutamatergic (GO:0051968)",3/22,0.3659094161078956,0.7224635543262191,0,0,1.458099654874892,1.4659288818744975,RELN;CCL2;SHANK3
GO_Biological_Process_2023,Positive Regulation Of Viral Life Cycle (GO:1903902),3/22,0.3659094161078956,0.7224635543262191,0,0,1.458099654874892,1.4659288818744975,CD74;CD209;HLA-DRB1
GO_Biological_Process_2023,Regulation Of Dopamine Secretion (GO:0014059),3/22,0.3659094161078956,0.7224635543262191,0,0,1.458099654874892,1.4659288818744975,SYT11;SYT15;SNCA
GO_Biological_Process_2023,Regulation Of Protein Export From Nucleus (GO:0046825),3/22,0.3659094161078956,0.7224635543262191,0,0,1.458099654874892,1.4659288818744975,FRAT1;IL1B;GAS6
GO_Biological_Process_2023,Regulation Of Vascular Endothelial Growth Factor Receptor Signaling Pathway (GO:0030947),3/22,0.3659094161078956,0.7224635543262191,0,0,1.458099654874892,1.4659288818744975,HHEX;IL1B;MMRN2
GO_Biological_Process_2023,Cellular Response To UV (GO:0034644),9/79,0.3664725085710211,0.7224635543262191,0,0,1.1876009396564382,1.192151554721216,MFAP4;PCNA;MME;HYAL1;HYAL2;ERCC1;PPID;AQP1;ATR
GO_Biological_Process_2023,Positive Regulation Of Protein Modification By Small Protein Conjugation Or Removal (GO:1903322),9/79,0.3664725085710211,0.7224635543262191,0,0,1.1876009396564382,1.192151554721216,UBB;ANGPT1;WFS1;LRRK2;CAV1;FAM107A;CRY1;LAPTM5;SMAD7
GO_Biological_Process_2023,ERBB2 Signaling Pathway (GO:0038128),2/13,0.3676342911485379,0.7224635543262191,0,0,1.6789089047153565,1.6800280804794536,PTPRR;MYOC
GO_Biological_Process_2023,GTP Metabolic Process (GO:0046039),2/13,0.3676342911485379,0.7224635543262191,0,0,1.6789089047153565,1.6800280804794536,LRRK2;GIMAP7
GO_Biological_Process_2023,T Cell Differentiation In Thymus (GO:0033077),2/13,0.3676342911485379,0.7224635543262191,0,0,1.6789089047153565,1.6800280804794536,PTPRC;ZFP36L2
GO_Biological_Process_2023,Acute-Phase Response (GO:0006953),2/13,0.3676342911485379,0.7224635543262191,0,0,1.6789089047153565,1.6800280804794536,IL6;PLSCR1
GO_Biological_Process_2023,Antigen Processing And Presentation Of Endogenous Peptide Antigen Via MHC Class I Via ER Pathway (GO:0002484),2/13,0.3676342911485379,0.7224635543262191,0,0,1.6789089047153565,1.6800280804794536,MICA;HLA-E
GO_Biological_Process_2023,"Antigen Processing And Presentation Of Endogenous Peptide Antigen Via MHC Class I Via ER Pathway, TAP-independent (GO:0002486)",2/13,0.3676342911485379,0.7224635543262191,0,0,1.6789089047153565,1.6800280804794536,MICA;HLA-E
GO_Biological_Process_2023,Antigen Processing And Presentation Of Endogenous Peptide Antigen Via MHC Class Ib (GO:0002476),2/13,0.3676342911485379,0.7224635543262191,0,0,1.6789089047153565,1.6800280804794536,MICA;HLA-E
GO_Biological_Process_2023,Antigen Processing And Presentation Of Peptide Antigen Via MHC Class Ib (GO:0002428),2/13,0.3676342911485379,0.7224635543262191,0,0,1.6789089047153565,1.6800280804794536,MICA;HLA-E
GO_Biological_Process_2023,Atrial Septum Development (GO:0003283),2/13,0.3676342911485379,0.7224635543262191,0,0,1.6789089047153565,1.6800280804794536,GJA5;HEY2
GO_Biological_Process_2023,Chondroitin Sulfate Biosynthetic Process (GO:0030206),2/13,0.3676342911485379,0.7224635543262191,0,0,1.6789089047153565,1.6800280804794536,CHST9;CHST7
GO_Biological_Process_2023,Extracellular Transport (GO:0006858),2/13,0.3676342911485379,0.7224635543262191,0,0,1.6789089047153565,1.6800280804794536,SPAG6;ROPN1L
GO_Biological_Process_2023,Heparan Sulfate Proteoglycan Metabolic Process (GO:0030201),2/13,0.3676342911485379,0.7224635543262191,0,0,1.6789089047153565,1.6800280804794536,NDST1;HS3ST2
GO_Biological_Process_2023,Killing By Host Of Symbiont Cells (GO:0051873),2/13,0.3676342911485379,0.7224635543262191,0,0,1.6789089047153565,1.6800280804794536,DEFA1;CAMP
GO_Biological_Process_2023,Microtubule-Based Transport (GO:0099111),2/13,0.3676342911485379,0.7224635543262191,0,0,1.6789089047153565,1.6800280804794536,SPAG6;ROPN1L
GO_Biological_Process_2023,Monoacylglycerol Metabolic Process (GO:0046462),2/13,0.3676342911485379,0.7224635543262191,0,0,1.6789089047153565,1.6800280804794536,ABHD6;MGLL
GO_Biological_Process_2023,Myeloid Dendritic Cell Activation (GO:0001773),2/13,0.3676342911485379,0.7224635543262191,0,0,1.6789089047153565,1.6800280804794536,DOCK2;TGFBR2
GO_Biological_Process_2023,Negative Regulation Of Cartilage Development (GO:0061037),2/13,0.3676342911485379,0.7224635543262191,0,0,1.6789089047153565,1.6800280804794536,EFEMP1;SNAI2
GO_Biological_Process_2023,Negative Regulation Of Endoplasmic Reticulum Unfolded Protein Response (GO:1900102),2/13,0.3676342911485379,0.7224635543262191,0,0,1.6789089047153565,1.6800280804794536,PPP1R15A;WFS1
GO_Biological_Process_2023,Negative Regulation Of Fibroblast Growth Factor Receptor Signaling Pathway (GO:0040037),2/13,0.3676342911485379,0.7224635543262191,0,0,1.6789089047153565,1.6800280804794536,SPRY1;FGF2
GO_Biological_Process_2023,Negative Regulation Of Lyase Activity (GO:0051350),2/13,0.3676342911485379,0.7224635543262191,0,0,1.6789089047153565,1.6800280804794536,EDNRB;PALM
GO_Biological_Process_2023,Positive Regulation Of T-helper 17 Type Immune Response (GO:2000318),2/13,0.3676342911485379,0.7224635543262191,0,0,1.6789089047153565,1.6800280804794536,CLEC7A;IL12RB1
GO_Biological_Process_2023,Positive Regulation Of Glycogen Biosynthetic Process (GO:0045725),2/13,0.3676342911485379,0.7224635543262191,0,0,1.6789089047153565,1.6800280804794536,IGF1;SORBS1
GO_Biological_Process_2023,Positive Regulation Of Insulin Secretion Involved In Cellular Response To Glucose Stimulus (GO:0035774),2/13,0.3676342911485379,0.7224635543262191,0,0,1.6789089047153565,1.6800280804794536,CFTR;HLA-DRB1
GO_Biological_Process_2023,Positive Regulation Of Keratinocyte Differentiation (GO:0045618),2/13,0.3676342911485379,0.7224635543262191,0,0,1.6789089047153565,1.6800280804794536,PRKCH;ZBED2
GO_Biological_Process_2023,Positive Regulation Of Potassium Ion Transmembrane Transporter Activity (GO:1901018),2/13,0.3676342911485379,0.7224635543262191,0,0,1.6789089047153565,1.6800280804794536,ANK2;ATP1B3
GO_Biological_Process_2023,Regulation Of T Cell Chemotaxis (GO:0010819),2/13,0.3676342911485379,0.7224635543262191,0,0,1.6789089047153565,1.6800280804794536,CCL21;CCL5
GO_Biological_Process_2023,Regulation Of Gastrulation (GO:0010470),2/13,0.3676342911485379,0.7224635543262191,0,0,1.6789089047153565,1.6800280804794536,PHLDB2;CLASP2
GO_Biological_Process_2023,Regulation Of Intrinsic Apoptotic Signaling Pathway In Response To DNA Damage By P53 Class Mediator (GO:1902165),2/13,0.3676342911485379,0.7224635543262191,0,0,1.6789089047153565,1.6800280804794536,CD74;CD44
GO_Biological_Process_2023,Regulation Of Lamellipodium Organization (GO:1902743),2/13,0.3676342911485379,0.7224635543262191,0,0,1.6789089047153565,1.6800280804794536,PDPN;CD44
GO_Biological_Process_2023,Regulation Of Myoblast Fusion (GO:1901739),2/13,0.3676342911485379,0.7224635543262191,0,0,1.6789089047153565,1.6800280804794536,CD53;SCGB3A1
GO_Biological_Process_2023,Regulation Of Oxidoreductase Activity (GO:0051341),2/13,0.3676342911485379,0.7224635543262191,0,0,1.6789089047153565,1.6800280804794536,GZMA;HP
GO_Biological_Process_2023,Response To UV-A (GO:0070141),2/13,0.3676342911485379,0.7224635543262191,0,0,1.6789089047153565,1.6800280804794536,MME;PPID
GO_Biological_Process_2023,Regulation Of Protein Binding (GO:0043393),13/118,0.3678716172395982,0.7224635543262191,0,0,1.1437398852434897,1.1437642101637395,CSF3;WNT3A;CAV1;LRRK2;PDGFB;IFIT2;CLDN5;BMP2;DAB2;SLPI;EFHB;NES;CRK
GO_Biological_Process_2023,Regulation Of Extrinsic Apoptotic Signaling Pathway (GO:2001236),7/60,0.37067619483781,0.7224635543262191,0,0,1.2198674983534152,1.21062869482986,HYAL2;CAV1;TNFSF12;G0S2;IGF1;TNF;TLR4
GO_Biological_Process_2023,Cellular Response To Peptide Hormone Stimulus (GO:0071375),10/89,0.3707782702064737,0.7224635543262191,0,0,1.169242784159318,1.160065455390402,NR4A2;SCNN1G;NR4A1;CPEB1;PLA2G1B;CAV1;PDE3B;PCSK9;PPARG;SORBS1
GO_Biological_Process_2023,Sensory Perception Of Mechanical Stimulus (GO:0050954),10/89,0.3707782702064737,0.7224635543262191,0,0,1.169242784159318,1.160065455390402,CLIC5;WDR1;WFS1;P2RX2;COL4A3;CDH23;SNAI2;ROR1;GRAP;CCDC50
GO_Biological_Process_2023,Negative Regulation Of Nucleic Acid-Templated Transcription (GO:1903507),47/456,0.3723543889178575,0.7224635543262191,0,0,1.0621754752861456,1.0493329451004474,RB1;CDKN1C;ZMYND15;CEBPA;SPI1;NOTCH1;THRA;CITED2;PDGFB;TWIST2;NR3C1;TNF;PPM1F;TCEAL7;HHEX;DACH1;LBH;HEY1;NFIL3;SOX18;HEY2;ATOH8;SAP18;CAPN3;ZNF423;SOX7;RUNX1T1;KLF10;JUN;ZHX3;ZBTB16;KLF4;TBX3;DKK3;TBX2;SFRP1;BMP2;ID2;IRF1;ID1;ID4;CRY1;ID3;PPARG;GAS6;ZFPM2;CRYAB
GO_Biological_Process_2023,Regulation Of Microtubule-Based Process (GO:0032886),5/41,0.3725649629513058,0.7224635543262191,0,0,1.2826923076923078,1.2664583732215668,FAM107A;MAP6;TPPP;PHLDB2;CLASP2
GO_Biological_Process_2023,Response To Amino Acid Starvation (GO:1990928),5/41,0.3725649629513058,0.7224635543262191,0,0,1.2826923076923078,1.2664583732215668,IMPACT;RRAGB;SESN1;MAPK1;PRKD1
GO_Biological_Process_2023,Synaptic Vesicle Exocytosis (GO:0016079),5/41,0.3725649629513058,0.7224635543262191,0,0,1.2826923076923078,1.2664583732215668,SYT11;SNAP23;STX2;STX11;SNCA
GO_Biological_Process_2023,Axonogenesis (GO:0007409),20/188,0.3794469962174052,0.7224635543262191,0,0,1.0998523440383905,1.0658013106572948,EPHB6;SEMA5A;NTNG1;ROBO4;SEMA6A;NOTCH1;BDNF;PTPRO;SEMA3B;SEMA3G;NEXN;WNT7A;C9ORF72;EFNB2;ENAH;NELL2;CXCL12;RELN;FEZ1;SLIT2
GO_Biological_Process_2023,Regulation Of Protein-Containing Complex Assembly (GO:0043254),13/119,0.3795775322730829,0.7224635543262191,0,0,1.1328867341585216,1.0974233031376082,RB1;GSN;TFRC;CLU;TNF;SELP;CDH5;HCK;CLEC7A;CDC42EP2;TPPP;CD36;CRYAB
GO_Biological_Process_2023,Amide Biosynthetic Process (GO:0043604),6/51,0.3811315864449526,0.7224635543262191,0,0,1.2314007183170856,1.1878221761753864,ASAH1;SPTLC1;VAPA;SPTLC3;ABCA8;OTC
GO_Biological_Process_2023,Regulation Of Synapse Assembly (GO:0051963),6/51,0.3811315864449526,0.7224635543262191,0,0,1.2314007183170856,1.1878221761753864,PTPRD;BDNF;WNT3A;WNT7A;GHRL;SNCA
GO_Biological_Process_2023,Gluconeogenesis (GO:0006094),4/32,0.3827447693963537,0.7224635543262191,0,0,1.319250201361939,1.2669906249128526,PGAM1;CRY1;PPARGC1A;FBP1
GO_Biological_Process_2023,Glycosphingolipid Metabolic Process (GO:0006687),4/32,0.3827447693963537,0.7224635543262191,0,0,1.319250201361939,1.2669906249128526,B3GALNT1;ST6GALNAC3;ST6GALNAC5;ST6GALNAC6
GO_Biological_Process_2023,Mesenchymal Cell Migration (GO:0090497),4/32,0.3827447693963537,0.7224635543262191,0,0,1.319250201361939,1.2669906249128526,SEMA5A;SEMA6A;SEMA3B;SEMA3G
GO_Biological_Process_2023,Positive Regulation Of Synapse Assembly (GO:0051965),4/32,0.3827447693963537,0.7224635543262191,0,0,1.319250201361939,1.2669906249128526,PTPRD;BDNF;WNT7A;GHRL
GO_Biological_Process_2023,Respiratory System Development (GO:0060541),4/32,0.3827447693963537,0.7224635543262191,0,0,1.319250201361939,1.2669906249128526,CEBPA;FOXF1;PDPN;TCF21
GO_Biological_Process_2023,Defense Response To Virus (GO:0051607),20/189,0.3887741743056268,0.7224635543262191,0,0,1.093283182728621,1.0328865383165244,FCN3;APOBEC3F;APOBEC3G;MLKL;PRF1;RNASE6;SAMHD1;TNF;RNASE1;IFIT3;IFIT2;OASL;IL6;PLSCR1;PTPRC;IRF1;CASP1;TLR8;TLR7;MICA
GO_Biological_Process_2023,Cellular Response To Amino Acid Starvation (GO:0034198),5/42,0.3926839151831945,0.7224635543262191,0,0,1.247955647955648,1.1665268885972775,IMPACT;RRAGB;SESN1;MAPK1;PRKD1
GO_Biological_Process_2023,Keratinocyte Differentiation (GO:0030216),5/42,0.3926839151831945,0.7224635543262191,0,0,1.247955647955648,1.1665268885972775,TGM1;SCEL;ASAH1;CLIC4;CSTA
GO_Biological_Process_2023,Lipid Modification (GO:0030258),5/42,0.3926839151831945,0.7224635543262191,0,0,1.247955647955648,1.1665268885972775,ALOX5;EPHX2;ALOX15;CYP3A5;CYP3A7
GO_Biological_Process_2023,Regulation Of Ubiquitin-Dependent Protein Catabolic Process (GO:2000058),5/42,0.3926839151831945,0.7224635543262191,0,0,1.247955647955648,1.1665268885972775,FOXF2;PYHIN1;LAPTM5;CLU;RPL17
GO_Biological_Process_2023,Actin Nucleation (GO:0045010),3/23,0.3934995761131559,0.7224635543262191,0,0,1.3851178278688523,1.291865169502466,ARPC1B;LMOD1;IQGAP2
GO_Biological_Process_2023,Negative Regulation Of Actin Filament Polymerization (GO:0030837),3/23,0.3934995761131559,0.7224635543262191,0,0,1.3851178278688523,1.291865169502466,GSN;MYADM;SLIT2
GO_Biological_Process_2023,Negative Regulation Of Oxidative Stress-Induced Cell Death (GO:1903202),3/23,0.3934995761131559,0.7224635543262191,0,0,1.3851178278688523,1.291865169502466,LRRK2;NME5;FBXO7
GO_Biological_Process_2023,Positive Regulation Of Morphogenesis Of An Epithelium (GO:1905332),3/23,0.3934995761131559,0.7224635543262191,0,0,1.3851178278688523,1.291865169502466,GJA1;MMRN2;FGF2
GO_Biological_Process_2023,Potassium Ion Homeostasis (GO:0055075),3/23,0.3934995761131559,0.7224635543262191,0,0,1.3851178278688523,1.291865169502466,ATP1A2;ATP1B3;KCNJ2
GO_Biological_Process_2023,Regulation Of Cell Junction Assembly (GO:1901888),3/23,0.3934995761131559,0.7224635543262191,0,0,1.3851178278688523,1.291865169502466,PRKCH;RAP1A;SNAI2
GO_Biological_Process_2023,Regulation Of Toll-Like Receptor 4 Signaling Pathway (GO:0034143),3/23,0.3934995761131559,0.7224635543262191,0,0,1.3851178278688523,1.291865169502466,TNFAIP3;CD14;LILRA2
GO_Biological_Process_2023,Translesion Synthesis (GO:0019985),3/23,0.3934995761131559,0.7224635543262191,0,0,1.3851178278688523,1.291865169502466,PCNA;REV3L;TNFSF13B
GO_Biological_Process_2023,Lymphocyte Differentiation (GO:0030098),10/91,0.3978819098359007,0.7224635543262191,0,0,1.1402456441016853,1.0508504160253351,ITGB1;LYL1;HHEX;KLF6;IFNA14;PTPRC;NFIL3;KIT;LEPR;IFNA10
GO_Biological_Process_2023,Fatty Acid Oxidation (GO:0019395),6/52,0.3992109609213228,0.7224635543262191,0,0,1.2045642135320231,1.1061094920513173,PHYH;ALOX15;ECHDC1;PPARGC1A;ADH5;ACAT1
GO_Biological_Process_2023,Regulation Of Cell Development (GO:0060284),6/52,0.3992109609213228,0.7224635543262191,0,0,1.2045642135320231,1.1061094920513173,CX3CR1;HEY1;ANXA2;IL1B;HEY2;DLL1
GO_Biological_Process_2023,B Cell Chemotaxis (GO:0035754),1/5,0.4021237388002107,0.7224635543262191,0,0,2.308213920163767,2.102772332190402,GAS6
GO_Biological_Process_2023,"CD4-positive, Alpha-Beta T Cell Activation (GO:0035710)",1/5,0.4021237388002107,0.7224635543262191,0,0,2.308213920163767,2.102772332190402,NKG7
GO_Biological_Process_2023,His-Purkinje System Development (GO:0003164),1/5,0.4021237388002107,0.7224635543262191,0,0,2.308213920163767,2.102772332190402,ID2
GO_Biological_Process_2023,L-phenylalanine Catabolic Process (GO:0006559),1/5,0.4021237388002107,0.7224635543262191,0,0,2.308213920163767,2.102772332190402,QDPR
GO_Biological_Process_2023,L-phenylalanine Metabolic Process (GO:0006558),1/5,0.4021237388002107,0.7224635543262191,0,0,2.308213920163767,2.102772332190402,QDPR
GO_Biological_Process_2023,R-loop Processing (GO:0062176),1/5,0.4021237388002107,0.7224635543262191,0,0,2.308213920163767,2.102772332190402,SRPK2
GO_Biological_Process_2023,T-helper 1 Cell Differentiation (GO:0045063),1/5,0.4021237388002107,0.7224635543262191,0,0,2.308213920163767,2.102772332190402,TMEM98
GO_Biological_Process_2023,Activation Of Transmembrane Receptor Protein Tyrosine Kinase Activity (GO:0007171),1/5,0.4021237388002107,0.7224635543262191,0,0,2.308213920163767,2.102772332190402,ANGPT1
GO_Biological_Process_2023,Adenylate Cyclase-Activating Dopamine Receptor Signaling Pathway (GO:0007191),1/5,0.4021237388002107,0.7224635543262191,0,0,2.308213920163767,2.102772332190402,GNG2
GO_Biological_Process_2023,"Anterior/Posterior Axis Specification, Embryo (GO:0008595)",1/5,0.4021237388002107,0.7224635543262191,0,0,2.308213920163767,2.102772332190402,TBX3
GO_Biological_Process_2023,Aromatic Compound Biosynthetic Process (GO:0019438),1/5,0.4021237388002107,0.7224635543262191,0,0,2.308213920163767,2.102772332190402,HDC
GO_Biological_Process_2023,Axonemal Central Apparatus Assembly (GO:1904158),1/5,0.4021237388002107,0.7224635543262191,0,0,2.308213920163767,2.102772332190402,HYDIN
GO_Biological_Process_2023,Basic Amino Acid Transport (GO:0015802),1/5,0.4021237388002107,0.7224635543262191,0,0,2.308213920163767,2.102772332190402,SLC7A7
GO_Biological_Process_2023,Blood Vessel Endothelial Cell Proliferation Involved In Sprouting Angiogenesis (GO:0002043),1/5,0.4021237388002107,0.7224635543262191,0,0,2.308213920163767,2.102772332190402,SEMA5A
GO_Biological_Process_2023,Cardiolipin Acyl-Chain Remodeling (GO:0035965),1/5,0.4021237388002107,0.7224635543262191,0,0,2.308213920163767,2.102772332190402,PLA2G5
GO_Biological_Process_2023,Cell-Cell Signaling Involved In Cardiac Conduction (GO:0086019),1/5,0.4021237388002107,0.7224635543262191,0,0,2.308213920163767,2.102772332190402,CASQ2
GO_Biological_Process_2023,Cellular Response To Magnesium Ion (GO:0071286),1/5,0.4021237388002107,0.7224635543262191,0,0,2.308213920163767,2.102772332190402,FBP1
GO_Biological_Process_2023,Chemokine (C-X-C Motif) Ligand 12 Signaling Pathway (GO:0038146),1/5,0.4021237388002107,0.7224635543262191,0,0,2.308213920163767,2.102772332190402,CXCR4
GO_Biological_Process_2023,Choline Metabolic Process (GO:0019695),1/5,0.4021237388002107,0.7224635543262191,0,0,2.308213920163767,2.102772332190402,BCHE
GO_Biological_Process_2023,Cilium Disassembly (GO:0061523),1/5,0.4021237388002107,0.7224635543262191,0,0,2.308213920163767,2.102772332190402,NEDD9
GO_Biological_Process_2023,Dendrite Extension (GO:0097484),1/5,0.4021237388002107,0.7224635543262191,0,0,2.308213920163767,2.102772332190402,SH3GL2
GO_Biological_Process_2023,Dermatan Sulfate Metabolic Process (GO:0030205),1/5,0.4021237388002107,0.7224635543262191,0,0,2.308213920163767,2.102772332190402,UST
GO_Biological_Process_2023,Detection Of Molecule Of Bacterial Origin (GO:0032490),1/5,0.4021237388002107,0.7224635543262191,0,0,2.308213920163767,2.102772332190402,TLR4
GO_Biological_Process_2023,Enamel Mineralization (GO:0070166),1/5,0.4021237388002107,0.7224635543262191,0,0,2.308213920163767,2.102772332190402,SLC24A4
GO_Biological_Process_2023,Epithelial Tube Branching Involved In Lung Morphogenesis (GO:0060441),1/5,0.4021237388002107,0.7224635543262191,0,0,2.308213920163767,2.102772332190402,CTSH
GO_Biological_Process_2023,Epithelial Tube Formation (GO:0072175),1/5,0.4021237388002107,0.7224635543262191,0,0,2.308213920163767,2.102772332190402,PODXL
GO_Biological_Process_2023,Erythrose 4-Phosphate/Phosphoenolpyruvate Family Amino Acid Catabolic Process (GO:1902222),1/5,0.4021237388002107,0.7224635543262191,0,0,2.308213920163767,2.102772332190402,QDPR
GO_Biological_Process_2023,Establishment Of Lymphocyte Polarity (GO:0001767),1/5,0.4021237388002107,0.7224635543262191,0,0,2.308213920163767,2.102772332190402,CCL21
GO_Biological_Process_2023,"Establishment Of Mitochondrion Localization, Microtubule-Mediated (GO:0034643)",1/5,0.4021237388002107,0.7224635543262191,0,0,2.308213920163767,2.102772332190402,UBB
GO_Biological_Process_2023,fatty-acyl-CoA Catabolic Process (GO:0036115),1/5,0.4021237388002107,0.7224635543262191,0,0,2.308213920163767,2.102772332190402,ACOT7
GO_Biological_Process_2023,Gamma-Aminobutyric Acid Metabolic Process (GO:0009448),1/5,0.4021237388002107,0.7224635543262191,0,0,2.308213920163767,2.102772332190402,ALDH1A1
GO_Biological_Process_2023,Glutamate Catabolic Process (GO:0006538),1/5,0.4021237388002107,0.7224635543262191,0,0,2.308213920163767,2.102772332190402,GLUL
GO_Biological_Process_2023,Glycolipid Transport (GO:0046836),1/5,0.4021237388002107,0.7224635543262191,0,0,2.308213920163767,2.102772332190402,PLTP
GO_Biological_Process_2023,Guanine Nucleotide Transmembrane Transport (GO:1903790),1/5,0.4021237388002107,0.7224635543262191,0,0,2.308213920163767,2.102772332190402,LRRC8C
GO_Biological_Process_2023,Hexose Import Across Plasma Membrane (GO:0140271),1/5,0.4021237388002107,0.7224635543262191,0,0,2.308213920163767,2.102772332190402,SLC2A3
GO_Biological_Process_2023,Histamine Metabolic Process (GO:0001692),1/5,0.4021237388002107,0.7224635543262191,0,0,2.308213920163767,2.102772332190402,SLC22A3
GO_Biological_Process_2023,Imitative Learning (GO:0098596),1/5,0.4021237388002107,0.7224635543262191,0,0,2.308213920163767,2.102772332190402,SHANK3
GO_Biological_Process_2023,Induction Of Bacterial Agglutination (GO:0043152),1/5,0.4021237388002107,0.7224635543262191,0,0,2.308213920163767,2.102772332190402,SFTPD
GO_Biological_Process_2023,interleukin-17A-mediated Signaling Pathway (GO:0038173),1/5,0.4021237388002107,0.7224635543262191,0,0,2.308213920163767,2.102772332190402,MAP3K7
GO_Biological_Process_2023,Interleukin-27-Mediated Signaling Pathway (GO:0070106),1/5,0.4021237388002107,0.7224635543262191,0,0,2.308213920163767,2.102772332190402,OASL
GO_Biological_Process_2023,Interleukin-4-Mediated Signaling Pathway (GO:0035771),1/5,0.4021237388002107,0.7224635543262191,0,0,2.308213920163767,2.102772332190402,JAK1
GO_Biological_Process_2023,Intracellular Water Homeostasis (GO:0009992),1/5,0.4021237388002107,0.7224635543262191,0,0,2.308213920163767,2.102772332190402,AQP4
GO_Biological_Process_2023,Isoleucine Metabolic Process (GO:0006549),1/5,0.4021237388002107,0.7224635543262191,0,0,2.308213920163767,2.102772332190402,ACAT1
GO_Biological_Process_2023,Ketone Body Biosynthetic Process (GO:0046951),1/5,0.4021237388002107,0.7224635543262191,0,0,2.308213920163767,2.102772332190402,HMGCS2
GO_Biological_Process_2023,Leukocyte Chemotaxis Involved In Inflammatory Response (GO:0002232),1/5,0.4021237388002107,0.7224635543262191,0,0,2.308213920163767,2.102772332190402,FFAR2
GO_Biological_Process_2023,Lipoprotein Metabolic Process (GO:0042157),1/5,0.4021237388002107,0.7224635543262191,0,0,2.308213920163767,2.102772332190402,OLR1
GO_Biological_Process_2023,mRNA 5'-Splice Site Recognition (GO:0000395),1/5,0.4021237388002107,0.7224635543262191,0,0,2.308213920163767,2.102772332190402,PSIP1
GO_Biological_Process_2023,Medium-Chain Fatty Acid Biosynthetic Process (GO:0051792),1/5,0.4021237388002107,0.7224635543262191,0,0,2.308213920163767,2.102772332190402,ACOT7
GO_Biological_Process_2023,Mesenchymal Cell Differentiation Involved In Kidney Development (GO:0072161),1/5,0.4021237388002107,0.7224635543262191,0,0,2.308213920163767,2.102772332190402,TCF21
GO_Biological_Process_2023,Mesodermal Cell Fate Commitment (GO:0001710),1/5,0.4021237388002107,0.7224635543262191,0,0,2.308213920163767,2.102772332190402,KLF4
GO_Biological_Process_2023,Mitochondrial Protein Catabolic Process (GO:0035694),1/5,0.4021237388002107,0.7224635543262191,0,0,2.308213920163767,2.102772332190402,SPATA18
GO_Biological_Process_2023,Natural Killer Cell Degranulation (GO:0043320),1/5,0.4021237388002107,0.7224635543262191,0,0,2.308213920163767,2.102772332190402,NKG7
GO_Biological_Process_2023,Negative Regulation Of Arp2/3 Complex-Mediated Actin Nucleation (GO:0034316),1/5,0.4021237388002107,0.7224635543262191,0,0,2.308213920163767,2.102772332190402,GMFG
GO_Biological_Process_2023,Negative Regulation Of PERK-mediated Unfolded Protein Response (GO:1903898),1/5,0.4021237388002107,0.7224635543262191,0,0,2.308213920163767,2.102772332190402,PPP1R15A
GO_Biological_Process_2023,Negative Regulation Of Actin Filament Depolymerization (GO:0030835),1/5,0.4021237388002107,0.7224635543262191,0,0,2.308213920163767,2.102772332190402,PLEKHH2
GO_Biological_Process_2023,Negative Regulation Of Amino Acid Transport (GO:0051956),1/5,0.4021237388002107,0.7224635543262191,0,0,2.308213920163767,2.102772332190402,SLC43A2
GO_Biological_Process_2023,Negative Regulation Of Amyloid Precursor Protein Biosynthetic Process (GO:0042985),1/5,0.4021237388002107,0.7224635543262191,0,0,2.308213920163767,2.102772332190402,ITM2A
GO_Biological_Process_2023,Negative Regulation Of Astrocyte Differentiation (GO:0048712),1/5,0.4021237388002107,0.7224635543262191,0,0,2.308213920163767,2.102772332190402,LDLR
GO_Biological_Process_2023,Negative Regulation Of Cardiac Muscle Cell Apoptotic Process (GO:0010667),1/5,0.4021237388002107,0.7224635543262191,0,0,2.308213920163767,2.102772332190402,NUPR1
GO_Biological_Process_2023,Negative Regulation Of Chemokine-Mediated Signaling Pathway (GO:0070100),1/5,0.4021237388002107,0.7224635543262191,0,0,2.308213920163767,2.102772332190402,SLIT2
GO_Biological_Process_2023,Negative Regulation Of Glial Cell Proliferation (GO:0060253),1/5,0.4021237388002107,0.7224635543262191,0,0,2.308213920163767,2.102772332190402,NOTCH1
GO_Biological_Process_2023,Negative Regulation Of Glucocorticoid Receptor Signaling Pathway (GO:2000323),1/5,0.4021237388002107,0.7224635543262191,0,0,2.308213920163767,2.102772332190402,CRY1
GO_Biological_Process_2023,Negative Regulation Of Insulin-Like Growth Factor Receptor Signaling Pathway (GO:0043569),1/5,0.4021237388002107,0.7224635543262191,0,0,2.308213920163767,2.102772332190402,BMP5
GO_Biological_Process_2023,Negative Regulation Of Lamellipodium Organization (GO:1902744),1/5,0.4021237388002107,0.7224635543262191,0,0,2.308213920163767,2.102772332190402,SLIT2
GO_Biological_Process_2023,Negative Regulation Of Lens Fiber Cell Differentiation (GO:1902747),1/5,0.4021237388002107,0.7224635543262191,0,0,2.308213920163767,2.102772332190402,SPRY1
GO_Biological_Process_2023,Negative Regulation Of Lipoprotein Lipase Activity (GO:0051005),1/5,0.4021237388002107,0.7224635543262191,0,0,2.308213920163767,2.102772332190402,APOC1
GO_Biological_Process_2023,Negative Regulation Of Mast Cell Activation (GO:0033004),1/5,0.4021237388002107,0.7224635543262191,0,0,2.308213920163767,2.102772332190402,CD300LF
GO_Biological_Process_2023,Negative Regulation Of Meiotic Cell Cycle (GO:0051447),1/5,0.4021237388002107,0.7224635543262191,0,0,2.308213920163767,2.102772332190402,DUSP1
GO_Biological_Process_2023,Negative Regulation Of Protein Localization To Chromatin (GO:0120186),1/5,0.4021237388002107,0.7224635543262191,0,0,2.308213920163767,2.102772332190402,SPI1
GO_Biological_Process_2023,Negative Regulation Of Sequestering Of Triglyceride (GO:0010891),1/5,0.4021237388002107,0.7224635543262191,0,0,2.308213920163767,2.102772332190402,PPARG
GO_Biological_Process_2023,Negative Regulation Of Toll-Like Receptor 2 Signaling Pathway (GO:0034136),1/5,0.4021237388002107,0.7224635543262191,0,0,2.308213920163767,2.102772332190402,TNFAIP3
GO_Biological_Process_2023,Negative Regulation Of Trophoblast Cell Migration (GO:1901164),1/5,0.4021237388002107,0.7224635543262191,0,0,2.308213920163767,2.102772332190402,GJA1
GO_Biological_Process_2023,Negative Regulation Of Vitamin Metabolic Process (GO:0046137),1/5,0.4021237388002107,0.7224635543262191,0,0,2.308213920163767,2.102772332190402,SNAI2
GO_Biological_Process_2023,Neuroblast Proliferation (GO:0007405),1/5,0.4021237388002107,0.7224635543262191,0,0,2.308213920163767,2.102772332190402,EML1
GO_Biological_Process_2023,Neurotransmitter-Gated Ion Channel Clustering (GO:0072578),1/5,0.4021237388002107,0.7224635543262191,0,0,2.308213920163767,2.102772332190402,SHANK3
GO_Biological_Process_2023,Neutrophil Extravasation (GO:0072672),1/5,0.4021237388002107,0.7224635543262191,0,0,2.308213920163767,2.102772332190402,PECAM1
GO_Biological_Process_2023,Osmosensory Signaling Pathway (GO:0007231),1/5,0.4021237388002107,0.7224635543262191,0,0,2.308213920163767,2.102772332190402,NLRP3
GO_Biological_Process_2023,"Pentose-Phosphate Shunt, Non-Oxidative Branch (GO:0009052)",1/5,0.4021237388002107,0.7224635543262191,0,0,2.308213920163767,2.102772332190402,PHACTR1
GO_Biological_Process_2023,Photoreceptor Cell Differentiation (GO:0046530),1/5,0.4021237388002107,0.7224635543262191,0,0,2.308213920163767,2.102772332190402,ARL3
GO_Biological_Process_2023,Plasma Membrane Raft Assembly (GO:0044854),1/5,0.4021237388002107,0.7224635543262191,0,0,2.308213920163767,2.102772332190402,CAV2
GO_Biological_Process_2023,Plasma Membrane Raft Organization (GO:0044857),1/5,0.4021237388002107,0.7224635543262191,0,0,2.308213920163767,2.102772332190402,COLEC12
GO_Biological_Process_2023,Polyamine Transport (GO:0015846),1/5,0.4021237388002107,0.7224635543262191,0,0,2.308213920163767,2.102772332190402,SLC22A3
GO_Biological_Process_2023,Positive Regulation Of T-helper 2 Cell Differentiation (GO:0045630),1/5,0.4021237388002107,0.7224635543262191,0,0,2.308213920163767,2.102772332190402,NLRP3
GO_Biological_Process_2023,Positive Regulation Of Animal Organ Morphogenesis (GO:0110110),1/5,0.4021237388002107,0.7224635543262191,0,0,2.308213920163767,2.102772332190402,CD34
GO_Biological_Process_2023,Positive Regulation Of Cell-Cell Adhesion Mediated By Integrin (GO:0033634),1/5,0.4021237388002107,0.7224635543262191,0,0,2.308213920163767,2.102772332190402,PODXL
GO_Biological_Process_2023,Positive Regulation Of Fever Generation (GO:0031622),1/5,0.4021237388002107,0.7224635543262191,0,0,2.308213920163767,2.102772332190402,TNF
GO_Biological_Process_2023,Positive Regulation Of Gap Junction Assembly (GO:1903598),1/5,0.4021237388002107,0.7224635543262191,0,0,2.308213920163767,2.102772332190402,CAV1
GO_Biological_Process_2023,Positive Regulation Of Granulocyte Differentiation (GO:0030854),1/5,0.4021237388002107,0.7224635543262191,0,0,2.308213920163767,2.102772332190402,HCLS1
GO_Biological_Process_2023,Positive Regulation Of Growth Hormone Secretion (GO:0060124),1/5,0.4021237388002107,0.7224635543262191,0,0,2.308213920163767,2.102772332190402,GHRL
GO_Biological_Process_2023,Positive Regulation Of Hemoglobin Biosynthetic Process (GO:0046985),1/5,0.4021237388002107,0.7224635543262191,0,0,2.308213920163767,2.102772332190402,KLF4
GO_Biological_Process_2023,Positive Regulation Of Killing Of Cells Of Another Organism (GO:0051712),1/5,0.4021237388002107,0.7224635543262191,0,0,2.308213920163767,2.102772332190402,PRF1
GO_Biological_Process_2023,Positive Regulation Of Mitochondrial Membrane Potential (GO:0010918),1/5,0.4021237388002107,0.7224635543262191,0,0,2.308213920163767,2.102772332190402,BAD
GO_Biological_Process_2023,Positive Regulation Of Protein Catabolic Process In The Vacuole (GO:1904352),1/5,0.4021237388002107,0.7224635543262191,0,0,2.308213920163767,2.102772332190402,LDLR
GO_Biological_Process_2023,Positive Regulation Of Pyruvate Dehydrogenase Activity (GO:1904184),1/5,0.4021237388002107,0.7224635543262191,0,0,2.308213920163767,2.102772332190402,PPM1M
GO_Biological_Process_2023,Positive Regulation Of Receptor Binding (GO:1900122),1/5,0.4021237388002107,0.7224635543262191,0,0,2.308213920163767,2.102772332190402,BDNF
GO_Biological_Process_2023,Positive Regulation Of Sterol Transport (GO:0032373),1/5,0.4021237388002107,0.7224635543262191,0,0,2.308213920163767,2.102772332190402,CETP
GO_Biological_Process_2023,Positive Regulation Of Tau-Protein Kinase Activity (GO:1902949),1/5,0.4021237388002107,0.7224635543262191,0,0,2.308213920163767,2.102772332190402,EGR1
GO_Biological_Process_2023,Positive Regulation Of Translation In Response To Stress (GO:0032056),1/5,0.4021237388002107,0.7224635543262191,0,0,2.308213920163767,2.102772332190402,IMPACT
GO_Biological_Process_2023,Positive Regulation Of Urine Volume (GO:0035810),1/5,0.4021237388002107,0.7224635543262191,0,0,2.308213920163767,2.102772332190402,HYAL2
GO_Biological_Process_2023,Postsynaptic Density Assembly (GO:0097107),1/5,0.4021237388002107,0.7224635543262191,0,0,2.308213920163767,2.102772332190402,SHANK3
GO_Biological_Process_2023,Presynaptic Active Zone Organization (GO:1990709),1/5,0.4021237388002107,0.7224635543262191,0,0,2.308213920163767,2.102772332190402,CAST
GO_Biological_Process_2023,Protein Geranylgeranylation (GO:0018344),1/5,0.4021237388002107,0.7224635543262191,0,0,2.308213920163767,2.102772332190402,FNTA
GO_Biological_Process_2023,Pteridine-Containing Compound Metabolic Process (GO:0042558),1/5,0.4021237388002107,0.7224635543262191,0,0,2.308213920163767,2.102772332190402,QDPR
GO_Biological_Process_2023,Purine Deoxyribonucleotide Catabolic Process (GO:0009155),1/5,0.4021237388002107,0.7224635543262191,0,0,2.308213920163767,2.102772332190402,SAMHD1
GO_Biological_Process_2023,"Regulation Of DNA Damage Response, Signal Transduction By P53 Class Mediator Resulting In Transcription Of P21 Class Mediator (GO:1902162)",1/5,0.4021237388002107,0.7224635543262191,0,0,2.308213920163767,2.102772332190402,PYHIN1
GO_Biological_Process_2023,Regulation Of T-helper 17 Cell Lineage Commitment (GO:2000328),1/5,0.4021237388002107,0.7224635543262191,0,0,2.308213920163767,2.102772332190402,IL12RB1
GO_Biological_Process_2023,Regulation Of Apoptotic DNA Fragmentation (GO:1902510),1/5,0.4021237388002107,0.7224635543262191,0,0,2.308213920163767,2.102772332190402,IL6
GO_Biological_Process_2023,Regulation Of Basement Membrane Organization (GO:0110011),1/5,0.4021237388002107,0.7224635543262191,0,0,2.308213920163767,2.102772332190402,LAMA2
GO_Biological_Process_2023,Regulation Of cGMP-mediated Signaling (GO:0010752),1/5,0.4021237388002107,0.7224635543262191,0,0,2.308213920163767,2.102772332190402,PDE2A
GO_Biological_Process_2023,Regulation Of Circadian Sleep/Wake Cycle (GO:0042749),1/5,0.4021237388002107,0.7224635543262191,0,0,2.308213920163767,2.102772332190402,PTGDS
GO_Biological_Process_2023,"Regulation Of Circadian Sleep/Wake Cycle, Sleep (GO:0045187)",1/5,0.4021237388002107,0.7224635543262191,0,0,2.308213920163767,2.102772332190402,PTGDS
GO_Biological_Process_2023,Regulation Of Enamel Mineralization (GO:0070173),1/5,0.4021237388002107,0.7224635543262191,0,0,2.308213920163767,2.102772332190402,CFTR
GO_Biological_Process_2023,Regulation Of Endothelial Cell-Matrix Adhesion Via Fibronectin (GO:1904904),1/5,0.4021237388002107,0.7224635543262191,0,0,2.308213920163767,2.102772332190402,RRAS
GO_Biological_Process_2023,Regulation Of Excitatory Synapse Assembly (GO:1904889),1/5,0.4021237388002107,0.7224635543262191,0,0,2.308213920163767,2.102772332190402,WNT7A
GO_Biological_Process_2023,Regulation Of Extracellular Exosome Assembly (GO:1903551),1/5,0.4021237388002107,0.7224635543262191,0,0,2.308213920163767,2.102772332190402,SDCBP
GO_Biological_Process_2023,Regulation Of Glucagon Secretion (GO:0070092),1/5,0.4021237388002107,0.7224635543262191,0,0,2.308213920163767,2.102772332190402,IL6
GO_Biological_Process_2023,Regulation Of Growth Hormone Receptor Signaling Pathway (GO:0060398),1/5,0.4021237388002107,0.7224635543262191,0,0,2.308213920163767,2.102772332190402,GHRL
GO_Biological_Process_2023,Regulation Of Histone Deacetylase Activity (GO:1901725),1/5,0.4021237388002107,0.7224635543262191,0,0,2.308213920163767,2.102772332190402,PRKD1
GO_Biological_Process_2023,Regulation Of Hormone Biosynthetic Process (GO:0046885),1/5,0.4021237388002107,0.7224635543262191,0,0,2.308213920163767,2.102772332190402,EGR1
GO_Biological_Process_2023,Regulation Of Hyaluronan Biosynthetic Process (GO:1900125),1/5,0.4021237388002107,0.7224635543262191,0,0,2.308213920163767,2.102772332190402,PDGFB
GO_Biological_Process_2023,Regulation Of Hydrogen Peroxide Metabolic Process (GO:0010310),1/5,0.4021237388002107,0.7224635543262191,0,0,2.308213920163767,2.102772332190402,RAC2
GO_Biological_Process_2023,Regulation Of Keratinocyte Apoptotic Process (GO:1902172),1/5,0.4021237388002107,0.7224635543262191,0,0,2.308213920163767,2.102772332190402,ZFP36
GO_Biological_Process_2023,Regulation Of Mast Cell Chemotaxis (GO:0060753),1/5,0.4021237388002107,0.7224635543262191,0,0,2.308213920163767,2.102772332190402,VEGFC
GO_Biological_Process_2023,Regulation Of Mitotic Spindle Checkpoint (GO:1903504),1/5,0.4021237388002107,0.7224635543262191,0,0,2.308213920163767,2.102772332190402,DUSP1
GO_Biological_Process_2023,Regulation Of Monoatomic Anion Transport (GO:0044070),1/5,0.4021237388002107,0.7224635543262191,0,0,2.308213920163767,2.102772332190402,CA2
GO_Biological_Process_2023,Regulation Of Pentose-Phosphate Shunt (GO:0043456),1/5,0.4021237388002107,0.7224635543262191,0,0,2.308213920163767,2.102772332190402,PGAM1
GO_Biological_Process_2023,Regulation Of Plasma Membrane Repair (GO:1905684),1/5,0.4021237388002107,0.7224635543262191,0,0,2.308213920163767,2.102772332190402,ANXA2
GO_Biological_Process_2023,Regulation Of pro-B Cell Differentiation (GO:2000973),1/5,0.4021237388002107,0.7224635543262191,0,0,2.308213920163767,2.102772332190402,NOTCH1
GO_Biological_Process_2023,Regulation Of Protein Autoubiquitination (GO:1902498),1/5,0.4021237388002107,0.7224635543262191,0,0,2.308213920163767,2.102772332190402,SASH1
GO_Biological_Process_2023,Regulation Of Renal Sodium Excretion (GO:0035813),1/5,0.4021237388002107,0.7224635543262191,0,0,2.308213920163767,2.102772332190402,AGTR1
GO_Biological_Process_2023,Regulation Of Resting Membrane Potential (GO:0060075),1/5,0.4021237388002107,0.7224635543262191,0,0,2.308213920163767,2.102772332190402,KCNJ2
GO_Biological_Process_2023,"Regulation Of Retrograde Transport, Endosome To Golgi (GO:1905279)",1/5,0.4021237388002107,0.7224635543262191,0,0,2.308213920163767,2.102772332190402,LRRK2
GO_Biological_Process_2023,Regulation Of Ribonuclease Activity (GO:0060700),1/5,0.4021237388002107,0.7224635543262191,0,0,2.308213920163767,2.102772332190402,OASL
GO_Biological_Process_2023,Regulation Of Sarcomere Organization (GO:0060297),1/5,0.4021237388002107,0.7224635543262191,0,0,2.308213920163767,2.102772332190402,EDN1
GO_Biological_Process_2023,Regulation Of Serine-Type Endopeptidase Activity (GO:1900003),1/5,0.4021237388002107,0.7224635543262191,0,0,2.308213920163767,2.102772332190402,ANXA8L1
GO_Biological_Process_2023,Regulation Of Thymocyte Apoptotic Process (GO:0070243),1/5,0.4021237388002107,0.7224635543262191,0,0,2.308213920163767,2.102772332190402,PTCRA
GO_Biological_Process_2023,Regulation Of Voltage-Gated Sodium Channel Activity (GO:1905150),1/5,0.4021237388002107,0.7224635543262191,0,0,2.308213920163767,2.102772332190402,GRP
GO_Biological_Process_2023,Renal System Process Involved In Regulation Of Blood Volume (GO:0001977),1/5,0.4021237388002107,0.7224635543262191,0,0,2.308213920163767,2.102772332190402,PTPRO
GO_Biological_Process_2023,Reproductive System Development (GO:0061458),1/5,0.4021237388002107,0.7224635543262191,0,0,2.308213920163767,2.102772332190402,TBX3
GO_Biological_Process_2023,Response To Catecholamine (GO:0071869),1/5,0.4021237388002107,0.7224635543262191,0,0,2.308213920163767,2.102772332190402,GNG2
GO_Biological_Process_2023,Response To Gonadotropin (GO:0034698),1/5,0.4021237388002107,0.7224635543262191,0,0,2.308213920163767,2.102772332190402,TGFBR3
GO_Biological_Process_2023,Response To Manganese Ion (GO:0010042),1/5,0.4021237388002107,0.7224635543262191,0,0,2.308213920163767,2.102772332190402,LRRK2
GO_Biological_Process_2023,Response To Peptidoglycan (GO:0032494),1/5,0.4021237388002107,0.7224635543262191,0,0,2.308213920163767,2.102772332190402,IL6
GO_Biological_Process_2023,Sphingomyelin Biosynthetic Process (GO:0006686),1/5,0.4021237388002107,0.7224635543262191,0,0,2.308213920163767,2.102772332190402,VAPA
GO_Biological_Process_2023,Striated Muscle Hypertrophy (GO:0014897),1/5,0.4021237388002107,0.7224635543262191,0,0,2.308213920163767,2.102772332190402,MYOC
GO_Biological_Process_2023,Telencephalon Cell Migration (GO:0022029),1/5,0.4021237388002107,0.7224635543262191,0,0,2.308213920163767,2.102772332190402,LRRK2
GO_Biological_Process_2023,Thiamine Transmembrane Transport (GO:0071934),1/5,0.4021237388002107,0.7224635543262191,0,0,2.308213920163767,2.102772332190402,SLC19A3
GO_Biological_Process_2023,Thiamine-Containing Compound Metabolic Process (GO:0042723),1/5,0.4021237388002107,0.7224635543262191,0,0,2.308213920163767,2.102772332190402,SLC19A3
GO_Biological_Process_2023,Toll-Like Receptor 9 Signaling Pathway (GO:0034162),1/5,0.4021237388002107,0.7224635543262191,0,0,2.308213920163767,2.102772332190402,PIK3AP1
GO_Biological_Process_2023,Transmembrane Receptor Protein Tyrosine Phosphatase Signaling Pathway (GO:0007185),1/5,0.4021237388002107,0.7224635543262191,0,0,2.308213920163767,2.102772332190402,PTPRD
GO_Biological_Process_2023,Tripartite Regional Subdivision (GO:0007351),1/5,0.4021237388002107,0.7224635543262191,0,0,2.308213920163767,2.102772332190402,TBX3
GO_Biological_Process_2023,Type B Pancreatic Cell Proliferation (GO:0044342),1/5,0.4021237388002107,0.7224635543262191,0,0,2.308213920163767,2.102772332190402,BAD
GO_Biological_Process_2023,Urea Cycle (GO:0000050),1/5,0.4021237388002107,0.7224635543262191,0,0,2.308213920163767,2.102772332190402,OTC
GO_Biological_Process_2023,Ventricular Cardiac Muscle Cell Development (GO:0055015),1/5,0.4021237388002107,0.7224635543262191,0,0,2.308213920163767,2.102772332190402,HEY2
GO_Biological_Process_2023,Ventricular Compact Myocardium Morphogenesis (GO:0003223),1/5,0.4021237388002107,0.7224635543262191,0,0,2.308213920163767,2.102772332190402,TGFBR3
GO_Biological_Process_2023,Vocal Learning (GO:0042297),1/5,0.4021237388002107,0.7224635543262191,0,0,2.308213920163767,2.102772332190402,SHANK3
GO_Biological_Process_2023,Xenobiotic Transport Across Blood-Brain Barrier (GO:1990962),1/5,0.4021237388002107,0.7224635543262191,0,0,2.308213920163767,2.102772332190402,ABCG2
GO_Biological_Process_2023,Negative Regulation Of Kinase Activity (GO:0033673),7/62,0.4037752752549198,0.7224635543262191,0,0,1.1753780100802689,1.0659465621901465,CDKN1C;RB1;PTPRC;CAMK2N1;GNAQ;PPM1F;SNCA
GO_Biological_Process_2023,2-Oxoglutarate Metabolic Process (GO:0006103),2/14,0.4037973015495008,0.7224635543262191,0,0,1.5389144905273937,1.3955526880222096,PHYH;ADHFE1
GO_Biological_Process_2023,T Cell Proliferation (GO:0042098),2/14,0.4037973015495008,0.7224635543262191,0,0,1.5389144905273937,1.3955526880222096,DOCK8;SLC11A1
GO_Biological_Process_2023,Cardiac Cell Development (GO:0055006),2/14,0.4037973015495008,0.7224635543262191,0,0,1.5389144905273937,1.3955526880222096,NOTCH1;MYH11
GO_Biological_Process_2023,Copper Ion Homeostasis (GO:0055070),2/14,0.4037973015495008,0.7224635543262191,0,0,1.5389144905273937,1.3955526880222096,PRNP;MT2A
GO_Biological_Process_2023,Embryonic Cranial Skeleton Morphogenesis (GO:0048701),2/14,0.4037973015495008,0.7224635543262191,0,0,1.5389144905273937,1.3955526880222096,PDGFRA;TGFBR2
GO_Biological_Process_2023,Genitalia Development (GO:0048806),2/14,0.4037973015495008,0.7224635543262191,0,0,1.5389144905273937,1.3955526880222096,FOXF2;TBX3
GO_Biological_Process_2023,Mammary Gland Epithelium Development (GO:0061180),2/14,0.4037973015495008,0.7224635543262191,0,0,1.5389144905273937,1.3955526880222096,ID2;WNT2
GO_Biological_Process_2023,Medium-Chain Fatty Acid Metabolic Process (GO:0051791),2/14,0.4037973015495008,0.7224635543262191,0,0,1.5389144905273937,1.3955526880222096,ACOT7;CES1
GO_Biological_Process_2023,Myotube Cell Development (GO:0014904),2/14,0.4037973015495008,0.7224635543262191,0,0,1.5389144905273937,1.3955526880222096,CAV2;IGF1
GO_Biological_Process_2023,Negative Regulation Of Androgen Receptor Signaling Pathway (GO:0060766),2/14,0.4037973015495008,0.7224635543262191,0,0,1.5389144905273937,1.3955526880222096,SFRP1;TCF21
GO_Biological_Process_2023,Negative Regulation Of Chondrocyte Differentiation (GO:0032331),2/14,0.4037973015495008,0.7224635543262191,0,0,1.5389144905273937,1.3955526880222096,EFEMP1;SNAI2
GO_Biological_Process_2023,Negative Regulation Of Fatty Acid Biosynthetic Process (GO:0045717),2/14,0.4037973015495008,0.7224635543262191,0,0,1.5389144905273937,1.3955526880222096,ACADVL;APOC1
GO_Biological_Process_2023,Negative Regulation Of Single Stranded Viral RNA Replication Via Double Stranded DNA Intermediate (GO:0045869),2/14,0.4037973015495008,0.7224635543262191,0,0,1.5389144905273937,1.3955526880222096,APOBEC3F;APOBEC3G
GO_Biological_Process_2023,Negative Regulation Of Transcription Regulatory Region DNA Binding (GO:2000678),2/14,0.4037973015495008,0.7224635543262191,0,0,1.5389144905273937,1.3955526880222096,HEY1;HEY2
GO_Biological_Process_2023,Neuron Cell-Cell Adhesion (GO:0007158),2/14,0.4037973015495008,0.7224635543262191,0,0,1.5389144905273937,1.3955526880222096,NLGN4X;NINJ2
GO_Biological_Process_2023,Odontogenesis Of Dentin-Containing Tooth (GO:0042475),2/14,0.4037973015495008,0.7224635543262191,0,0,1.5389144905273937,1.3955526880222096,BMP2;MSX1
GO_Biological_Process_2023,Phagolysosome Assembly (GO:0001845),2/14,0.4037973015495008,0.7224635543262191,0,0,1.5389144905273937,1.3955526880222096,SRPX;PLA2G5
GO_Biological_Process_2023,Positive Regulation Of Glycogen Metabolic Process (GO:0070875),2/14,0.4037973015495008,0.7224635543262191,0,0,1.5389144905273937,1.3955526880222096,IGF1;SORBS1
GO_Biological_Process_2023,"Positive Regulation Of Nuclear-Transcribed mRNA Catabolic Process, Deadenylation-Dependent Decay (GO:1900153)",2/14,0.4037973015495008,0.7224635543262191,0,0,1.5389144905273937,1.3955526880222096,ZFP36;ZFP36L2
GO_Biological_Process_2023,Positive Regulation Of Protein-Containing Complex Disassembly (GO:0043243),2/14,0.4037973015495008,0.7224635543262191,0,0,1.5389144905273937,1.3955526880222096,SLN;TNF
GO_Biological_Process_2023,Positive Regulation Of Response To Cytokine Stimulus (GO:0060760),2/14,0.4037973015495008,0.7224635543262191,0,0,1.5389144905273937,1.3955526880222096,CD74;GAS6
GO_Biological_Process_2023,Regulation Of Bone Remodeling (GO:0046850),2/14,0.4037973015495008,0.7224635543262191,0,0,1.5389144905273937,1.3955526880222096,SFRP1;LEPR
GO_Biological_Process_2023,Regulation Of Carbohydrate Catabolic Process (GO:0043470),2/14,0.4037973015495008,0.7224635543262191,0,0,1.5389144905273937,1.3955526880222096,PGAM1;SLC2A6
GO_Biological_Process_2023,Regulation Of Hemopoiesis (GO:1903706),2/14,0.4037973015495008,0.7224635543262191,0,0,1.5389144905273937,1.3955526880222096,MAFB;IL17D
GO_Biological_Process_2023,Regulation Of Macrophage Differentiation (GO:0045649),2/14,0.4037973015495008,0.7224635543262191,0,0,1.5389144905273937,1.3955526880222096,ID2;C1QC
GO_Biological_Process_2023,Regulation Of Mast Cell Degranulation (GO:0043304),2/14,0.4037973015495008,0.7224635543262191,0,0,1.5389144905273937,1.3955526880222096,FGR;GAB2
GO_Biological_Process_2023,Regulation Of Neuron Projection Arborization (GO:0150011),2/14,0.4037973015495008,0.7224635543262191,0,0,1.5389144905273937,1.3955526880222096,NTNG1;FZD4
GO_Biological_Process_2023,Regulation Of Non-Canonical Wnt Signaling Pathway (GO:2000050),2/14,0.4037973015495008,0.7224635543262191,0,0,1.5389144905273937,1.3955526880222096,SFRP1;GPC3
GO_Biological_Process_2023,Regulation Of Nuclear-Transcribed mRNA poly(A) Tail Shortening (GO:0060211),2/14,0.4037973015495008,0.7224635543262191,0,0,1.5389144905273937,1.3955526880222096,BTG2;ZFP36
GO_Biological_Process_2023,Regulation Of Transposition (GO:0010528),2/14,0.4037973015495008,0.7224635543262191,0,0,1.5389144905273937,1.3955526880222096,APOBEC3F;APOBEC3G
GO_Biological_Process_2023,Telomere Capping (GO:0016233),2/14,0.4037973015495008,0.7224635543262191,0,0,1.5389144905273937,1.3955526880222096,TINF2;STON1
GO_Biological_Process_2023,Actin Filament Bundle Assembly (GO:0051017),4/33,0.4056951204555826,0.7224635543262191,0,0,1.2736881174994257,1.1490619846226342,FAM107A;NEDD9;LCP1;AIF1
GO_Biological_Process_2023,Actin Filament Bundle Organization (GO:0061572),4/33,0.4056951204555826,0.7224635543262191,0,0,1.2736881174994257,1.1490619846226342,FAM107A;NEDD9;LCP1;AIF1
GO_Biological_Process_2023,Lung Development (GO:0030324),4/33,0.4056951204555826,0.7224635543262191,0,0,1.2736881174994257,1.1490619846226342,CEBPA;FOXF1;PDPN;TCF21
GO_Biological_Process_2023,Negative Regulation Of Epithelial Cell Migration (GO:0010633),4/33,0.4056951204555826,0.7224635543262191,0,0,1.2736881174994257,1.1490619846226342,PTPRR;PTPRM;SLIT2;DCN
GO_Biological_Process_2023,Negative Regulation Of Small Molecule Metabolic Process (GO:0062014),4/33,0.4056951204555826,0.7224635543262191,0,0,1.2736881174994257,1.1490619846226342,CRY1;NUPR1;FBP1;CLK2
GO_Biological_Process_2023,Positive Regulation Of DNA Binding (GO:0043388),4/33,0.4056951204555826,0.7224635543262191,0,0,1.2736881174994257,1.1490619846226342,RB1;PYHIN1;PPARG;IGF1
GO_Biological_Process_2023,Positive Regulation Of Interleukin-12 Production (GO:0032735),4/33,0.4056951204555826,0.7224635543262191,0,0,1.2736881174994257,1.1490619846226342,CLEC7A;LAPTM5;IL16;TLR4
GO_Biological_Process_2023,Positive Regulation Of Protein Dephosphorylation (GO:0035307),4/33,0.4056951204555826,0.7224635543262191,0,0,1.2736881174994257,1.1490619846226342,PPP1R15A;PPP1R16B;CDH5;LILRB2
GO_Biological_Process_2023,Positive Regulation Of Release Of Sequestered Calcium Ion Into Cytosol (GO:0051281),4/33,0.4056951204555826,0.7224635543262191,0,0,1.2736881174994257,1.1490619846226342,JPH2;GSTO1;CAPN3;SNCA
GO_Biological_Process_2023,Positive Regulation Of Small Molecule Metabolic Process (GO:0062013),4/33,0.4056951204555826,0.7224635543262191,0,0,1.2736881174994257,1.1490619846226342,PRKCE;APOA1;IGF1;CES1
GO_Biological_Process_2023,Regulation Of Activated T Cell Proliferation (GO:0046006),4/33,0.4056951204555826,0.7224635543262191,0,0,1.2736881174994257,1.1490619846226342,PRNP;IGF1;CLC;IL12RB1
GO_Biological_Process_2023,Regulation Of Cell Adhesion Mediated By Integrin (GO:0033628),4/33,0.4056951204555826,0.7224635543262191,0,0,1.2736881174994257,1.1490619846226342,CCL21;PDE3B;SNAI2;JAM3
GO_Biological_Process_2023,Positive Regulation Of Protein Localization To Nucleus (GO:1900182),8/72,0.4070977811119281,0.7246481246326845,0,0,1.1544042116076014,1.0374652282817454,TFRC;HYAL2;LIMK2;MCRS1;PYHIN1;TCP1;HCLS1;JAK1
GO_Biological_Process_2023,Positive Regulation Of Protein Catabolic Process (GO:0045732),10/92,0.4114692713756885,0.7317970331590938,0,0,1.126277509561728,1.0001580085943338,IL1B;TNFSF12;GPC3;PCSK9;TNFAIP3;C4BPA;NUPR1;TNFRSF1B;TNF;TNFSF13B
GO_Biological_Process_2023,Steroid Metabolic Process (GO:0008202),10/92,0.4114692713756885,0.7317970331590938,0,0,1.126277509561728,1.0001580085943338,CYP27A1;CYP39A1;HSD11B1;CYP26B1;CYP1A2;TSPO;AKR1C2;HSD17B6;CYP3A5;CYP3A7
GO_Biological_Process_2023,Positive Regulation Of Biomineral Tissue Development (GO:0070169),5/43,0.4127480075443082,0.7331099599143327,0,0,1.215047233468286,1.0752171962556094,KL;BMP2;ALOX5;GPM6B;BMP6
GO_Biological_Process_2023,Skeletal System Morphogenesis (GO:0048705),5/43,0.4127480075443082,0.7331099599143327,0,0,1.215047233468286,1.0752171962556094,PDGFRA;CYP26B1;HHIP;TBX4;HOXA4
GO_Biological_Process_2023,Regulation Of Apoptotic Process (GO:0042981),71/705,0.4128625631405677,0.7331099599143327,0,0,1.034932220190614,0.915542975677874,ITGB1;TNFAIP8;TFRC;CITED2;ZFAND6;APIP;PCSK9;CLU;TNF;IFIT3;AQP1;IFIT2;ING3;RASSF2;SPTLC1;CCND2;ANKRD1;PROK2;EMILIN2;CTSH;CAPN3;IFT57;HOXA5;TSC22D1;DAPK2;SERPINB9;OLFM1;HCK;SFRP1;CAT;GAS1;NUPR1;GAS6;CRYAB;RNF122;CD44;PPID;BEX1;RTN4;SOCS2;C3ORF38;PKHD1;SOCS3;GRK5;UBB;PDPN;SAP18;SLIT2;MCL1;TXNDC5;SNCA;EGR1;CD74;JUN;EGR3;ANGPT1;GADD45B;WFS1;BAD;GZMA;IGF1;SMAD6;TBX3;DAB2;BMP2;IL6;IL2RB;MNDA;GHRL;TEK;EVI2B
GO_Biological_Process_2023,Protein Catabolic Process (GO:0030163),11/102,0.4129194238895974,0.7331099599143327,0,0,1.1163908108352554,0.9874508032094568,CTSL;GZMA;CAPN3;PCSK9;CTSH;GZMB;CTSW;DENND3;SPATA18;CTSS;CTSC
GO_Biological_Process_2023,Plasma Membrane Bounded Cell Projection Organization (GO:0120036),14/132,0.4155555141737693,0.7374722804316054,0,0,1.095791964652154,0.9622577318128712,RB1;GPM6A;BTG2;MYOC;CCL21;PLEK;RASGRF1;PTPRM;FRY;AGER;IL6;VAPA;FLRT3;SH3GL2
GO_Biological_Process_2023,Acylglycerol Catabolic Process (GO:0046464),3/24,0.420764718053131,0.7435134593139626,0,0,1.319086651053864,1.1419088658713967,ABHD6;LCP1;MGLL
GO_Biological_Process_2023,Acylglycerol Homeostasis (GO:0055090),3/24,0.420764718053131,0.7435134593139626,0,0,1.319086651053864,1.1419088658713967,CETP;APOA1;LCP1
GO_Biological_Process_2023,Gliogenesis (GO:0042063),3/24,0.420764718053131,0.7435134593139626,0,0,1.319086651053864,1.1419088658713967,CDK6;RELN;CD9
GO_Biological_Process_2023,Natural Killer Cell Mediated Cytotoxicity (GO:0042267),3/24,0.420764718053131,0.7435134593139626,0,0,1.319086651053864,1.1419088658713967,GZMB;NKG7;MICA
GO_Biological_Process_2023,Positive Regulation Of Interleukin-17 Production (GO:0032740),3/24,0.420764718053131,0.7435134593139626,0,0,1.319086651053864,1.1419088658713967,IL6;IL15;OSM
GO_Biological_Process_2023,Positive Regulation Of Lipid Metabolic Process (GO:0045834),3/24,0.420764718053131,0.7435134593139626,0,0,1.319086651053864,1.1419088658713967,IL1B;HSD17B13;SORBS1
GO_Biological_Process_2023,Regulation Of Supramolecular Fiber Organization (GO:1902903),3/24,0.420764718053131,0.7435134593139626,0,0,1.319086651053864,1.1419088658713967,CSF3;EFEMP2;C9ORF72
GO_Biological_Process_2023,Regulation Of Viral Life Cycle (GO:1903900),3/24,0.420764718053131,0.7435134593139626,0,0,1.319086651053864,1.1419088658713967,CD209;LAMP3;TRIM22
GO_Biological_Process_2023,Response To Purine-Containing Compound (GO:0014074),3/24,0.420764718053131,0.7435134593139626,0,0,1.319086651053864,1.1419088658713967,DUOX1;TLR7;CLU
GO_Biological_Process_2023,Stress Granule Assembly (GO:0034063),3/24,0.420764718053131,0.7435134593139626,0,0,1.319086651053864,1.1419088658713967,CIRBP;C9ORF72;RPS23
GO_Biological_Process_2023,Regulation Of Rho Protein Signal Transduction (GO:0035023),8/73,0.4224511537406805,0.7461733714656359,0,0,1.1365809331911028,0.9793707080509264,MYOC;SYNPO2L;GPR65;HEG1;STARD8;APOA1;GPR4;RASIP1
GO_Biological_Process_2023,Positive Regulation Of Proteasomal Ubiquitin-Dependent Protein Catabolic Process (GO:0032436),9/83,0.4239720583568744,0.7485387519811255,0,0,1.1231563012138552,0.9637666364774472,CEBPA;COP1;DAB2;LRRK2;CAV1;AXIN2;CLU;NKD2;SMAD7
GO_Biological_Process_2023,Regulation Of Cell Differentiation (GO:0045595),20/193,0.4263243993195886,0.7521725925483108,0,0,1.067765978103389,0.9103289263636806,SS18;PTPRR;PLEKHB2;BDNF;NOTCH4;KLF4;TNF;DLL1;SMAD7;RELN;CDK6;HEY1;ID2;ALOX5;SPOCK2;HEY2;ST7;SNAI2;PHLDB2;CLASP2
GO_Biological_Process_2023,Modulation Of Chemical Synaptic Transmission (GO:0050804),13/123,0.4267037704481446,0.7521725925483108,0,0,1.091447430015916,0.9295478511074184,ITGB1;CX3CR1;PXK;CDKL5;NLGN4X;LRRK2;ATP1A2;SNCAIP;TNF;AGER;SLC8A3;RELN;IL1B
GO_Biological_Process_2023,Regulation Of Cell Motility (GO:2000145),13/123,0.4267037704481446,0.7521725925483108,0,0,1.091447430015916,0.9295478511074184,ROBO4;CCL21;ARHGAP18;NEXN;FBLN1;LDB2;FGF2;DUOX1;CDK6;SPOCK2;FGF18;ENPP2;CRK
GO_Biological_Process_2023,Neuron Differentiation (GO:0030182),18/173,0.426760706187279,0.7521725925483108,0,0,1.0725598281346278,0.913318833124194,FZD1;IRX2;NTRK2;RTN1;WNT2B;NLGN4X;FZD4;WNT3A;PCSK9;WNT7A;ACSL4;RTN4;NR4A2;PTPRD;NGRN;ID2;LHX6;WNT2
GO_Biological_Process_2023,Apoptotic Mitochondrial Changes (GO:0008637),4/34,0.428473748985216,0.7534280057811494,0,0,1.231163505894413,1.0434428419112527,BAD;CLU;IFIT2;MCL1
GO_Biological_Process_2023,Establishment Of Mitotic Spindle Localization (GO:0040001),4/34,0.428473748985216,0.7534280057811494,0,0,1.231163505894413,1.0434428419112527,ITGB1;PKHD1;GJA1;CLASP2
GO_Biological_Process_2023,Glial Cell Differentiation (GO:0010001),4/34,0.428473748985216,0.7534280057811494,0,0,1.231163505894413,1.0434428419112527,SLC8A3;EGR2;RELN;TPPP
GO_Biological_Process_2023,Positive Regulation Of Carbohydrate Metabolic Process (GO:0045913),4/34,0.428473748985216,0.7534280057811494,0,0,1.231163505894413,1.0434428419112527,PRKCE;PDGFB;IGF1;SNCA
GO_Biological_Process_2023,Positive Regulation Of Organelle Organization (GO:0010638),4/34,0.428473748985216,0.7534280057811494,0,0,1.231163505894413,1.0434428419112527,ANXA2;PLA2G5;PPARGC1A;SORBS3
GO_Biological_Process_2023,Extracellular Matrix Disassembly (GO:0022617),5/44,0.4327084183127086,0.7534280057811494,0,0,1.183826429980276,0.991680955056325,GSN;CTSG;LCP1;TPSAB1;CTSS
GO_Biological_Process_2023,Neural Crest Cell Development (GO:0014032),5/44,0.4327084183127086,0.7534280057811494,0,0,1.183826429980276,0.991680955056325,SEMA5A;SEMA6A;SEMA3B;SEMA3G;SNAI2
GO_Biological_Process_2023,Regulation Of Transport (GO:0051049),5/44,0.4327084183127086,0.7534280057811494,0,0,1.183826429980276,0.991680955056325,PTPRN2;LRRK2;LEPR;ACTG1;SNCA
GO_Biological_Process_2023,Negative Regulation Of Protein Modification By Small Protein Conjugation Or Removal (GO:1903321),6/54,0.4352405493277416,0.7534280057811494,0,0,1.1542457670600308,0.9601667444004612,CAV1;CRY1;TNFAIP3;CAPN3;ARRB2;SMAD7
GO_Biological_Process_2023,Regulation Of Myoblast Differentiation (GO:0045661),6/54,0.4352405493277416,0.7534280057811494,0,0,1.1542457670600308,0.9601667444004612,RANBP3L;BTG1;NOTCH1;SOSTDC1;DLL1;TBX3
GO_Biological_Process_2023,Cellular Response To Virus (GO:0098586),7/64,0.4368073256650908,0.7534280057811494,0,0,1.134010591159624,0.939259108933742,IL6;IFNA14;IFNGR1;CCL5;NLRP3;JAK1;IFNA10
GO_Biological_Process_2023,3'-UTR-mediated mRNA Destabilization (GO:0061158),2/15,0.4389364597460022,0.7534280057811494,0,0,1.4204576785221947,1.169605726079766,ZFP36;ZFP36L2
GO_Biological_Process_2023,Adenylate Cyclase-Activating Adrenergic Receptor Signaling Pathway (GO:0071880),2/15,0.4389364597460022,0.7534280057811494,0,0,1.4204576785221947,1.169605726079766,ADRB2;ADRA1B
GO_Biological_Process_2023,Cardiac Myofibril Assembly (GO:0055003),2/15,0.4389364597460022,0.7534280057811494,0,0,1.4204576785221947,1.169605726079766,PDGFRA;NEBL
GO_Biological_Process_2023,Cellular Response To Estrogen Stimulus (GO:0071391),2/15,0.4389364597460022,0.7534280057811494,0,0,1.4204576785221947,1.169605726079766,SFRP1;SERPINB9
GO_Biological_Process_2023,Endosome To Lysosome Transport Via Multivesicular Body Sorting Pathway (GO:0032510),2/15,0.4389364597460022,0.7534280057811494,0,0,1.4204576785221947,1.169605726079766,CHMP6;CHMP5
GO_Biological_Process_2023,Midbody Abscission (GO:0061952),2/15,0.4389364597460022,0.7534280057811494,0,0,1.4204576785221947,1.169605726079766,CHMP6;CHMP5
GO_Biological_Process_2023,Negative Regulation Of Cation Transmembrane Transport (GO:1904063),2/15,0.4389364597460022,0.7534280057811494,0,0,1.4204576785221947,1.169605726079766,CAV1;NEDD4L
GO_Biological_Process_2023,Negative Regulation Of Gluconeogenesis (GO:0045721),2/15,0.4389364597460022,0.7534280057811494,0,0,1.4204576785221947,1.169605726079766,CRY1;CLK2
GO_Biological_Process_2023,Neurotrophin Signaling Pathway (GO:0038179),2/15,0.4389364597460022,0.7534280057811494,0,0,1.4204576785221947,1.169605726079766,RAP1A;BDNF
GO_Biological_Process_2023,Phagosome Maturation (GO:0090382),2/15,0.4389364597460022,0.7534280057811494,0,0,1.4204576785221947,1.169605726079766,RAB32;SRPX
GO_Biological_Process_2023,Platelet-Derived Growth Factor Receptor Signaling Pathway (GO:0048008),2/15,0.4389364597460022,0.7534280057811494,0,0,1.4204576785221947,1.169605726079766,PDGFRA;PDGFB
GO_Biological_Process_2023,Polyol Biosynthetic Process (GO:0046173),2/15,0.4389364597460022,0.7534280057811494,0,0,1.4204576785221947,1.169605726079766,CYP27A1;FGF2
GO_Biological_Process_2023,Positive Regulation Of Cyclin-Dependent Protein Serine/Threonine Kinase Activity (GO:0045737),2/15,0.4389364597460022,0.7534280057811494,0,0,1.4204576785221947,1.169605726079766,CCND2;PDGFB
GO_Biological_Process_2023,Positive Regulation Of Isotype Switching (GO:0045830),2/15,0.4389364597460022,0.7534280057811494,0,0,1.4204576785221947,1.169605726079766,TFRC;TNFSF13
GO_Biological_Process_2023,Positive Regulation Of Potassium Ion Transport (GO:0043268),2/15,0.4389364597460022,0.7534280057811494,0,0,1.4204576785221947,1.169605726079766,FHL1;ANK2
GO_Biological_Process_2023,Positive Regulation Of Transmembrane Transport (GO:0034764),2/15,0.4389364597460022,0.7534280057811494,0,0,1.4204576785221947,1.169605726079766,C3;CA2
GO_Biological_Process_2023,"Protein Localization To Chromosome, Telomeric Region (GO:0070198)",2/15,0.4389364597460022,0.7534280057811494,0,0,1.4204576785221947,1.169605726079766,TINF2;ATR
GO_Biological_Process_2023,Receptor Catabolic Process (GO:0032801),2/15,0.4389364597460022,0.7534280057811494,0,0,1.4204576785221947,1.169605726079766,SNX25;PCSK9
GO_Biological_Process_2023,Regulation Of Rac Protein Signal Transduction (GO:0035020),2/15,0.4389364597460022,0.7534280057811494,0,0,1.4204576785221947,1.169605726079766,RASGRF1;ARHGAP24
GO_Biological_Process_2023,Regulation Of Cellular Response To Heat (GO:1900034),2/15,0.4389364597460022,0.7534280057811494,0,0,1.4204576785221947,1.169605726079766,DNAJB6;ATR
GO_Biological_Process_2023,Regulation Of Clathrin-Dependent Endocytosis (GO:2000369),2/15,0.4389364597460022,0.7534280057811494,0,0,1.4204576785221947,1.169605726079766,CCL14;DAB2
GO_Biological_Process_2023,Regulation Of miRNA-mediated Gene Silencing (GO:0060964),2/15,0.4389364597460022,0.7534280057811494,0,0,1.4204576785221947,1.169605726079766,ZFP36;PPARG
GO_Biological_Process_2023,Regulation Of Multicellular Organism Growth (GO:0040014),2/15,0.4389364597460022,0.7534280057811494,0,0,1.4204576785221947,1.169605726079766,GHR;GHRL
GO_Biological_Process_2023,Sphingolipid Catabolic Process (GO:0030149),2/15,0.4389364597460022,0.7534280057811494,0,0,1.4204576785221947,1.169605726079766,ASAH1;ENPP2
GO_Biological_Process_2023,Vasodilation (GO:0042311),2/15,0.4389364597460022,0.7534280057811494,0,0,1.4204576785221947,1.169605726079766,ADRB2;KLF2
GO_Biological_Process_2023,Cellular Response To Steroid Hormone Stimulus (GO:0071383),3/25,0.4476020271542754,0.7534280057811494,0,0,1.259058308494784,1.0120949953073928,MAPK1;ATP1A2;NR3C1
GO_Biological_Process_2023,Negative Regulation Of Response To Endoplasmic Reticulum Stress (GO:1903573),3/25,0.4476020271542754,0.7534280057811494,0,0,1.259058308494784,1.0120949953073928,WFS1;LRRK2;CLU
GO_Biological_Process_2023,Phosphatidylethanolamine Metabolic Process (GO:0046337),3/25,0.4476020271542754,0.7534280057811494,0,0,1.259058308494784,1.0120949953073928,ALOX15;PLA2G2A;PLA2G3
GO_Biological_Process_2023,Positive Regulation Of Glucose Import (GO:0046326),3/25,0.4476020271542754,0.7534280057811494,0,0,1.259058308494784,1.0120949953073928,ITLN1;IGF1;SORBS1
GO_Biological_Process_2023,Positive Regulation Of Peptidase Activity (GO:0010952),3/25,0.4476020271542754,0.7534280057811494,0,0,1.259058308494784,1.0120949953073928,CTSL;CTSH;CTSS
GO_Biological_Process_2023,Purine Nucleoside Bisphosphate Metabolic Process (GO:0034032),3/25,0.4476020271542754,0.7534280057811494,0,0,1.259058308494784,1.0120949953073928,ACOT7;ACOT2;ACOT1
GO_Biological_Process_2023,Regulation Of Chondrocyte Differentiation (GO:0032330),3/25,0.4476020271542754,0.7534280057811494,0,0,1.259058308494784,1.0120949953073928,EFEMP1;ZBTB16;SNAI2
GO_Biological_Process_2023,Regulation Of Glycogen Biosynthetic Process (GO:0005979),3/25,0.4476020271542754,0.7534280057811494,0,0,1.259058308494784,1.0120949953073928,PPP1R3C;IGF1;SORBS1
GO_Biological_Process_2023,Regulation Of Synapse Organization (GO:0050807),3/25,0.4476020271542754,0.7534280057811494,0,0,1.259058308494784,1.0120949953073928,CDKL5;WNT3A;TNF
GO_Biological_Process_2023,Response To dsRNA (GO:0043331),3/25,0.4476020271542754,0.7534280057811494,0,0,1.259058308494784,1.0120949953073928,IFNA14;SLC3A2;IFNA10
GO_Biological_Process_2023,Ribonucleoside Bisphosphate Metabolic Process (GO:0033875),3/25,0.4476020271542754,0.7534280057811494,0,0,1.259058308494784,1.0120949953073928,ACOT7;ACOT2;ACOT1
GO_Biological_Process_2023,Secretory Granule Organization (GO:0033363),3/25,0.4476020271542754,0.7534280057811494,0,0,1.259058308494784,1.0120949953073928,SRGN;AP1S2;AP3S1
GO_Biological_Process_2023,Sodium Ion Homeostasis (GO:0055078),3/25,0.4476020271542754,0.7534280057811494,0,0,1.259058308494784,1.0120949953073928,SCNN1G;ATP1A2;ATP1B3
GO_Biological_Process_2023,Endoderm Formation (GO:0001706),4/35,0.4510155178127533,0.7534280057811494,0,0,1.1913824176187564,0.9486424585924538,SOX17;DUSP1;LAMA3;SOX7
GO_Biological_Process_2023,Hexose Biosynthetic Process (GO:0019319),4/35,0.4510155178127533,0.7534280057811494,0,0,1.1913824176187564,0.9486424585924538,PGAM1;CRY1;PPARGC1A;FBP1
GO_Biological_Process_2023,Neutral Amino Acid Transport (GO:0015804),4/35,0.4510155178127533,0.7534280057811494,0,0,1.1913824176187564,0.9486424585924538,SLC7A7;SLC43A2;SLC1A1;SLC3A2
GO_Biological_Process_2023,Positive Regulation Of Cell Development (GO:0010720),4/35,0.4510155178127533,0.7534280057811494,0,0,1.1913824176187564,0.9486424585924538,CX3CR1;MME;CLEC7A;BAD
GO_Biological_Process_2023,Regulation Of G2/M Transition Of Mitotic Cell Cycle (GO:0010389),4/35,0.4510155178127533,0.7534280057811494,0,0,1.1913824176187564,0.9486424585924538,CDK6;RRM2B;FHL1;TNFSF13B
GO_Biological_Process_2023,Regulation Of Cellular Senescence (GO:2000772),4/35,0.4510155178127533,0.7534280057811494,0,0,1.1913824176187564,0.9486424585924538,CDK6;VASH1;KIR2DL4;TBX2
GO_Biological_Process_2023,Response To Exogenous dsRNA (GO:0043330),4/35,0.4510155178127533,0.7534280057811494,0,0,1.1913824176187564,0.9486424585924538,COLEC12;IFNA14;SLC3A2;IFNA10
GO_Biological_Process_2023,Determination Of Left/Right Symmetry (GO:0007368),5/45,0.4525193958626747,0.7534280057811494,0,0,1.1541666666666666,0.915167203642978,NOTCH1;CITED2;MMP23A;DLL1;DNAI1
GO_Biological_Process_2023,Natural Killer Cell Activation (GO:0030101),5/45,0.4525193958626747,0.7534280057811494,0,0,1.1541666666666666,0.915167203642978,IFNA14;PTPRC;NFIL3;IL2RB;IFNA10
GO_Biological_Process_2023,Positive Regulation Of Neurogenesis (GO:0050769),8/75,0.4530434646719177,0.7534280057811494,0,0,1.1025304908431648,0.872947490232418,CX3CR1;PTPRD;NTRK2;CDKL5;MME;MAP6;SLIT2;SHANK3
GO_Biological_Process_2023,"Regulation Of Synaptic Transmission, Glutamatergic (GO:0051966)",6/55,0.4531202883917512,0.7534280057811494,0,0,1.13062690443032,0.895001602223689,RELN;LRRK2;CCL2;ATP1A2;TNF;SHANK3
GO_Biological_Process_2023,Monocarboxylic Acid Biosynthetic Process (GO:0072330),7/65,0.4532286590497402,0.7534280057811494,0,0,1.114396728740353,0.8818873400831218,CYP27A1;CYP39A1;PLA2G1B;ALDH1A2;UST;LCP1;ACACB
GO_Biological_Process_2023,AV Node Cell Action Potential (GO:0086016),1/6,0.4605806551485638,0.7534280057811494,0,0,1.8464687819856704,1.431506851857007,SCN4B
GO_Biological_Process_2023,AV Node Cell To Bundle Of His Cell Communication (GO:0086067),1/6,0.4605806551485638,0.7534280057811494,0,0,1.8464687819856704,1.431506851857007,GJA5
GO_Biological_Process_2023,DNA Strand Resection Involved In Replication Fork Processing (GO:0110025),1/6,0.4605806551485638,0.7534280057811494,0,0,1.8464687819856704,1.431506851857007,SAMHD1
GO_Biological_Process_2023,L-methionine Salvage (GO:0071267),1/6,0.4605806551485638,0.7534280057811494,0,0,1.8464687819856704,1.431506851857007,APIP
GO_Biological_Process_2023,N-acetylneuraminate Catabolic Process (GO:0019262),1/6,0.4605806551485638,0.7534280057811494,0,0,1.8464687819856704,1.431506851857007,NPL
GO_Biological_Process_2023,SA Node Cell Action Potential (GO:0086015),1/6,0.4605806551485638,0.7534280057811494,0,0,1.8464687819856704,1.431506851857007,KCNA5
GO_Biological_Process_2023,TRAIL-activated Apoptotic Signaling Pathway (GO:0036462),1/6,0.4605806551485638,0.7534280057811494,0,0,1.8464687819856704,1.431506851857007,SPI1
GO_Biological_Process_2023,Actin Filament Reorganization (GO:0090527),1/6,0.4605806551485638,0.7534280057811494,0,0,1.8464687819856704,1.431506851857007,NEDD9
GO_Biological_Process_2023,Adenosine To Inosine Editing (GO:0006382),1/6,0.4605806551485638,0.7534280057811494,0,0,1.8464687819856704,1.431506851857007,ADARB1
GO_Biological_Process_2023,Adult Feeding Behavior (GO:0008343),1/6,0.4605806551485638,0.7534280057811494,0,0,1.8464687819856704,1.431506851857007,GHRL
GO_Biological_Process_2023,Aggrephagy (GO:0035973),1/6,0.4605806551485638,0.7534280057811494,0,0,1.8464687819856704,1.431506851857007,MAP1LC3C
GO_Biological_Process_2023,Cardiac Muscle Cell Myoblast Differentiation (GO:0060379),1/6,0.4605806551485638,0.7534280057811494,0,0,1.8464687819856704,1.431506851857007,NOTCH1
GO_Biological_Process_2023,Cardiac Pacemaker Cell Development (GO:0060926),1/6,0.4605806551485638,0.7534280057811494,0,0,1.8464687819856704,1.431506851857007,TBX3
GO_Biological_Process_2023,Catecholamine Uptake (GO:0090493),1/6,0.4605806551485638,0.7534280057811494,0,0,1.8464687819856704,1.431506851857007,SLC22A3
GO_Biological_Process_2023,Cellular Hyperosmotic Response (GO:0071474),1/6,0.4605806551485638,0.7534280057811494,0,0,1.8464687819856704,1.431506851857007,AQP1
GO_Biological_Process_2023,Cellular Hypotonic Response (GO:0071476),1/6,0.4605806551485638,0.7534280057811494,0,0,1.8464687819856704,1.431506851857007,MYLK
GO_Biological_Process_2023,Cellular Response To Bacterial Lipopeptide (GO:0071221),1/6,0.4605806551485638,0.7534280057811494,0,0,1.8464687819856704,1.431506851857007,CD36
GO_Biological_Process_2023,Cellular Response To Caffeine (GO:0071313),1/6,0.4605806551485638,0.7534280057811494,0,0,1.8464687819856704,1.431506851857007,CASQ2
GO_Biological_Process_2023,Cellular Response To Gonadotropin Stimulus (GO:0071371),1/6,0.4605806551485638,0.7534280057811494,0,0,1.8464687819856704,1.431506851857007,NOTCH1
GO_Biological_Process_2023,Cellular Response To Interleukin-9 (GO:0071355),1/6,0.4605806551485638,0.7534280057811494,0,0,1.8464687819856704,1.431506851857007,JAK1
GO_Biological_Process_2023,Cellular Response To Monoamine Stimulus (GO:0071868),1/6,0.4605806551485638,0.7534280057811494,0,0,1.8464687819856704,1.431506851857007,GNG2
GO_Biological_Process_2023,Cholesterol Catabolic Process (GO:0006707),1/6,0.4605806551485638,0.7534280057811494,0,0,1.8464687819856704,1.431506851857007,CYP27A1
GO_Biological_Process_2023,Citrulline Metabolic Process (GO:0000052),1/6,0.4605806551485638,0.7534280057811494,0,0,1.8464687819856704,1.431506851857007,OTC
GO_Biological_Process_2023,Clathrin-Coated Vesicle Cargo Loading (GO:0035652),1/6,0.4605806551485638,0.7534280057811494,0,0,1.8464687819856704,1.431506851857007,AP3S1
GO_Biological_Process_2023,"Clathrin-Coated Vesicle Cargo Loading, AP-3-mediated (GO:0035654)",1/6,0.4605806551485638,0.7534280057811494,0,0,1.8464687819856704,1.431506851857007,AP3S1
GO_Biological_Process_2023,Copper Ion Import (GO:0015677),1/6,0.4605806551485638,0.7534280057811494,0,0,1.8464687819856704,1.431506851857007,SLC31A2
GO_Biological_Process_2023,Delamination (GO:0060232),1/6,0.4605806551485638,0.7534280057811494,0,0,1.8464687819856704,1.431506851857007,SPI1
GO_Biological_Process_2023,Desmosome Organization (GO:0002934),1/6,0.4605806551485638,0.7534280057811494,0,0,1.8464687819856704,1.431506851857007,SNAI2
GO_Biological_Process_2023,Gamma-Aminobutyric Acid Transport (GO:0015812),1/6,0.4605806551485638,0.7534280057811494,0,0,1.8464687819856704,1.431506851857007,SLC6A12
GO_Biological_Process_2023,Gap Junction Assembly (GO:0016264),1/6,0.4605806551485638,0.7534280057811494,0,0,1.8464687819856704,1.431506851857007,GJA5
GO_Biological_Process_2023,Glomerular Epithelial Cell Development (GO:0072310),1/6,0.4605806551485638,0.7534280057811494,0,0,1.8464687819856704,1.431506851857007,PODXL
GO_Biological_Process_2023,Glutathione Biosynthetic Process (GO:0006750),1/6,0.4605806551485638,0.7534280057811494,0,0,1.8464687819856704,1.431506851857007,GGT1
GO_Biological_Process_2023,Glycerol-3-Phosphate Metabolic Process (GO:0006072),1/6,0.4605806551485638,0.7534280057811494,0,0,1.8464687819856704,1.431506851857007,GPD1
GO_Biological_Process_2023,Histidine Catabolic Process (GO:0006548),1/6,0.4605806551485638,0.7534280057811494,0,0,1.8464687819856704,1.431506851857007,HDC
GO_Biological_Process_2023,Histidine Metabolic Process (GO:0006547),1/6,0.4605806551485638,0.7534280057811494,0,0,1.8464687819856704,1.431506851857007,HDC
GO_Biological_Process_2023,Host-Mediated Regulation Of Intestinal Microbiota Composition (GO:0048874),1/6,0.4605806551485638,0.7534280057811494,0,0,1.8464687819856704,1.431506851857007,CX3CR1
GO_Biological_Process_2023,Hypotonic Response (GO:0006971),1/6,0.4605806551485638,0.7534280057811494,0,0,1.8464687819856704,1.431506851857007,MYLK
GO_Biological_Process_2023,Insulin Secretion Involved In Cellular Response To Glucose Stimulus (GO:0035773),1/6,0.4605806551485638,0.7534280057811494,0,0,1.8464687819856704,1.431506851857007,PTPRN2
GO_Biological_Process_2023,Interleukin-9-Mediated Signaling Pathway (GO:0038113),1/6,0.4605806551485638,0.7534280057811494,0,0,1.8464687819856704,1.431506851857007,JAK1
GO_Biological_Process_2023,Intraciliary Transport Involved In Cilium Assembly (GO:0035735),1/6,0.4605806551485638,0.7534280057811494,0,0,1.8464687819856704,1.431506851857007,DYNC2LI1
GO_Biological_Process_2023,Long-Chain Fatty Acid Catabolic Process (GO:0042758),1/6,0.4605806551485638,0.7534280057811494,0,0,1.8464687819856704,1.431506851857007,ACADL
GO_Biological_Process_2023,Lymphocyte Migration Into Lymphoid Organs (GO:0097021),1/6,0.4605806551485638,0.7534280057811494,0,0,1.8464687819856704,1.431506851857007,NEDD9
GO_Biological_Process_2023,Lymphoid Progenitor Cell Differentiation (GO:0002320),1/6,0.4605806551485638,0.7534280057811494,0,0,1.8464687819856704,1.431506851857007,SPI1
GO_Biological_Process_2023,Macrophage Derived Foam Cell Differentiation (GO:0010742),1/6,0.4605806551485638,0.7534280057811494,0,0,1.8464687819856704,1.431506851857007,PPARG
GO_Biological_Process_2023,Macropinocytosis (GO:0044351),1/6,0.4605806551485638,0.7534280057811494,0,0,1.8464687819856704,1.431506851857007,DOCK2
GO_Biological_Process_2023,Negative Regulation Of T-helper 17 Type Immune Response (GO:2000317),1/6,0.4605806551485638,0.7534280057811494,0,0,1.8464687819856704,1.431506851857007,SMAD7
GO_Biological_Process_2023,Negative Regulation Of Blood Vessel Endothelial Cell Proliferation Involved In Sprouting Angiogenesis (GO:1903588),1/6,0.4605806551485638,0.7534280057811494,0,0,1.8464687819856704,1.431506851857007,MMRN2
GO_Biological_Process_2023,Negative Regulation Of Cardiocyte Differentiation (GO:1905208),1/6,0.4605806551485638,0.7534280057811494,0,0,1.8464687819856704,1.431506851857007,HEY2
GO_Biological_Process_2023,Negative Regulation Of Catecholamine Secretion (GO:0033604),1/6,0.4605806551485638,0.7534280057811494,0,0,1.8464687819856704,1.431506851857007,SYT11
GO_Biological_Process_2023,Negative Regulation Of Establishment Of Protein Localization To Mitochondrion (GO:1903748),1/6,0.4605806551485638,0.7534280057811494,0,0,1.8464687819856704,1.431506851857007,LRRK2
GO_Biological_Process_2023,Negative Regulation Of Low-Density Lipoprotein Receptor Activity (GO:1905598),1/6,0.4605806551485638,0.7534280057811494,0,0,1.8464687819856704,1.431506851857007,PCSK9
GO_Biological_Process_2023,Negative Regulation Of Lymphocyte Differentiation (GO:0045620),1/6,0.4605806551485638,0.7534280057811494,0,0,1.8464687819856704,1.431506851857007,SFRP1
GO_Biological_Process_2023,Negative Regulation Of Membrane Protein Ectodomain Proteolysis (GO:0051045),1/6,0.4605806551485638,0.7534280057811494,0,0,1.8464687819856704,1.431506851857007,TIMP3
GO_Biological_Process_2023,Negative Regulation Of miRNA Processing (GO:1903799),1/6,0.4605806551485638,0.7534280057811494,0,0,1.8464687819856704,1.431506851857007,IL6
GO_Biological_Process_2023,Negative Regulation Of p38MAPK Cascade (GO:1903753),1/6,0.4605806551485638,0.7534280057811494,0,0,1.8464687819856704,1.431506851857007,DUSP1
GO_Biological_Process_2023,Negative Regulation Of Response To Reactive Oxygen Species (GO:1901032),1/6,0.4605806551485638,0.7534280057811494,0,0,1.8464687819856704,1.431506851857007,LRRK2
GO_Biological_Process_2023,Negative Regulation Of Response To Type II Interferon (GO:0060331),1/6,0.4605806551485638,0.7534280057811494,0,0,1.8464687819856704,1.431506851857007,PPARG
GO_Biological_Process_2023,Negative Regulation Of Retinoic Acid Receptor Signaling Pathway (GO:0048387),1/6,0.4605806551485638,0.7534280057811494,0,0,1.8464687819856704,1.431506851857007,CYP26B1
GO_Biological_Process_2023,Negative Regulation Of Ruffle Assembly (GO:1900028),1/6,0.4605806551485638,0.7534280057811494,0,0,1.8464687819856704,1.431506851857007,ARHGAP24
GO_Biological_Process_2023,Negative Regulation Of Smooth Muscle Cell Apoptotic Process (GO:0034392),1/6,0.4605806551485638,0.7534280057811494,0,0,1.8464687819856704,1.431506851857007,IGF1
GO_Biological_Process_2023,Negative Regulation Of Telomere Capping (GO:1904354),1/6,0.4605806551485638,0.7534280057811494,0,0,1.8464687819856704,1.431506851857007,ERCC1
GO_Biological_Process_2023,Negative Regulation Of Type II Interferon-Mediated Signaling Pathway (GO:0060336),1/6,0.4605806551485638,0.7534280057811494,0,0,1.8464687819856704,1.431506851857007,PPARG
GO_Biological_Process_2023,Norepinephrine Transport (GO:0015874),1/6,0.4605806551485638,0.7534280057811494,0,0,1.8464687819856704,1.431506851857007,SLC22A3
GO_Biological_Process_2023,"Nuclear-Transcribed mRNA Catabolic Process, Deadenylation-Independent Decay (GO:0031086)",1/6,0.4605806551485638,0.7534280057811494,0,0,1.8464687819856704,1.431506851857007,ZFP36
GO_Biological_Process_2023,Nucleobase Catabolic Process (GO:0046113),1/6,0.4605806551485638,0.7534280057811494,0,0,1.8464687819856704,1.431506851857007,DPYSL2
GO_Biological_Process_2023,Nucleotide Catabolic Process (GO:0009166),1/6,0.4605806551485638,0.7534280057811494,0,0,1.8464687819856704,1.431506851857007,SAMHD1
GO_Biological_Process_2023,Peptide Transport (GO:0015833),1/6,0.4605806551485638,0.7534280057811494,0,0,1.8464687819856704,1.431506851857007,CD209
GO_Biological_Process_2023,Pharyngeal Arch Artery Morphogenesis (GO:0061626),1/6,0.4605806551485638,0.7534280057811494,0,0,1.8464687819856704,1.431506851857007,FOLR1
GO_Biological_Process_2023,Phospholipase C-activating Dopamine Receptor Signaling Pathway (GO:0060158),1/6,0.4605806551485638,0.7534280057811494,0,0,1.8464687819856704,1.431506851857007,GNAQ
GO_Biological_Process_2023,Podocyte Development (GO:0072015),1/6,0.4605806551485638,0.7534280057811494,0,0,1.8464687819856704,1.431506851857007,PODXL
GO_Biological_Process_2023,Positive Regulation Of B Cell Receptor Signaling Pathway (GO:0050861),1/6,0.4605806551485638,0.7534280057811494,0,0,1.8464687819856704,1.431506851857007,PRKCH
GO_Biological_Process_2023,Positive Regulation Of ER-associated Ubiquitin-Dependent Protein Catabolic Process (GO:1903071),1/6,0.4605806551485638,0.7534280057811494,0,0,1.8464687819856704,1.431506851857007,CAV1
GO_Biological_Process_2023,Positive Regulation Of T-helper 17 Cell Differentiation (GO:2000321),1/6,0.4605806551485638,0.7534280057811494,0,0,1.8464687819856704,1.431506851857007,IL12RB1
GO_Biological_Process_2023,Positive Regulation Of Activation Of Janus Kinase Activity (GO:0010536),1/6,0.4605806551485638,0.7534280057811494,0,0,1.8464687819856704,1.431506851857007,CCL5
GO_Biological_Process_2023,Positive Regulation Of Cell Killing (GO:0031343),1/6,0.4605806551485638,0.7534280057811494,0,0,1.8464687819856704,1.431506851857007,PRF1
GO_Biological_Process_2023,Positive Regulation Of Cysteine-Type Endopeptidase Activity Involved In Apoptotic Signaling Pathway (GO:2001269),1/6,0.4605806551485638,0.7534280057811494,0,0,1.8464687819856704,1.431506851857007,GSN
GO_Biological_Process_2023,Positive Regulation Of Hormone Metabolic Process (GO:0032352),1/6,0.4605806551485638,0.7534280057811494,0,0,1.8464687819856704,1.431506851857007,EGR1
GO_Biological_Process_2023,Positive Regulation Of Icosanoid Secretion (GO:0032305),1/6,0.4605806551485638,0.7534280057811494,0,0,1.8464687819856704,1.431506851857007,IL1B
GO_Biological_Process_2023,Positive Regulation Of Interleukin-5 Production (GO:0032754),1/6,0.4605806551485638,0.7534280057811494,0,0,1.8464687819856704,1.431506851857007,PDE4D
GO_Biological_Process_2023,Positive Regulation Of Lamellipodium Morphogenesis (GO:2000394),1/6,0.4605806551485638,0.7534280057811494,0,0,1.8464687819856704,1.431506851857007,ENPP2
GO_Biological_Process_2023,Positive Regulation Of Steroid Metabolic Process (GO:0045940),1/6,0.4605806551485638,0.7534280057811494,0,0,1.8464687819856704,1.431506851857007,CES1
GO_Biological_Process_2023,Positive Regulation Of Triglyceride Catabolic Process (GO:0010898),1/6,0.4605806551485638,0.7534280057811494,0,0,1.8464687819856704,1.431506851857007,ABHD5
GO_Biological_Process_2023,Protein Localization To Basolateral Plasma Membrane (GO:1903361),1/6,0.4605806551485638,0.7534280057811494,0,0,1.8464687819856704,1.431506851857007,CAV1
GO_Biological_Process_2023,Protein Localization To Ciliary Membrane (GO:1903441),1/6,0.4605806551485638,0.7534280057811494,0,0,1.8464687819856704,1.431506851857007,ARL3
GO_Biological_Process_2023,Protein Localization To Endoplasmic Reticulum Exit Site (GO:0070973),1/6,0.4605806551485638,0.7534280057811494,0,0,1.8464687819856704,1.431506851857007,LRRK2
GO_Biological_Process_2023,Receptor-Mediated Virion Attachment To Host Cell (GO:0046813),1/6,0.4605806551485638,0.7534280057811494,0,0,1.8464687819856704,1.431506851857007,GAS6
GO_Biological_Process_2023,Regulation Of NAD(P)H Oxidase Activity (GO:0033860),1/6,0.4605806551485638,0.7534280057811494,0,0,1.8464687819856704,1.431506851857007,AGTR1
GO_Biological_Process_2023,Regulation Of Rab Protein Signal Transduction (GO:0032483),1/6,0.4605806551485638,0.7534280057811494,0,0,1.8464687819856704,1.431506851857007,DENND3
GO_Biological_Process_2023,Regulation Of Anion Channel Activity (GO:0010359),1/6,0.4605806551485638,0.7534280057811494,0,0,1.8464687819856704,1.431506851857007,PRNP
GO_Biological_Process_2023,Regulation Of Antigen Receptor-Mediated Signaling Pathway (GO:0050854),1/6,0.4605806551485638,0.7534280057811494,0,0,1.8464687819856704,1.431506851857007,PTPRC
GO_Biological_Process_2023,Regulation Of Atrial Cardiac Muscle Cell Membrane Depolarization (GO:0060371),1/6,0.4605806551485638,0.7534280057811494,0,0,1.8464687819856704,1.431506851857007,SCN2B
GO_Biological_Process_2023,Regulation Of Atrial Cardiac Muscle Cell Membrane Repolarization (GO:0060372),1/6,0.4605806551485638,0.7534280057811494,0,0,1.8464687819856704,1.431506851857007,KCNA5
GO_Biological_Process_2023,Regulation Of Cardiac Muscle Hypertrophy In Response To Stress (GO:1903242),1/6,0.4605806551485638,0.7534280057811494,0,0,1.8464687819856704,1.431506851857007,PPARG
GO_Biological_Process_2023,Regulation Of Cellular Response To Insulin Stimulus (GO:1900076),1/6,0.4605806551485638,0.7534280057811494,0,0,1.8464687819856704,1.431506851857007,PPARG
GO_Biological_Process_2023,Regulation Of Glucocorticoid Receptor Signaling Pathway (GO:2000322),1/6,0.4605806551485638,0.7534280057811494,0,0,1.8464687819856704,1.431506851857007,CRY1
GO_Biological_Process_2023,Regulation Of Growth Hormone Secretion (GO:0060123),1/6,0.4605806551485638,0.7534280057811494,0,0,1.8464687819856704,1.431506851857007,GHRL
GO_Biological_Process_2023,Regulation Of Hemoglobin Biosynthetic Process (GO:0046984),1/6,0.4605806551485638,0.7534280057811494,0,0,1.8464687819856704,1.431506851857007,KLF4
GO_Biological_Process_2023,Regulation Of Intestinal Cholesterol Absorption (GO:0030300),1/6,0.4605806551485638,0.7534280057811494,0,0,1.8464687819856704,1.431506851857007,APOA1
GO_Biological_Process_2023,Regulation Of Ketone Biosynthetic Process (GO:0010566),1/6,0.4605806551485638,0.7534280057811494,0,0,1.8464687819856704,1.431506851857007,EGR1
GO_Biological_Process_2023,Regulation Of Lens Fiber Cell Differentiation (GO:1902746),1/6,0.4605806551485638,0.7534280057811494,0,0,1.8464687819856704,1.431506851857007,SPRY1
GO_Biological_Process_2023,Regulation Of Microglial Cell Migration (GO:1904139),1/6,0.4605806551485638,0.7534280057811494,0,0,1.8464687819856704,1.431506851857007,CX3CR1
GO_Biological_Process_2023,Regulation Of Myosin-Light-Chain-Phosphatase Activity (GO:0035507),1/6,0.4605806551485638,0.7534280057811494,0,0,1.8464687819856704,1.431506851857007,TNF
GO_Biological_Process_2023,Regulation Of Nuclease Activity (GO:0032069),1/6,0.4605806551485638,0.7534280057811494,0,0,1.8464687819856704,1.431506851857007,OASL
GO_Biological_Process_2023,Regulation Of Nucleotide-Binding Oligomerization Domain Containing 2 Signaling Pathway (GO:0070432),1/6,0.4605806551485638,0.7534280057811494,0,0,1.8464687819856704,1.431506851857007,SLC15A3
GO_Biological_Process_2023,Regulation Of Osteoclast Development (GO:2001204),1/6,0.4605806551485638,0.7534280057811494,0,0,1.8464687819856704,1.431506851857007,TYROBP
GO_Biological_Process_2023,Regulation Of Oxidative Stress-Induced Neuron Intrinsic Apoptotic Signaling Pathway (GO:1903376),1/6,0.4605806551485638,0.7534280057811494,0,0,1.8464687819856704,1.431506851857007,MCL1
GO_Biological_Process_2023,Regulation Of Pyruvate Dehydrogenase Activity (GO:1904182),1/6,0.4605806551485638,0.7534280057811494,0,0,1.8464687819856704,1.431506851857007,PPM1M
GO_Biological_Process_2023,Regulation Of Transforming Growth Factor Beta1 Production (GO:0032908),1/6,0.4605806551485638,0.7534280057811494,0,0,1.8464687819856704,1.431506851857007,TYROBP
GO_Biological_Process_2023,Regulation Of Vitamin D Receptor Signaling Pathway (GO:0070562),1/6,0.4605806551485638,0.7534280057811494,0,0,1.8464687819856704,1.431506851857007,SNAI2
GO_Biological_Process_2023,Response To Caffeine (GO:0031000),1/6,0.4605806551485638,0.7534280057811494,0,0,1.8464687819856704,1.431506851857007,CASQ2
GO_Biological_Process_2023,Response To Lead Ion (GO:0010288),1/6,0.4605806551485638,0.7534280057811494,0,0,1.8464687819856704,1.431506851857007,PLSCR1
GO_Biological_Process_2023,Sterol Catabolic Process (GO:0016127),1/6,0.4605806551485638,0.7534280057811494,0,0,1.8464687819856704,1.431506851857007,CYP27A1
GO_Biological_Process_2023,"Substrate-Dependent Cell Migration, Cell Extension (GO:0006930)",1/6,0.4605806551485638,0.7534280057811494,0,0,1.8464687819856704,1.431506851857007,SDCBP
GO_Biological_Process_2023,Synaptic Signaling (GO:0099536),1/6,0.4605806551485638,0.7534280057811494,0,0,1.8464687819856704,1.431506851857007,DPYSL2
GO_Biological_Process_2023,"Synaptic Transmission, Dopaminergic (GO:0001963)",1/6,0.4605806551485638,0.7534280057811494,0,0,1.8464687819856704,1.431506851857007,SNCA
GO_Biological_Process_2023,Synaptic Vesicle Budding From Presynaptic Endocytic Zone Membrane (GO:0016185),1/6,0.4605806551485638,0.7534280057811494,0,0,1.8464687819856704,1.431506851857007,AP3S1
GO_Biological_Process_2023,Toll-Like Receptor 3 Signaling Pathway (GO:0034138),1/6,0.4605806551485638,0.7534280057811494,0,0,1.8464687819856704,1.431506851857007,SCARA3
GO_Biological_Process_2023,Tubulin Complex Assembly (GO:0007021),1/6,0.4605806551485638,0.7534280057811494,0,0,1.8464687819856704,1.431506851857007,TCP1
GO_Biological_Process_2023,Ureter Development (GO:0072189),1/6,0.4605806551485638,0.7534280057811494,0,0,1.8464687819856704,1.431506851857007,SOX17
GO_Biological_Process_2023,White Fat Cell Differentiation (GO:0050872),1/6,0.4605806551485638,0.7534280057811494,0,0,1.8464687819856704,1.431506851857007,PPARG
GO_Biological_Process_2023,Protein-Containing Complex Organization (GO:0043933),13/126,0.4620675903875438,0.7555603036150429,0,0,1.0622932293138174,0.8201372191641803,CD74;WIPF1;FGG;DNAJB12;MITF;IL2RB;TSPAN4;CAPN3;LPXN;CD247;PPARGC1A;PPID;WASF3
GO_Biological_Process_2023,Positive Regulation Of Cell Growth (GO:0030307),11/106,0.4644456611765938,0.7591474914231706,0,0,1.069146632012129,0.8199400037675426,SDCBP;SFRP1;EDN1;CDKL5;BDNF;HYAL1;NEDD4L;IGF1;S100A9;S100A8;EIF4G2
GO_Biological_Process_2023,Dephosphorylation (GO:0016311),15/147,0.4707105903034584,0.7616411289922301,0,0,1.0492619493908153,0.7906312934991858,PTPRR;PPM1M;EPHX2;PTPRO;PTPRM;PTPN13;PPM1F;PTPRD;DUSP22;PPM1A;PTPRB;PTPRC;PPP3CC;ALPL;FBP1
GO_Biological_Process_2023,Positive Regulation Of Cellular Metabolic Process (GO:0031325),6/56,0.4708660973283583,0.7616411289922301,0,0,1.1079527963057978,0.8344895709934238,PRKCE;CCL5;AGTR1;PDGFB;KIR2DL4;TGFBR2
GO_Biological_Process_2023,B Cell Receptor Signaling Pathway (GO:0050853),5/46,0.4721383545550838,0.7616411289922301,0,0,1.1259537210756725,0.8450093654846225,LAT2;ITK;PTPRC;BTK;MNDA
GO_Biological_Process_2023,Cellular Component Disassembly (GO:0022411),5/46,0.4721383545550838,0.7616411289922301,0,0,1.1259537210756725,0.8450093654846225,GSN;CTSG;LCP1;TPSAB1;CTSS
GO_Biological_Process_2023,Potassium Ion Transmembrane Transport (GO:0071805),14/137,0.4722206747259761,0.7616411289922301,0,0,1.0509543735313704,0.7885403899562146,KCNJ5;SLC24A4;KCNJ8;KCNJ15;KCNJ16;PKD2L1;ATP1B3;ATP1A2;KCNA5;KCNK17;KCNT2;SLC9A9;KCNJ2;KCNK3
GO_Biological_Process_2023,Apoptotic Nuclear Changes (GO:0030262),2/16,0.4729063630156633,0.7616411289922301,0,0,1.318923268232024,0.9876860747673928,DNASE2B;DNASE1L3
GO_Biological_Process_2023,Cell Surface Toll-Like Receptor Signaling Pathway (GO:0140895),2/16,0.4729063630156633,0.7616411289922301,0,0,1.318923268232024,0.9876860747673928,PIK3AP1;TLR4
GO_Biological_Process_2023,Cellular Response To Gamma Radiation (GO:0071480),2/16,0.4729063630156633,0.7616411289922301,0,0,1.318923268232024,0.9876860747673928,CRYAB;ATR
GO_Biological_Process_2023,Chondroitin Sulfate Metabolic Process (GO:0030204),2/16,0.4729063630156633,0.7616411289922301,0,0,1.318923268232024,0.9876860747673928,CHST9;CHST7
GO_Biological_Process_2023,Dicarboxylic Acid Catabolic Process (GO:0043649),2/16,0.4729063630156633,0.7616411289922301,0,0,1.318923268232024,0.9876860747673928,ASPA;GLUL
GO_Biological_Process_2023,Heart Process (GO:0003015),2/16,0.4729063630156633,0.7616411289922301,0,0,1.318923268232024,0.9876860747673928,RAMP3;SGCG
GO_Biological_Process_2023,Intracellular Cholesterol Transport (GO:0032367),2/16,0.4729063630156633,0.7616411289922301,0,0,1.318923268232024,0.9876860747673928,LDLR;ABCG1
GO_Biological_Process_2023,Negative Regulation Of Chemokine Production (GO:0032682),2/16,0.4729063630156633,0.7616411289922301,0,0,1.318923268232024,0.9876860747673928,IL6;KLF4
GO_Biological_Process_2023,Negative Regulation Of Cytokine Production Involved In Immune Response (GO:0002719),2/16,0.4729063630156633,0.7616411289922301,0,0,1.318923268232024,0.9876860747673928,TNF;SMAD7
GO_Biological_Process_2023,Negative Regulation Of Intrinsic Apoptotic Signaling Pathway By P53 Class Mediator (GO:1902254),2/16,0.4729063630156633,0.7616411289922301,0,0,1.318923268232024,0.9876860747673928,CD74;CD44
GO_Biological_Process_2023,Negative Regulation Of Phosphatase Activity (GO:0010923),2/16,0.4729063630156633,0.7616411289922301,0,0,1.318923268232024,0.9876860747673928,PPP1R15A;FKBP1B
GO_Biological_Process_2023,Negative Regulation Of Receptor Signaling Pathway Via JAK-STAT (GO:0046426),2/16,0.4729063630156633,0.7616411289922301,0,0,1.318923268232024,0.9876860747673928,SOCS3;CAV1
GO_Biological_Process_2023,Negative Regulation Of Release Of Cytochrome C From Mitochondria (GO:0090201),2/16,0.4729063630156633,0.7616411289922301,0,0,1.318923268232024,0.9876860747673928,IGF1;CLU
GO_Biological_Process_2023,Oligodendrocyte Development (GO:0014003),2/16,0.4729063630156633,0.7616411289922301,0,0,1.318923268232024,0.9876860747673928,TPPP;GPM6B
GO_Biological_Process_2023,Pharyngeal System Development (GO:0060037),2/16,0.4729063630156633,0.7616411289922301,0,0,1.318923268232024,0.9876860747673928,FOLR1;BMP5
GO_Biological_Process_2023,Positive Regulation Of Muscle Hypertrophy (GO:0014742),2/16,0.4729063630156633,0.7616411289922301,0,0,1.318923268232024,0.9876860747673928,EDN1;IGF1
GO_Biological_Process_2023,Positive Regulation Of Stem Cell Proliferation (GO:2000648),2/16,0.4729063630156633,0.7616411289922301,0,0,1.318923268232024,0.9876860747673928,GJA1;PTPRC
GO_Biological_Process_2023,Protein Kinase A Signaling (GO:0010737),2/16,0.4729063630156633,0.7616411289922301,0,0,1.318923268232024,0.9876860747673928,EDNRA;LCP1
GO_Biological_Process_2023,Protein Targeting To Peroxisome (GO:0006625),2/16,0.4729063630156633,0.7616411289922301,0,0,1.318923268232024,0.9876860747673928,ZFAND6;RAB8B
GO_Biological_Process_2023,Regulation Of NMDA Receptor Activity (GO:2000310),2/16,0.4729063630156633,0.7616411289922301,0,0,1.318923268232024,0.9876860747673928,RELN;CCL2
GO_Biological_Process_2023,Regulation Of Fibrinolysis (GO:0051917),2/16,0.4729063630156633,0.7616411289922301,0,0,1.318923268232024,0.9876860747673928,THBD;F11
GO_Biological_Process_2023,Regulation Of Interleukin-1 Production (GO:0032652),2/16,0.4729063630156633,0.7616411289922301,0,0,1.318923268232024,0.9876860747673928,GAS6;TLR4
GO_Biological_Process_2023,Regulation Of Osteoblast Proliferation (GO:0033688),2/16,0.4729063630156633,0.7616411289922301,0,0,1.318923268232024,0.9876860747673928,BMP2;SFRP1
GO_Biological_Process_2023,Regulation Of Secretion (GO:0051046),2/16,0.4729063630156633,0.7616411289922301,0,0,1.318923268232024,0.9876860747673928,PTPRN2;CES1
GO_Biological_Process_2023,Ruffle Organization (GO:0031529),2/16,0.4729063630156633,0.7616411289922301,0,0,1.318923268232024,0.9876860747673928,CCL21;PLEK
GO_Biological_Process_2023,Stabilization Of Membrane Potential (GO:0030322),2/16,0.4729063630156633,0.7616411289922301,0,0,1.318923268232024,0.9876860747673928,KCNK17;KCNK3
GO_Biological_Process_2023,Negative Regulation Of Organelle Assembly (GO:1902116),4/36,0.4732612597513183,0.7616411289922301,0,0,1.154087647360328,0.8633818517488995,LRRK2;LIMK2;FEZ1;NUPR1
GO_Biological_Process_2023,Positive Regulation Of Interferon-Beta Production (GO:0032728),4/36,0.4732612597513183,0.7616411289922301,0,0,1.154087647360328,0.8633818517488995,IRF1;TLR8;TLR7;TLR4
GO_Biological_Process_2023,Regulation Of Glucose Import (GO:0046324),4/36,0.4732612597513183,0.7616411289922301,0,0,1.154087647360328,0.8633818517488995,PLA2G1B;ITLN1;IGF1;SORBS1
GO_Biological_Process_2023,Acute Inflammatory Response (GO:0002526),3/26,0.4739223630995595,0.7616411289922301,0,0,1.2042498218104063,0.8992275058884189,IL6;PLSCR1;HP
GO_Biological_Process_2023,Cardiac Muscle Cell Development (GO:0055013),3/26,0.4739223630995595,0.7616411289922301,0,0,1.2042498218104063,0.8992275058884189,PDGFRA;HEY2;MYH11
GO_Biological_Process_2023,Cell-Cell Adhesion Mediated By Cadherin (GO:0044331),3/26,0.4739223630995595,0.7616411289922301,0,0,1.2042498218104063,0.8992275058884189,CDH6;CDH5;CDH13
GO_Biological_Process_2023,Organelle Membrane Fusion (GO:0090174),3/26,0.4739223630995595,0.7616411289922301,0,0,1.2042498218104063,0.8992275058884189,CAV2;SYT11;STX7
GO_Biological_Process_2023,Protein Targeting To Lysosome (GO:0006622),3/26,0.4739223630995595,0.7616411289922301,0,0,1.2042498218104063,0.8992275058884189,PXK;LAPTM5;CLU
GO_Biological_Process_2023,Regulation Of Fatty Acid Biosynthetic Process (GO:0042304),3/26,0.4739223630995595,0.7616411289922301,0,0,1.2042498218104063,0.8992275058884189,ACADVL;APOC1;PDK4
GO_Biological_Process_2023,Regulation Of Interferon-Alpha Production (GO:0032647),3/26,0.4739223630995595,0.7616411289922301,0,0,1.2042498218104063,0.8992275058884189,TLR8;TLR7;TLR4
GO_Biological_Process_2023,Regulation Of Keratinocyte Differentiation (GO:0045616),3/26,0.4739223630995595,0.7616411289922301,0,0,1.2042498218104063,0.8992275058884189,ZFP36;PRKCH;ZBED2
GO_Biological_Process_2023,Regulation Of Vasoconstriction (GO:0019229),3/26,0.4739223630995595,0.7616411289922301,0,0,1.2042498218104063,0.8992275058884189,CAV1;FGG;AGTR1
GO_Biological_Process_2023,Positive Regulation Of Response To Stimulus (GO:0048584),8/77,0.4833413889722979,0.7756361273091263,0,0,1.0704539871820635,0.7782543733614518,PCNA;C6;C7;IL15;PLA2G1B;MCRS1;C8B;FCGR2B
GO_Biological_Process_2023,Sphingolipid Biosynthetic Process (GO:0030148),8/77,0.4833413889722979,0.7756361273091263,0,0,1.0704539871820635,0.7782543733614518,ASAH1;SPTLC1;VAPA;SPTLC3;ALDH3B1;PRKD1;ABCA8;ST6GALNAC5
GO_Biological_Process_2023,Extrinsic Apoptotic Signaling Pathway (GO:0097191),7/67,0.4857532414911233,0.7756361273091263,0,0,1.0771303901437372,0.7777468642252738,DDX47;BAD;TNFSF12;G0S2;TNFRSF1B;TNF;MCL1
GO_Biological_Process_2023,Insulin Receptor Signaling Pathway (GO:0008286),5/47,0.491525930983331,0.7756361273091263,0,0,1.0990842490842492,0.7806142366478328,CAV2;RARRES2;PDK4;AP3S1;SORBS1
GO_Biological_Process_2023,Melanosome Organization (GO:0032438),4/37,0.4951577211679207,0.7756361273091263,0,0,1.1190531662084713,0.7865589016374621,RAB32;TYRP1;AP1S2;AP3S1
GO_Biological_Process_2023,Negative Regulation Of Transferase Activity (GO:0051348),4/37,0.4951577211679207,0.7756361273091263,0,0,1.1190531662084713,0.7865589016374621,CDKN1C;ZFP36;TINF2;SMAD7
GO_Biological_Process_2023,DNA Synthesis Involved In DNA Repair (GO:0000731),3/27,0.4996495003041195,0.7756361273091263,0,0,1.1540087090163935,0.800707126072045,PCNA;RRM2B;TNFSF13B
GO_Biological_Process_2023,Amino Acid Import Across Plasma Membrane (GO:0089718),3/27,0.4996495003041195,0.7756361273091263,0,0,1.1540087090163935,0.800707126072045,SLC22A4;SLC1A1;SLC3A2
GO_Biological_Process_2023,Cell Surface Receptor Signaling Pathway Involved In Cell-Cell Signaling (GO:1905114),3/27,0.4996495003041195,0.7756361273091263,0,0,1.1540087090163935,0.800707126072045,BMP2;ITGAM;FZD4
GO_Biological_Process_2023,Cellular Response To Acid Chemical (GO:0071229),3/27,0.4996495003041195,0.7756361273091263,0,0,1.1540087090163935,0.800707126072045,CPEB1;RRAGB;KLF2
GO_Biological_Process_2023,Chaperone Cofactor-Dependent Protein Refolding (GO:0051085),3/27,0.4996495003041195,0.7756361273091263,0,0,1.1540087090163935,0.800707126072045,DNAJB4;DNAJB12;HSPA2
GO_Biological_Process_2023,Clathrin-Dependent Endocytosis (GO:0072583),3/27,0.4996495003041195,0.7756361273091263,0,0,1.1540087090163935,0.800707126072045,CANX;STON1;DLL1
GO_Biological_Process_2023,Negative Regulation Of Notch Signaling Pathway (GO:0045746),3/27,0.4996495003041195,0.7756361273091263,0,0,1.1540087090163935,0.800707126072045,EGFL7;HEY1;GATA2
GO_Biological_Process_2023,Peptide Cross-Linking (GO:0018149),3/27,0.4996495003041195,0.7756361273091263,0,0,1.1540087090163935,0.800707126072045,TGM1;CSTA;F13A1
GO_Biological_Process_2023,Positive Regulation Of Cytosolic Calcium Ion Concentration Involved In Phospholipase C-activating G Protein-Coupled Signaling Pathway (GO:0051482),3/27,0.4996495003041195,0.7756361273091263,0,0,1.1540087090163935,0.800707126072045,GPR65;C3AR1;GPR4
GO_Biological_Process_2023,Regulation Of Catecholamine Secretion (GO:0050433),3/27,0.4996495003041195,0.7756361273091263,0,0,1.1540087090163935,0.800707126072045,SYT11;SYT15;SNCA
GO_Biological_Process_2023,Regulation Of Mitochondrial Fission (GO:0090140),3/27,0.4996495003041195,0.7756361273091263,0,0,1.1540087090163935,0.800707126072045,LRRK2;PPARG;DCN
GO_Biological_Process_2023,Skin Development (GO:0043588),7/68,0.5018088883293075,0.7756361273091263,0,0,1.059413606220756,0.7305037486720781,TGM1;SCEL;CLIC4;ASAH1;CSTA;DACT2;DLL1
GO_Biological_Process_2023,Cellular Response To Salt (GO:1902075),11/109,0.5026350606827684,0.7756361273091263,0,0,1.0362444360460237,0.7128231153327396,EGR1;CLIC4;SYT11;ALOX15;ALOX5AP;PDGFB;CAPN3;SYT15;RASGRP2;CLU;SLC25A24
GO_Biological_Process_2023,NAD Biosynthetic Process (GO:0009435),2/17,0.505599787390891,0.7756361273091263,0,0,1.230926779313876,0.8395041963164739,PTGIS;KYNU
GO_Biological_Process_2023,T Cell Migration (GO:0072678),2/17,0.505599787390891,0.7756361273091263,0,0,1.230926779313876,0.8395041963164739,CCL3;DEFA1
GO_Biological_Process_2023,Cellular Response To Unfolded Protein (GO:0034620),2/17,0.505599787390891,0.7756361273091263,0,0,1.230926779313876,0.8395041963164739,PACRG;HSPB8
GO_Biological_Process_2023,Central Nervous System Neuron Development (GO:0021954),2/17,0.505599787390891,0.7756361273091263,0,0,1.230926779313876,0.8395041963164739,NTRK2;LHX6
GO_Biological_Process_2023,Epoxygenase P450 Pathway (GO:0019373),2/17,0.505599787390891,0.7756361273091263,0,0,1.230926779313876,0.8395041963164739,CYP1A2;CYP2F1
GO_Biological_Process_2023,Growth Hormone Receptor Signaling Pathway (GO:0060396),2/17,0.505599787390891,0.7756361273091263,0,0,1.230926779313876,0.8395041963164739,GHR;SOCS2
GO_Biological_Process_2023,Membrane Lipid Metabolic Process (GO:0006643),2/17,0.505599787390891,0.7756361273091263,0,0,1.230926779313876,0.8395041963164739,SPTLC1;SERINC1
GO_Biological_Process_2023,Mesenchyme Development (GO:0060485),2/17,0.505599787390891,0.7756361273091263,0,0,1.230926779313876,0.8395041963164739,FOXF1;MEOX1
GO_Biological_Process_2023,Negative Regulation Of Cellular Senescence (GO:2000773),2/17,0.505599787390891,0.7756361273091263,0,0,1.230926779313876,0.8395041963164739,CDK6;TBX2
GO_Biological_Process_2023,Negative Regulation Of Interleukin-8 Production (GO:0032717),2/17,0.505599787390891,0.7756361273091263,0,0,1.230926779313876,0.8395041963164739,KLF4;CD33
GO_Biological_Process_2023,Negative Regulation Of Ubiquitin-Protein Transferase Activity (GO:0051444),2/17,0.505599787390891,0.7756361273091263,0,0,1.230926779313876,0.8395041963164739,RPL17;SMAD7
GO_Biological_Process_2023,Neuron Maturation (GO:0042551),2/17,0.505599787390891,0.7756361273091263,0,0,1.230926779313876,0.8395041963164739,C3;C1QA
GO_Biological_Process_2023,Peptidyl-Threonine Dephosphorylation (GO:0035970),2/17,0.505599787390891,0.7756361273091263,0,0,1.230926779313876,0.8395041963164739,PPM1A;PPM1F
GO_Biological_Process_2023,Positive Chemotaxis (GO:0050918),2/17,0.505599787390891,0.7756361273091263,0,0,1.230926779313876,0.8395041963164739,SEMA5A;GPNMB
GO_Biological_Process_2023,Positive Regulation By Host Of Viral Process (GO:0044794),2/17,0.505599787390891,0.7756361273091263,0,0,1.230926779313876,0.8395041963164739,VAPA;CAV2
GO_Biological_Process_2023,Positive Regulation Of Alpha-Beta T Cell Proliferation (GO:0046641),2/17,0.505599787390891,0.7756361273091263,0,0,1.230926779313876,0.8395041963164739,HLA-E;TGFBR2
GO_Biological_Process_2023,Positive Regulation Of Cardiac Muscle Hypertrophy (GO:0010613),2/17,0.505599787390891,0.7756361273091263,0,0,1.230926779313876,0.8395041963164739,EDN1;IGF1
GO_Biological_Process_2023,Positive Regulation Of Cartilage Development (GO:0061036),2/17,0.505599787390891,0.7756361273091263,0,0,1.230926779313876,0.8395041963164739,BMP2;ZBTB16
GO_Biological_Process_2023,Positive Regulation Of Peptidyl-Serine Phosphorylation Of STAT Protein (GO:0033141),2/17,0.505599787390891,0.7756361273091263,0,0,1.230926779313876,0.8395041963164739,IFNA14;IFNA10
GO_Biological_Process_2023,Positive Regulation Of Potassium Ion Transmembrane Transport (GO:1901381),2/17,0.505599787390891,0.7756361273091263,0,0,1.230926779313876,0.8395041963164739,ANK2;ATP1B3
GO_Biological_Process_2023,Postsynaptic Membrane Organization (GO:0001941),2/17,0.505599787390891,0.7756361273091263,0,0,1.230926779313876,0.8395041963164739,NLGN4X;SHANK3
GO_Biological_Process_2023,Regulation Of Adenylate Cyclase Activity (GO:0045761),2/17,0.505599787390891,0.7756361273091263,0,0,1.230926779313876,0.8395041963164739,EDNRB;PALM
GO_Biological_Process_2023,Regulation Of Cartilage Development (GO:0061035),2/17,0.505599787390891,0.7756361273091263,0,0,1.230926779313876,0.8395041963164739,BMP2;ZBTB16
GO_Biological_Process_2023,Regulation Of Delayed Rectifier Potassium Channel Activity (GO:1902259),2/17,0.505599787390891,0.7756361273091263,0,0,1.230926779313876,0.8395041963164739,KCNAB1;KCNRG
GO_Biological_Process_2023,Regulation Of Establishment Of Cell Polarity (GO:2000114),2/17,0.505599787390891,0.7756361273091263,0,0,1.230926779313876,0.8395041963164739,CDH5;GSN
GO_Biological_Process_2023,Regulation Of Oxidative Phosphorylation (GO:0002082),2/17,0.505599787390891,0.7756361273091263,0,0,1.230926779313876,0.8395041963164739,NUPR1;COX7A1
GO_Biological_Process_2023,Regulation Of Single Stranded Viral RNA Replication Via Double Stranded DNA Intermediate (GO:0045091),2/17,0.505599787390891,0.7756361273091263,0,0,1.230926779313876,0.8395041963164739,APOBEC3F;APOBEC3G
GO_Biological_Process_2023,Regulation Of Tubulin Deacetylation (GO:0090043),2/17,0.505599787390891,0.7756361273091263,0,0,1.230926779313876,0.8395041963164739,FNTA;TPPP
GO_Biological_Process_2023,Sulfur Amino Acid Metabolic Process (GO:0000096),2/17,0.505599787390891,0.7756361273091263,0,0,1.230926779313876,0.8395041963164739,MSRA;CDO1
GO_Biological_Process_2023,Transepithelial Transport (GO:0070633),2/17,0.505599787390891,0.7756361273091263,0,0,1.230926779313876,0.8395041963164739,SLC1A1;ABCG2
GO_Biological_Process_2023,Ventricular Cardiac Muscle Cell Action Potential (GO:0086005),2/17,0.505599787390891,0.7756361273091263,0,0,1.230926779313876,0.8395041963164739,KCNJ8;NEDD4L
GO_Biological_Process_2023,Cellular Response To Insulin Stimulus (GO:0032869),10/99,0.5057739912450662,0.7756361273091263,0,0,1.0372895063689669,0.7070843321421137,CPEB1;CAV2;PLA2G1B;RARRES2;PDE3B;PDK4;PCSK9;PPARG;AP3S1;SORBS1
GO_Biological_Process_2023,Eye Development (GO:0001654),6/58,0.5058359820894208,0.7756361273091263,0,0,1.0652208233018905,0.7259935913831435,MEIS1;EFEMP1;CPAMD8;CHRDL1;MEIS2;FREM2
GO_Biological_Process_2023,Inorganic Anion Transport (GO:0015698),6/58,0.5058359820894208,0.7756361273091263,0,0,1.0652208233018905,0.7259935913831435,CLIC5;CLIC4;CLIC3;FXYD3;SLC11A1;FXYD1
GO_Biological_Process_2023,Regulation Of DNA Binding (GO:0051101),5/48,0.5106460061458843,0.7756361273091263,0,0,1.073464519976148,0.721452613433431,JUN;GZMA;PYHIN1;PPARG;IGF1
GO_Biological_Process_2023,Regulation Of Intrinsic Apoptotic Signaling Pathway (GO:2001242),5/48,0.5106460061458843,0.7756361273091263,0,0,1.073464519976148,0.721452613433431,CAV1;DAPK2;NUPR1;S100A9;S100A8
GO_Biological_Process_2023,Regulation Of Neuron Differentiation (GO:0045664),8/79,0.5131872906449992,0.7756361273091263,0,0,1.0401846104877854,0.6939221442389748,IMPACT;BMP2;RELN;HEY1;BDNF;LRRK2;ID2;DLL1
GO_Biological_Process_2023,ER Overload Response (GO:0006983),1/7,0.5133246135092688,0.7756361273091263,0,0,1.5386386898669395,1.0260363775615038,WFS1
GO_Biological_Process_2023,T Cell Apoptotic Process (GO:0070231),1/7,0.5133246135092688,0.7756361273091263,0,0,1.5386386898669395,1.0260363775615038,CLC
GO_Biological_Process_2023,TRIF-dependent Toll-Like Receptor Signaling Pathway (GO:0035666),1/7,0.5133246135092688,0.7756361273091263,0,0,1.5386386898669395,1.0260363775615038,TLR4
GO_Biological_Process_2023,Amine Transport (GO:0015837),1/7,0.5133246135092688,0.7756361273091263,0,0,1.5386386898669395,1.0260363775615038,AQP9
GO_Biological_Process_2023,Amino Sugar Catabolic Process (GO:0046348),1/7,0.5133246135092688,0.7756361273091263,0,0,1.5386386898669395,1.0260363775615038,NPL
GO_Biological_Process_2023,Aromatic Amino Acid Transport (GO:0015801),1/7,0.5133246135092688,0.7756361273091263,0,0,1.5386386898669395,1.0260363775615038,SLC3A2
GO_Biological_Process_2023,Axon Ensheathment In Central Nervous System (GO:0032291),1/7,0.5133246135092688,0.7756361273091263,0,0,1.5386386898669395,1.0260363775615038,GPM6B
GO_Biological_Process_2023,Benzene-Containing Compound Metabolic Process (GO:0042537),1/7,0.5133246135092688,0.7756361273091263,0,0,1.5386386898669395,1.0260363775615038,KYNU
GO_Biological_Process_2023,Catecholamine Transport (GO:0051937),1/7,0.5133246135092688,0.7756361273091263,0,0,1.5386386898669395,1.0260363775615038,SLC22A3
GO_Biological_Process_2023,Cellular Biogenic Amine Catabolic Process (GO:0042402),1/7,0.5133246135092688,0.7756361273091263,0,0,1.5386386898669395,1.0260363775615038,COMT
GO_Biological_Process_2023,Cellular Modified Amino Acid Biosynthetic Process (GO:0042398),1/7,0.5133246135092688,0.7756361273091263,0,0,1.5386386898669395,1.0260363775615038,PLSCR1
GO_Biological_Process_2023,Cellular Response To Angiotensin (GO:1904385),1/7,0.5133246135092688,0.7756361273091263,0,0,1.5386386898669395,1.0260363775615038,CA2
GO_Biological_Process_2023,Cellular Response To Leptin Stimulus (GO:0044320),1/7,0.5133246135092688,0.7756361273091263,0,0,1.5386386898669395,1.0260363775615038,LEPR
GO_Biological_Process_2023,Collecting Duct Development (GO:0072044),1/7,0.5133246135092688,0.7756361273091263,0,0,1.5386386898669395,1.0260363775615038,DACT2
GO_Biological_Process_2023,Cyclic Nucleotide Transport (GO:0070729),1/7,0.5133246135092688,0.7756361273091263,0,0,1.5386386898669395,1.0260363775615038,LRRC8C
GO_Biological_Process_2023,Dendritic Spine Maintenance (GO:0097062),1/7,0.5133246135092688,0.7756361273091263,0,0,1.5386386898669395,1.0260363775615038,PRNP
GO_Biological_Process_2023,Depyrimidination (GO:0045008),1/7,0.5133246135092688,0.7756361273091263,0,0,1.5386386898669395,1.0260363775615038,OGG1
GO_Biological_Process_2023,Dermatan Sulfate Proteoglycan Biosynthetic Process (GO:0050651),1/7,0.5133246135092688,0.7756361273091263,0,0,1.5386386898669395,1.0260363775615038,UST
GO_Biological_Process_2023,Diacylglycerol Biosynthetic Process (GO:0006651),1/7,0.5133246135092688,0.7756361273091263,0,0,1.5386386898669395,1.0260363775615038,PLCE1
GO_Biological_Process_2023,Establishment Of Centrosome Localization (GO:0051660),1/7,0.5133246135092688,0.7756361273091263,0,0,1.5386386898669395,1.0260363775615038,PKHD1
GO_Biological_Process_2023,Establishment Of Protein Localization To Peroxisome (GO:0072663),1/7,0.5133246135092688,0.7756361273091263,0,0,1.5386386898669395,1.0260363775615038,ZFAND6
GO_Biological_Process_2023,Fatty Acid Alpha-Oxidation (GO:0001561),1/7,0.5133246135092688,0.7756361273091263,0,0,1.5386386898669395,1.0260363775615038,PHYH
GO_Biological_Process_2023,Foam Cell Differentiation (GO:0090077),1/7,0.5133246135092688,0.7756361273091263,0,0,1.5386386898669395,1.0260363775615038,PPARG
GO_Biological_Process_2023,Fructose Metabolic Process (GO:0006000),1/7,0.5133246135092688,0.7756361273091263,0,0,1.5386386898669395,1.0260363775615038,FBP1
GO_Biological_Process_2023,Glutathione Catabolic Process (GO:0006751),1/7,0.5133246135092688,0.7756361273091263,0,0,1.5386386898669395,1.0260363775615038,GGT1
GO_Biological_Process_2023,"Heparan Sulfate Proteoglycan Biosynthetic Process, Polysaccharide Chain Biosynthetic Process (GO:0015014)",1/7,0.5133246135092688,0.7756361273091263,0,0,1.5386386898669395,1.0260363775615038,NDST1
GO_Biological_Process_2023,Hepoxilin Biosynthetic Process (GO:0051122),1/7,0.5133246135092688,0.7756361273091263,0,0,1.5386386898669395,1.0260363775615038,ALOX15
GO_Biological_Process_2023,Hepoxilin Metabolic Process (GO:0051121),1/7,0.5133246135092688,0.7756361273091263,0,0,1.5386386898669395,1.0260363775615038,ALOX15
GO_Biological_Process_2023,Lens Fiber Cell Development (GO:0070307),1/7,0.5133246135092688,0.7756361273091263,0,0,1.5386386898669395,1.0260363775615038,WNT7A
GO_Biological_Process_2023,Lymphocyte Apoptotic Process (GO:0070227),1/7,0.5133246135092688,0.7756361273091263,0,0,1.5386386898669395,1.0260363775615038,CLC
GO_Biological_Process_2023,Mammary Gland Epithelial Cell Differentiation (GO:0060644),1/7,0.5133246135092688,0.7756361273091263,0,0,1.5386386898669395,1.0260363775615038,ID2
GO_Biological_Process_2023,Melanin Biosynthetic Process (GO:0042438),1/7,0.5133246135092688,0.7756361273091263,0,0,1.5386386898669395,1.0260363775615038,TYRP1
GO_Biological_Process_2023,Methionine Metabolic Process (GO:0006555),1/7,0.5133246135092688,0.7756361273091263,0,0,1.5386386898669395,1.0260363775615038,MSRA
GO_Biological_Process_2023,Negative Regulation Of T-helper 17 Cell Differentiation (GO:2000320),1/7,0.5133246135092688,0.7756361273091263,0,0,1.5386386898669395,1.0260363775615038,SMAD7
GO_Biological_Process_2023,Negative Regulation Of Actin Nucleation (GO:0051126),1/7,0.5133246135092688,0.7756361273091263,0,0,1.5386386898669395,1.0260363775615038,GMFG
GO_Biological_Process_2023,Negative Regulation Of cAMP-dependent Protein Kinase Activity (GO:2000480),1/7,0.5133246135092688,0.7756361273091263,0,0,1.5386386898669395,1.0260363775615038,PKIG
GO_Biological_Process_2023,Negative Regulation Of Cell Cycle G2/M Phase Transition (GO:1902750),1/7,0.5133246135092688,0.7756361273091263,0,0,1.5386386898669395,1.0260363775615038,FHL1
GO_Biological_Process_2023,Negative Regulation Of Circadian Rhythm (GO:0042754),1/7,0.5133246135092688,0.7756361273091263,0,0,1.5386386898669395,1.0260363775615038,CRY1
GO_Biological_Process_2023,"Negative Regulation Of Complement Activation, Classical Pathway (GO:0045959)",1/7,0.5133246135092688,0.7756361273091263,0,0,1.5386386898669395,1.0260363775615038,SVEP1
GO_Biological_Process_2023,Negative Regulation Of Fatty Acid Oxidation (GO:0046322),1/7,0.5133246135092688,0.7756361273091263,0,0,1.5386386898669395,1.0260363775615038,ACADVL
GO_Biological_Process_2023,Negative Regulation Of miRNA-mediated Gene Silencing (GO:0060965),1/7,0.5133246135092688,0.7756361273091263,0,0,1.5386386898669395,1.0260363775615038,PPARG
GO_Biological_Process_2023,Negative Regulation Of Mitochondrial Fusion (GO:0010637),1/7,0.5133246135092688,0.7756361273091263,0,0,1.5386386898669395,1.0260363775615038,TFRC
GO_Biological_Process_2023,Negative Regulation Of Mitochondrial Membrane Potential (GO:0010917),1/7,0.5133246135092688,0.7756361273091263,0,0,1.5386386898669395,1.0260363775615038,RNF122
GO_Biological_Process_2023,Negative Regulation Of Monooxygenase Activity (GO:0032769),1/7,0.5133246135092688,0.7756361273091263,0,0,1.5386386898669395,1.0260363775615038,SNCA
GO_Biological_Process_2023,Negative Regulation Of Muscle Cell Differentiation (GO:0051148),1/7,0.5133246135092688,0.7756361273091263,0,0,1.5386386898669395,1.0260363775615038,ID2
GO_Biological_Process_2023,Negative Regulation Of Neural Precursor Cell Proliferation (GO:2000178),1/7,0.5133246135092688,0.7756361273091263,0,0,1.5386386898669395,1.0260363775615038,GATA2
GO_Biological_Process_2023,Negative Regulation Of Osteoblast Proliferation (GO:0033689),1/7,0.5133246135092688,0.7756361273091263,0,0,1.5386386898669395,1.0260363775615038,SFRP1
GO_Biological_Process_2023,Negative Regulation Of Peptidyl-Lysine Acetylation (GO:2000757),1/7,0.5133246135092688,0.7756361273091263,0,0,1.5386386898669395,1.0260363775615038,KLF15
GO_Biological_Process_2023,Negative Regulation Of Striated Muscle Cell Apoptotic Process (GO:0010664),1/7,0.5133246135092688,0.7756361273091263,0,0,1.5386386898669395,1.0260363775615038,NUPR1
GO_Biological_Process_2023,Neuron Fate Specification (GO:0048665),1/7,0.5133246135092688,0.7756361273091263,0,0,1.5386386898669395,1.0260363775615038,DLL1
GO_Biological_Process_2023,Nonribosomal Peptide Biosynthetic Process (GO:0019184),1/7,0.5133246135092688,0.7756361273091263,0,0,1.5386386898669395,1.0260363775615038,GGT1
GO_Biological_Process_2023,Peroxisome Proliferator Activated Receptor Signaling Pathway (GO:0035357),1/7,0.5133246135092688,0.7756361273091263,0,0,1.5386386898669395,1.0260363775615038,PPARG
GO_Biological_Process_2023,Phosphatidylserine Acyl-Chain Remodeling (GO:0036150),1/7,0.5133246135092688,0.7756361273091263,0,0,1.5386386898669395,1.0260363775615038,PLA1A
GO_Biological_Process_2023,Platelet Activating Factor Metabolic Process (GO:0046469),1/7,0.5133246135092688,0.7756361273091263,0,0,1.5386386898669395,1.0260363775615038,PLA2G4C
GO_Biological_Process_2023,Positive Regulation By Host Of Viral Genome Replication (GO:0044829),1/7,0.5133246135092688,0.7756361273091263,0,0,1.5386386898669395,1.0260363775615038,VAPA
GO_Biological_Process_2023,Positive Regulation Of Arp2/3 Complex-Mediated Actin Nucleation (GO:2000601),1/7,0.5133246135092688,0.7756361273091263,0,0,1.5386386898669395,1.0260363775615038,WASF3
GO_Biological_Process_2023,Positive Regulation Of Adipose Tissue Development (GO:1904179),1/7,0.5133246135092688,0.7756361273091263,0,0,1.5386386898669395,1.0260363775615038,PPARG
GO_Biological_Process_2023,Positive Regulation Of Cell Migration By Vascular Endothelial Growth Factor Signaling Pathway (GO:0038089),1/7,0.5133246135092688,0.7756361273091263,0,0,1.5386386898669395,1.0260363775615038,PRKD1
GO_Biological_Process_2023,Positive Regulation Of Endocytic Recycling (GO:2001137),1/7,0.5133246135092688,0.7756361273091263,0,0,1.5386386898669395,1.0260363775615038,ZDHHC2
GO_Biological_Process_2023,Positive Regulation Of Execution Phase Of Apoptosis (GO:1900119),1/7,0.5133246135092688,0.7756361273091263,0,0,1.5386386898669395,1.0260363775615038,PTGIS
GO_Biological_Process_2023,Positive Regulation Of Gluconeogenesis (GO:0045722),1/7,0.5133246135092688,0.7756361273091263,0,0,1.5386386898669395,1.0260363775615038,PPARGC1A
GO_Biological_Process_2023,Positive Regulation Of Insulin-Like Growth Factor Receptor Signaling Pathway (GO:0043568),1/7,0.5133246135092688,0.7756361273091263,0,0,1.5386386898669395,1.0260363775615038,IGF1
GO_Biological_Process_2023,Positive Regulation Of Melanin Biosynthetic Process (GO:0048023),1/7,0.5133246135092688,0.7756361273091263,0,0,1.5386386898669395,1.0260363775615038,TYRP1
GO_Biological_Process_2023,Positive Regulation Of Membrane Potential (GO:0045838),1/7,0.5133246135092688,0.7756361273091263,0,0,1.5386386898669395,1.0260363775615038,BAD
GO_Biological_Process_2023,Positive Regulation Of Natural Killer Cell Proliferation (GO:0032819),1/7,0.5133246135092688,0.7756361273091263,0,0,1.5386386898669395,1.0260363775615038,HLA-E
GO_Biological_Process_2023,Positive Regulation Of Neuron Projection Arborization (GO:0150012),1/7,0.5133246135092688,0.7756361273091263,0,0,1.5386386898669395,1.0260363775615038,FZD4
GO_Biological_Process_2023,Positive Regulation Of Plasminogen Activation (GO:0010756),1/7,0.5133246135092688,0.7756361273091263,0,0,1.5386386898669395,1.0260363775615038,CLEC3B
GO_Biological_Process_2023,Positive Regulation Of Secondary Metabolite Biosynthetic Process (GO:1900378),1/7,0.5133246135092688,0.7756361273091263,0,0,1.5386386898669395,1.0260363775615038,TYRP1
GO_Biological_Process_2023,Positive Regulation Of Steroid Biosynthetic Process (GO:0010893),1/7,0.5133246135092688,0.7756361273091263,0,0,1.5386386898669395,1.0260363775615038,TNF
GO_Biological_Process_2023,Positive Regulation Of Tooth Mineralization (GO:0070172),1/7,0.5133246135092688,0.7756361273091263,0,0,1.5386386898669395,1.0260363775615038,CFTR
GO_Biological_Process_2023,Positive Regulation Of Vascular Associated Smooth Muscle Cell Migration (GO:1904754),1/7,0.5133246135092688,0.7756361273091263,0,0,1.5386386898669395,1.0260363775615038,PDGFB
GO_Biological_Process_2023,Positive Regulation Of Vascular Endothelial Growth Factor Signaling Pathway (GO:1900748),1/7,0.5133246135092688,0.7756361273091263,0,0,1.5386386898669395,1.0260363775615038,CCBE1
GO_Biological_Process_2023,Postsynapse Organization (GO:0099173),1/7,0.5133246135092688,0.7756361273091263,0,0,1.5386386898669395,1.0260363775615038,WNT7A
GO_Biological_Process_2023,Postsynaptic Density Organization (GO:0097106),1/7,0.5133246135092688,0.7756361273091263,0,0,1.5386386898669395,1.0260363775615038,SHANK3
GO_Biological_Process_2023,Postsynaptic Membrane Assembly (GO:0097104),1/7,0.5133246135092688,0.7756361273091263,0,0,1.5386386898669395,1.0260363775615038,NLGN4X
GO_Biological_Process_2023,Protein Deubiquitination Involved In Ubiquitin-Dependent Protein Catabolic Process (GO:0071947),1/7,0.5133246135092688,0.7756361273091263,0,0,1.5386386898669395,1.0260363775615038,TNFAIP3
GO_Biological_Process_2023,Proximal/Distal Pattern Formation (GO:0009954),1/7,0.5133246135092688,0.7756361273091263,0,0,1.5386386898669395,1.0260363775615038,DLL1
GO_Biological_Process_2023,Pyrimidine Nucleobase Catabolic Process (GO:0006208),1/7,0.5133246135092688,0.7756361273091263,0,0,1.5386386898669395,1.0260363775615038,DPYSL2
GO_Biological_Process_2023,Regulation Of Cdc42 Protein Signal Transduction (GO:0032489),1/7,0.5133246135092688,0.7756361273091263,0,0,1.5386386898669395,1.0260363775615038,APOA1
GO_Biological_Process_2023,Regulation Of Golgi To Plasma Membrane Protein Transport (GO:0042996),1/7,0.5133246135092688,0.7756361273091263,0,0,1.5386386898669395,1.0260363775615038,ATP2C1
GO_Biological_Process_2023,Regulation Of Activation Of Janus Kinase Activity (GO:0010533),1/7,0.5133246135092688,0.7756361273091263,0,0,1.5386386898669395,1.0260363775615038,CCL5
GO_Biological_Process_2023,Regulation Of Alpha-Beta T Cell Proliferation (GO:0046640),1/7,0.5133246135092688,0.7756361273091263,0,0,1.5386386898669395,1.0260363775615038,IRF1
GO_Biological_Process_2023,Regulation Of Carbohydrate Biosynthetic Process (GO:0043255),1/7,0.5133246135092688,0.7756361273091263,0,0,1.5386386898669395,1.0260363775615038,FBP1
GO_Biological_Process_2023,Regulation Of Cardiac Muscle Cell Action Potential Involved In Regulation Of Contraction (GO:0098909),1/7,0.5133246135092688,0.7756361273091263,0,0,1.5386386898669395,1.0260363775615038,CAV1
GO_Biological_Process_2023,Regulation Of Chaperone-Mediated Autophagy (GO:1904714),1/7,0.5133246135092688,0.7756361273091263,0,0,1.5386386898669395,1.0260363775615038,SNCA
GO_Biological_Process_2023,Regulation Of Chemokine-Mediated Signaling Pathway (GO:0070099),1/7,0.5133246135092688,0.7756361273091263,0,0,1.5386386898669395,1.0260363775615038,SLIT2
GO_Biological_Process_2023,Regulation Of Dendritic Cell Chemotaxis (GO:2000508),1/7,0.5133246135092688,0.7756361273091263,0,0,1.5386386898669395,1.0260363775615038,GAS6
GO_Biological_Process_2023,Regulation Of Dopamine Metabolic Process (GO:0042053),1/7,0.5133246135092688,0.7756361273091263,0,0,1.5386386898669395,1.0260363775615038,ITGAM
GO_Biological_Process_2023,Regulation Of Dopamine Uptake Involved In Synaptic Transmission (GO:0051584),1/7,0.5133246135092688,0.7756361273091263,0,0,1.5386386898669395,1.0260363775615038,SNCA
GO_Biological_Process_2023,Regulation Of Endodeoxyribonuclease Activity (GO:0032071),1/7,0.5133246135092688,0.7756361273091263,0,0,1.5386386898669395,1.0260363775615038,GZMA
GO_Biological_Process_2023,Regulation Of Extent Of Cell Growth (GO:0061387),1/7,0.5133246135092688,0.7756361273091263,0,0,1.5386386898669395,1.0260363775615038,OLFM1
GO_Biological_Process_2023,Regulation Of Hydrogen Peroxide-Induced Cell Death (GO:1903205),1/7,0.5133246135092688,0.7756361273091263,0,0,1.5386386898669395,1.0260363775615038,LRRK2
GO_Biological_Process_2023,Regulation Of Leukocyte Proliferation (GO:0070663),1/7,0.5133246135092688,0.7756361273091263,0,0,1.5386386898669395,1.0260363775615038,HHEX
GO_Biological_Process_2023,Regulation Of Lipase Activity (GO:0060191),1/7,0.5133246135092688,0.7756361273091263,0,0,1.5386386898669395,1.0260363775615038,SNCA
GO_Biological_Process_2023,Regulation Of Lymphocyte Apoptotic Process (GO:0070228),1/7,0.5133246135092688,0.7756361273091263,0,0,1.5386386898669395,1.0260363775615038,BTK
GO_Biological_Process_2023,Regulation Of Mammary Gland Epithelial Cell Proliferation (GO:0033599),1/7,0.5133246135092688,0.7756361273091263,0,0,1.5386386898669395,1.0260363775615038,RTN4
GO_Biological_Process_2023,Regulation Of Mesenchymal Stem Cell Differentiation (GO:2000739),1/7,0.5133246135092688,0.7756361273091263,0,0,1.5386386898669395,1.0260363775615038,PDGFRA
GO_Biological_Process_2023,Regulation Of Microvillus Organization (GO:0032530),1/7,0.5133246135092688,0.7756361273091263,0,0,1.5386386898669395,1.0260363775615038,PODXL
GO_Biological_Process_2023,Regulation Of Nitric Oxide Metabolic Process (GO:0080164),1/7,0.5133246135092688,0.7756361273091263,0,0,1.5386386898669395,1.0260363775615038,CX3CR1
GO_Biological_Process_2023,Regulation Of Positive Chemotaxis (GO:0050926),1/7,0.5133246135092688,0.7756361273091263,0,0,1.5386386898669395,1.0260363775615038,CDH13
GO_Biological_Process_2023,Regulation Of Stem Cell Division (GO:2000035),1/7,0.5133246135092688,0.7756361273091263,0,0,1.5386386898669395,1.0260363775615038,EVI2B
GO_Biological_Process_2023,Regulation Of Transforming Growth Factor Beta Activation (GO:1901388),1/7,0.5133246135092688,0.7756361273091263,0,0,1.5386386898669395,1.0260363775615038,LRRC32
GO_Biological_Process_2023,Response To Auditory Stimulus (GO:0010996),1/7,0.5133246135092688,0.7756361273091263,0,0,1.5386386898669395,1.0260363775615038,ATP1A2
GO_Biological_Process_2023,Somatic Hypermutation Of Immunoglobulin Genes (GO:0016446),1/7,0.5133246135092688,0.7756361273091263,0,0,1.5386386898669395,1.0260363775615038,SAMHD1
GO_Biological_Process_2023,Thyroid Hormone Transport (GO:0070327),1/7,0.5133246135092688,0.7756361273091263,0,0,1.5386386898669395,1.0260363775615038,SLC3A2
GO_Biological_Process_2023,Tooth Mineralization (GO:0034505),1/7,0.5133246135092688,0.7756361273091263,0,0,1.5386386898669395,1.0260363775615038,SLC24A4
GO_Biological_Process_2023,Tryptophan Metabolic Process (GO:0006568),1/7,0.5133246135092688,0.7756361273091263,0,0,1.5386386898669395,1.0260363775615038,KYNU
GO_Biological_Process_2023,Regulation Of JNK Cascade (GO:0046328),11/110,0.5152132578283416,0.7782044037385182,0,0,1.0257201646090537,0.680231325151383,TGFBR3;SDCBP;RASSF2;NCF1;GADD45B;CCL21;IL1B;TNFRSF19;WNT7A;TPD52L1;FCGR2B
GO_Biological_Process_2023,Supramolecular Fiber Organization (GO:0097435),31/316,0.5197158211848073,0.784717546722955,0,0,1.0040485829959511,0.6571228032352189,COL14A1;PLA2G1B;LMOD1;DPT;FBLN5;CNN1;EFEMP2;DNAJB6;RAC2;CAPN3;MYH11;PGM5;CD36;TPPP;MYOZ1;CAMP;CGNL1;SNCA;TMOD1;CRTAP;GSN;KRT4;ARHGAP25;MFAP4;DES;NOSTRIN;CDC42EP2;ELMO1;HCLS1;VIM;MYL9
GO_Biological_Process_2023,Anterior/Posterior Pattern Specification (GO:0009952),6/59,0.523005138094475,0.7885146948607951,0,0,1.0450642322623116,0.6773730033137118,HHEX;BMP2;HEY1;HEY2;HOXA5;HOXA4
GO_Biological_Process_2023,Glucose Metabolic Process (GO:0006006),6/59,0.523005138094475,0.7885146948607951,0,0,1.0450642322623116,0.6773730033137118,HK3;PGAM1;CRY1;GHRL;FBP1;PPARGC1A
GO_Biological_Process_2023,Positive Regulation Of Proteasomal Protein Catabolic Process (GO:1901800),9/90,0.523142489565613,0.7885146948607951,0,0,1.025693730729702,0.6645484096865409,CEBPA;COP1;DAB2;LRRK2;AXIN2;NUPR1;CLU;NKD2;SMAD7
GO_Biological_Process_2023,RNA Phosphodiester Bond Hydrolysis (GO:0090501),3/28,0.5247192956089923,0.7885146948607951,0,0,1.1077868852459016,0.7144027165623109,ZC3H12B;RNASE6;RNASE1
GO_Biological_Process_2023,Diterpenoid Metabolic Process (GO:0016101),3/28,0.5247192956089923,0.7885146948607951,0,0,1.1077868852459016,0.7144027165623109,ADH1B;RARRES2;ALDH1A1
GO_Biological_Process_2023,Fatty Acid Derivative Biosynthetic Process (GO:1901570),3/28,0.5247192956089923,0.7885146948607951,0,0,1.1077868852459016,0.7144027165623109,ALOX5;HMGCS2;GGT1
GO_Biological_Process_2023,Membrane Fusion (GO:0061025),3/28,0.5247192956089923,0.7885146948607951,0,0,1.1077868852459016,0.7144027165623109,VAPA;SNAP23;STX11
GO_Biological_Process_2023,Phospholipid Catabolic Process (GO:0009395),3/28,0.5247192956089923,0.7885146948607951,0,0,1.1077868852459016,0.7144027165623109,PLA2G4F;PLA2G4C;ENPP2
GO_Biological_Process_2023,Regulation Of Bone Resorption (GO:0045124),3/28,0.5247192956089923,0.7885146948607951,0,0,1.1077868852459016,0.7144027165623109,IL6;TNFAIP3;TMEM64
GO_Biological_Process_2023,Regulation Of Cardiac Muscle Cell Action Potential (GO:0098901),3/28,0.5247192956089923,0.7885146948607951,0,0,1.1077868852459016,0.7144027165623109,GJA5;CAV1;ANK2
GO_Biological_Process_2023,Regulation Of Nitric-Oxide Synthase Activity (GO:0050999),3/28,0.5247192956089923,0.7885146948607951,0,0,1.1077868852459016,0.7144027165623109,IL1A;IL1B;TNF
GO_Biological_Process_2023,Regulation Of Protein Transport (GO:0051223),3/28,0.5247192956089923,0.7885146948607951,0,0,1.1077868852459016,0.7144027165623109,LCP1;TNF;PPM1F
GO_Biological_Process_2023,Vascular Endothelial Growth Factor Receptor Signaling Pathway (GO:0048010),3/28,0.5247192956089923,0.7885146948607951,0,0,1.1077868852459016,0.7144027165623109,VEGFC;CLEC14A;PRKD1
GO_Biological_Process_2023,Autophagy Of Mitochondrion (GO:0000422),5/49,0.5294656962757649,0.7947774063264853,0,0,1.049009324009324,0.6670512883378551,GABARAPL1;MAP1LC3C;ATG4B;SPATA18;FBXO7
GO_Biological_Process_2023,Erythrocyte Differentiation (GO:0030218),5/49,0.5294656962757649,0.7947774063264853,0,0,1.049009324009324,0.6670512883378551,TGFBR3;ALAS2;ID2;KIT;HCLS1
GO_Biological_Process_2023,Positive Regulation Of Nervous System Development (GO:0051962),5/49,0.5294656962757649,0.7947774063264853,0,0,1.049009324009324,0.6670512883378551,CX3CR1;PTPRD;MME;WNT7A;GHRL
GO_Biological_Process_2023,Positive Regulation Of Binding (GO:0051099),9/91,0.5368905954927881,0.7993009412474812,0,0,1.0131288697265184,0.630126582147938,CLDN5;CSF3;BMP2;WNT3A;LRRK2;CAV1;PYHIN1;PPARG;IGF1
GO_Biological_Process_2023,Energy Reserve Metabolic Process (GO:0006112),2/18,0.5369416186218969,0.7993009412474812,0,0,1.1539298515104968,0.7175896349166099,PPP1R3C;LEPR
GO_Biological_Process_2023,Establishment Of Vesicle Localization (GO:0051650),2/18,0.5369416186218969,0.7993009412474812,0,0,1.1539298515104968,0.7175896349166099,SYT11;LIMK2
GO_Biological_Process_2023,Excitatory Postsynaptic Potential (GO:0060079),2/18,0.5369416186218969,0.7993009412474812,0,0,1.1539298515104968,0.7175896349166099,LRRK2;ARRB2
GO_Biological_Process_2023,Maintenance Of Gastrointestinal Epithelium (GO:0030277),2/18,0.5369416186218969,0.7993009412474812,0,0,1.1539298515104968,0.7175896349166099,SERPINA3;TLR4
GO_Biological_Process_2023,Mitotic Cytokinetic Process (GO:1902410),2/18,0.5369416186218969,0.7993009412474812,0,0,1.1539298515104968,0.7175896349166099,CHMP6;CHMP5
GO_Biological_Process_2023,Negative Regulation Of T Cell Receptor Signaling Pathway (GO:0050860),2/18,0.5369416186218969,0.7993009412474812,0,0,1.1539298515104968,0.7175896349166099,PRNP;LAPTM5
GO_Biological_Process_2023,Neuron Fate Commitment (GO:0048663),2/18,0.5369416186218969,0.7993009412474812,0,0,1.1539298515104968,0.7175896349166099,ID2;DLL1
GO_Biological_Process_2023,Positive Regulation Of DNA Replication (GO:0045740),2/18,0.5369416186218969,0.7993009412474812,0,0,1.1539298515104968,0.7175896349166099,PCNA;STON1
GO_Biological_Process_2023,Positive Regulation Of G Protein-Coupled Receptor Signaling Pathway (GO:0045745),2/18,0.5369416186218969,0.7993009412474812,0,0,1.1539298515104968,0.7175896349166099,C3;GRP
GO_Biological_Process_2023,Positive Regulation Of Cyclin-Dependent Protein Kinase Activity (GO:1904031),2/18,0.5369416186218969,0.7993009412474812,0,0,1.1539298515104968,0.7175896349166099,CCND2;PDGFB
GO_Biological_Process_2023,Positive Regulation Of Epidermal Cell Differentiation (GO:0045606),2/18,0.5369416186218969,0.7993009412474812,0,0,1.1539298515104968,0.7175896349166099,PRKCH;ZBED2
GO_Biological_Process_2023,Positive Regulation Of Triglyceride Metabolic Process (GO:0090208),2/18,0.5369416186218969,0.7993009412474812,0,0,1.1539298515104968,0.7175896349166099,ABHD5;LDLR
GO_Biological_Process_2023,Regulation Of Collagen Biosynthetic Process (GO:0032965),2/18,0.5369416186218969,0.7993009412474812,0,0,1.1539298515104968,0.7175896349166099,IL6;VIM
GO_Biological_Process_2023,Regulation Of Epidermal Cell Differentiation (GO:0045604),2/18,0.5369416186218969,0.7993009412474812,0,0,1.1539298515104968,0.7175896349166099,ZFP36;DLL1
GO_Biological_Process_2023,Regulation Of Establishment Or Maintenance Of Cell Polarity (GO:0032878),2/18,0.5369416186218969,0.7993009412474812,0,0,1.1539298515104968,0.7175896349166099,CDH5;TEK
GO_Biological_Process_2023,Regulation Of Exosomal Secretion (GO:1903541),2/18,0.5369416186218969,0.7993009412474812,0,0,1.1539298515104968,0.7175896349166099,SDCBP;CHMP6
GO_Biological_Process_2023,Regulation Of Lymphocyte Activation (GO:0051249),2/18,0.5369416186218969,0.7993009412474812,0,0,1.1539298515104968,0.7175896349166099,CLEC7A;KLRD1
GO_Biological_Process_2023,Regulation Of Peptidyl-Serine Phosphorylation Of STAT Protein (GO:0033139),2/18,0.5369416186218969,0.7993009412474812,0,0,1.1539298515104968,0.7175896349166099,IFNA14;IFNA10
GO_Biological_Process_2023,Regulation Of Synaptic Vesicle Exocytosis (GO:2000300),2/18,0.5369416186218969,0.7993009412474812,0,0,1.1539298515104968,0.7175896349166099,RAP1A;LRRK2
GO_Biological_Process_2023,Response To Organophosphorus (GO:0046683),2/18,0.5369416186218969,0.7993009412474812,0,0,1.1539298515104968,0.7175896349166099,DUOX1;TLR7
GO_Biological_Process_2023,Negative Regulation Of Mitochondrion Organization (GO:0010823),4/39,0.5377185987367736,0.7993009412474812,0,0,1.0549901149593617,0.6545368683066116,TFRC;PPARG;IGF1;CLU
GO_Biological_Process_2023,Odontogenesis (GO:0042476),4/39,0.5377185987367736,0.7993009412474812,0,0,1.0549901149593617,0.6545368683066116,BMP2;MSX1;AXIN2;AQP1
GO_Biological_Process_2023,Positive Regulation Of ATP-dependent Activity (GO:0032781),4/39,0.5377185987367736,0.7993009412474812,0,0,1.0549901149593617,0.6545368683066116,PLSCR1;TNNT2;RGN;ATP1B3
GO_Biological_Process_2023,Positive Regulation Of Pattern Recognition Receptor Signaling Pathway (GO:0062208),4/39,0.5377185987367736,0.7993009412474812,0,0,1.0549901149593617,0.6545368683066116,CAV1;CD14;RTN4;OASL
GO_Biological_Process_2023,Regulation Of Mitochondrial Membrane Potential (GO:0051881),4/39,0.5377185987367736,0.7993009412474812,0,0,1.0549901149593617,0.6545368683066116,UBB;BAD;LRRK2;RNF122
GO_Biological_Process_2023,Regulation Of Monoatomic Cation Transmembrane Transport (GO:1904062),4/39,0.5377185987367736,0.7993009412474812,0,0,1.0549901149593617,0.6545368683066116,DPP6;KCNIP1;NEDD4L;KCNAB1
GO_Biological_Process_2023,Regulation Of Cell Cycle (GO:0051726),29/298,0.5391537235386427,0.8011450891975718,0,0,0.9950009071712856,0.6146663350372873,RB1;PPP1R15A;BEX1;HPGD;CITED2;ADARB1;TNFSF13B;TGM1;SDCBP;ING3;GRK5;PLAGL1;JUNB;SRPK2;JUN;GADD45B;MCRS1;TBX3;THAP1;NR4A1;PPM1A;SFRP1;BMP2;CDK6;PTPRC;IRF1;NUPR1;EVI2B;EIF4G2
GO_Biological_Process_2023,Response To Retinoic Acid (GO:0032526),6/60,0.5399305675882903,0.8020101002149902,0,0,1.025654181631606,0.6321257761599116,FZD4;WNT3A;ALDH1A2;CTSH;WNT2;AQP1
GO_Biological_Process_2023,Positive Regulation Of Growth (GO:0045927),8/81,0.5424389748351744,0.804458024003711,0,0,1.0115738297767551,0.6187591652726058,SDCBP;SFRP1;HYAL1;WFS1;S100A9;S100A8;PPM1F;EIF4G2
GO_Biological_Process_2023,Alpha-Amino Acid Catabolic Process (GO:1901606),3/29,0.5490788132416771,0.804458024003711,0,0,1.0651205863808322,0.6385539469439991,KYNU;ACAT1;OTC
GO_Biological_Process_2023,Chondrocyte Differentiation (GO:0002062),3/29,0.5490788132416771,0.804458024003711,0,0,1.0651205863808322,0.6385539469439991,BMP2;WNT2B;WNT7A
GO_Biological_Process_2023,Establishment Of Mitotic Spindle Orientation (GO:0000132),3/29,0.5490788132416771,0.804458024003711,0,0,1.0651205863808322,0.6385539469439991,ITGB1;PKHD1;GJA1
GO_Biological_Process_2023,Regulation Of Developmental Growth (GO:0048638),3/29,0.5490788132416771,0.804458024003711,0,0,1.0651205863808322,0.6385539469439991,GHR;OLFM1;DLL1
GO_Biological_Process_2023,Regulation Of Establishment Of Planar Polarity (GO:0090175),3/29,0.5490788132416771,0.804458024003711,0,0,1.0651205863808322,0.6385539469439991,PKHD1;PRICKLE2;WNT7A
GO_Biological_Process_2023,Regulation Of Voltage-Gated Calcium Channel Activity (GO:1901385),3/29,0.5490788132416771,0.804458024003711,0,0,1.0651205863808322,0.6385539469439991,PPP3CC;STAC;PDE4B
GO_Biological_Process_2023,Response To Steroid Hormone (GO:0048545),3/29,0.5490788132416771,0.804458024003711,0,0,1.0651205863808322,0.6385539469439991,CAV1;ATP1A2;NR3C1
GO_Biological_Process_2023,Negative Regulation Of Protein Localization (GO:1903828),4/40,0.5583047749394453,0.804458024003711,0,0,1.0256278831368528,0.5977874927713699,SPI1;NEDD4L;CORO2B;GPM6B
GO_Biological_Process_2023,Regulation Of Autophagosome Assembly (GO:2000785),4/40,0.5583047749394453,0.804458024003711,0,0,1.0256278831368528,0.5977874927713699,LRRK2;FEZ1;NUPR1;C9ORF72
GO_Biological_Process_2023,Regulation Of Cytokine-Mediated Signaling Pathway (GO:0001959),4/40,0.5583047749394453,0.804458024003711,0,0,1.0256278831368528,0.5977874927713699,CD74;PTPRC;TNFAIP3;GAS6
GO_Biological_Process_2023,Regulation Of Protein Dephosphorylation (GO:0035304),4/40,0.5583047749394453,0.804458024003711,0,0,1.0256278831368528,0.5977874927713699,PPP1R15A;PPP1R16B;CDH5;LILRB2
GO_Biological_Process_2023,Retinoid Metabolic Process (GO:0001523),4/40,0.5583047749394453,0.804458024003711,0,0,1.0256278831368528,0.5977874927713699,ADH1B;RARRES2;ALDH1A2;ALDH1A1
GO_Biological_Process_2023,Water-Soluble Vitamin Metabolic Process (GO:0006767),4/40,0.5583047749394453,0.804458024003711,0,0,1.0256278831368528,0.5977874927713699,VNN2;GSTO1;SLC19A3;SLC2A3
GO_Biological_Process_2023,Cdc42 Protein Signal Transduction (GO:0032488),1/8,0.5609136792761976,0.804458024003711,0,0,1.3187600526392746,0.762491573179107,RHOJ
GO_Biological_Process_2023,L-arginine Transmembrane Transport (GO:1903826),1/8,0.5609136792761976,0.804458024003711,0,0,1.3187600526392746,0.762491573179107,SLC7A7
GO_Biological_Process_2023,MyD88-independent Toll-Like Receptor Signaling Pathway (GO:0002756),1/8,0.5609136792761976,0.804458024003711,0,0,1.3187600526392746,0.762491573179107,TLR4
GO_Biological_Process_2023,Schwann Cell Development (GO:0014044),1/8,0.5609136792761976,0.804458024003711,0,0,1.3187600526392746,0.762491573179107,MYOC
GO_Biological_Process_2023,Acid Secretion (GO:0046717),1/8,0.5609136792761976,0.804458024003711,0,0,1.3187600526392746,0.762491573179107,GHRL
GO_Biological_Process_2023,Actin Filament Network Formation (GO:0051639),1/8,0.5609136792761976,0.804458024003711,0,0,1.3187600526392746,0.762491573179107,LCP1
GO_Biological_Process_2023,Alcohol Catabolic Process (GO:0046164),1/8,0.5609136792761976,0.804458024003711,0,0,1.3187600526392746,0.762491573179107,CYP27A1
GO_Biological_Process_2023,Androgen Biosynthetic Process (GO:0006702),1/8,0.5609136792761976,0.804458024003711,0,0,1.3187600526392746,0.762491573179107,HSD17B6
GO_Biological_Process_2023,Auditory Behavior (GO:0031223),1/8,0.5609136792761976,0.804458024003711,0,0,1.3187600526392746,0.762491573179107,SHANK3
GO_Biological_Process_2023,Basic Amino Acid Transmembrane Transport (GO:1990822),1/8,0.5609136792761976,0.804458024003711,0,0,1.3187600526392746,0.762491573179107,SLC7A7
GO_Biological_Process_2023,Bundle Of His Cell To Purkinje Myocyte Communication (GO:0086069),1/8,0.5609136792761976,0.804458024003711,0,0,1.3187600526392746,0.762491573179107,GJA5
GO_Biological_Process_2023,Cardioblast Differentiation (GO:0010002),1/8,0.5609136792761976,0.804458024003711,0,0,1.3187600526392746,0.762491573179107,NOTCH1
GO_Biological_Process_2023,Detection Of Mechanical Stimulus Involved In Sensory Perception Of Sound (GO:0050910),1/8,0.5609136792761976,0.804458024003711,0,0,1.3187600526392746,0.762491573179107,KIT
GO_Biological_Process_2023,Embryonic Placenta Development (GO:0001892),1/8,0.5609136792761976,0.804458024003711,0,0,1.3187600526392746,0.762491573179107,PDGFB
GO_Biological_Process_2023,Endochondral Ossification (GO:0001958),1/8,0.5609136792761976,0.804458024003711,0,0,1.3187600526392746,0.762491573179107,COL13A1
GO_Biological_Process_2023,Endosome To Melanosome Transport (GO:0035646),1/8,0.5609136792761976,0.804458024003711,0,0,1.3187600526392746,0.762491573179107,RAB32
GO_Biological_Process_2023,Endosome To Pigment Granule Transport (GO:0043485),1/8,0.5609136792761976,0.804458024003711,0,0,1.3187600526392746,0.762491573179107,RAB32
GO_Biological_Process_2023,Fat-Soluble Vitamin Catabolic Process (GO:0042363),1/8,0.5609136792761976,0.804458024003711,0,0,1.3187600526392746,0.762491573179107,CYP26B1
GO_Biological_Process_2023,"Fructose 1,6-Bisphosphate Metabolic Process (GO:0030388)",1/8,0.5609136792761976,0.804458024003711,0,0,1.3187600526392746,0.762491573179107,FBP1
GO_Biological_Process_2023,Glucan Metabolic Process (GO:0044042),1/8,0.5609136792761976,0.804458024003711,0,0,1.3187600526392746,0.762491573179107,PPP1R3C
GO_Biological_Process_2023,Glycerol Transmembrane Transport (GO:0015793),1/8,0.5609136792761976,0.804458024003711,0,0,1.3187600526392746,0.762491573179107,AQP9
GO_Biological_Process_2023,Immune Response-Inhibiting Cell Surface Receptor Signaling Pathway (GO:0002767),1/8,0.5609136792761976,0.804458024003711,0,0,1.3187600526392746,0.762491573179107,LILRB2
GO_Biological_Process_2023,Integrin Activation (GO:0033622),1/8,0.5609136792761976,0.804458024003711,0,0,1.3187600526392746,0.762491573179107,CXCL12
GO_Biological_Process_2023,Interleukin-12-Mediated Signaling Pathway (GO:0035722),1/8,0.5609136792761976,0.804458024003711,0,0,1.3187600526392746,0.762491573179107,IL12RB1
GO_Biological_Process_2023,Intestinal Epithelial Cell Differentiation (GO:0060575),1/8,0.5609136792761976,0.804458024003711,0,0,1.3187600526392746,0.762491573179107,GATA5
GO_Biological_Process_2023,Isoprenoid Metabolic Process (GO:0006720),1/8,0.5609136792761976,0.804458024003711,0,0,1.3187600526392746,0.762491573179107,PHYH
GO_Biological_Process_2023,Learned Vocalization Behavior Or Vocal Learning (GO:0098598),1/8,0.5609136792761976,0.804458024003711,0,0,1.3187600526392746,0.762491573179107,SHANK3
GO_Biological_Process_2023,Leptin-Mediated Signaling Pathway (GO:0033210),1/8,0.5609136792761976,0.804458024003711,0,0,1.3187600526392746,0.762491573179107,LEPR
GO_Biological_Process_2023,Maintenance Of Apical/Basal Cell Polarity (GO:0035090),1/8,0.5609136792761976,0.804458024003711,0,0,1.3187600526392746,0.762491573179107,WDR1
GO_Biological_Process_2023,Maintenance Of Epithelial Cell Apical/Basal Polarity (GO:0045199),1/8,0.5609136792761976,0.804458024003711,0,0,1.3187600526392746,0.762491573179107,WDR1
GO_Biological_Process_2023,Membrane Lipid Catabolic Process (GO:0046466),1/8,0.5609136792761976,0.804458024003711,0,0,1.3187600526392746,0.762491573179107,ENPP2
GO_Biological_Process_2023,Modification-Dependent Macromolecule Catabolic Process (GO:0043632),1/8,0.5609136792761976,0.804458024003711,0,0,1.3187600526392746,0.762491573179107,UBB
GO_Biological_Process_2023,Negative Regulation By Host Of Viral Genome Replication (GO:0044828),1/8,0.5609136792761976,0.804458024003711,0,0,1.3187600526392746,0.762491573179107,VAPA
GO_Biological_Process_2023,Negative Regulation Of T Cell Cytokine Production (GO:0002725),1/8,0.5609136792761976,0.804458024003711,0,0,1.3187600526392746,0.762491573179107,SMAD7
GO_Biological_Process_2023,Negative Regulation Of Glycoprotein Biosynthetic Process (GO:0010561),1/8,0.5609136792761976,0.804458024003711,0,0,1.3187600526392746,0.762491573179107,ITM2A
GO_Biological_Process_2023,Negative Regulation Of Membrane Potential (GO:0045837),1/8,0.5609136792761976,0.804458024003711,0,0,1.3187600526392746,0.762491573179107,RNF122
GO_Biological_Process_2023,Negative Regulation Of Oxidative Stress-Induced Neuron Death (GO:1903204),1/8,0.5609136792761976,0.804458024003711,0,0,1.3187600526392746,0.762491573179107,FBXO7
GO_Biological_Process_2023,Negative Regulation Of Platelet Aggregation (GO:0090331),1/8,0.5609136792761976,0.804458024003711,0,0,1.3187600526392746,0.762491573179107,CD9
GO_Biological_Process_2023,Negative Regulation Of Regulated Secretory Pathway (GO:1903306),1/8,0.5609136792761976,0.804458024003711,0,0,1.3187600526392746,0.762491573179107,RAP1A
GO_Biological_Process_2023,Negative Regulation Of Smooth Muscle Cell Differentiation (GO:0051151),1/8,0.5609136792761976,0.804458024003711,0,0,1.3187600526392746,0.762491573179107,PDGFB
GO_Biological_Process_2023,Negative Regulation Of Systemic Arterial Blood Pressure (GO:0003085),1/8,0.5609136792761976,0.804458024003711,0,0,1.3187600526392746,0.762491573179107,ADRB2
GO_Biological_Process_2023,Negative Regulation Of Transporter Activity (GO:0032410),1/8,0.5609136792761976,0.804458024003711,0,0,1.3187600526392746,0.762491573179107,SNCA
GO_Biological_Process_2023,Negative Regulation Of Ubiquitin Protein Ligase Activity (GO:1904667),1/8,0.5609136792761976,0.804458024003711,0,0,1.3187600526392746,0.762491573179107,RPL17
GO_Biological_Process_2023,Neuronal Ion Channel Clustering (GO:0045161),1/8,0.5609136792761976,0.804458024003711,0,0,1.3187600526392746,0.762491573179107,MYOC
GO_Biological_Process_2023,Nicotinamide Nucleotide Biosynthetic Process (GO:0019359),1/8,0.5609136792761976,0.804458024003711,0,0,1.3187600526392746,0.762491573179107,KYNU
GO_Biological_Process_2023,Nucleoside Diphosphate Metabolic Process (GO:0009132),1/8,0.5609136792761976,0.804458024003711,0,0,1.3187600526392746,0.762491573179107,RRM2B
GO_Biological_Process_2023,Peptidyl-Lysine Monomethylation (GO:0018026),1/8,0.5609136792761976,0.804458024003711,0,0,1.3187600526392746,0.762491573179107,SETD3
GO_Biological_Process_2023,Peripheral Nervous System Axon Ensheathment (GO:0032292),1/8,0.5609136792761976,0.804458024003711,0,0,1.3187600526392746,0.762491573179107,MYOC
GO_Biological_Process_2023,Peroxisomal Transport (GO:0043574),1/8,0.5609136792761976,0.804458024003711,0,0,1.3187600526392746,0.762491573179107,ZFAND6
GO_Biological_Process_2023,Phosphatidylglycerol Acyl-Chain Remodeling (GO:0036148),1/8,0.5609136792761976,0.804458024003711,0,0,1.3187600526392746,0.762491573179107,PLA2G4F
GO_Biological_Process_2023,Positive Regulation Of ATP Biosynthetic Process (GO:2001171),1/8,0.5609136792761976,0.804458024003711,0,0,1.3187600526392746,0.762491573179107,PPARGC1A
GO_Biological_Process_2023,"Positive Regulation Of CD8-positive, Alpha-Beta T Cell Activation (GO:2001187)",1/8,0.5609136792761976,0.804458024003711,0,0,1.3187600526392746,0.762491573179107,HLA-E
GO_Biological_Process_2023,Positive Regulation Of Blood Pressure (GO:0045777),1/8,0.5609136792761976,0.804458024003711,0,0,1.3187600526392746,0.762491573179107,ID2
GO_Biological_Process_2023,Positive Regulation Of Dendritic Spine Morphogenesis (GO:0061003),1/8,0.5609136792761976,0.804458024003711,0,0,1.3187600526392746,0.762491573179107,RELN
GO_Biological_Process_2023,Positive Regulation Of Epithelial Cell Proliferation Involved In Wound Healing (GO:0060054),1/8,0.5609136792761976,0.804458024003711,0,0,1.3187600526392746,0.762491573179107,WNT7A
GO_Biological_Process_2023,Positive Regulation Of Inositol Phosphate Biosynthetic Process (GO:0060732),1/8,0.5609136792761976,0.804458024003711,0,0,1.3187600526392746,0.762491573179107,SNCA
GO_Biological_Process_2023,Positive Regulation Of Macrophage Cytokine Production (GO:0060907),1/8,0.5609136792761976,0.804458024003711,0,0,1.3187600526392746,0.762491573179107,LAPTM5
GO_Biological_Process_2023,Positive Regulation Of Membrane Invagination (GO:1905155),1/8,0.5609136792761976,0.804458024003711,0,0,1.3187600526392746,0.762491573179107,C3
GO_Biological_Process_2023,Positive Regulation Of Respiratory Burst (GO:0060267),1/8,0.5609136792761976,0.804458024003711,0,0,1.3187600526392746,0.762491573179107,CLEC7A
GO_Biological_Process_2023,Positive Regulation Of Smooth Muscle Cell Apoptotic Process (GO:0034393),1/8,0.5609136792761976,0.804458024003711,0,0,1.3187600526392746,0.762491573179107,PPARG
GO_Biological_Process_2023,Positive Regulation Of Synapse Maturation (GO:0090129),1/8,0.5609136792761976,0.804458024003711,0,0,1.3187600526392746,0.762491573179107,RELN
GO_Biological_Process_2023,Proline Transport (GO:0015824),1/8,0.5609136792761976,0.804458024003711,0,0,1.3187600526392746,0.762491573179107,SLC3A2
GO_Biological_Process_2023,Protein Hexamerization (GO:0034214),1/8,0.5609136792761976,0.804458024003711,0,0,1.3187600526392746,0.762491573179107,LRRC8C
GO_Biological_Process_2023,Pyrimidine-Containing Compound Catabolic Process (GO:0072529),1/8,0.5609136792761976,0.804458024003711,0,0,1.3187600526392746,0.762491573179107,DPYSL2
GO_Biological_Process_2023,Pyrimidine-Containing Compound Metabolic Process (GO:0072527),1/8,0.5609136792761976,0.804458024003711,0,0,1.3187600526392746,0.762491573179107,SLC19A3
GO_Biological_Process_2023,Regulation Of ER-associated Ubiquitin-Dependent Protein Catabolic Process (GO:1903069),1/8,0.5609136792761976,0.804458024003711,0,0,1.3187600526392746,0.762491573179107,CAV1
GO_Biological_Process_2023,"Regulation Of Complement Activation, Classical Pathway (GO:0030450)",1/8,0.5609136792761976,0.804458024003711,0,0,1.3187600526392746,0.762491573179107,SVEP1
GO_Biological_Process_2023,Regulation Of Generation Of Precursor Metabolites And Energy (GO:0043467),1/8,0.5609136792761976,0.804458024003711,0,0,1.3187600526392746,0.762491573179107,PGAM1
GO_Biological_Process_2023,Regulation Of Glucan Biosynthetic Process (GO:0010962),1/8,0.5609136792761976,0.804458024003711,0,0,1.3187600526392746,0.762491573179107,PPP1R3C
GO_Biological_Process_2023,Regulation Of Interleukin-23 Production (GO:0032667),1/8,0.5609136792761976,0.804458024003711,0,0,1.3187600526392746,0.762491573179107,TLR4
GO_Biological_Process_2023,Regulation Of Lysosomal Protein Catabolic Process (GO:1905165),1/8,0.5609136792761976,0.804458024003711,0,0,1.3187600526392746,0.762491573179107,LDLR
GO_Biological_Process_2023,Regulation Of Mitotic Sister Chromatid Segregation (GO:0033047),1/8,0.5609136792761976,0.804458024003711,0,0,1.3187600526392746,0.762491573179107,DUSP1
GO_Biological_Process_2023,Regulation Of Pattern Recognition Receptor Signaling Pathway (GO:0062207),1/8,0.5609136792761976,0.804458024003711,0,0,1.3187600526392746,0.762491573179107,CD36
GO_Biological_Process_2023,Regulation Of Pinocytosis (GO:0048548),1/8,0.5609136792761976,0.804458024003711,0,0,1.3187600526392746,0.762491573179107,CAV1
GO_Biological_Process_2023,Regulation Of Protein ADP-ribosylation (GO:0010835),1/8,0.5609136792761976,0.804458024003711,0,0,1.3187600526392746,0.762491573179107,TINF2
GO_Biological_Process_2023,Regulation Of Toll-Like Receptor 3 Signaling Pathway (GO:0034139),1/8,0.5609136792761976,0.804458024003711,0,0,1.3187600526392746,0.762491573179107,TNFAIP3
GO_Biological_Process_2023,Regulation Of Type B Pancreatic Cell Development (GO:2000074),1/8,0.5609136792761976,0.804458024003711,0,0,1.3187600526392746,0.762491573179107,BAD
GO_Biological_Process_2023,Regulation Of Urine Volume (GO:0035809),1/8,0.5609136792761976,0.804458024003711,0,0,1.3187600526392746,0.762491573179107,HYAL2
GO_Biological_Process_2023,Regulation Of Vesicle Fusion (GO:0031338),1/8,0.5609136792761976,0.804458024003711,0,0,1.3187600526392746,0.762491573179107,ANXA2
GO_Biological_Process_2023,Response To Leptin (GO:0044321),1/8,0.5609136792761976,0.804458024003711,0,0,1.3187600526392746,0.762491573179107,LEPR
GO_Biological_Process_2023,Response To Vitamin (GO:0033273),1/8,0.5609136792761976,0.804458024003711,0,0,1.3187600526392746,0.762491573179107,KYNU
GO_Biological_Process_2023,Response To Vitamin D (GO:0033280),1/8,0.5609136792761976,0.804458024003711,0,0,1.3187600526392746,0.762491573179107,SFRP1
GO_Biological_Process_2023,Skeletal Myofibril Assembly (GO:0014866),1/8,0.5609136792761976,0.804458024003711,0,0,1.3187600526392746,0.762491573179107,MYH11
GO_Biological_Process_2023,Somite Development (GO:0061053),1/8,0.5609136792761976,0.804458024003711,0,0,1.3187600526392746,0.762491573179107,MEOX1
GO_Biological_Process_2023,Sympathetic Ganglion Development (GO:0061549),1/8,0.5609136792761976,0.804458024003711,0,0,1.3187600526392746,0.762491573179107,NELL2
GO_Biological_Process_2023,Negative Regulation Of Catabolic Process (GO:0009895),7/72,0.5641625424271504,0.8062823100992266,0,0,0.9939977886589796,0.5689771301723515,IL1B;PDE3B;APOC1;NUPR1;TNF;FBP1;RPL17
GO_Biological_Process_2023,Protein Stabilization (GO:0050821),20/208,0.5655941868897356,0.8062823100992266,0,0,0.9817472098521084,0.5594765706130606,CRTAP;WFS1;PYHIN1;APOA1;ANK2;ATP1B3;IGF1;CLU;RTN4;SMAD7;RASSF2;TYROBP;SOX17;TMEM88;GNAQ;TCP1;MSX1;PPARGC1A;CRYAB;RPL17
GO_Biological_Process_2023,Regulated Exocytosis (GO:0045055),5/51,0.5660883197380361,0.8062823100992266,0,0,1.003288740245262,0.5708764812179083,SYNGR1;SYT11;PLEK;SYT15;SNCA
GO_Biological_Process_2023,Regulation Of Smoothened Signaling Pathway (GO:0008589),5/51,0.5660883197380361,0.8062823100992266,0,0,1.003288740245262,0.5708764812179083,SFRP1;HHIP;GPC3;PDCL;GAS1
GO_Biological_Process_2023,Regulation Of Telomere Maintenance Via Telomerase (GO:0032210),5/51,0.5660883197380361,0.8062823100992266,0,0,1.003288740245262,0.5708764812179083,TINF2;TCP1;STON1;MAPK1;ATR
GO_Biological_Process_2023,Arp2/3 Complex-Mediated Actin Nucleation (GO:0034314),2/19,0.5668836052554892,0.8062823100992266,0,0,1.0859913858016326,0.6164100985474091,ARPC1B;IQGAP2
GO_Biological_Process_2023,DNA Catabolic Process (GO:0006308),2/19,0.5668836052554892,0.8062823100992266,0,0,1.0859913858016326,0.6164100985474091,DNASE2B;DNASE1L3
GO_Biological_Process_2023,Bicarbonate Transport (GO:0015701),2/19,0.5668836052554892,0.8062823100992266,0,0,1.0859913858016326,0.6164100985474091,SLC39A8;CFTR
GO_Biological_Process_2023,Chondroitin Sulfate Proteoglycan Biosynthetic Process (GO:0050650),2/19,0.5668836052554892,0.8062823100992266,0,0,1.0859913858016326,0.6164100985474091,CHST9;CHST7
GO_Biological_Process_2023,Dopaminergic Neuron Differentiation (GO:0071542),2/19,0.5668836052554892,0.8062823100992266,0,0,1.0859913858016326,0.6164100985474091,NR4A2;WNT2
GO_Biological_Process_2023,Eye Morphogenesis (GO:0048592),2/19,0.5668836052554892,0.8062823100992266,0,0,1.0859913858016326,0.6164100985474091,MFAP5;EFEMP1
GO_Biological_Process_2023,Insulin Secretion (GO:0030073),2/19,0.5668836052554892,0.8062823100992266,0,0,1.0859913858016326,0.6164100985474091,PTPRN2;KLRG1
GO_Biological_Process_2023,Interleukin-1-Mediated Signaling Pathway (GO:0070498),2/19,0.5668836052554892,0.8062823100992266,0,0,1.0859913858016326,0.6164100985474091,IL1B;MAP3K7
GO_Biological_Process_2023,Negative Regulation Of Fatty Acid Metabolic Process (GO:0045922),2/19,0.5668836052554892,0.8062823100992266,0,0,1.0859913858016326,0.6164100985474091,ACADVL;APOC1
GO_Biological_Process_2023,Negative Regulation Of Telomere Maintenance Via Telomerase (GO:0032211),2/19,0.5668836052554892,0.8062823100992266,0,0,1.0859913858016326,0.6164100985474091,TINF2;STON1
GO_Biological_Process_2023,Oligodendrocyte Differentiation (GO:0048709),2/19,0.5668836052554892,0.8062823100992266,0,0,1.0859913858016326,0.6164100985474091,SLC8A3;TPPP
GO_Biological_Process_2023,Phosphatidylcholine Biosynthetic Process (GO:0006656),2/19,0.5668836052554892,0.8062823100992266,0,0,1.0859913858016326,0.6164100985474091,APOA1;CHPT1
GO_Biological_Process_2023,Pore Complex Assembly (GO:0046931),2/19,0.5668836052554892,0.8062823100992266,0,0,1.0859913858016326,0.6164100985474091,BAD;RTN4
GO_Biological_Process_2023,Positive Regulation Of Activated T Cell Proliferation (GO:0042104),2/19,0.5668836052554892,0.8062823100992266,0,0,1.0859913858016326,0.6164100985474091,IGF1;IL12RB1
GO_Biological_Process_2023,Regulation Of Early Endosome To Late Endosome Transport (GO:2000641),2/19,0.5668836052554892,0.8062823100992266,0,0,1.0859913858016326,0.6164100985474091,DAB2;MAPK1
GO_Biological_Process_2023,Regulation Of Fibroblast Growth Factor Receptor Signaling Pathway (GO:0040036),2/19,0.5668836052554892,0.8062823100992266,0,0,1.0859913858016326,0.6164100985474091,SPRY1;FGF2
GO_Biological_Process_2023,Regulation Of Protein-Containing Complex Disassembly (GO:0043244),2/19,0.5668836052554892,0.8062823100992266,0,0,1.0859913858016326,0.6164100985474091,SLN;TNF
GO_Biological_Process_2023,Regulation Of Transcription Involved In G1/S Transition Of Mitotic Cell Cycle (GO:0000083),2/19,0.5668836052554892,0.8062823100992266,0,0,1.0859913858016326,0.6164100985474091,RB1;ID2
GO_Biological_Process_2023,Release Of Cytochrome C From Mitochondria (GO:0001836),2/19,0.5668836052554892,0.8062823100992266,0,0,1.0859913858016326,0.6164100985474091,CLU;MCL1
GO_Biological_Process_2023,Embryonic Skeletal System Morphogenesis (GO:0048704),3/30,0.5726854311965951,0.8129639228296018,0,0,1.025614754098361,0.5716968416078136,PDGFRA;HOXA4;TGFBR2
GO_Biological_Process_2023,Extrinsic Apoptotic Signaling Pathway Via Death Domain Receptors (GO:0008625),3/30,0.5726854311965951,0.8129639228296018,0,0,1.025614754098361,0.5716968416078136,SPI1;DDX47;TNF
GO_Biological_Process_2023,Positive Regulation Of Interleukin-10 Production (GO:0032733),3/30,0.5726854311965951,0.8129639228296018,0,0,1.025614754098361,0.5716968416078136,IL6;CLEC7A;TLR4
GO_Biological_Process_2023,Protein Palmitoylation (GO:0018345),3/30,0.5726854311965951,0.8129639228296018,0,0,1.025614754098361,0.5716968416078136,ZDHHC19;ZDHHC2;GLUL
GO_Biological_Process_2023,Regulation Of Dendritic Spine Morphogenesis (GO:0061001),3/30,0.5726854311965951,0.8129639228296018,0,0,1.025614754098361,0.5716968416078136,RELN;LRRK2;SHANK3
GO_Biological_Process_2023,Phosphatidylinositol-Mediated Signaling (GO:0048015),6/62,0.5729629201200132,0.8129639228296018,0,0,0.988913728652056,0.5507599516848817,PDGFRA;EDN1;INPP5A;PLCE1;GAB2;IGF1
GO_Biological_Process_2023,Protein-Containing Complex Disassembly (GO:0032984),6/62,0.5729629201200132,0.8129639228296018,0,0,0.988913728652056,0.5507599516848817,FRAT1;MAP1LC3C;LIX1L;CHMP6;RPL17;CHMP5
GO_Biological_Process_2023,Sphingolipid Metabolic Process (GO:0006665),9/94,0.5771962295912632,0.8186884537487648,0,0,0.9772081494468292,0.5370471990162098,B3GALNT1;SPTLC1;SPTLC3;ALDH3B1;ENPP2;SERINC1;PRKD1;ST6GALNAC3;ST6GALNAC6
GO_Biological_Process_2023,Cellular Response To Retinoic Acid (GO:0071300),4/41,0.5783847420128546,0.8200918252498961,0,0,0.997852798980426,0.5463403612434077,FZD4;WNT3A;WNT2;AQP1
GO_Biological_Process_2023,Monocarboxylic Acid Transport (GO:0015718),7/73,0.5791925295648185,0.8209545868126247,0,0,0.9788827702072056,0.5345877872180567,RBP7;FABP4;FABP5;SLCO2B1;SLC16A6;SLC6A12;ABCG2
GO_Biological_Process_2023,Cellular Response To Starvation (GO:0009267),12/126,0.5821174320793402,0.8238701672543856,0,0,0.971422379933364,0.5256202116366574,KLF10;GABARAPL1;SFRP1;IMPACT;RRAGB;MAP1LC3C;SESN1;LRRK2;PDK4;PCSK9;MAPK1;PRKD1
GO_Biological_Process_2023,Rho Protein Signal Transduction (GO:0007266),5/52,0.5838412192693239,0.8238701672543856,0,0,0.9818876159301692,0.5283794691968203,RHOJ;PDPN;AGTR1;CDH13;CTNNAL1
GO_Biological_Process_2023,Adenylate Cyclase-Inhibiting G Protein-Coupled Receptor Signaling Pathway (GO:0007193),5/52,0.5838412192693239,0.8238701672543856,0,0,0.9818876159301692,0.5283794691968203,AKAP12;MARCO;PDE2A;ADCY4;GNAI1
GO_Biological_Process_2023,Regulation Of Protein Localization To Nucleus (GO:1900180),5/52,0.5838412192693239,0.8238701672543856,0,0,0.9818876159301692,0.5283794691968203,TFRC;LIMK2;PYHIN1;GLUL;JAK1
GO_Biological_Process_2023,Regulation Of Proteolysis (GO:0030162),5/52,0.5838412192693239,0.8238701672543856,0,0,0.9818876159301692,0.5283794691968203,CSTA;BAD;CAV1;CAPN3;FGFR4
GO_Biological_Process_2023,Regulation Of Cellular Catabolic Process (GO:0031329),6/63,0.589031231071924,0.8238701672543856,0,0,0.9715103561880588,0.5141971860515162,LRRK2;LAMP3;DAPK2;ITPR1;NUPR1;C9ORF72
GO_Biological_Process_2023,Positive Regulation Of Transcription By RNA Polymerase II (GO:0045944),90/938,0.5923636864029336,0.8238701672543856,0,0,0.9786344782234812,0.5124467733235429,ACVRL1;CSF3;SPI1;SETD3;THRA;CITED2;TCF21;LDB2;NR3C1;MEOX2;ETS1;FGF2;TNF;ETS2;HHEX;HEY1;SOX17;SOX18;HYAL2;HEY2;JUNB;HOXA5;GABPA;KLF10;SS18;EDN1;ANXA2;SLC11A1;LMO2;UBE2E1;MITF;LMO7;FOS;KLF15;DCN;PLSCR1;NR5A2;IRF1;IRF8;HCLS1;CDH13;PPARG;PRKD1;ZFPM2;TLR4;ATF3;ENG;CEBPA;NOTCH1;BEX1;MAX;EPAS1;PLA2G1B;NOTCH4;GATA5;GATA2;DLL1;PLAGL1;ATOH8;NLRP3;CYTL1;PPARGC1A;WNT2;PPARGC1B;EGR1;IL33;JUN;EGR2;FOXF2;FOXF1;WNT3A;MCRS1;CNBP;OSM;WNT7A;IGF1;KLF4;MEIS2;TBX3;BMP6;KLF2;BMP5;NR4A2;NR4A1;BMP2;IL6;DAB2;KLF6;MEIS1;NFIA
GO_Biological_Process_2023,Activation Of Adenylate Cyclase Activity (GO:0007190),2/20,0.5953998286989736,0.8238701672543856,0,0,1.0256016385048643,0.5317971339325472,EDNRA;ADRB2
GO_Biological_Process_2023,Ameboidal-Type Cell Migration (GO:0001667),2/20,0.5953998286989736,0.8238701672543856,0,0,1.0256016385048643,0.5317971339325472,PDLIM1;GPC3
GO_Biological_Process_2023,Glutamate Metabolic Process (GO:0006536),2/20,0.5953998286989736,0.8238701672543856,0,0,1.0256016385048643,0.5317971339325472,GGT1;GLUL
GO_Biological_Process_2023,Intracellular Monoatomic Ion Homeostasis (GO:0006873),2/20,0.5953998286989736,0.8238701672543856,0,0,1.0256016385048643,0.5317971339325472,SLC39A8;LETMD1
GO_Biological_Process_2023,Late Endosome To Vacuole Transport (GO:0045324),2/20,0.5953998286989736,0.8238701672543856,0,0,1.0256016385048643,0.5317971339325472,CHMP6;CHMP5
GO_Biological_Process_2023,Mesoderm Formation (GO:0001707),2/20,0.5953998286989736,0.8238701672543856,0,0,1.0256016385048643,0.5317971339325472,ITGB1;ITGA8
GO_Biological_Process_2023,Negative Regulation Of miRNA Transcription (GO:1902894),2/20,0.5953998286989736,0.8238701672543856,0,0,1.0256016385048643,0.5317971339325472,PDGFB;PPARG
GO_Biological_Process_2023,Positive Regulation Of Antigen Receptor-Mediated Signaling Pathway (GO:0050857),2/20,0.5953998286989736,0.8238701672543856,0,0,1.0256016385048643,0.5317971339325472,PRKCH;PTPRC
GO_Biological_Process_2023,Positive Regulation Of Lipid Catabolic Process (GO:0050996),2/20,0.5953998286989736,0.8238701672543856,0,0,1.0256016385048643,0.5317971339325472,IL1B;ABHD5
GO_Biological_Process_2023,Regulation Of Mitotic Spindle Assembly (GO:1901673),2/20,0.5953998286989736,0.8238701672543856,0,0,1.0256016385048643,0.5317971339325472,CHMP6;CHMP5
GO_Biological_Process_2023,Regulation Of Toll-Like Receptor Signaling Pathway (GO:0034121),2/20,0.5953998286989736,0.8238701672543856,0,0,1.0256016385048643,0.5317971339325472,IRF1;CD36
GO_Biological_Process_2023,Stress-Activated Protein Kinase Signaling Cascade (GO:0031098),2/20,0.5953998286989736,0.8238701672543856,0,0,1.0256016385048643,0.5317971339325472,MAPK1;MAP3K7
GO_Biological_Process_2023,B Cell Proliferation (GO:0042100),3/31,0.5955059487748385,0.8238701672543856,0,0,0.9889307669789228,0.5126062312685534,IFNA14;PTPRC;IFNA10
GO_Biological_Process_2023,Central Nervous System Neuron Differentiation (GO:0021953),3/31,0.5955059487748385,0.8238701672543856,0,0,0.9889307669789228,0.5126062312685534,NR4A2;NTRK2;KNDC1
GO_Biological_Process_2023,Glutamine Family Amino Acid Metabolic Process (GO:0009064),3/31,0.5955059487748385,0.8238701672543856,0,0,0.9889307669789228,0.5126062312685534,SLC39A8;GGT1;ART4
GO_Biological_Process_2023,Negative Regulation Of Microtubule Polymerization Or Depolymerization (GO:0031111),3/31,0.5955059487748385,0.8238701672543856,0,0,0.9889307669789228,0.5126062312685534,CDH5;CLASP2;SNCA
GO_Biological_Process_2023,Phospholipid Translocation (GO:0045332),3/31,0.5955059487748385,0.8238701672543856,0,0,0.9889307669789228,0.5126062312685534,PLSCR1;ABCB1;PLSCR4
GO_Biological_Process_2023,Positive Regulation Of Lamellipodium Organization (GO:1902745),3/31,0.5955059487748385,0.8238701672543856,0,0,0.9889307669789228,0.5126062312685534,ENPP2;RAC2;PLCE1
GO_Biological_Process_2023,Triglyceride Homeostasis (GO:0070328),3/31,0.5955059487748385,0.8238701672543856,0,0,0.9889307669789228,0.5126062312685534,CETP;APOA1;LCP1
GO_Biological_Process_2023,Lysosome Localization (GO:0032418),4/42,0.5979321843595461,0.8238701672543856,0,0,0.9715395613585476,0.499641359914079,GRP;KIT;FCER1A;MAP6
GO_Biological_Process_2023,Modulation By Host Of Symbiont Process (GO:0051851),4/42,0.5979321843595461,0.8238701672543856,0,0,0.9715395613585476,0.499641359914079,CX3CR1;JUN;CCL5;CCL3
GO_Biological_Process_2023,Negative Regulation Of I-kappaB kinase/NF-kappaB Signaling (GO:0043124),4/42,0.5979321843595461,0.8238701672543856,0,0,0.9715395613585476,0.499641359914079,PPM1A;TNFAIP3;SLC39A8;ARRB2
GO_Biological_Process_2023,Organic Hydroxy Compound Biosynthetic Process (GO:1901617),4/42,0.5979321843595461,0.8238701672543856,0,0,0.9715395613585476,0.499641359914079,CYP27A1;CYP39A1;CH25H;ALOX15
GO_Biological_Process_2023,Regulation Of Axonogenesis (GO:0050770),4/42,0.5979321843595461,0.8238701672543856,0,0,0.9715395613585476,0.499641359914079,NTRK2;CHN1;MAP6;SLIT2
GO_Biological_Process_2023,Epidermis Development (GO:0008544),8/85,0.5986725446173468,0.8238701672543856,0,0,0.9588110913226476,0.4919089221130368,SCEL;FABP5;LAMA3;EMP1;SVEP1;ATP2C1;DLL1;HLA-DRB1
GO_Biological_Process_2023,Protein Maturation (GO:0051604),11/117,0.6000611516307424,0.8238701672543856,0,0,0.9576102570075316,0.4890742627858098,SRGN;CPM;MME;CPXM2;GZMA;NNAT;CASP1;NLRP3;GZMB;CTSG;CTSS
GO_Biological_Process_2023,Actin Cytoskeleton Reorganization (GO:0031532),5/53,0.6011934882395279,0.8238701672543856,0,0,0.9613782051282052,0.489186198100783,PLEK;KIT;NEDD9;PHACTR1;ATP2C1
GO_Biological_Process_2023,Carboxylic Acid Transport (GO:0046942),5/53,0.6011934882395279,0.8238701672543856,0,0,0.9613782051282052,0.489186198100783,SLC43A2;PDPN;SLC16A6;SLC6A12;SLC3A2
GO_Biological_Process_2023,ESCRT III Complex Disassembly (GO:1904903),1/9,0.6038514287305147,0.8238701672543856,0,0,1.153851074718526,0.5820337401768185,CHMP5
GO_Biological_Process_2023,ESCRT Complex Disassembly (GO:1904896),1/9,0.6038514287305147,0.8238701672543856,0,0,1.153851074718526,0.5820337401768185,CHMP5
GO_Biological_Process_2023,NAD Biosynthesis Via Nicotinamide Riboside Salvage Pathway (GO:0034356),1/9,0.6038514287305147,0.8238701672543856,0,0,1.153851074718526,0.5820337401768185,PTGIS
GO_Biological_Process_2023,[2Fe-2S] Cluster Assembly (GO:0044571),1/9,0.6038514287305147,0.8238701672543856,0,0,1.153851074718526,0.5820337401768185,NFS1
GO_Biological_Process_2023,Amino Sugar Metabolic Process (GO:0006040),1/9,0.6038514287305147,0.8238701672543856,0,0,1.153851074718526,0.5820337401768185,ST3GAL1
GO_Biological_Process_2023,Aspartate Transmembrane Transport (GO:0015810),1/9,0.6038514287305147,0.8238701672543856,0,0,1.153851074718526,0.5820337401768185,SLC1A1
GO_Biological_Process_2023,Axon Regeneration (GO:0031103),1/9,0.6038514287305147,0.8238701672543856,0,0,1.153851074718526,0.5820337401768185,FOLR1
GO_Biological_Process_2023,cAMP Biosynthetic Process (GO:0006171),1/9,0.6038514287305147,0.8238701672543856,0,0,1.153851074718526,0.5820337401768185,ADCY4
GO_Biological_Process_2023,Calcium Ion Transport Into Cytosol (GO:0060402),1/9,0.6038514287305147,0.8238701672543856,0,0,1.153851074718526,0.5820337401768185,JPH2
GO_Biological_Process_2023,Camera-Type Eye Morphogenesis (GO:0048593),1/9,0.6038514287305147,0.8238701672543856,0,0,1.153851074718526,0.5820337401768185,TBX2
GO_Biological_Process_2023,Carbohydrate Phosphorylation (GO:0046835),1/9,0.6038514287305147,0.8238701672543856,0,0,1.153851074718526,0.5820337401768185,HK3
GO_Biological_Process_2023,Cell Differentiation Involved In Metanephros Development (GO:0072202),1/9,0.6038514287305147,0.8238701672543856,0,0,1.153851074718526,0.5820337401768185,TCF21
GO_Biological_Process_2023,Dicarboxylic Acid Biosynthetic Process (GO:0043650),1/9,0.6038514287305147,0.8238701672543856,0,0,1.153851074718526,0.5820337401768185,KYNU
GO_Biological_Process_2023,Dopamine Transport (GO:0015872),1/9,0.6038514287305147,0.8238701672543856,0,0,1.153851074718526,0.5820337401768185,SLC22A3
GO_Biological_Process_2023,Endodermal Cell Fate Commitment (GO:0001711),1/9,0.6038514287305147,0.8238701672543856,0,0,1.153851074718526,0.5820337401768185,SOX17
GO_Biological_Process_2023,Error-Prone Translesion Synthesis (GO:0042276),1/9,0.6038514287305147,0.8238701672543856,0,0,1.153851074718526,0.5820337401768185,REV3L
GO_Biological_Process_2023,Fructose 6-Phosphate Metabolic Process (GO:0006002),1/9,0.6038514287305147,0.8238701672543856,0,0,1.153851074718526,0.5820337401768185,HK3
GO_Biological_Process_2023,Glucan Biosynthetic Process (GO:0009250),1/9,0.6038514287305147,0.8238701672543856,0,0,1.153851074718526,0.5820337401768185,PPP1R3C
GO_Biological_Process_2023,Glycogen Biosynthetic Process (GO:0005978),1/9,0.6038514287305147,0.8238701672543856,0,0,1.153851074718526,0.5820337401768185,PPP1R3C
GO_Biological_Process_2023,High-Density Lipoprotein Particle Assembly (GO:0034380),1/9,0.6038514287305147,0.8238701672543856,0,0,1.153851074718526,0.5820337401768185,APOA1
GO_Biological_Process_2023,Histone Ubiquitination (GO:0016574),1/9,0.6038514287305147,0.8238701672543856,0,0,1.153851074718526,0.5820337401768185,UBE2E1
GO_Biological_Process_2023,Hormone Transport (GO:0009914),1/9,0.6038514287305147,0.8238701672543856,0,0,1.153851074718526,0.5820337401768185,SLC3A2
GO_Biological_Process_2023,Lipid Import Into Cell (GO:0140354),1/9,0.6038514287305147,0.8238701672543856,0,0,1.153851074718526,0.5820337401768185,CD36
GO_Biological_Process_2023,Long-Chain Fatty Acid Import Into Cell (GO:0044539),1/9,0.6038514287305147,0.8238701672543856,0,0,1.153851074718526,0.5820337401768185,CD36
GO_Biological_Process_2023,Microtubule Anchoring (GO:0034453),1/9,0.6038514287305147,0.8238701672543856,0,0,1.153851074718526,0.5820337401768185,CLASP2
GO_Biological_Process_2023,Mitochondrial DNA Replication (GO:0006264),1/9,0.6038514287305147,0.8238701672543856,0,0,1.153851074718526,0.5820337401768185,RRM2B
GO_Biological_Process_2023,Mitochondrial Ribosome Assembly (GO:0061668),1/9,0.6038514287305147,0.8238701672543856,0,0,1.153851074718526,0.5820337401768185,NGRN
GO_Biological_Process_2023,Motor Neuron Axon Guidance (GO:0008045),1/9,0.6038514287305147,0.8238701672543856,0,0,1.153851074718526,0.5820337401768185,SLIT2
GO_Biological_Process_2023,Muscle Cell Fate Commitment (GO:0042693),1/9,0.6038514287305147,0.8238701672543856,0,0,1.153851074718526,0.5820337401768185,TBX2
GO_Biological_Process_2023,Myeloid Dendritic Cell Differentiation (GO:0043011),1/9,0.6038514287305147,0.8238701672543856,0,0,1.153851074718526,0.5820337401768185,TGFBR2
GO_Biological_Process_2023,Necroptotic Process (GO:0070266),1/9,0.6038514287305147,0.8238701672543856,0,0,1.153851074718526,0.5820337401768185,MLKL
GO_Biological_Process_2023,Negative Regulation Of Establishment Of Protein Localization (GO:1904950),1/9,0.6038514287305147,0.8238701672543856,0,0,1.153851074718526,0.5820337401768185,PPM1F
GO_Biological_Process_2023,Negative Regulation Of Lymphocyte Apoptotic Process (GO:0070229),1/9,0.6038514287305147,0.8238701672543856,0,0,1.153851074718526,0.5820337401768185,CCL5
GO_Biological_Process_2023,Negative Regulation Of Muscle Cell Apoptotic Process (GO:0010656),1/9,0.6038514287305147,0.8238701672543856,0,0,1.153851074718526,0.5820337401768185,IGF1
GO_Biological_Process_2023,Negative Regulation Of Receptor Binding (GO:1900121),1/9,0.6038514287305147,0.8238701672543856,0,0,1.153851074718526,0.5820337401768185,PCSK9
GO_Biological_Process_2023,Negative Regulation Of Transforming Growth Factor Beta Production (GO:0071635),1/9,0.6038514287305147,0.8238701672543856,0,0,1.153851074718526,0.5820337401768185,TYROBP
GO_Biological_Process_2023,Negative Regulation Of Tyrosine Phosphorylation Of STAT Protein (GO:0042532),1/9,0.6038514287305147,0.8238701672543856,0,0,1.153851074718526,0.5820337401768185,SOCS3
GO_Biological_Process_2023,Nerve Growth Factor Signaling Pathway (GO:0038180),1/9,0.6038514287305147,0.8238701672543856,0,0,1.153851074718526,0.5820337401768185,RAP1A
GO_Biological_Process_2023,Neuron Projection Regeneration (GO:0031102),1/9,0.6038514287305147,0.8238701672543856,0,0,1.153851074718526,0.5820337401768185,FOLR1
GO_Biological_Process_2023,Nucleoside Metabolic Process (GO:0009116),1/9,0.6038514287305147,0.8238701672543856,0,0,1.153851074718526,0.5820337401768185,NME5
GO_Biological_Process_2023,Organic Hydroxy Compound Catabolic Process (GO:1901616),1/9,0.6038514287305147,0.8238701672543856,0,0,1.153851074718526,0.5820337401768185,HSD17B6
GO_Biological_Process_2023,Ornithine Metabolic Process (GO:0006591),1/9,0.6038514287305147,0.8238701672543856,0,0,1.153851074718526,0.5820337401768185,OTC
GO_Biological_Process_2023,Peptidyl-Lysine Dimethylation (GO:0018027),1/9,0.6038514287305147,0.8238701672543856,0,0,1.153851074718526,0.5820337401768185,SETD3
GO_Biological_Process_2023,Peptidyl-Serine Dephosphorylation (GO:0070262),1/9,0.6038514287305147,0.8238701672543856,0,0,1.153851074718526,0.5820337401768185,PPM1F
GO_Biological_Process_2023,Phosphatidylcholine Catabolic Process (GO:0034638),1/9,0.6038514287305147,0.8238701672543856,0,0,1.153851074718526,0.5820337401768185,PLA2G5
GO_Biological_Process_2023,Phosphatidylethanolamine Acyl-Chain Remodeling (GO:0036152),1/9,0.6038514287305147,0.8238701672543856,0,0,1.153851074718526,0.5820337401768185,PLA2G4C
GO_Biological_Process_2023,Pinocytosis (GO:0006907),1/9,0.6038514287305147,0.8238701672543856,0,0,1.153851074718526,0.5820337401768185,DOCK2
GO_Biological_Process_2023,Positive Regulation Of ATP Metabolic Process (GO:1903580),1/9,0.6038514287305147,0.8238701672543856,0,0,1.153851074718526,0.5820337401768185,PPARGC1A
GO_Biological_Process_2023,Positive Regulation Of RIG-I Signaling Pathway (GO:1900246),1/9,0.6038514287305147,0.8238701672543856,0,0,1.153851074718526,0.5820337401768185,OASL
GO_Biological_Process_2023,Positive Regulation Of RNA Biosynthetic Process (GO:1902680),1/9,0.6038514287305147,0.8238701672543856,0,0,1.153851074718526,0.5820337401768185,IL1B
GO_Biological_Process_2023,Positive Regulation Of T Cell Apoptotic Process (GO:0070234),1/9,0.6038514287305147,0.8238701672543856,0,0,1.153851074718526,0.5820337401768185,CCL5
GO_Biological_Process_2023,Positive Regulation Of Establishment Of Protein Localization To Telomere (GO:1904851),1/9,0.6038514287305147,0.8238701672543856,0,0,1.153851074718526,0.5820337401768185,TCP1
GO_Biological_Process_2023,Positive Regulation Of Hippo Signaling (GO:0035332),1/9,0.6038514287305147,0.8238701672543856,0,0,1.153851074718526,0.5820337401768185,SCHIP1
GO_Biological_Process_2023,Positive Regulation Of Lipase Activity (GO:0060193),1/9,0.6038514287305147,0.8238701672543856,0,0,1.153851074718526,0.5820337401768185,PLA2G5
GO_Biological_Process_2023,Positive Regulation Of mRNA 3'-End Processing (GO:0031442),1/9,0.6038514287305147,0.8238701672543856,0,0,1.153851074718526,0.5820337401768185,CPEB1
GO_Biological_Process_2023,Positive Regulation Of Mesenchymal Cell Proliferation (GO:0002053),1/9,0.6038514287305147,0.8238701672543856,0,0,1.153851074718526,0.5820337401768185,TGFBR2
GO_Biological_Process_2023,Positive Regulation Of miRNA-mediated Gene Silencing (GO:2000637),1/9,0.6038514287305147,0.8238701672543856,0,0,1.153851074718526,0.5820337401768185,ZFP36
GO_Biological_Process_2023,"Positive Regulation Of Phagocytosis, Engulfment (GO:0060100)",1/9,0.6038514287305147,0.8238701672543856,0,0,1.153851074718526,0.5820337401768185,C3
GO_Biological_Process_2023,Positive Regulation Of Skeletal Muscle Tissue Development (GO:0048643),1/9,0.6038514287305147,0.8238701672543856,0,0,1.153851074718526,0.5820337401768185,DLL1
GO_Biological_Process_2023,Positive Regulation Of Smooth Muscle Contraction (GO:0045987),1/9,0.6038514287305147,0.8238701672543856,0,0,1.153851074718526,0.5820337401768185,PROK2
GO_Biological_Process_2023,Positive Regulation Of Tissue Remodeling (GO:0034105),1/9,0.6038514287305147,0.8238701672543856,0,0,1.153851074718526,0.5820337401768185,IL15
GO_Biological_Process_2023,Positive Regulation Of Vascular Endothelial Growth Factor Receptor Signaling Pathway (GO:0030949),1/9,0.6038514287305147,0.8238701672543856,0,0,1.153851074718526,0.5820337401768185,IL1B
GO_Biological_Process_2023,Protein K11-linked Deubiquitination (GO:0035871),1/9,0.6038514287305147,0.8238701672543856,0,0,1.153851074718526,0.5820337401768185,TNFAIP3
GO_Biological_Process_2023,"Regulation Of CD4-positive, Alpha-Beta T Cell Proliferation (GO:2000561)",1/9,0.6038514287305147,0.8238701672543856,0,0,1.153851074718526,0.5820337401768185,TGFBR2
GO_Biological_Process_2023,Regulation Of ER To Golgi Vesicle-Mediated Transport (GO:0060628),1/9,0.6038514287305147,0.8238701672543856,0,0,1.153851074718526,0.5820337401768185,LRRK2
GO_Biological_Process_2023,Regulation Of PERK-mediated Unfolded Protein Response (GO:1903897),1/9,0.6038514287305147,0.8238701672543856,0,0,1.153851074718526,0.5820337401768185,PPP1R15A
GO_Biological_Process_2023,Regulation Of Actin Filament Length (GO:0030832),1/9,0.6038514287305147,0.8238701672543856,0,0,1.153851074718526,0.5820337401768185,CXCL12
GO_Biological_Process_2023,Regulation Of Bile Acid Biosynthetic Process (GO:0070857),1/9,0.6038514287305147,0.8238701672543856,0,0,1.153851074718526,0.5820337401768185,FGFR4
GO_Biological_Process_2023,Regulation Of High Voltage-Gated Calcium Channel Activity (GO:1901841),1/9,0.6038514287305147,0.8238701672543856,0,0,1.153851074718526,0.5820337401768185,PDE4B
GO_Biological_Process_2023,Regulation Of Myeloid Leukocyte Mediated Immunity (GO:0002886),1/9,0.6038514287305147,0.8238701672543856,0,0,1.153851074718526,0.5820337401768185,DNASE1L3
GO_Biological_Process_2023,Regulation Of Natural Killer Cell Proliferation (GO:0032817),1/9,0.6038514287305147,0.8238701672543856,0,0,1.153851074718526,0.5820337401768185,HLA-E
GO_Biological_Process_2023,Regulation Of Protein Lipidation (GO:1903059),1/9,0.6038514287305147,0.8238701672543856,0,0,1.153851074718526,0.5820337401768185,TSPO
GO_Biological_Process_2023,Regulation Of Protein Localization To Chromatin (GO:1905634),1/9,0.6038514287305147,0.8238701672543856,0,0,1.153851074718526,0.5820337401768185,SPI1
GO_Biological_Process_2023,Regulation Of Receptor Binding (GO:1900120),1/9,0.6038514287305147,0.8238701672543856,0,0,1.153851074718526,0.5820337401768185,BDNF
GO_Biological_Process_2023,Regulation Of Store-Operated Calcium Entry (GO:2001256),1/9,0.6038514287305147,0.8238701672543856,0,0,1.153851074718526,0.5820337401768185,EFHB
GO_Biological_Process_2023,Regulation Of Transmembrane Transporter Activity (GO:0022898),1/9,0.6038514287305147,0.8238701672543856,0,0,1.153851074718526,0.5820337401768185,SNCA
GO_Biological_Process_2023,Toxin Transport (GO:1901998),1/9,0.6038514287305147,0.8238701672543856,0,0,1.153851074718526,0.5820337401768185,SLC22A3
GO_Biological_Process_2023,Transferrin Transport (GO:0033572),1/9,0.6038514287305147,0.8238701672543856,0,0,1.153851074718526,0.5820337401768185,TFRC
GO_Biological_Process_2023,Positive Regulation Of Macroautophagy (GO:0016239),6/64,0.6047785214616351,0.8248618310928725,0,0,0.9547071000159232,0.4801154872921759,SPTLC1;HSPB8;SESN1;MAP3K7;C9ORF72;DCN
GO_Biological_Process_2023,Regulation Of Plasma Membrane Bounded Cell Projection Assembly (GO:0120032),7/75,0.6084745134682094,0.8296281102203092,0,0,0.9499864114023432,0.471953488225298,PPP1R16B;DYNC2LI1;TBC1D2;CDKL5;PODXL;CAV1;CLU
GO_Biological_Process_2023,Exocytosis (GO:0006887),8/86,0.6121829107165626,0.8344081433625155,0,0,0.946465963415116,0.4644537218729093,CCR1;SYNGR1;CCL8;CCL5;SNAP23;CCL3;STX2;STX11
GO_Biological_Process_2023,Neuron Development (GO:0048666),14/150,0.6130445432233886,0.835306144074475,0,0,0.9498060429736036,0.4647568907025085,RB1;GPM6A;NTRK2;BTG2;MYOC;ARL3;RASGRF1;PTPRM;FRY;AGER;IL6;VAPA;FLRT3;SH3GL2
GO_Biological_Process_2023,Ephrin Receptor Signaling Pathway (GO:0048013),4/43,0.6169254195951134,0.8389018009110603,0,0,0.9465757205377912,0.4572028299059731,EPHB6;EFNB2;CHN1;CRK
GO_Biological_Process_2023,Intracellular Steroid Hormone Receptor Signaling Pathway (GO:0030518),4/43,0.6169254195951134,0.8389018009110603,0,0,0.9465757205377912,0.4572028299059731,MAPK1;DEFA3;DEFA1;PPARGC1B
GO_Biological_Process_2023,Regulation Of JUN Kinase Activity (GO:0043506),4/43,0.6169254195951134,0.8389018009110603,0,0,0.9465757205377912,0.4572028299059731,EDN1;TNF;MAP3K7;SASH1
GO_Biological_Process_2023,'De Novo' Post-Translational Protein Folding (GO:0051084),3/32,0.6175157094955201,0.8389018009110603,0,0,0.9547767100056528,0.4602508485466257,DNAJB4;DNAJB12;HSPA2
GO_Biological_Process_2023,Positive Regulation Of Telomere Maintenance Via Telomerase (GO:0032212),3/32,0.6175157094955201,0.8389018009110603,0,0,0.9547767100056528,0.4602508485466257,TCP1;MAPK1;ATR
GO_Biological_Process_2023,Vesicle Budding From Membrane (GO:0006900),3/32,0.6175157094955201,0.8389018009110603,0,0,0.9547767100056528,0.4602508485466257,VAPA;CHMP6;CHMP5
GO_Biological_Process_2023,ERBB Signaling Pathway (GO:0038127),5/54,0.6181274498094362,0.8389018009110603,0,0,0.9417059131344846,0.453017624141158,PTPRR;EFEMP1;PLCE1;MAPK1;HBEGF
GO_Biological_Process_2023,Endoplasmic Reticulum Organization (GO:0007029),5/54,0.6181274498094362,0.8389018009110603,0,0,0.9417059131344846,0.453017624141158,REEP1;VAPA;CAV2;LRRK2;RTN4
GO_Biological_Process_2023,Epidermal Cell Differentiation (GO:0009913),5/54,0.6181274498094362,0.8389018009110603,0,0,0.9417059131344846,0.453017624141158,TGM1;SCEL;CLIC4;ASAH1;CSTA
GO_Biological_Process_2023,Negative Regulation Of Neuron Projection Development (GO:0010977),5/54,0.6181274498094362,0.8389018009110603,0,0,0.9417059131344846,0.453017624141158,EFNB2;MAG;WNT3A;PTPRO;ZNF365
GO_Biological_Process_2023,Negative Regulation Of Protein Catabolic Process (GO:0042177),5/54,0.6181274498094362,0.8389018009110603,0,0,0.9417059131344846,0.453017624141158,ALAD;ANXA2;LAMP3;TIMP3;SNCA
GO_Biological_Process_2023,Negative Regulation Of Protein Ubiquitination (GO:0031397),5/54,0.6181274498094362,0.8389018009110603,0,0,0.9417059131344846,0.453017624141158,CAV1;CRY1;TNFAIP3;ARRB2;SMAD7
GO_Biological_Process_2023,Aminoglycan Biosynthetic Process (GO:0006023),2/21,0.6224828023071786,0.8409336381447255,0,0,0.9715687067130192,0.4605617281028423,HAS1;HS3ST2
GO_Biological_Process_2023,Focal Adhesion Assembly (GO:0048041),2/21,0.6224828023071786,0.8409336381447255,0,0,0.9715687067130192,0.4605617281028423,SORBS1;THSD1
GO_Biological_Process_2023,Mitochondrial Calcium Ion Homeostasis (GO:0051560),2/21,0.6224828023071786,0.8409336381447255,0,0,0.9715687067130192,0.4605617281028423,SLC8A3;ANXA6
GO_Biological_Process_2023,Negative Regulation Of miRNA Metabolic Process (GO:2000629),2/21,0.6224828023071786,0.8409336381447255,0,0,0.9715687067130192,0.4605617281028423,PDGFB;PPARG
GO_Biological_Process_2023,Outer Dynein Arm Assembly (GO:0036158),2/21,0.6224828023071786,0.8409336381447255,0,0,0.9715687067130192,0.4605617281028423,ZMYND10;DNAI1
GO_Biological_Process_2023,Positive Regulation Of G2/M Transition Of Mitotic Cell Cycle (GO:0010971),2/21,0.6224828023071786,0.8409336381447255,0,0,0.9715687067130192,0.4605617281028423,RRM2B;TNFSF13B
GO_Biological_Process_2023,Positive Regulation Of Blood Coagulation (GO:0030194),2/21,0.6224828023071786,0.8409336381447255,0,0,0.9715687067130192,0.4605617281028423,THBD;EMILIN2
GO_Biological_Process_2023,Positive Regulation Of Dendritic Spine Development (GO:0060999),2/21,0.6224828023071786,0.8409336381447255,0,0,0.9715687067130192,0.4605617281028423,RELN;SHANK3
GO_Biological_Process_2023,Positive Regulation Of Natural Killer Cell Mediated Cytotoxicity (GO:0045954),2/21,0.6224828023071786,0.8409336381447255,0,0,0.9715687067130192,0.4605617281028423,KLRD1;HLA-E
GO_Biological_Process_2023,Positive Regulation Of Smoothened Signaling Pathway (GO:0045880),2/21,0.6224828023071786,0.8409336381447255,0,0,0.9715687067130192,0.4605617281028423,SFRP1;PDCL
GO_Biological_Process_2023,Positive Regulation Of Transcription Regulatory Region DNA Binding (GO:2000679),2/21,0.6224828023071786,0.8409336381447255,0,0,0.9715687067130192,0.4605617281028423,RB1;IGF1
GO_Biological_Process_2023,Positive Regulation Of Translational Initiation (GO:0045948),2/21,0.6224828023071786,0.8409336381447255,0,0,0.9715687067130192,0.4605617281028423,SH3BGRL;CCL5
GO_Biological_Process_2023,Retrotransposon Silencing (GO:0010526),2/21,0.6224828023071786,0.8409336381447255,0,0,0.9715687067130192,0.4605617281028423,APOBEC3F;APOBEC3G
GO_Biological_Process_2023,Sodium Ion Import Across Plasma Membrane (GO:0098719),2/21,0.6224828023071786,0.8409336381447255,0,0,0.9715687067130192,0.4605617281028423,SCNN1G;SLC9A9
GO_Biological_Process_2023,Regulation Of Proteasomal Ubiquitin-Dependent Protein Catabolic Process (GO:0032434),10/109,0.6312690056739255,0.8450950027823477,0,0,0.9319934564150504,0.4287386036690477,SDCBP;CEBPA;COP1;DAB2;FOXF2;LRRK2;AXIN2;CLU;SMAD7;NKD2
GO_Biological_Process_2023,Ceramide Metabolic Process (GO:0006672),5/55,0.6346281537599694,0.8450950027823477,0,0,0.9228205128205128,0.4196212857516839,ASAH1;SPTLC1;SPTLC3;ST6GALNAC3;ST6GALNAC6
GO_Biological_Process_2023,Neuron Migration (GO:0001764),5/55,0.6346281537599694,0.8450950027823477,0,0,0.9228205128205128,0.4196212857516839,NR4A2;GPM6A;NTRK2;CDKL5;RELN
GO_Biological_Process_2023,Response To Peptide Hormone (GO:0043434),5/55,0.6346281537599694,0.8450950027823477,0,0,0.9228205128205128,0.4196212857516839,TGFBR3;SLC24A4;CAV1;CRY1;GNAI1
GO_Biological_Process_2023,Autophagosome Maturation (GO:0097352),4/44,0.6353471056609215,0.8450950027823477,0,0,0.9228600717580728,0.4185943840721783,MAP1LC3C;LIX1L;CHMP6;CHMP5
GO_Biological_Process_2023,Positive Regulation Of Nucleocytoplasmic Transport (GO:0046824),4/44,0.6353471056609215,0.8450950027823477,0,0,0.9228600717580728,0.4185943840721783,HYAL2;IL1B;HCLS1;GAS6
GO_Biological_Process_2023,Chloride Transport (GO:0006821),7/77,0.6366372285258478,0.8450950027823477,0,0,0.922741273100616,0.4166686991062513,CLIC5;CLIC4;CLIC3;FXYD3;SLC1A1;FXYD1;CFTR
GO_Biological_Process_2023,Positive Regulation Of Synaptic Transmission (GO:0050806),7/77,0.6366372285258478,0.8450950027823477,0,0,0.922741273100616,0.4166686991062513,SLC8A3;RELN;CCL2;TNF;ZDHHC2;SHANK3;AGER
GO_Biological_Process_2023,Glycolipid Metabolic Process (GO:0006664),3/33,0.638697751342445,0.8450950027823477,0,0,0.9228995901639344,0.4137579796557012,B3GALNT1;ST6GALNAC3;ST6GALNAC6
GO_Biological_Process_2023,Phosphatidic Acid Metabolic Process (GO:0046473),3/33,0.638697751342445,0.8450950027823477,0,0,0.9228995901639344,0.4137579796557012,PLA2G2A;PLA2G3;ABHD5
GO_Biological_Process_2023,Positive Regulation Of Telomerase Activity (GO:0051973),3/33,0.638697751342445,0.8450950027823477,0,0,0.9228995901639344,0.4137579796557012,TCP1;MAPK1;KLF4
GO_Biological_Process_2023,Regulation Of NLRP3 Inflammasome Complex Assembly (GO:1900225),3/33,0.638697751342445,0.8450950027823477,0,0,0.9228995901639344,0.4137579796557012,CD36;PRKD1;TLR4
GO_Biological_Process_2023,Regulation Of Lamellipodium Assembly (GO:0010591),3/33,0.638697751342445,0.8450950027823477,0,0,0.9228995901639344,0.4137579796557012,RAC2;PLCE1;SLIT2
GO_Biological_Process_2023,Rap Protein Signal Transduction (GO:0032486),1/10,0.6425922672285295,0.8450950027823477,0,0,1.0255885363357216,0.4535612647632702,RAP1A
GO_Biological_Process_2023,SRP-dependent Cotranslational Protein Targeting To Membrane (GO:0006614),1/10,0.6425922672285295,0.8450950027823477,0,0,1.0255885363357216,0.4535612647632702,SRP9
GO_Biological_Process_2023,Alpha-Amino Acid Biosynthetic Process (GO:1901607),1/10,0.6425922672285295,0.8450950027823477,0,0,1.0255885363357216,0.4535612647632702,OTC
GO_Biological_Process_2023,Atrial Septum Morphogenesis (GO:0060413),1/10,0.6425922672285295,0.8450950027823477,0,0,1.0255885363357216,0.4535612647632702,HEY2
GO_Biological_Process_2023,calcineurin-NFAT Signaling Cascade (GO:0033173),1/10,0.6425922672285295,0.8450950027823477,0,0,1.0255885363357216,0.4535612647632702,PPP3CC
GO_Biological_Process_2023,Cellular Response To Increased Oxygen Levels (GO:0036295),1/10,0.6425922672285295,0.8450950027823477,0,0,1.0255885363357216,0.4535612647632702,CAV1
GO_Biological_Process_2023,Cellular Response To Interleukin-12 (GO:0071349),1/10,0.6425922672285295,0.8450950027823477,0,0,1.0255885363357216,0.4535612647632702,IL12RB1
GO_Biological_Process_2023,Cellular Response To Leucine (GO:0071233),1/10,0.6425922672285295,0.8450950027823477,0,0,1.0255885363357216,0.4535612647632702,SESN1
GO_Biological_Process_2023,Coenzyme A Biosynthetic Process (GO:0015937),1/10,0.6425922672285295,0.8450950027823477,0,0,1.0255885363357216,0.4535612647632702,ACOT7
GO_Biological_Process_2023,Copper Ion Transport (GO:0006825),1/10,0.6425922672285295,0.8450950027823477,0,0,1.0255885363357216,0.4535612647632702,SLC31A2
GO_Biological_Process_2023,Establishment Of Endothelial Intestinal Barrier (GO:0090557),1/10,0.6425922672285295,0.8450950027823477,0,0,1.0255885363357216,0.4535612647632702,TJP2
GO_Biological_Process_2023,Formation Of Extrachromosomal Circular DNA (GO:0001325),1/10,0.6425922672285295,0.8450950027823477,0,0,1.0255885363357216,0.4535612647632702,ERCC1
GO_Biological_Process_2023,Mesonephros Development (GO:0001823),1/10,0.6425922672285295,0.8450950027823477,0,0,1.0255885363357216,0.4535612647632702,ZBTB16
GO_Biological_Process_2023,Metanephric Mesenchyme Development (GO:0072075),1/10,0.6425922672285295,0.8450950027823477,0,0,1.0255885363357216,0.4535612647632702,TCF21
GO_Biological_Process_2023,Mitochondrial Respirasome Assembly (GO:0097250),1/10,0.6425922672285295,0.8450950027823477,0,0,1.0255885363357216,0.4535612647632702,HIGD1B
GO_Biological_Process_2023,Negative Regulation Of T-helper Cell Differentiation (GO:0045623),1/10,0.6425922672285295,0.8450950027823477,0,0,1.0255885363357216,0.4535612647632702,SMAD7
GO_Biological_Process_2023,Negative Regulation Of Activated T Cell Proliferation (GO:0046007),1/10,0.6425922672285295,0.8450950027823477,0,0,1.0255885363357216,0.4535612647632702,PRNP
GO_Biological_Process_2023,Negative Regulation Of Activin Receptor Signaling Pathway (GO:0032926),1/10,0.6425922672285295,0.8450950027823477,0,0,1.0255885363357216,0.4535612647632702,DACT2
GO_Biological_Process_2023,Negative Regulation Of Cholesterol Transport (GO:0032375),1/10,0.6425922672285295,0.8450950027823477,0,0,1.0255885363357216,0.4535612647632702,APOC1
GO_Biological_Process_2023,Negative Regulation Of Homotypic Cell-Cell Adhesion (GO:0034111),1/10,0.6425922672285295,0.8450950027823477,0,0,1.0255885363357216,0.4535612647632702,CD9
GO_Biological_Process_2023,Negative Regulation Of Hydrogen Peroxide-Induced Cell Death (GO:1903206),1/10,0.6425922672285295,0.8450950027823477,0,0,1.0255885363357216,0.4535612647632702,LRRK2
GO_Biological_Process_2023,Negative Regulation Of Intracellular Estrogen Receptor Signaling Pathway (GO:0033147),1/10,0.6425922672285295,0.8450950027823477,0,0,1.0255885363357216,0.4535612647632702,ZNF366
GO_Biological_Process_2023,Negative Regulation Of Lipopolysaccharide-Mediated Signaling Pathway (GO:0031665),1/10,0.6425922672285295,0.8450950027823477,0,0,1.0255885363357216,0.4535612647632702,LILRA2
GO_Biological_Process_2023,Negative Regulation Of Lymphocyte Migration (GO:2000402),1/10,0.6425922672285295,0.8450950027823477,0,0,1.0255885363357216,0.4535612647632702,CD200
GO_Biological_Process_2023,Negative Regulation Of Programmed Necrotic Cell Death (GO:0062099),1/10,0.6425922672285295,0.8450950027823477,0,0,1.0255885363357216,0.4535612647632702,NUPR1
GO_Biological_Process_2023,Negative Regulation Of Transmembrane Transport (GO:0034763),1/10,0.6425922672285295,0.8450950027823477,0,0,1.0255885363357216,0.4535612647632702,IL1B
GO_Biological_Process_2023,Neuron Projection Maintenance (GO:1990535),1/10,0.6425922672285295,0.8450950027823477,0,0,1.0255885363357216,0.4535612647632702,PRNP
GO_Biological_Process_2023,Nuclear Pore Complex Assembly (GO:0051292),1/10,0.6425922672285295,0.8450950027823477,0,0,1.0255885363357216,0.4535612647632702,RTN4
GO_Biological_Process_2023,Phenol-Containing Compound Biosynthetic Process (GO:0046189),1/10,0.6425922672285295,0.8450950027823477,0,0,1.0255885363357216,0.4535612647632702,TYRP1
GO_Biological_Process_2023,Phosphate Ion Transmembrane Transport (GO:0035435),1/10,0.6425922672285295,0.8450950027823477,0,0,1.0255885363357216,0.4535612647632702,SLC25A3
GO_Biological_Process_2023,Positive Regulation Of B Cell Differentiation (GO:0045579),1/10,0.6425922672285295,0.8450950027823477,0,0,1.0255885363357216,0.4535612647632702,SPI1
GO_Biological_Process_2023,Positive Regulation Of Autophagy Of Mitochondrion (GO:1903599),1/10,0.6425922672285295,0.8450950027823477,0,0,1.0255885363357216,0.4535612647632702,FBXO7
GO_Biological_Process_2023,Positive Regulation Of Bone Resorption (GO:0045780),1/10,0.6425922672285295,0.8450950027823477,0,0,1.0255885363357216,0.4535612647632702,TMEM64
GO_Biological_Process_2023,Positive Regulation Of Cellular Respiration (GO:1901857),1/10,0.6425922672285295,0.8450950027823477,0,0,1.0255885363357216,0.4535612647632702,NUPR1
GO_Biological_Process_2023,Positive Regulation Of Cellular Senescence (GO:2000774),1/10,0.6425922672285295,0.8450950027823477,0,0,1.0255885363357216,0.4535612647632702,KIR2DL4
GO_Biological_Process_2023,Positive Regulation Of Chondrocyte Differentiation (GO:0032332),1/10,0.6425922672285295,0.8450950027823477,0,0,1.0255885363357216,0.4535612647632702,ZBTB16
GO_Biological_Process_2023,Positive Regulation Of Interleukin-13 Production (GO:0032736),1/10,0.6425922672285295,0.8450950027823477,0,0,1.0255885363357216,0.4535612647632702,HLA-E
GO_Biological_Process_2023,Positive Regulation Of Macrophage Differentiation (GO:0045651),1/10,0.6425922672285295,0.8450950027823477,0,0,1.0255885363357216,0.4535612647632702,ID2
GO_Biological_Process_2023,Positive Regulation Of Mitochondrial Outer Membrane Permeabilization Involved In Apoptotic Signaling Pathway (GO:1901030),1/10,0.6425922672285295,0.8450950027823477,0,0,1.0255885363357216,0.4535612647632702,GZMB
GO_Biological_Process_2023,Positive Regulation Of Post-Transcriptional Gene Silencing By RNA (GO:1900370),1/10,0.6425922672285295,0.8450950027823477,0,0,1.0255885363357216,0.4535612647632702,ZFP36
GO_Biological_Process_2023,Positive Regulation Of Protein Localization To Cajal Body (GO:1904871),1/10,0.6425922672285295,0.8450950027823477,0,0,1.0255885363357216,0.4535612647632702,TCP1
GO_Biological_Process_2023,Positive Regulation Of Transforming Growth Factor Beta Production (GO:0071636),1/10,0.6425922672285295,0.8450950027823477,0,0,1.0255885363357216,0.4535612647632702,CD200
GO_Biological_Process_2023,Prostaglandin Transport (GO:0015732),1/10,0.6425922672285295,0.8450950027823477,0,0,1.0255885363357216,0.4535612647632702,SLCO2A1
GO_Biological_Process_2023,Protein Prenylation (GO:0018342),1/10,0.6425922672285295,0.8450950027823477,0,0,1.0255885363357216,0.4535612647632702,FNTA
GO_Biological_Process_2023,Purine Nucleoside Bisphosphate Biosynthetic Process (GO:0034033),1/10,0.6425922672285295,0.8450950027823477,0,0,1.0255885363357216,0.4535612647632702,ACOT7
GO_Biological_Process_2023,Regulation Of B Cell Apoptotic Process (GO:0002902),1/10,0.6425922672285295,0.8450950027823477,0,0,1.0255885363357216,0.4535612647632702,BTK
GO_Biological_Process_2023,Regulation Of Amyloid Precursor Protein Biosynthetic Process (GO:0042984),1/10,0.6425922672285295,0.8450950027823477,0,0,1.0255885363357216,0.4535612647632702,ITM2A
GO_Biological_Process_2023,Regulation Of Biosynthetic Process (GO:0009889),1/10,0.6425922672285295,0.8450950027823477,0,0,1.0255885363357216,0.4535612647632702,SNCA
GO_Biological_Process_2023,Regulation Of Calcium Ion Transmembrane Transport Via High Voltage-Gated Calcium Channel (GO:1902514),1/10,0.6425922672285295,0.8450950027823477,0,0,1.0255885363357216,0.4535612647632702,CACNG6
GO_Biological_Process_2023,Regulation Of Cysteine-Type Endopeptidase Activity Involved In Apoptotic Signaling Pathway (GO:2001267),1/10,0.6425922672285295,0.8450950027823477,0,0,1.0255885363357216,0.4535612647632702,GSN
GO_Biological_Process_2023,Regulation Of Establishment Of Protein Localization To Telomere (GO:0070203),1/10,0.6425922672285295,0.8450950027823477,0,0,1.0255885363357216,0.4535612647632702,TCP1
GO_Biological_Process_2023,Regulation Of Gene Expression By Genomic Imprinting (GO:0006349),1/10,0.6425922672285295,0.8450950027823477,0,0,1.0255885363357216,0.4535612647632702,DIRAS3
GO_Biological_Process_2023,Regulation Of Melanin Biosynthetic Process (GO:0048021),1/10,0.6425922672285295,0.8450950027823477,0,0,1.0255885363357216,0.4535612647632702,TYRP1
GO_Biological_Process_2023,Regulation Of Mitotic Sister Chromatid Separation (GO:0010965),1/10,0.6425922672285295,0.8450950027823477,0,0,1.0255885363357216,0.4535612647632702,DUSP1
GO_Biological_Process_2023,Regulation Of Peptidyl-Lysine Acetylation (GO:2000756),1/10,0.6425922672285295,0.8450950027823477,0,0,1.0255885363357216,0.4535612647632702,KLF15
GO_Biological_Process_2023,"Regulation Of Phagocytosis, Engulfment (GO:0060099)",1/10,0.6425922672285295,0.8450950027823477,0,0,1.0255885363357216,0.4535612647632702,C3
GO_Biological_Process_2023,Regulation Of Programmed Necrotic Cell Death (GO:0062098),1/10,0.6425922672285295,0.8450950027823477,0,0,1.0255885363357216,0.4535612647632702,NUPR1
GO_Biological_Process_2023,Regulation Of Protein Localization To Cajal Body (GO:1904869),1/10,0.6425922672285295,0.8450950027823477,0,0,1.0255885363357216,0.4535612647632702,TCP1
GO_Biological_Process_2023,Regulation Of Smooth Muscle Cell Apoptotic Process (GO:0034391),1/10,0.6425922672285295,0.8450950027823477,0,0,1.0255885363357216,0.4535612647632702,IGF1
GO_Biological_Process_2023,Regulation Of Toll-Like Receptor 2 Signaling Pathway (GO:0034135),1/10,0.6425922672285295,0.8450950027823477,0,0,1.0255885363357216,0.4535612647632702,TNFAIP3
GO_Biological_Process_2023,Regulation Of Toll-Like Receptor 9 Signaling Pathway (GO:0034163),1/10,0.6425922672285295,0.8450950027823477,0,0,1.0255885363357216,0.4535612647632702,RTN4
GO_Biological_Process_2023,Regulation Of Triglyceride Catabolic Process (GO:0010896),1/10,0.6425922672285295,0.8450950027823477,0,0,1.0255885363357216,0.4535612647632702,ABHD5
GO_Biological_Process_2023,Response To Leucine (GO:0043201),1/10,0.6425922672285295,0.8450950027823477,0,0,1.0255885363357216,0.4535612647632702,SESN1
GO_Biological_Process_2023,Ribonucleoside Bisphosphate Biosynthetic Process (GO:0034030),1/10,0.6425922672285295,0.8450950027823477,0,0,1.0255885363357216,0.4535612647632702,ACOT7
GO_Biological_Process_2023,Serine Family Amino Acid Biosynthetic Process (GO:0009070),1/10,0.6425922672285295,0.8450950027823477,0,0,1.0255885363357216,0.4535612647632702,GGT1
GO_Biological_Process_2023,Steroid Hormone Mediated Signaling Pathway (GO:0043401),1/10,0.6425922672285295,0.8450950027823477,0,0,1.0255885363357216,0.4535612647632702,MAPK1
GO_Biological_Process_2023,T-Circle Formation (GO:0090656),1/10,0.6425922672285295,0.8450950027823477,0,0,1.0255885363357216,0.4535612647632702,ERCC1
GO_Biological_Process_2023,Telomere Maintenance Via Telomere Trimming (GO:0090737),1/10,0.6425922672285295,0.8450950027823477,0,0,1.0255885363357216,0.4535612647632702,ERCC1
GO_Biological_Process_2023,Thyroid Hormone Generation (GO:0006590),1/10,0.6425922672285295,0.8450950027823477,0,0,1.0255885363357216,0.4535612647632702,DUOX1
GO_Biological_Process_2023,Very-Low-Density Lipoprotein Particle Assembly (GO:0034379),1/10,0.6425922672285295,0.8450950027823477,0,0,1.0255885363357216,0.4535612647632702,APOC1
GO_Biological_Process_2023,Epithelial Cell Differentiation (GO:0030855),12/132,0.6477356828226531,0.8488677739211179,0,0,0.9225424601132268,0.4006348783723482,DAB2;TAGLN;MAF;PCNA;DMBT1;KRT4;GSTA2;GSTA1;TCF21;AKR1C2;PPARG;CES1
GO_Biological_Process_2023,Fc-epsilon Receptor Signaling Pathway (GO:0038095),2/22,0.648140118713745,0.8488677739211179,0,0,0.9229390681003584,0.4002310256491689,FCER1G;MAP3K7
GO_Biological_Process_2023,Acylglycerol Biosynthetic Process (GO:0046463),2/22,0.648140118713745,0.8488677739211179,0,0,0.9229390681003584,0.4002310256491689,PLCE1;ANG
GO_Biological_Process_2023,Cytoskeleton-Dependent Intracellular Transport (GO:0030705),2/22,0.648140118713745,0.8488677739211179,0,0,0.9229390681003584,0.4002310256491689,TUBA1A;MAP6
GO_Biological_Process_2023,Oligosaccharide Biosynthetic Process (GO:0009312),2/22,0.648140118713745,0.8488677739211179,0,0,0.9229390681003584,0.4002310256491689,ST6GALNAC5;ST6GALNAC6
GO_Biological_Process_2023,peptidyl-L-cysteine S-palmitoylation (GO:0018230),2/22,0.648140118713745,0.8488677739211179,0,0,0.9229390681003584,0.4002310256491689,ZDHHC19;ZDHHC2
GO_Biological_Process_2023,peptidyl-S-diacylglycerol-L-cysteine Biosynthetic Process From Peptidyl-Cysteine (GO:0018231),2/22,0.648140118713745,0.8488677739211179,0,0,0.9229390681003584,0.4002310256491689,ZDHHC19;ZDHHC2
GO_Biological_Process_2023,Peptidyl-Glutamic Acid Modification (GO:0018200),2/22,0.648140118713745,0.8488677739211179,0,0,0.9229390681003584,0.4002310256491689,TTLL7;TTLL1
GO_Biological_Process_2023,Platelet Dense Granule Organization (GO:0060155),2/22,0.648140118713745,0.8488677739211179,0,0,0.9229390681003584,0.4002310256491689,AP1S2;AP3S1
GO_Biological_Process_2023,Postreplication Repair (GO:0006301),2/22,0.648140118713745,0.8488677739211179,0,0,0.9229390681003584,0.4002310256491689,PCNA;TNFSF13B
GO_Biological_Process_2023,Protein Peptidyl-Prolyl Isomerization (GO:0000413),2/22,0.648140118713745,0.8488677739211179,0,0,0.9229390681003584,0.4002310256491689,FKBP1B;PPID
GO_Biological_Process_2023,Regulation Of Regulatory T Cell Differentiation (GO:0045589),2/22,0.648140118713745,0.8488677739211179,0,0,0.9229390681003584,0.4002310256491689,IRF1;LILRB2
GO_Biological_Process_2023,Response To Gamma Radiation (GO:0010332),2/22,0.648140118713745,0.8488677739211179,0,0,0.9229390681003584,0.4002310256491689,CRYAB;ATR
GO_Biological_Process_2023,Cholesterol Metabolic Process (GO:0008203),6/67,0.6499591734365813,0.8509796043818431,0,0,0.9076028900907568,0.3910368280636853,CYP27A1;CH25H;CETP;APOA1;ABCG1;CES1
GO_Biological_Process_2023,Negative Regulation Of DNA-templated Transcription (GO:0045892),97/1025,0.6509237844893283,0.8519717408044306,0,0,0.962954349318882,0.4134566968726089,RB1;SPI1;WWC2;NR3C1;TNF;ETS2;ZFP36;DACH1;EDNRB;SOX18;CAPN3;MYOZ1;SOX7;MITF;THAP1;DKK3;SFRP1;MAF;FLYWCH1;ZFPM2;ATF3;PPID;NOTCH1;MAX;NOTCH4;PDGFB;TWIST2;GATA5;GATA2;ZNF25;SDCBP;ZBED2;NDN;ZNF423;CBX7;JUN;WFS1;ZBTB16;CAV1;PDE2A;BMP6;SMAD7;NR4A2;BMP2;DAB2;MAFB;ID2;ID1;ID4;ID3;SNAI2;MAGED2;ZMYND15;CDKN1C;THRA;CITED2;TCF21;LDB2;HHEX;LBH;HEY1;HEY2;ZNF366;KLF10;EDN1;ZHX3;DUSP22;PPM1A;IMPACT;IRF1;CRY1;IRF8;PPARG;GAS6;CRYAB;FBP1;CEBPA;PPM1F;TCEAL7;NFIL3;DNAJB4;ATOH8;SAP18;RPL17;RUNX1T1;JAZF1;SNCA;IL33;IRX2;CNBP;KLF4;MEIS2;TBX3;KLF2;TBX2;BCL6B;FOSB
GO_Biological_Process_2023,Regulation Of Vesicle-Mediated Transport (GO:0060627),8/89,0.6512338220873115,0.8521067703867967,0,0,0.911259487530674,0.3908269173019974,LRRK2;LGI3;STON1;CDH13;GAS1;PLA2G3;MAPK1;RAB8B
GO_Biological_Process_2023,I-kappaB kinase/NF-kappaB Signaling (GO:0007249),4/45,0.6531839407879594,0.8527621718242805,0,0,0.9003012838944381,0.3834351690261177,TLR8;TLR7;MAP3K7;TLR4
GO_Biological_Process_2023,Establishment Of Protein Localization To Extracellular Region (GO:0035592),4/45,0.6531839407879594,0.8527621718242805,0,0,0.9003012838944381,0.3834351690261177,FGG;CANX;PRF1;RAB8B
GO_Biological_Process_2023,Organic Hydroxy Compound Transport (GO:0015850),4/45,0.6531839407879594,0.8527621718242805,0,0,0.9003012838944381,0.3834351690261177,SLC22A3;VAPA;SLCO2B1;GHRL
GO_Biological_Process_2023,Regulation Of Cellular Metabolic Process (GO:0031323),4/45,0.6531839407879594,0.8527621718242805,0,0,0.9003012838944381,0.3834351690261177,PGAM1;PDK4;VASH1;SLC2A6
GO_Biological_Process_2023,Regulation Of Protein Modification Process (GO:0031399),4/45,0.6531839407879594,0.8527621718242805,0,0,0.9003012838944381,0.3834351690261177,PPP1R16B;CDH5;ROPN1L;IGF1
GO_Biological_Process_2023,Regulation Of Stem Cell Differentiation (GO:2000736),4/45,0.6531839407879594,0.8527621718242805,0,0,0.9003012838944381,0.3834351690261177,PDGFRA;NOTCH1;OSM;ZFP36L2
GO_Biological_Process_2023,Triglyceride Metabolic Process (GO:0006641),4/45,0.6531839407879594,0.8527621718242805,0,0,0.9003012838944381,0.3834351690261177,CETP;CAV1;APOC1;LCP1
GO_Biological_Process_2023,ATP Metabolic Process (GO:0046034),3/34,0.6590419920063543,0.8595927691811821,0,0,0.893079058699101,0.3723854119095998,BAD;ATP1A2;MYH4
GO_Biological_Process_2023,Cellular Response To Glucose Stimulus (GO:0071333),3/34,0.6590419920063543,0.8595927691811821,0,0,0.893079058699101,0.3723854119095998,PTPRN2;GAS6;AGER
GO_Biological_Process_2023,Organophosphate Biosynthetic Process (GO:0090407),3/34,0.6590419920063543,0.8595927691811821,0,0,0.893079058699101,0.3723854119095998,MOCS2;TPK1;FGF2
GO_Biological_Process_2023,Regulation Of Protein Serine/Threonine Kinase Activity (GO:0071900),10/112,0.6654746110396513,0.8651000969761851,0,0,0.9044306668682898,0.3683337231844911,RB1;DIRAS3;SLC8A3;CCNA1;CDKN2B;CCND2;CDKN2C;SERTAD1;ADRB2;SNCA
GO_Biological_Process_2023,Amino Acid Transport (GO:0006865),4/46,0.6704263626280237,0.8651000969761851,0,0,0.8788167240243099,0.3513873153044552,SLC7A7;SLC43A2;SLC6A12;SLC3A2
GO_Biological_Process_2023,Negative Regulation Of Cellular Metabolic Process (GO:0031324),4/46,0.6704263626280237,0.8651000969761851,0,0,0.8788167240243099,0.3513873153044552,CDK6;NUPR1;FBP1;TBX2
GO_Biological_Process_2023,Nervous System Development (GO:0007399),40/433,0.6720347816385843,0.8651000969761851,0,0,0.938193849281486,0.3728806246232276,SEMA5A;CNTFR;GPM6A;SH3GL3;PCSK9;CXCR4;CXCL1;VLDLR;LDB2;FGF2;ZDHHC2;NRGN;EDNRB;RELN;FLRT3;SPOCK2;WNT2;GPM6B;SPTBN1;SH3GL2;EGR2;GSN;SEMA6A;BDNF;ZBTB16;MAMDC2;LSAMP;CRIM1;ECRG4;GFRA2;OLFM1;FEZ1;NINJ2;ALDH1A2;PMP22;MAL;PCDHB4;SCRG1;NES;SHANK3
GO_Biological_Process_2023,Cellular Lipid Catabolic Process (GO:0044242),2/23,0.6723915760245122,0.8651000969761851,0,0,0.8789408236412845,0.3488642747020871,ACADL;ENPP2
GO_Biological_Process_2023,Cytosolic Pattern Recognition Receptor Signaling Pathway (GO:0002753),2/23,0.6723915760245122,0.8651000969761851,0,0,0.8789408236412845,0.3488642747020871,TNFAIP3;MAP3K7
GO_Biological_Process_2023,Entrainment Of Circadian Clock By Photoperiod (GO:0043153),2/23,0.6723915760245122,0.8651000969761851,0,0,0.8789408236412845,0.3488642747020871,ID2;CRY1
GO_Biological_Process_2023,Heparan Sulfate Proteoglycan Biosynthetic Process (GO:0015012),2/23,0.6723915760245122,0.8651000969761851,0,0,0.8789408236412845,0.3488642747020871,NDST1;HS3ST2
GO_Biological_Process_2023,Microtubule Nucleation (GO:0007020),2/23,0.6723915760245122,0.8651000969761851,0,0,0.8789408236412845,0.3488642747020871,TPPP;CLASP2
GO_Biological_Process_2023,Negative Regulation Of Epidermal Growth Factor Receptor Signaling Pathway (GO:0042059),2/23,0.6723915760245122,0.8651000969761851,0,0,0.8789408236412845,0.3488642747020871,GPRC5A;CHMP6
GO_Biological_Process_2023,Negative Regulation Of Neuron Differentiation (GO:0045665),2/23,0.6723915760245122,0.8651000969761851,0,0,0.8789408236412845,0.3488642747020871,HEY1;DLL1
GO_Biological_Process_2023,Negative Regulation Of Protein Depolymerization (GO:1901880),2/23,0.6723915760245122,0.8651000969761851,0,0,0.8789408236412845,0.3488642747020871,PLEKHH2;CLASP2
GO_Biological_Process_2023,Nuclear Membrane Reassembly (GO:0031468),2/23,0.6723915760245122,0.8651000969761851,0,0,0.8789408236412845,0.3488642747020871,CHMP6;CHMP5
GO_Biological_Process_2023,Positive Regulation Of Lamellipodium Assembly (GO:0010592),2/23,0.6723915760245122,0.8651000969761851,0,0,0.8789408236412845,0.3488642747020871,RAC2;PLCE1
GO_Biological_Process_2023,Positive Regulation Of Protein Targeting To Membrane (GO:0090314),2/23,0.6723915760245122,0.8651000969761851,0,0,0.8789408236412845,0.3488642747020871,PRNP;ITGAM
GO_Biological_Process_2023,Regulation Of Centrosome Cycle (GO:0046605),2/23,0.6723915760245122,0.8651000969761851,0,0,0.8789408236412845,0.3488642747020871,PKHD1;CHMP5
GO_Biological_Process_2023,"Regulation Of Nuclear-Transcribed mRNA Catabolic Process, Deadenylation-Dependent Decay (GO:1900151)",2/23,0.6723915760245122,0.8651000969761851,0,0,0.8789408236412845,0.3488642747020871,ZFP36;ZFP36L2
GO_Biological_Process_2023,Calcium Ion Transmembrane Transport (GO:0070588),7/80,0.6766137333036352,0.8651000969761851,0,0,0.8846727236927231,0.3456015798715263,SLC8A3;SLC24A4;MCOLN3;TRPV2;GAS6;ATP2C1;CLU
GO_Biological_Process_2023,Golgi To Lysosome Transport (GO:0090160),1/11,0.6775462279303649,0.8651000969761851,0,0,0.922978505629478,0.3592947610242462,LAPTM5
GO_Biological_Process_2023,Actin Crosslink Formation (GO:0051764),1/11,0.6775462279303649,0.8651000969761851,0,0,0.922978505629478,0.3592947610242462,LCP1
GO_Biological_Process_2023,Aspartate Family Amino Acid Catabolic Process (GO:0009068),1/11,0.6775462279303649,0.8651000969761851,0,0,0.922978505629478,0.3592947610242462,ASPA
GO_Biological_Process_2023,"Base-Excision Repair, AP Site Formation (GO:0006285)",1/11,0.6775462279303649,0.8651000969761851,0,0,0.922978505629478,0.3592947610242462,OGG1
GO_Biological_Process_2023,Biogenic Amine Biosynthetic Process (GO:0042401),1/11,0.6775462279303649,0.8651000969761851,0,0,0.922978505629478,0.3592947610242462,HDC
GO_Biological_Process_2023,cGMP Metabolic Process (GO:0046068),1/11,0.6775462279303649,0.8651000969761851,0,0,0.922978505629478,0.3592947610242462,PDE2A
GO_Biological_Process_2023,Calcineurin-Mediated Signaling (GO:0097720),1/11,0.6775462279303649,0.8651000969761851,0,0,0.922978505629478,0.3592947610242462,PPP3CC
GO_Biological_Process_2023,Catecholamine Biosynthetic Process (GO:0042423),1/11,0.6775462279303649,0.8651000969761851,0,0,0.922978505629478,0.3592947610242462,SNCA
GO_Biological_Process_2023,Cell Differentiation In Hindbrain (GO:0021533),1/11,0.6775462279303649,0.8651000969761851,0,0,0.922978505629478,0.3592947610242462,KNDC1
GO_Biological_Process_2023,Endoplasmic Reticulum Membrane Organization (GO:0090158),1/11,0.6775462279303649,0.8651000969761851,0,0,0.922978505629478,0.3592947610242462,RTN4
GO_Biological_Process_2023,Epithelial Cell-Cell Adhesion (GO:0090136),1/11,0.6775462279303649,0.8651000969761851,0,0,0.922978505629478,0.3592947610242462,KIT
GO_Biological_Process_2023,Erythrocyte Development (GO:0048821),1/11,0.6775462279303649,0.8651000969761851,0,0,0.922978505629478,0.3592947610242462,ALAS2
GO_Biological_Process_2023,Ganglion Development (GO:0061548),1/11,0.6775462279303649,0.8651000969761851,0,0,0.922978505629478,0.3592947610242462,NELL2
GO_Biological_Process_2023,Glutamine Family Amino Acid Biosynthetic Process (GO:0009084),1/11,0.6775462279303649,0.8651000969761851,0,0,0.922978505629478,0.3592947610242462,GLUL
GO_Biological_Process_2023,Lysosomal Microautophagy (GO:0016237),1/11,0.6775462279303649,0.8651000969761851,0,0,0.922978505629478,0.3592947610242462,ATG4B
GO_Biological_Process_2023,Macrophage Activation Involved In Immune Response (GO:0002281),1/11,0.6775462279303649,0.8651000969761851,0,0,0.922978505629478,0.3592947610242462,TYROBP
GO_Biological_Process_2023,Mitochondrion Distribution (GO:0048311),1/11,0.6775462279303649,0.8651000969761851,0,0,0.922978505629478,0.3592947610242462,LRRK2
GO_Biological_Process_2023,Negative Regulation Of Cell Division (GO:0051782),1/11,0.6775462279303649,0.8651000969761851,0,0,0.922978505629478,0.3592947610242462,SUSD2
GO_Biological_Process_2023,Negative Regulation Of Fibrinolysis (GO:0051918),1/11,0.6775462279303649,0.8651000969761851,0,0,0.922978505629478,0.3592947610242462,THBD
GO_Biological_Process_2023,Negative Regulation Of Glucose Transmembrane Transport (GO:0010829),1/11,0.6775462279303649,0.8651000969761851,0,0,0.922978505629478,0.3592947610242462,IL1B
GO_Biological_Process_2023,Neurotransmitter Uptake (GO:0001504),1/11,0.6775462279303649,0.8651000969761851,0,0,0.922978505629478,0.3592947610242462,SLC22A3
GO_Biological_Process_2023,Pentose-Phosphate Shunt (GO:0006098),1/11,0.6775462279303649,0.8651000969761851,0,0,0.922978505629478,0.3592947610242462,PHACTR1
GO_Biological_Process_2023,Phagosome-Lysosome Fusion (GO:0090385),1/11,0.6775462279303649,0.8651000969761851,0,0,0.922978505629478,0.3592947610242462,PLA2G5
GO_Biological_Process_2023,Positive Regulation Of Coagulation (GO:0050820),1/11,0.6775462279303649,0.8651000969761851,0,0,0.922978505629478,0.3592947610242462,EMILIN2
GO_Biological_Process_2023,Positive Regulation Of Hemostasis (GO:1900048),1/11,0.6775462279303649,0.8651000969761851,0,0,0.922978505629478,0.3592947610242462,EMILIN2
GO_Biological_Process_2023,Positive Regulation Of Keratinocyte Proliferation (GO:0010838),1/11,0.6775462279303649,0.8651000969761851,0,0,0.922978505629478,0.3592947610242462,TGM1
GO_Biological_Process_2023,Positive Regulation Of Metaphase/Anaphase Transition Of Cell Cycle (GO:1902101),1/11,0.6775462279303649,0.8651000969761851,0,0,0.922978505629478,0.3592947610242462,RB1
GO_Biological_Process_2023,Positive Regulation Of Mitotic Metaphase/Anaphase Transition (GO:0045842),1/11,0.6775462279303649,0.8651000969761851,0,0,0.922978505629478,0.3592947610242462,RB1
GO_Biological_Process_2023,Positive Regulation Of Muscle Contraction (GO:0045933),1/11,0.6775462279303649,0.8651000969761851,0,0,0.922978505629478,0.3592947610242462,PROK2
GO_Biological_Process_2023,"Positive Regulation Of Protein Localization To Chromosome, Telomeric Region (GO:1904816)",1/11,0.6775462279303649,0.8651000969761851,0,0,0.922978505629478,0.3592947610242462,TCP1
GO_Biological_Process_2023,Positive Regulation Of Triglyceride Biosynthetic Process (GO:0010867),1/11,0.6775462279303649,0.8651000969761851,0,0,0.922978505629478,0.3592947610242462,LDLR
GO_Biological_Process_2023,Programmed Necrotic Cell Death (GO:0097300),1/11,0.6775462279303649,0.8651000969761851,0,0,0.922978505629478,0.3592947610242462,MLKL
GO_Biological_Process_2023,Pyrimidine Nucleobase Metabolic Process (GO:0006206),1/11,0.6775462279303649,0.8651000969761851,0,0,0.922978505629478,0.3592947610242462,DPYSL2
GO_Biological_Process_2023,Regulation Of Amyloid Precursor Protein Catabolic Process (GO:1902991),1/11,0.6775462279303649,0.8651000969761851,0,0,0.922978505629478,0.3592947610242462,PRNP
GO_Biological_Process_2023,Regulation Of Cell Cycle Checkpoint (GO:1901976),1/11,0.6775462279303649,0.8651000969761851,0,0,0.922978505629478,0.3592947610242462,CRY1
GO_Biological_Process_2023,Regulation Of Cilium Movement (GO:0003352),1/11,0.6775462279303649,0.8651000969761851,0,0,0.922978505629478,0.3592947610242462,CCDC65
GO_Biological_Process_2023,Regulation Of Endocytic Recycling (GO:2001135),1/11,0.6775462279303649,0.8651000969761851,0,0,0.922978505629478,0.3592947610242462,PLA2G3
GO_Biological_Process_2023,Regulation Of Glycogen Metabolic Process (GO:0070873),1/11,0.6775462279303649,0.8651000969761851,0,0,0.922978505629478,0.3592947610242462,PPP1R3C
GO_Biological_Process_2023,Regulation Of Lipid Kinase Activity (GO:0043550),1/11,0.6775462279303649,0.8651000969761851,0,0,0.922978505629478,0.3592947610242462,RB1
GO_Biological_Process_2023,Regulation Of Mesenchymal Cell Proliferation (GO:0010464),1/11,0.6775462279303649,0.8651000969761851,0,0,0.922978505629478,0.3592947610242462,TGFBR2
GO_Biological_Process_2023,Regulation Of Microtubule-Based Movement (GO:0060632),1/11,0.6775462279303649,0.8651000969761851,0,0,0.922978505629478,0.3592947610242462,CCDC65
GO_Biological_Process_2023,Regulation Of Mitochondrial Fusion (GO:0010635),1/11,0.6775462279303649,0.8651000969761851,0,0,0.922978505629478,0.3592947610242462,TFRC
GO_Biological_Process_2023,Regulation Of Protein K63-linked Ubiquitination (GO:1900044),1/11,0.6775462279303649,0.8651000969761851,0,0,0.922978505629478,0.3592947610242462,SASH1
GO_Biological_Process_2023,Regulation Of Response To Oxidative Stress (GO:1902882),1/11,0.6775462279303649,0.8651000969761851,0,0,0.922978505629478,0.3592947610242462,ALOX5
GO_Biological_Process_2023,Regulation Of Stress-Activated Protein Kinase Signaling Cascade (GO:0070302),1/11,0.6775462279303649,0.8651000969761851,0,0,0.922978505629478,0.3592947610242462,MAPK1
GO_Biological_Process_2023,Regulation Of Type II Interferon-Mediated Signaling Pathway (GO:0060334),1/11,0.6775462279303649,0.8651000969761851,0,0,0.922978505629478,0.3592947610242462,PPARG
GO_Biological_Process_2023,Regulation Of Ventricular Cardiac Muscle Cell Action Potential (GO:0098911),1/11,0.6775462279303649,0.8651000969761851,0,0,0.922978505629478,0.3592947610242462,CAV1
GO_Biological_Process_2023,Self Proteolysis (GO:0097264),1/11,0.6775462279303649,0.8651000969761851,0,0,0.922978505629478,0.3592947610242462,CAPN3
GO_Biological_Process_2023,Skeletal Muscle Fiber Development (GO:0048741),1/11,0.6775462279303649,0.8651000969761851,0,0,0.922978505629478,0.3592947610242462,CAV2
GO_Biological_Process_2023,Sphingoid Metabolic Process (GO:0046519),1/11,0.6775462279303649,0.8651000969761851,0,0,0.922978505629478,0.3592947610242462,SPTLC3
GO_Biological_Process_2023,Cellular Response To Amino Acid Stimulus (GO:0071230),3/35,0.6785444558182323,0.8653017379304331,0,0,0.8651223104508197,0.3354990008069484,CPEB1;RRAGB;SESN1
GO_Biological_Process_2023,Establishment Of Spindle Orientation (GO:0051294),3/35,0.6785444558182323,0.8653017379304331,0,0,0.8651223104508197,0.3354990008069484,ITGB1;PKHD1;GJA1
GO_Biological_Process_2023,Positive Regulation Of Telomere Maintenance Via Telomere Lengthening (GO:1904358),3/35,0.6785444558182323,0.8653017379304331,0,0,0.8651223104508197,0.3354990008069484,TCP1;MAPK1;ATR
GO_Biological_Process_2023,Regulation Of Regulated Secretory Pathway (GO:1903305),3/35,0.6785444558182323,0.8653017379304331,0,0,0.8651223104508197,0.3354990008069484,SYT11;LRRK2;SYT15
GO_Biological_Process_2023,Positive Regulation Of DNA-templated Transcription (GO:0045893),117/1243,0.6860150499326346,0.874557719180601,0,0,0.9564816765462498,0.3604555840137146,CD86;CSF3;SPI1;NCF1;RASL11A;NR3C1;ETS1;FGF2;TNF;ETS2;SOX17;SOX18;CAPN3;JUNB;HOXA5;SLC11A1;LMO2;UBE2E1;MITF;LMO7;SFRP1;PRKD1;ZFPM2;ATF3;NOTCH1;BEX1;MAX;EPAS1;NOTCH4;PDGFB;GATA5;GATA2;NLRP3;CYTL1;ZNF423;PPARGC1A;WNT2;PPARGC1B;FZD1;EGR1;JUN;EGR2;FOXF2;FOXF1;FZD4;WNT3A;ZBTB16;PYHIN1;IGF1;FLI1;BMP6;BMP5;NR4A2;NR4A1;BMP2;IL6;DAB2;MAFB;TMEM98;ID2;HLA-DRB1;CDKN1C;ACVRL1;SETD3;THRA;CITED2;TCF21;LDB2;MEOX2;LYL1;HHEX;ING3;LBH;HEY1;HYAL2;HEY2;GABPA;KLF10;SS18;EDN1;ANXA2;FOS;KLF15;DCN;PPM1A;PLSCR1;NR5A2;IL1B;IRF1;IRF8;HCLS1;CDH13;PPARG;TLR4;ENG;CEBPA;PLA2G1B;DLL1;SERTAD3;NFIL3;PLAGL1;ATOH8;TNNI2;CD74;IL33;MCRS1;CNBP;OSM;WNT7A;KLF4;MEIS2;TBX3;KLF2;APLN;KLF6;MEIS1;NFIA
GO_Biological_Process_2023,Cognition (GO:0050890),4/47,0.6870682478550126,0.875087851859863,0,0,0.8583314460086062,0.322150374423743,C5AR1;FAM107A;HLA-DRA;TNF
GO_Biological_Process_2023,Negative Regulation Of Hydrolase Activity (GO:0051346),4/47,0.6870682478550126,0.875087851859863,0,0,0.8583314460086062,0.322150374423743,GCHFR;CSTA;LRRK2;CST7
GO_Biological_Process_2023,Response To Organonitrogen Compound (GO:0010243),4/47,0.6870682478550126,0.875087851859863,0,0,0.8583314460086062,0.322150374423743,IL6;KYNU;DNAJB12;CLU
GO_Biological_Process_2023,Protein K48-linked Ubiquitination (GO:0070936),6/70,0.6918386940225493,0.8806191534854388,0,0,0.8649146998460749,0.3186366959002752,RNF146;UBE2E1;TNFAIP3;UBE2E2;NEDD4L;FBXO7
GO_Biological_Process_2023,Sensory Organ Development (GO:0007423),6/70,0.6918386940225493,0.8806191534854388,0,0,0.8649146998460749,0.3186366959002752,MEIS1;MAFB;CPAMD8;CHRDL1;MEIS2;FREM2
GO_Biological_Process_2023,Endosome Transport Via Multivesicular Body Sorting Pathway (GO:0032509),2/24,0.6952667212639136,0.8814415589061436,0,0,0.8389424195875809,0.304921789869405,CHMP6;CHMP5
GO_Biological_Process_2023,Multivesicular Body Sorting Pathway (GO:0071985),2/24,0.6952667212639136,0.8814415589061436,0,0,0.8389424195875809,0.304921789869405,CHMP6;CHMP5
GO_Biological_Process_2023,Neuromuscular Junction Development (GO:0007528),2/24,0.6952667212639136,0.8814415589061436,0,0,0.8389424195875809,0.304921789869405,LRRK2;PDZRN3
GO_Biological_Process_2023,Photoperiodism (GO:0009648),2/24,0.6952667212639136,0.8814415589061436,0,0,0.8389424195875809,0.304921789869405,ID2;CRY1
GO_Biological_Process_2023,Positive Regulation Of Cell Cycle G2/M Phase Transition (GO:1902751),2/24,0.6952667212639136,0.8814415589061436,0,0,0.8389424195875809,0.304921789869405,RRM2B;TNFSF13B
GO_Biological_Process_2023,Regulation Of AMPA Receptor Activity (GO:2000311),2/24,0.6952667212639136,0.8814415589061436,0,0,0.8389424195875809,0.304921789869405,RELN;SHANK3
GO_Biological_Process_2023,Regulation Of Cysteine-Type Endopeptidase Activity (GO:2000116),2/24,0.6952667212639136,0.8814415589061436,0,0,0.8389424195875809,0.304921789869405,CST5;PSMB9
GO_Biological_Process_2023,Regulation Of Endoplasmic Reticulum Stress-Induced Intrinsic Apoptotic Signaling Pathway (GO:1902235),2/24,0.6952667212639136,0.8814415589061436,0,0,0.8389424195875809,0.304921789869405,LRRK2;FCGR2B
GO_Biological_Process_2023,Regulation Of Muscle Cell Differentiation (GO:0051147),2/24,0.6952667212639136,0.8814415589061436,0,0,0.8389424195875809,0.304921789869405,LAMA2;ID2
GO_Biological_Process_2023,Regulation Of Neuroblast Proliferation (GO:1902692),2/24,0.6952667212639136,0.8814415589061436,0,0,0.8389424195875809,0.304921789869405,CX3CR1;LRRK2
GO_Biological_Process_2023,Regulation Of Proteolysis Involved In Protein Catabolic Process (GO:1903050),2/24,0.6952667212639136,0.8814415589061436,0,0,0.8389424195875809,0.304921789869405,UBB;CTSC
GO_Biological_Process_2023,Regulation Of Ruffle Assembly (GO:1900027),2/24,0.6952667212639136,0.8814415589061436,0,0,0.8389424195875809,0.304921789869405,CAV1;ARHGAP24
GO_Biological_Process_2023,Response To Hexose (GO:0009746),2/24,0.6952667212639136,0.8814415589061436,0,0,0.8389424195875809,0.304921789869405,LCP1;KLRG1
GO_Biological_Process_2023,Chordate Embryonic Development (GO:0043009),5/59,0.6960872700983942,0.8819389312627762,0,0,0.8542735042735042,0.3094864088175396,PTPRR;BMP2;FOXF1;ALDH1A2;BMP5
GO_Biological_Process_2023,Regulation Of Type I Interferon Production (GO:0032479),5/59,0.6960872700983942,0.8819389312627762,0,0,0.8542735042735042,0.3094864088175396,RNF125;TYROBP;IRF1;IRF8;CD14
GO_Biological_Process_2023,Positive Regulation Of Myeloid Cell Differentiation (GO:0045639),3/36,0.6972065458704572,0.8825426436510181,0,0,0.838859910581222,0.3025546042002845,CSF3;ETS1;HOXA5
GO_Biological_Process_2023,Receptor Signaling Pathway Via JAK-STAT (GO:0007259),3/36,0.6972065458704572,0.8825426436510181,0,0,0.838859910581222,0.3025546042002845,GHR;IL15;JAK1
GO_Biological_Process_2023,Substrate Adhesion-Dependent Cell Spreading (GO:0034446),3/36,0.6972065458704572,0.8825426436510181,0,0,0.838859910581222,0.3025546042002845,ITGA8;LPXN;TEK
GO_Biological_Process_2023,Negative Regulation Of Amide Metabolic Process (GO:0034249),8/93,0.699573420406454,0.8837259076995927,0,0,0.8681833288014744,0.3101884718183956,NTRK2;PRNP;BTG2;RTN1;GZMB;IGF1;CLU;RTN4
GO_Biological_Process_2023,Negative Regulation Of Apoptotic Signaling Pathway (GO:2001234),7/82,0.7016729539018527,0.8837259076995927,0,0,0.8609856262833676,0.3050367560114166,RB1;CX3CR1;NR4A2;BDNF;IGF1;CLU;TNF
GO_Biological_Process_2023,Oligosaccharide Metabolic Process (GO:0009311),4/48,0.7031066176865912,0.8837259076995927,0,0,0.8387773169936164,0.2954565735390163,AMY1B;ST6GALNAC3;ST6GALNAC5;ST6GALNAC6
GO_Biological_Process_2023,C4-dicarboxylate Transport (GO:0015740),1/12,0.7090833029733319,0.8837259076995927,0,0,0.8390248441425514,0.2884418619284772,SLC1A1
GO_Biological_Process_2023,DNA Conformation Change (GO:0071103),1/12,0.7090833029733319,0.8837259076995927,0,0,0.8390248441425514,0.2884418619284772,HHEX
GO_Biological_Process_2023,DNA Strand Elongation Involved In DNA Replication (GO:0006271),1/12,0.7090833029733319,0.8837259076995927,0,0,0.8390248441425514,0.2884418619284772,PCNA
GO_Biological_Process_2023,UV-damage Excision Repair (GO:0070914),1/12,0.7090833029733319,0.8837259076995927,0,0,0.8390248441425514,0.2884418619284772,ERCC1
GO_Biological_Process_2023,Aspartate Family Amino Acid Metabolic Process (GO:0009066),1/12,0.7090833029733319,0.8837259076995927,0,0,0.8390248441425514,0.2884418619284772,MSRA
GO_Biological_Process_2023,Atrial Cardiac Muscle Tissue Development (GO:0003228),1/12,0.7090833029733319,0.8837259076995927,0,0,0.8390248441425514,0.2884418619284772,ENG
GO_Biological_Process_2023,cAMP Metabolic Process (GO:0046058),1/12,0.7090833029733319,0.8837259076995927,0,0,0.8390248441425514,0.2884418619284772,ADCY4
GO_Biological_Process_2023,Cardiolipin Metabolic Process (GO:0032048),1/12,0.7090833029733319,0.8837259076995927,0,0,0.8390248441425514,0.2884418619284772,PLA2G5
GO_Biological_Process_2023,Cell Projection Assembly (GO:0030031),1/12,0.7090833029733319,0.8837259076995927,0,0,0.8390248441425514,0.2884418619284772,GSN
GO_Biological_Process_2023,Cell-Cell Junction Maintenance (GO:0045217),1/12,0.7090833029733319,0.8837259076995927,0,0,0.8390248441425514,0.2884418619284772,MYADM
GO_Biological_Process_2023,Cellular Component Maintenance (GO:0043954),1/12,0.7090833029733319,0.8837259076995927,0,0,0.8390248441425514,0.2884418619284772,PRNP
GO_Biological_Process_2023,Early Endosome To Golgi Transport (GO:0034498),1/12,0.7090833029733319,0.8837259076995927,0,0,0.8390248441425514,0.2884418619284772,SNX1
GO_Biological_Process_2023,Endochondral Bone Morphogenesis (GO:0060350),1/12,0.7090833029733319,0.8837259076995927,0,0,0.8390248441425514,0.2884418619284772,COL13A1
GO_Biological_Process_2023,Fatty Acid Transmembrane Transport (GO:1902001),1/12,0.7090833029733319,0.8837259076995927,0,0,0.8390248441425514,0.2884418619284772,CD36
GO_Biological_Process_2023,Fibrinolysis (GO:0042730),1/12,0.7090833029733319,0.8837259076995927,0,0,0.8390248441425514,0.2884418619284772,FGG
GO_Biological_Process_2023,Histone H4-K16 Acetylation (GO:0043984),1/12,0.7090833029733319,0.8837259076995927,0,0,0.8390248441425514,0.2884418619284772,MCRS1
GO_Biological_Process_2023,Lipid Droplet Formation (GO:0140042),1/12,0.7090833029733319,0.8837259076995927,0,0,0.8390248441425514,0.2884418619284772,PLA2G4C
GO_Biological_Process_2023,Mesoderm Morphogenesis (GO:0048332),1/12,0.7090833029733319,0.8837259076995927,0,0,0.8390248441425514,0.2884418619284772,TBX3
GO_Biological_Process_2023,Morphogenesis Of A Polarized Epithelium (GO:0001738),1/12,0.7090833029733319,0.8837259076995927,0,0,0.8390248441425514,0.2884418619284772,ACTG1
GO_Biological_Process_2023,Myelination In Peripheral Nervous System (GO:0022011),1/12,0.7090833029733319,0.8837259076995927,0,0,0.8390248441425514,0.2884418619284772,MYOC
GO_Biological_Process_2023,Negative Regulation Of Hippo Signaling (GO:0035331),1/12,0.7090833029733319,0.8837259076995927,0,0,0.8390248441425514,0.2884418619284772,WWC2
GO_Biological_Process_2023,Negative Regulation Of Substrate Adhesion-Dependent Cell Spreading (GO:1900025),1/12,0.7090833029733319,0.8837259076995927,0,0,0.8390248441425514,0.2884418619284772,FBLN1
GO_Biological_Process_2023,Negative Regulation Of Voltage-Gated Calcium Channel Activity (GO:1901386),1/12,0.7090833029733319,0.8837259076995927,0,0,0.8390248441425514,0.2884418619284772,PPP3CC
GO_Biological_Process_2023,Organophosphate Catabolic Process (GO:0046434),1/12,0.7090833029733319,0.8837259076995927,0,0,0.8390248441425514,0.2884418619284772,ENPP2
GO_Biological_Process_2023,Phosphate Ion Homeostasis (GO:0055062),1/12,0.7090833029733319,0.8837259076995927,0,0,0.8390248441425514,0.2884418619284772,FGFR4
GO_Biological_Process_2023,Positive Regulation Of DNA-directed DNA Polymerase Activity (GO:1900264),1/12,0.7090833029733319,0.8837259076995927,0,0,0.8390248441425514,0.2884418619284772,PCNA
GO_Biological_Process_2023,Positive Regulation Of ERAD Pathway (GO:1904294),1/12,0.7090833029733319,0.8837259076995927,0,0,0.8390248441425514,0.2884418619284772,CAV1
GO_Biological_Process_2023,Positive Regulation Of Fatty Acid Oxidation (GO:0046321),1/12,0.7090833029733319,0.8837259076995927,0,0,0.8390248441425514,0.2884418619284772,PPARGC1A
GO_Biological_Process_2023,Positive Regulation Of Histone H3-K4 Methylation (GO:0051571),1/12,0.7090833029733319,0.8837259076995927,0,0,0.8390248441425514,0.2884418619284772,MCRS1
GO_Biological_Process_2023,Positive Regulation Of Insulin Receptor Signaling Pathway (GO:0046628),1/12,0.7090833029733319,0.8837259076995927,0,0,0.8390248441425514,0.2884418619284772,SORBS1
GO_Biological_Process_2023,Positive Regulation Of Neuron Migration (GO:2001224),1/12,0.7090833029733319,0.8837259076995927,0,0,0.8390248441425514,0.2884418619284772,SEMA6A
GO_Biological_Process_2023,Positive Regulation Of Purine Nucleotide Biosynthetic Process (GO:1900373),1/12,0.7090833029733319,0.8837259076995927,0,0,0.8390248441425514,0.2884418619284772,PPARGC1A
GO_Biological_Process_2023,Positive Regulation Of Sodium Ion Transport (GO:0010765),1/12,0.7090833029733319,0.8837259076995927,0,0,0.8390248441425514,0.2884418619284772,SCN4B
GO_Biological_Process_2023,Regulation Of DNA-directed DNA Polymerase Activity (GO:1900262),1/12,0.7090833029733319,0.8837259076995927,0,0,0.8390248441425514,0.2884418619284772,PCNA
GO_Biological_Process_2023,Regulation Of SNARE Complex Assembly (GO:0035542),1/12,0.7090833029733319,0.8837259076995927,0,0,0.8390248441425514,0.2884418619284772,SNCA
GO_Biological_Process_2023,Regulation Of Actomyosin Structure Organization (GO:0110020),1/12,0.7090833029733319,0.8837259076995927,0,0,0.8390248441425514,0.2884418619284772,PTGER4
GO_Biological_Process_2023,Regulation Of Chromosome Separation (GO:1905818),1/12,0.7090833029733319,0.8837259076995927,0,0,0.8390248441425514,0.2884418619284772,PLSCR1
GO_Biological_Process_2023,Regulation Of Dosage Compensation By Inactivation Of X Chromosome (GO:1900095),1/12,0.7090833029733319,0.8837259076995927,0,0,0.8390248441425514,0.2884418619284772,MCRS1
GO_Biological_Process_2023,Regulation Of Hematopoietic Stem Cell Differentiation (GO:1902036),1/12,0.7090833029733319,0.8837259076995927,0,0,0.8390248441425514,0.2884418619284772,OSM
GO_Biological_Process_2023,Regulation Of Interleukin-5 Production (GO:0032674),1/12,0.7090833029733319,0.8837259076995927,0,0,0.8390248441425514,0.2884418619284772,PDE4D
GO_Biological_Process_2023,Regulation Of Lymphocyte Migration (GO:2000401),1/12,0.7090833029733319,0.8837259076995927,0,0,0.8390248441425514,0.2884418619284772,JAM2
GO_Biological_Process_2023,Regulation Of Tube Diameter (GO:0035296),1/12,0.7090833029733319,0.8837259076995927,0,0,0.8390248441425514,0.2884418619284772,AGTR1
GO_Biological_Process_2023,Regulation Of Vascular Associated Smooth Muscle Cell Migration (GO:1904752),1/12,0.7090833029733319,0.8837259076995927,0,0,0.8390248441425514,0.2884418619284772,PDGFB
GO_Biological_Process_2023,Response To Interleukin-6 (GO:0070741),1/12,0.7090833029733319,0.8837259076995927,0,0,0.8390248441425514,0.2884418619284772,PTGIS
GO_Biological_Process_2023,Secretion (GO:0046903),1/12,0.7090833029733319,0.8837259076995927,0,0,0.8390248441425514,0.2884418619284772,FBLN5
GO_Biological_Process_2023,Semaphorin-Plexin Signaling Pathway Involved In Neuron Projection Guidance (GO:1902285),1/12,0.7090833029733319,0.8837259076995927,0,0,0.8390248441425514,0.2884418619284772,NELL2
GO_Biological_Process_2023,Triglyceride Catabolic Process (GO:0019433),1/12,0.7090833029733319,0.8837259076995927,0,0,0.8390248441425514,0.2884418619284772,LCP1
GO_Biological_Process_2023,Vascular Process In Circulatory System (GO:0003018),1/12,0.7090833029733319,0.8837259076995927,0,0,0.8390248441425514,0.2884418619284772,AGTR1
GO_Biological_Process_2023,Response To Light Stimulus (GO:0009416),5/60,0.7102833202238317,0.8849537192988393,0,0,0.8386946386946387,0.286910177812487,SLC24A4;CIRBP;CRY1;RGR;TNFSF13B
GO_Biological_Process_2023,Axonemal Dynein Complex Assembly (GO:0070286),3/37,0.7150343643541276,0.8887750023031169,0,0,0.8141423577627772,0.2730834360895637,CCDC65;ZMYND10;DNAI1
GO_Biological_Process_2023,Mitochondrion Disassembly (GO:0061726),3/37,0.7150343643541276,0.8887750023031169,0,0,0.8141423577627772,0.2730834360895637,GABARAPL1;MAP1LC3C;FBXO7
GO_Biological_Process_2023,Type I Interferon-Mediated Signaling Pathway (GO:0060337),3/37,0.7150343643541276,0.8887750023031169,0,0,0.8141423577627772,0.2730834360895637,IFNA14;JAK1;IFNA10
GO_Biological_Process_2023,Bile Acid Biosynthetic Process (GO:0006699),2/25,0.7168027573806639,0.8887750023031169,0,0,0.8024221376255037,0.2671701182221556,CYP27A1;CYP39A1
GO_Biological_Process_2023,Carbohydrate Biosynthetic Process (GO:0016051),2/25,0.7168027573806639,0.8887750023031169,0,0,0.8024221376255037,0.2671701182221556,ST6GALNAC5;ST6GALNAC6
GO_Biological_Process_2023,"Chemical Synaptic Transmission, Postsynaptic (GO:0099565)",2/25,0.7168027573806639,0.8887750023031169,0,0,0.8024221376255037,0.2671701182221556,LRRK2;ARRB2
GO_Biological_Process_2023,fatty-acyl-CoA Biosynthetic Process (GO:0046949),2/25,0.7168027573806639,0.8887750023031169,0,0,0.8024221376255037,0.2671701182221556,ACSL4;ACAT1
GO_Biological_Process_2023,Late Endosome To Vacuole Transport Via Multivesicular Body Sorting Pathway (GO:0032511),2/25,0.7168027573806639,0.8887750023031169,0,0,0.8024221376255037,0.2671701182221556,CHMP6;CHMP5
GO_Biological_Process_2023,Metanephros Development (GO:0001656),2/25,0.7168027573806639,0.8887750023031169,0,0,0.8024221376255037,0.2671701182221556,SOX17;CTSH
GO_Biological_Process_2023,Negative Regulation Of Proteolysis Involved In Protein Catabolic Process (GO:1903051),2/25,0.7168027573806639,0.8887750023031169,0,0,0.8024221376255037,0.2671701182221556,LAMP3;RPL17
GO_Biological_Process_2023,Negative Regulation Of Smoothened Signaling Pathway (GO:0045879),2/25,0.7168027573806639,0.8887750023031169,0,0,0.8024221376255037,0.2671701182221556,HHIP;GPC3
GO_Biological_Process_2023,Negative Regulation Of Telomere Maintenance Via Telomere Lengthening (GO:1904357),2/25,0.7168027573806639,0.8887750023031169,0,0,0.8024221376255037,0.2671701182221556,TINF2;STON1
GO_Biological_Process_2023,Negative Regulation Of Transposition (GO:0010529),2/25,0.7168027573806639,0.8887750023031169,0,0,0.8024221376255037,0.2671701182221556,APOBEC3F;APOBEC3G
GO_Biological_Process_2023,Proteoglycan Metabolic Process (GO:0006029),2/25,0.7168027573806639,0.8887750023031169,0,0,0.8024221376255037,0.2671701182221556,CHST9;IGF1
GO_Biological_Process_2023,Regulation Of Cell Size (GO:0008361),2/25,0.7168027573806639,0.8887750023031169,0,0,0.8024221376255037,0.2671701182221556,EDN1;PLEK
GO_Biological_Process_2023,Regulation Of Hippo Signaling (GO:0035330),2/25,0.7168027573806639,0.8887750023031169,0,0,0.8024221376255037,0.2671701182221556,SCHIP1;WWC2
GO_Biological_Process_2023,Fatty Acid Beta-Oxidation (GO:0006635),4/49,0.7185413503084865,0.8901268637355356,0,0,0.8200922603792927,0.2710667548845652,ACADVL;ACADL;ECHDC1;ACAT1
GO_Biological_Process_2023,Negative Regulation Of DNA Metabolic Process (GO:0051053),4/49,0.7185413503084865,0.8901268637355356,0,0,0.8200922603792927,0.2710667548845652,DACH1;ERCC1;ANKRD1;ATR
GO_Biological_Process_2023,Neurogenesis (GO:0022008),4/49,0.7185413503084865,0.8901268637355356,0,0,0.8200922603792927,0.2710667548845652,CDK6;PCSK9;CXCR4;WNT2
GO_Biological_Process_2023,Negative Regulation Of Intrinsic Apoptotic Signaling Pathway (GO:2001243),5/61,0.7240059303143538,0.8966267068445049,0,0,0.8236721611721611,0.2660096157478611,CXCL12;LRRK2;SNAI2;NME5;CLU
GO_Biological_Process_2023,Protein Autophosphorylation (GO:0046777),14/162,0.7251639577486668,0.8977909053101168,0,0,0.8722099224417617,0.2802912010898866,PDGFRA;NTRK2;CDKL5;DAPK2;LRRK2;CLK2;FGR;HCK;GRK5;KIT;PRKD1;TEK;FGFR4;ATR
GO_Biological_Process_2023,Positive Regulation Of Autophagy (GO:0010508),9/107,0.7300476157453009,0.8993239639220202,0,0,0.8469649936027854,0.2664937407649465,BAD;SESN1;LRRK2;PRKD1;FBXO7;MAP3K7;C9ORF72;TRIM22;DCN
GO_Biological_Process_2023,Amino Acid Catabolic Process (GO:0009063),3/38,0.732038080897309,0.8993239639220202,0,0,0.7908372365339579,0.2466801203157316,HDC;KYNU;OTC
GO_Biological_Process_2023,Cellular Response To Type I Interferon (GO:0071357),3/38,0.732038080897309,0.8993239639220202,0,0,0.7908372365339579,0.2466801203157316,IFNA14;JAK1;IFNA10
GO_Biological_Process_2023,Lymphocyte Proliferation (GO:0046651),3/38,0.732038080897309,0.8993239639220202,0,0,0.7908372365339579,0.2466801203157316,IFNA14;PTPRC;IFNA10
GO_Biological_Process_2023,Regulation Of Neurotransmitter Secretion (GO:0046928),3/38,0.732038080897309,0.8993239639220202,0,0,0.7908372365339579,0.2466801203157316,SYT11;LRRK2;SNCAIP
GO_Biological_Process_2023,Response To Peptide (GO:1901652),3/38,0.732038080897309,0.8993239639220202,0,0,0.7908372365339579,0.2466801203157316,PRNP;RAMP3;GNAI1
GO_Biological_Process_2023,"G Protein-Coupled Receptor Signaling Pathway, Coupled To Cyclic Nucleotide Second Messenger (GO:0007187)",4/50,0.7333749020769539,0.8993239639220202,0,0,0.8022195975308092,0.2487668895074568,CCR1;VIPR1;CALCRL;CCL2
GO_Biological_Process_2023,Regulation Of Interferon-Beta Production (GO:0032648),4/50,0.7333749020769539,0.8993239639220202,0,0,0.8022195975308092,0.2487668895074568,IRF1;TLR8;TLR7;TLR4
GO_Biological_Process_2023,Positive Regulation Of Amide Metabolic Process (GO:0034250),7/85,0.7367932162483594,0.8993239639220202,0,0,0.8277325856894645,0.2528292637687035,IL6;IFNGR1;CIRBP;VIM;CLU;TNF;ABCG1
GO_Biological_Process_2023,L-amino Acid Transport (GO:0015807),2/26,0.7370427655160721,0.8993239639220202,0,0,0.7689452124935996,0.234612383193684,SLC1A1;SLC3A2
GO_Biological_Process_2023,"Wnt Signaling Pathway, Planar Cell Polarity Pathway (GO:0060071)",2/26,0.7370427655160721,0.8993239639220202,0,0,0.7689452124935996,0.234612383193684,PRICKLE2;WNT7A
GO_Biological_Process_2023,Calcium-Ion Regulated Exocytosis (GO:0017156),2/26,0.7370427655160721,0.8993239639220202,0,0,0.7689452124935996,0.234612383193684,SYT11;SYT15
GO_Biological_Process_2023,Camera-Type Eye Development (GO:0043010),2/26,0.7370427655160721,0.8993239639220202,0,0,0.7689452124935996,0.234612383193684,EFEMP1;NES
GO_Biological_Process_2023,Nuclear Membrane Organization (GO:0071763),2/26,0.7370427655160721,0.8993239639220202,0,0,0.7689452124935996,0.234612383193684,CHMP6;CHMP5
GO_Biological_Process_2023,Nucleic Acid Phosphodiester Bond Hydrolysis (GO:0090305),2/26,0.7370427655160721,0.8993239639220202,0,0,0.7689452124935996,0.234612383193684,RNASE6;RNASE1
GO_Biological_Process_2023,Positive Regulation Of Adenylate Cyclase Activity (GO:0045762),2/26,0.7370427655160721,0.8993239639220202,0,0,0.7689452124935996,0.234612383193684,EDNRA;ADRB2
GO_Biological_Process_2023,Positive Regulation Of Monooxygenase Activity (GO:0032770),2/26,0.7370427655160721,0.8993239639220202,0,0,0.7689452124935996,0.234612383193684,IL1B;TNF
GO_Biological_Process_2023,Protein Export From Nucleus (GO:0006611),2/26,0.7370427655160721,0.8993239639220202,0,0,0.7689452124935996,0.234612383193684,RANBP3L;EGR2
GO_Biological_Process_2023,acyl-CoA Biosynthetic Process (GO:0071616),1/13,0.7375373513300763,0.8993239639220202,0,0,0.7690634595701126,0.2341325615511719,ACAT1
GO_Biological_Process_2023,Amyloid Precursor Protein Catabolic Process (GO:0042987),1/13,0.7375373513300763,0.8993239639220202,0,0,0.7690634595701126,0.2341325615511719,ABCG1
GO_Biological_Process_2023,Cardiocyte Differentiation (GO:0035051),1/13,0.7375373513300763,0.8993239639220202,0,0,0.7690634595701126,0.2341325615511719,BMP2
GO_Biological_Process_2023,Cellular Modified Amino Acid Catabolic Process (GO:0042219),1/13,0.7375373513300763,0.8993239639220202,0,0,0.7690634595701126,0.2341325615511719,CDO1
GO_Biological_Process_2023,Cellular Response To Arsenic-Containing Substance (GO:0071243),1/13,0.7375373513300763,0.8993239639220202,0,0,0.7690634595701126,0.2341325615511719,GSTO1
GO_Biological_Process_2023,Cellular Response To Interleukin-4 (GO:0071353),1/13,0.7375373513300763,0.8993239639220202,0,0,0.7690634595701126,0.2341325615511719,JAK1
GO_Biological_Process_2023,Cotranslational Protein Targeting To Membrane (GO:0006613),1/13,0.7375373513300763,0.8993239639220202,0,0,0.7690634595701126,0.2341325615511719,SRP9
GO_Biological_Process_2023,Cytoplasmic Sequestering Of Protein (GO:0051220),1/13,0.7375373513300763,0.8993239639220202,0,0,0.7690634595701126,0.2341325615511719,PTPRM
GO_Biological_Process_2023,"Endonucleolytic Cleavage Of Tricistronic rRNA Transcript (SSU-rRNA, 5.8S rRNA, LSU-rRNA) (GO:0000479)",1/13,0.7375373513300763,0.8993239639220202,0,0,0.7690634595701126,0.2341325615511719,RCL1
GO_Biological_Process_2023,Glutamine Metabolic Process (GO:0006541),1/13,0.7375373513300763,0.8993239639220202,0,0,0.7690634595701126,0.2341325615511719,GLUL
GO_Biological_Process_2023,Intraciliary Retrograde Transport (GO:0035721),1/13,0.7375373513300763,0.8993239639220202,0,0,0.7690634595701126,0.2341325615511719,DYNC2LI1
GO_Biological_Process_2023,Membrane Depolarization (GO:0051899),1/13,0.7375373513300763,0.8993239639220202,0,0,0.7690634595701126,0.2341325615511719,CAV1
GO_Biological_Process_2023,Microvillus Organization (GO:0032528),1/13,0.7375373513300763,0.8993239639220202,0,0,0.7690634595701126,0.2341325615511719,RAP1A
GO_Biological_Process_2023,Mitochondrial DNA Metabolic Process (GO:0032042),1/13,0.7375373513300763,0.8993239639220202,0,0,0.7690634595701126,0.2341325615511719,RRM2B
GO_Biological_Process_2023,Negative Regulation Of T Cell Differentiation (GO:0045581),1/13,0.7375373513300763,0.8993239639220202,0,0,0.7690634595701126,0.2341325615511719,IRF1
GO_Biological_Process_2023,Negative Regulation Of Interleukin-12 Production (GO:0032695),1/13,0.7375373513300763,0.8993239639220202,0,0,0.7690634595701126,0.2341325615511719,TLR8
GO_Biological_Process_2023,Negative Regulation Of Toll-Like Receptor Signaling Pathway (GO:0034122),1/13,0.7375373513300763,0.8993239639220202,0,0,0.7690634595701126,0.2341325615511719,CD300LF
GO_Biological_Process_2023,Negative Regulation Of Viral Transcription (GO:0032897),1/13,0.7375373513300763,0.8993239639220202,0,0,0.7690634595701126,0.2341325615511719,ZFP36
GO_Biological_Process_2023,Positive Regulation Of Alpha-Beta T Cell Differentiation (GO:0046638),1/13,0.7375373513300763,0.8993239639220202,0,0,0.7690634595701126,0.2341325615511719,TGFBR2
GO_Biological_Process_2023,Positive Regulation Of Brown Fat Cell Differentiation (GO:0090336),1/13,0.7375373513300763,0.8993239639220202,0,0,0.7690634595701126,0.2341325615511719,METRNL
GO_Biological_Process_2023,Positive Regulation Of Cellular Response To Insulin Stimulus (GO:1900078),1/13,0.7375373513300763,0.8993239639220202,0,0,0.7690634595701126,0.2341325615511719,SORBS1
GO_Biological_Process_2023,Positive Regulation Of Chromosome Separation (GO:1905820),1/13,0.7375373513300763,0.8993239639220202,0,0,0.7690634595701126,0.2341325615511719,PLSCR1
GO_Biological_Process_2023,Positive Regulation Of Histone Deacetylation (GO:0031065),1/13,0.7375373513300763,0.8993239639220202,0,0,0.7690634595701126,0.2341325615511719,PRKD1
GO_Biological_Process_2023,Positive Regulation Of Protein Deacetylation (GO:0090312),1/13,0.7375373513300763,0.8993239639220202,0,0,0.7690634595701126,0.2341325615511719,FNTA
GO_Biological_Process_2023,Potassium Ion Export Across Plasma Membrane (GO:0097623),1/13,0.7375373513300763,0.8993239639220202,0,0,0.7690634595701126,0.2341325615511719,KCNT2
GO_Biological_Process_2023,Protein Localization To Phagophore Assembly Site (GO:0034497),1/13,0.7375373513300763,0.8993239639220202,0,0,0.7690634595701126,0.2341325615511719,ATG4B
GO_Biological_Process_2023,Regulation Of Cell Projection Organization (GO:0031344),1/13,0.7375373513300763,0.8993239639220202,0,0,0.7690634595701126,0.2341325615511719,NTNG1
GO_Biological_Process_2023,Regulation Of Macrophage Cytokine Production (GO:0010935),1/13,0.7375373513300763,0.8993239639220202,0,0,0.7690634595701126,0.2341325615511719,LAPTM5
GO_Biological_Process_2023,Regulation Of Response To Stress (GO:0080134),1/13,0.7375373513300763,0.8993239639220202,0,0,0.7690634595701126,0.2341325615511719,CORO2B
GO_Biological_Process_2023,Regulation Of Short-Term Neuronal Synaptic Plasticity (GO:0048172),1/13,0.7375373513300763,0.8993239639220202,0,0,0.7690634595701126,0.2341325615511719,SYNGR1
GO_Biological_Process_2023,Regulation Of Trophoblast Cell Migration (GO:1901163),1/13,0.7375373513300763,0.8993239639220202,0,0,0.7690634595701126,0.2341325615511719,GJA1
GO_Biological_Process_2023,Response To Nerve Growth Factor (GO:1990089),1/13,0.7375373513300763,0.8993239639220202,0,0,0.7690634595701126,0.2341325615511719,RAP1A
GO_Biological_Process_2023,Response To Progesterone (GO:0032570),1/13,0.7375373513300763,0.8993239639220202,0,0,0.7690634595701126,0.2341325615511719,CAV1
GO_Biological_Process_2023,Inorganic Cation Transmembrane Transport (GO:0098662),25/284,0.7392716833337518,0.9011719631996816,0,0,0.8895312781323144,0.2687183162528243,SLC24A4;PKD2L1;KCNA5;ATP1A2;ATP2C1;CLU;AQP1;SLC6A4;SLC39A8;KCNJ2;MCOLN3;SCARA5;KCNJ8;SLC11A1;TRPV2;SLC6A12;ATP1B3;KCNK17;SLC8A3;SCNN1G;SLC9A9;GAS6;SCN4B;KCNK3;SCN2B
GO_Biological_Process_2023,Regulation Of mRNA Stability (GO:0043488),6/74,0.7422818481509441,0.9045736486786208,0,0,0.8138562762200827,0.2425505411044491,ZFP36;SLC11A1;CIRBP;AXIN2;VIM;ZFP36L2
GO_Biological_Process_2023,Protein-Containing Complex Assembly (GO:0065003),29/328,0.743483129058862,0.9057695973361292,0,0,0.8936572930884187,0.2648882474159436,WIPF1;LRRK2;ADRB2;CLU;COX7A1;HIGD1B;TSPAN4;CASP1;CAPN3;LPXN;STXBP6;PPARGC1A;WASF3;SNCA;CD74;ANGPT1;WNT3A;BAD;FGG;DNAJB12;MITF;CXCL12;TCP1;IL2RB;PDCL;CASQ2;CCDC65;CD247;PPID
GO_Biological_Process_2023,Negative Regulation Of Protein Secretion (GO:0050709),3/39,0.7482313512940113,0.910208191370358,0,0,0.7688268442622951,0.2229928871795201,SFRP1;IL1B;CD200
GO_Biological_Process_2023,Positive Regulation Of Lipid Biosynthetic Process (GO:0046889),3/39,0.7482313512940113,0.910208191370358,0,0,0.7688268442622951,0.2229928871795201,HSD17B13;SORBS1;LDLR
GO_Biological_Process_2023,Positive Regulation Of Lymphocyte Differentiation (GO:0045621),3/39,0.7482313512940113,0.910208191370358,0,0,0.7688268442622951,0.2229928871795201,SPI1;BTK;GAS6
GO_Biological_Process_2023,Regulation Of Mitotic Spindle Organization (GO:0060236),3/39,0.7482313512940113,0.910208191370358,0,0,0.7688268442622951,0.2229928871795201,CHMP6;GNAI1;CHMP5
GO_Biological_Process_2023,Retina Homeostasis (GO:0001895),3/39,0.7482313512940113,0.910208191370358,0,0,0.7688268442622951,0.2229928871795201,LYZ;F3;ACTG1
GO_Biological_Process_2023,Telomere Organization (GO:0032200),5/63,0.7500332256040811,0.9121307517753796,0,0,0.7951812555260831,0.2287241651747339,MCRS1;TINF2;STON1;ZNF365;ATR
GO_Biological_Process_2023,Cardiac Muscle Cell Differentiation (GO:0055007),2/27,0.7560342015586939,0.9135623573511192,0,0,0.7381464413722478,0.2064364288505354,BMP2;MYH11
GO_Biological_Process_2023,Dorsal/Ventral Pattern Formation (GO:0009953),2/27,0.7560342015586939,0.9135623573511192,0,0,0.7381464413722478,0.2064364288505354,ACVRL1;SFRP1
GO_Biological_Process_2023,Peptidyl-Proline Modification (GO:0018208),2/27,0.7560342015586939,0.9135623573511192,0,0,0.7381464413722478,0.2064364288505354,FKBP1B;PPID
GO_Biological_Process_2023,Regulation Of Androgen Receptor Signaling Pathway (GO:0060765),2/27,0.7560342015586939,0.9135623573511192,0,0,0.7381464413722478,0.2064364288505354,SFRP1;TCF21
GO_Biological_Process_2023,Regulation Of Insulin Secretion Involved In Cellular Response To Glucose Stimulus (GO:0061178),2/27,0.7560342015586939,0.9135623573511192,0,0,0.7381464413722478,0.2064364288505354,CFTR;HLA-DRB1
GO_Biological_Process_2023,Negative Regulation Of Innate Immune Response (GO:0045824),4/52,0.7612595930627482,0.9135623573511192,0,0,0.7687083546899026,0.2096889247846606,TNFAIP3;SERPING1;VSIG4;SAMHD1
GO_Biological_Process_2023,Neurotransmitter Transport (GO:0006836),4/52,0.7612595930627482,0.9135623573511192,0,0,0.7687083546899026,0.2096889247846606,SLC22A3;PTPRN2;SLC1A1;SLC6A4
GO_Biological_Process_2023,Positive Regulation Of Telomere Maintenance (GO:0032206),4/52,0.7612595930627482,0.9135623573511192,0,0,0.7687083546899026,0.2096889247846606,MCRS1;ERCC1;TINF2;MAPK1
GO_Biological_Process_2023,Positive Regulation Of Developmental Process (GO:0051094),20/233,0.7620903111329604,0.9135623573511192,0,0,0.8653055282599993,0.2350950422196339,SS18;TFRC;FZD4;ZBTB16;PDGFB;VLDLR;TNF;RTN4;DCN;BMP5;GJA1;BMP2;RELN;MMRN2;ENPP2;PPARG;LCP1;PHLDB2;SHANK3;CLASP2
GO_Biological_Process_2023,Positive Regulation Of Type I Interferon Production (GO:0032481),5/64,0.7623429315934768,0.9135623573511192,0,0,0.7816601477618427,0.2121103464729401,IRF1;TLR8;TLR7;CD14;TLR4
GO_Biological_Process_2023,L-glutamate Transmembrane Transport (GO:0015813),1/14,0.7632096265012164,0.9135623573511192,0,0,0.7098653649318951,0.1918216259362534,SLC1A1
GO_Biological_Process_2023,"RNA Phosphodiester Bond Hydrolysis, Endonucleolytic (GO:0090502)",1/14,0.7632096265012164,0.9135623573511192,0,0,0.7098653649318951,0.1918216259362534,ZC3H12B
GO_Biological_Process_2023,Bone Morphogenesis (GO:0060349),1/14,0.7632096265012164,0.9135623573511192,0,0,0.7098653649318951,0.1918216259362534,CYP26B1
GO_Biological_Process_2023,Calcium Ion-Regulated Exocytosis Of Neurotransmitter (GO:0048791),1/14,0.7632096265012164,0.9135623573511192,0,0,0.7098653649318951,0.1918216259362534,SYT11
GO_Biological_Process_2023,Cellular Response To Exogenous dsRNA (GO:0071360),1/14,0.7632096265012164,0.9135623573511192,0,0,0.7098653649318951,0.1918216259362534,COLEC12
GO_Biological_Process_2023,Detection Of Mechanical Stimulus Involved In Sensory Perception (GO:0050974),1/14,0.7632096265012164,0.9135623573511192,0,0,0.7098653649318951,0.1918216259362534,KIT
GO_Biological_Process_2023,Electron Transport Chain (GO:0022900),1/14,0.7632096265012164,0.9135623573511192,0,0,0.7098653649318951,0.1918216259362534,PPARGC1A
GO_Biological_Process_2023,Establishment Of Spindle Localization (GO:0051293),1/14,0.7632096265012164,0.9135623573511192,0,0,0.7098653649318951,0.1918216259362534,CLASP2
GO_Biological_Process_2023,Glucosamine-Containing Compound Metabolic Process (GO:1901071),1/14,0.7632096265012164,0.9135623573511192,0,0,0.7098653649318951,0.1918216259362534,CHST7
GO_Biological_Process_2023,Icosanoid Transport (GO:0071715),1/14,0.7632096265012164,0.9135623573511192,0,0,0.7098653649318951,0.1918216259362534,SLCO2A1
GO_Biological_Process_2023,Inner Dynein Arm Assembly (GO:0036159),1/14,0.7632096265012164,0.9135623573511192,0,0,0.7098653649318951,0.1918216259362534,ZMYND10
GO_Biological_Process_2023,miRNA-mediated Gene Silencing By Inhibition Of Translation (GO:0035278),1/14,0.7632096265012164,0.9135623573511192,0,0,0.7098653649318951,0.1918216259362534,ZFP36
GO_Biological_Process_2023,Microvillus Assembly (GO:0030033),1/14,0.7632096265012164,0.9135623573511192,0,0,0.7098653649318951,0.1918216259362534,RAP1A
GO_Biological_Process_2023,Mitochondrial Calcium Ion Transmembrane Transport (GO:0006851),1/14,0.7632096265012164,0.9135623573511192,0,0,0.7098653649318951,0.1918216259362534,SLC8A3
GO_Biological_Process_2023,Mitochondrion Transport Along Microtubule (GO:0047497),1/14,0.7632096265012164,0.9135623573511192,0,0,0.7098653649318951,0.1918216259362534,UBB
GO_Biological_Process_2023,Mitotic Recombination (GO:0006312),1/14,0.7632096265012164,0.9135623573511192,0,0,0.7098653649318951,0.1918216259362534,ERCC1
GO_Biological_Process_2023,Negative Regulation Of Blood Pressure (GO:0045776),1/14,0.7632096265012164,0.9135623573511192,0,0,0.7098653649318951,0.1918216259362534,APLN
GO_Biological_Process_2023,Negative Regulation Of Cilium Assembly (GO:1902018),1/14,0.7632096265012164,0.9135623573511192,0,0,0.7098653649318951,0.1918216259362534,LIMK2
GO_Biological_Process_2023,"Negative Regulation Of mRNA Splicing, Via Spliceosome (GO:0048025)",1/14,0.7632096265012164,0.9135623573511192,0,0,0.7098653649318951,0.1918216259362534,SAP18
GO_Biological_Process_2023,Negative Regulation Of Peptidyl-Threonine Phosphorylation (GO:0010801),1/14,0.7632096265012164,0.9135623573511192,0,0,0.7098653649318951,0.1918216259362534,SMAD7
GO_Biological_Process_2023,Nuclear Pore Organization (GO:0006999),1/14,0.7632096265012164,0.9135623573511192,0,0,0.7098653649318951,0.1918216259362534,RTN4
GO_Biological_Process_2023,Pancreas Development (GO:0031016),1/14,0.7632096265012164,0.9135623573511192,0,0,0.7098653649318951,0.1918216259362534,FOXF1
GO_Biological_Process_2023,Photoreceptor Cell Development (GO:0042461),1/14,0.7632096265012164,0.9135623573511192,0,0,0.7098653649318951,0.1918216259362534,ARL3
GO_Biological_Process_2023,Positive Regulation Of Exosomal Secretion (GO:1903543),1/14,0.7632096265012164,0.9135623573511192,0,0,0.7098653649318951,0.1918216259362534,SDCBP
GO_Biological_Process_2023,Positive Regulation Of Histone Acetylation (GO:0035066),1/14,0.7632096265012164,0.9135623573511192,0,0,0.7098653649318951,0.1918216259362534,PPARGC1A
GO_Biological_Process_2023,Positive Regulation Of Mitochondrial Translation (GO:0070131),1/14,0.7632096265012164,0.9135623573511192,0,0,0.7098653649318951,0.1918216259362534,NGRN
GO_Biological_Process_2023,Positive Regulation Of Telomerase RNA Localization To Cajal Body (GO:1904874),1/14,0.7632096265012164,0.9135623573511192,0,0,0.7098653649318951,0.1918216259362534,TCP1
GO_Biological_Process_2023,Positive Regulation Of Telomere Maintenance In Response To DNA Damage (GO:1904507),1/14,0.7632096265012164,0.9135623573511192,0,0,0.7098653649318951,0.1918216259362534,MCRS1
GO_Biological_Process_2023,Positive Regulation Of Transcription From RNA Polymerase II Promoter Involved In Cellular Response To Chemical Stimulus (GO:1901522),1/14,0.7632096265012164,0.9135623573511192,0,0,0.7098653649318951,0.1918216259362534,BMP2
GO_Biological_Process_2023,Positive Regulation Of Transporter Activity (GO:0032411),1/14,0.7632096265012164,0.9135623573511192,0,0,0.7098653649318951,0.1918216259362534,PPARGC1A
GO_Biological_Process_2023,Primary Alcohol Metabolic Process (GO:0034308),1/14,0.7632096265012164,0.9135623573511192,0,0,0.7098653649318951,0.1918216259362534,IGF1
GO_Biological_Process_2023,Protein Localization To Vacuole (GO:0072665),1/14,0.7632096265012164,0.9135623573511192,0,0,0.7098653649318951,0.1918216259362534,RTN4
GO_Biological_Process_2023,Regulation Of ATP Biosynthetic Process (GO:2001169),1/14,0.7632096265012164,0.9135623573511192,0,0,0.7098653649318951,0.1918216259362534,PPARGC1A
GO_Biological_Process_2023,Regulation Of Cell Fate Specification (GO:0042659),1/14,0.7632096265012164,0.9135623573511192,0,0,0.7098653649318951,0.1918216259362534,FGF2
GO_Biological_Process_2023,Regulation Of Establishment Of Protein Localization (GO:0070201),1/14,0.7632096265012164,0.9135623573511192,0,0,0.7098653649318951,0.1918216259362534,CORO2B
GO_Biological_Process_2023,Regulation Of Exit From Mitosis (GO:0007096),1/14,0.7632096265012164,0.9135623573511192,0,0,0.7098653649318951,0.1918216259362534,MAD2L1BP
GO_Biological_Process_2023,Regulation Of Histone H3-K4 Methylation (GO:0051569),1/14,0.7632096265012164,0.9135623573511192,0,0,0.7098653649318951,0.1918216259362534,MCRS1
GO_Biological_Process_2023,Respiratory Electron Transport Chain (GO:0022904),1/14,0.7632096265012164,0.9135623573511192,0,0,0.7098653649318951,0.1918216259362534,PPARGC1A
GO_Biological_Process_2023,Response To Muscle Stretch (GO:0035994),1/14,0.7632096265012164,0.9135623573511192,0,0,0.7098653649318951,0.1918216259362534,GSN
GO_Biological_Process_2023,Serine Family Amino Acid Metabolic Process (GO:0009069),1/14,0.7632096265012164,0.9135623573511192,0,0,0.7098653649318951,0.1918216259362534,CDO1
GO_Biological_Process_2023,Vascular Endothelial Growth Factor Signaling Pathway (GO:0038084),1/14,0.7632096265012164,0.9135623573511192,0,0,0.7098653649318951,0.1918216259362534,VEGFC
GO_Biological_Process_2023,L-alpha-amino Acid Transmembrane Transport (GO:1902475),3/40,0.7636307832871821,0.9135623573511192,0,0,0.7480062029242357,0.2017154869307931,SLC7A7;SLC1A1;SLC3A2
GO_Biological_Process_2023,Nucleic Acid-Templated Transcription (GO:0097659),3/40,0.7636307832871821,0.9135623573511192,0,0,0.7480062029242357,0.2017154869307931,NR4A2;TCEA2;THAP1
GO_Biological_Process_2023,Positive Regulation Of Catalytic Activity (GO:0043085),3/40,0.7636307832871821,0.9135623573511192,0,0,0.7480062029242357,0.2017154869307931,CAV1;APOA1;FGFR4
GO_Biological_Process_2023,Protein Localization To Chromosome (GO:0034502),3/40,0.7636307832871821,0.9135623573511192,0,0,0.7480062029242357,0.2017154869307931,RB1;TINF2;ATR
GO_Biological_Process_2023,Protein Localization To Cilium (GO:0061512),3/40,0.7636307832871821,0.9135623573511192,0,0,0.7480062029242357,0.2017154869307931,TUB;SNX10;ZNF423
GO_Biological_Process_2023,Positive Regulation Of Plasma Membrane Bounded Cell Projection Assembly (GO:0120034),7/88,0.768919544060994,0.9196224163726,0,0,0.7969427332877025,0.209411796515926,DOCK11;GPM6A;CCL21;PALM;RAC2;CDC42EP2;PLCE1
GO_Biological_Process_2023,Regulation Of Organelle Organization (GO:0033043),8/100,0.7731874717495352,0.9223393882147266,0,0,0.8018132690203434,0.2062534218798763,CLIC4;SYT11;MCRS1;PDE2A;NEXN;MAPK1;S100A9;S100A8
GO_Biological_Process_2023,Response To UV (GO:0009411),8/100,0.7731874717495352,0.9223393882147266,0,0,0.8018132690203434,0.2062534218798763,MFAP4;SCARA3;PCNA;CAT;CIRBP;AQP1;ATR;TNFSF13B
GO_Biological_Process_2023,Cell-Substrate Junction Assembly (GO:0007044),2/28,0.7738276302921054,0.9223393882147266,0,0,0.709716806491,0.1819757398013401,SORBS1;THSD1
GO_Biological_Process_2023,Limb Development (GO:0060173),2/28,0.7738276302921054,0.9223393882147266,0,0,0.709716806491,0.1819757398013401,RSPO2;TBX4
GO_Biological_Process_2023,Positive Regulation Of Protein Import Into Nucleus (GO:0042307),2/28,0.7738276302921054,0.9223393882147266,0,0,0.709716806491,0.1819757398013401,HYAL2;HCLS1
GO_Biological_Process_2023,Protein Depolymerization (GO:0051261),2/28,0.7738276302921054,0.9223393882147266,0,0,0.709716806491,0.1819757398013401,GSN;WDR1
GO_Biological_Process_2023,Regulation Of Calcium Ion-Dependent Exocytosis (GO:0017158),2/28,0.7738276302921054,0.9223393882147266,0,0,0.709716806491,0.1819757398013401,SYT11;SYT15
GO_Biological_Process_2023,Regulation Of Glucose Metabolic Process (GO:0010906),2/28,0.7738276302921054,0.9223393882147266,0,0,0.709716806491,0.1819757398013401,PDK4;FBP1
GO_Biological_Process_2023,Regulation Of Protein Targeting To Membrane (GO:0090313),2/28,0.7738276302921054,0.9223393882147266,0,0,0.709716806491,0.1819757398013401,PRNP;ITGAM
GO_Biological_Process_2023,Sterol Biosynthetic Process (GO:0016126),2/28,0.7738276302921054,0.9223393882147266,0,0,0.709716806491,0.1819757398013401,CH25H;CES1
GO_Biological_Process_2023,mRNA Stabilization (GO:0048255),4/53,0.7743261967580783,0.9223393882147266,0,0,0.7529785876421301,0.1925833481863852,ZFP36;SLC11A1;CIRBP;AXIN2
GO_Biological_Process_2023,Mitochondrial Transport (GO:0006839),4/53,0.7743261967580783,0.9223393882147266,0,0,0.7529785876421301,0.1925833481863852,BAD;TSPO;FBXO7;SLC25A24
GO_Biological_Process_2023,Regulation Of Proteasomal Protein Catabolic Process (GO:0061136),4/53,0.7743261967580783,0.9223393882147266,0,0,0.7529785876421301,0.1925833481863852,UBB;FOXF2;LAMP3;NUPR1
GO_Biological_Process_2023,Spermatid Development (GO:0007286),4/53,0.7743261967580783,0.9223393882147266,0,0,0.7529785876421301,0.1925833481863852,ZMYND15;RFX2;NME5;JAM2
GO_Biological_Process_2023,Positive Regulation Of Cellular Catabolic Process (GO:0031331),12/146,0.7765016879006419,0.9241272748793056,0,0,0.8255121715150444,0.2088186387947215,BAD;LRRK2;IL1B;LAPTM5;PRKD1;ABHD5;IGF1;TNFRSF1B;TNF;TRIM22;DCN;SNCA
GO_Biological_Process_2023,Negative Regulation Of mRNA Catabolic Process (GO:1902373),3/41,0.7782554503932964,0.9241272748793056,0,0,0.7282813848144952,0.1825804827622149,SLC11A1;CIRBP;AXIN2
GO_Biological_Process_2023,Protein Localization To Lysosome (GO:0061462),3/41,0.7782554503932964,0.9241272748793056,0,0,0.7282813848144952,0.1825804827622149,PXK;LAPTM5;RTN4
GO_Biological_Process_2023,Regulation Of Release Of Cytochrome C From Mitochondria (GO:0090199),3/41,0.7782554503932964,0.9241272748793056,0,0,0.7282813848144952,0.1825804827622149,BAD;IGF1;CLU
GO_Biological_Process_2023,Monoatomic Cation Transmembrane Transport (GO:0098655),24/281,0.7862356088804091,0.9241272748793056,0,0,0.8602466011239918,0.206888253446272,SLC24A4;MCOLN3;SCARA5;KCNJ8;SLC11A1;TRPV2;SLC6A12;PKD2L1;KCNA5;ATP1B3;ATP1A2;KCNK17;ATP2C1;CLU;SLC6A4;SLC8A3;SCNN1G;SLC9A9;SLC39A8;GAS6;SCN4B;KCNJ2;KCNK3;SCN2B
GO_Biological_Process_2023,DNA Alkylation (GO:0006305),1/15,0.7863719588375736,0.9241272748793056,0,0,0.6591241409562801,0.1584042520083307,FOS
GO_Biological_Process_2023,L-glutamate Import (GO:0051938),1/15,0.7863719588375736,0.9241272748793056,0,0,0.6591241409562801,0.1584042520083307,SLC1A1
GO_Biological_Process_2023,N-acetylglucosamine Metabolic Process (GO:0006044),1/15,0.7863719588375736,0.9241272748793056,0,0,0.6591241409562801,0.1584042520083307,CHST7
GO_Biological_Process_2023,Activation Of NF-kappaB-inducing Kinase Activity (GO:0007250),1/15,0.7863719588375736,0.9241272748793056,0,0,0.6591241409562801,0.1584042520083307,MAP3K7
GO_Biological_Process_2023,Amyloid-Beta Metabolic Process (GO:0050435),1/15,0.7863719588375736,0.9241272748793056,0,0,0.6591241409562801,0.1584042520083307,MME
GO_Biological_Process_2023,Anterograde Synaptic Vesicle Transport (GO:0048490),1/15,0.7863719588375736,0.9241272748793056,0,0,0.6591241409562801,0.1584042520083307,AP3S1
GO_Biological_Process_2023,Ceramide Catabolic Process (GO:0046514),1/15,0.7863719588375736,0.9241272748793056,0,0,0.6591241409562801,0.1584042520083307,ASAH1
GO_Biological_Process_2023,Coenzyme A Metabolic Process (GO:0015936),1/15,0.7863719588375736,0.9241272748793056,0,0,0.6591241409562801,0.1584042520083307,ACOT7
GO_Biological_Process_2023,Glutamine Family Amino Acid Catabolic Process (GO:0009065),1/15,0.7863719588375736,0.9241272748793056,0,0,0.6591241409562801,0.1584042520083307,GLUL
GO_Biological_Process_2023,Histone H4-K5 Acetylation (GO:0043981),1/15,0.7863719588375736,0.9241272748793056,0,0,0.6591241409562801,0.1584042520083307,MCRS1
GO_Biological_Process_2023,Histone H4-K8 Acetylation (GO:0043982),1/15,0.7863719588375736,0.9241272748793056,0,0,0.6591241409562801,0.1584042520083307,MCRS1
GO_Biological_Process_2023,Intracellular Sterol Transport (GO:0032366),1/15,0.7863719588375736,0.9241272748793056,0,0,0.6591241409562801,0.1584042520083307,ABCG1
GO_Biological_Process_2023,Keratan Sulfate Biosynthetic Process (GO:0018146),1/15,0.7863719588375736,0.9241272748793056,0,0,0.6591241409562801,0.1584042520083307,ST3GAL1
GO_Biological_Process_2023,mRNA Methylation (GO:0080009),1/15,0.7863719588375736,0.9241272748793056,0,0,0.6591241409562801,0.1584042520083307,WTAP
GO_Biological_Process_2023,Membrane Repolarization During Action Potential (GO:0086011),1/15,0.7863719588375736,0.9241272748793056,0,0,0.6591241409562801,0.1584042520083307,KCNJ2
GO_Biological_Process_2023,Negative Regulation Of Endoplasmic Reticulum Stress-Induced Intrinsic Apoptotic Signaling Pathway (GO:1902236),1/15,0.7863719588375736,0.9241272748793056,0,0,0.6591241409562801,0.1584042520083307,LRRK2
GO_Biological_Process_2023,Negative Regulation Of Immune Effector Process (GO:0002698),1/15,0.7863719588375736,0.9241272748793056,0,0,0.6591241409562801,0.1584042520083307,CD47
GO_Biological_Process_2023,Negative Regulation Of mRNA Processing (GO:0050686),1/15,0.7863719588375736,0.9241272748793056,0,0,0.6591241409562801,0.1584042520083307,SAP18
GO_Biological_Process_2023,Negative Regulation Of Synaptic Transmission (GO:0050805),1/15,0.7863719588375736,0.9241272748793056,0,0,0.6591241409562801,0.1584042520083307,IL1B
GO_Biological_Process_2023,Negative Regulation Of Telomere Maintenance (GO:0032205),1/15,0.7863719588375736,0.9241272748793056,0,0,0.6591241409562801,0.1584042520083307,ERCC1
GO_Biological_Process_2023,Negative Regulation Of Type I Interferon-Mediated Signaling Pathway (GO:0060339),1/15,0.7863719588375736,0.9241272748793056,0,0,0.6591241409562801,0.1584042520083307,SAMHD1
GO_Biological_Process_2023,Nitric Oxide Biosynthetic Process (GO:0006809),1/15,0.7863719588375736,0.9241272748793056,0,0,0.6591241409562801,0.1584042520083307,GCHFR
GO_Biological_Process_2023,Peptidyl-Lysine Trimethylation (GO:0018023),1/15,0.7863719588375736,0.9241272748793056,0,0,0.6591241409562801,0.1584042520083307,SETD3
GO_Biological_Process_2023,Positive Regulation Of Collagen Biosynthetic Process (GO:0032967),1/15,0.7863719588375736,0.9241272748793056,0,0,0.6591241409562801,0.1584042520083307,VIM
GO_Biological_Process_2023,Positive Regulation Of Endothelial Cell Apoptotic Process (GO:2000353),1/15,0.7863719588375736,0.9241272748793056,0,0,0.6591241409562801,0.1584042520083307,CCL2
GO_Biological_Process_2023,Positive Regulation Of Glucose Metabolic Process (GO:0010907),1/15,0.7863719588375736,0.9241272748793056,0,0,0.6591241409562801,0.1584042520083307,PPARGC1A
GO_Biological_Process_2023,Positive Regulation Of Immunoglobulin Mediated Immune Response (GO:0002891),1/15,0.7863719588375736,0.9241272748793056,0,0,0.6591241409562801,0.1584042520083307,TFRC
GO_Biological_Process_2023,Positive Regulation Of Mitotic Sister Chromatid Separation (GO:1901970),1/15,0.7863719588375736,0.9241272748793056,0,0,0.6591241409562801,0.1584042520083307,RB1
GO_Biological_Process_2023,Positive Regulation Of Muscle Cell Differentiation (GO:0051149),1/15,0.7863719588375736,0.9241272748793056,0,0,0.6591241409562801,0.1584042520083307,LAMA2
GO_Biological_Process_2023,Positive Regulation Of Secretion (GO:0051047),1/15,0.7863719588375736,0.9241272748793056,0,0,0.6591241409562801,0.1584042520083307,AQP1
GO_Biological_Process_2023,Protein Localization To Microtubule Organizing Center (GO:1905508),1/15,0.7863719588375736,0.9241272748793056,0,0,0.6591241409562801,0.1584042520083307,SNX10
GO_Biological_Process_2023,Regulation Of Activin Receptor Signaling Pathway (GO:0032925),1/15,0.7863719588375736,0.9241272748793056,0,0,0.6591241409562801,0.1584042520083307,SMAD7
GO_Biological_Process_2023,Regulation Of Carbohydrate Metabolic Process (GO:0006109),1/15,0.7863719588375736,0.9241272748793056,0,0,0.6591241409562801,0.1584042520083307,PDK4
GO_Biological_Process_2023,Regulation Of Cholesterol Biosynthetic Process (GO:0045540),1/15,0.7863719588375736,0.9241272748793056,0,0,0.6591241409562801,0.1584042520083307,ABCG1
GO_Biological_Process_2023,Regulation Of Dephosphorylation (GO:0035303),1/15,0.7863719588375736,0.9241272748793056,0,0,0.6591241409562801,0.1584042520083307,PPP1R16B
GO_Biological_Process_2023,Regulation Of Interleukin-13 Production (GO:0032656),1/15,0.7863719588375736,0.9241272748793056,0,0,0.6591241409562801,0.1584042520083307,HLA-E
GO_Biological_Process_2023,Regulation Of Isotype Switching (GO:0045191),1/15,0.7863719588375736,0.9241272748793056,0,0,0.6591241409562801,0.1584042520083307,TFRC
GO_Biological_Process_2023,Regulation Of Lipoprotein Lipase Activity (GO:0051004),1/15,0.7863719588375736,0.9241272748793056,0,0,0.6591241409562801,0.1584042520083307,APOC1
GO_Biological_Process_2023,Regulation Of mRNA Metabolic Process (GO:1903311),1/15,0.7863719588375736,0.9241272748793056,0,0,0.6591241409562801,0.1584042520083307,SRPK2
GO_Biological_Process_2023,Regulation Of Telomere Maintenance In Response To DNA Damage (GO:1904505),1/15,0.7863719588375736,0.9241272748793056,0,0,0.6591241409562801,0.1584042520083307,MCRS1
GO_Biological_Process_2023,Sympathetic Nervous System Development (GO:0048485),1/15,0.7863719588375736,0.9241272748793056,0,0,0.6591241409562801,0.1584042520083307,NELL2
GO_Biological_Process_2023,Synaptic Vesicle Transport Along Microtubule (GO:0099517),1/15,0.7863719588375736,0.9241272748793056,0,0,0.6591241409562801,0.1584042520083307,AP3S1
GO_Biological_Process_2023,RNA Biosynthetic Process (GO:0032774),2/29,0.7904756649527305,0.9268344047652424,0,0,0.6833930704898447,0.16067965699755,TCEA2;ZFP36L2
GO_Biological_Process_2023,Glycolytic Process (GO:0006096),2/29,0.7904756649527305,0.9268344047652424,0,0,0.6833930704898447,0.16067965699755,HK3;PGAM1
GO_Biological_Process_2023,Lipid Droplet Organization (GO:0034389),2/29,0.7904756649527305,0.9268344047652424,0,0,0.6833930704898447,0.16067965699755,PLA2G4C;PPID
GO_Biological_Process_2023,Multivesicular Body Assembly (GO:0036258),2/29,0.7904756649527305,0.9268344047652424,0,0,0.6833930704898447,0.16067965699755,CHMP6;CHMP5
GO_Biological_Process_2023,Organic Cyclic Compound Biosynthetic Process (GO:1901362),2/29,0.7904756649527305,0.9268344047652424,0,0,0.6833930704898447,0.16067965699755,MOCS2;HDC
GO_Biological_Process_2023,Positive Regulation Of Neural Precursor Cell Proliferation (GO:2000179),2/29,0.7904756649527305,0.9268344047652424,0,0,0.6833930704898447,0.16067965699755,CX3CR1;NES
GO_Biological_Process_2023,Regulation Of Protein Modification By Small Protein Conjugation Or Removal (GO:1903320),2/29,0.7904756649527305,0.9268344047652424,0,0,0.6833930704898447,0.16067965699755,EGR1;EPAS1
GO_Biological_Process_2023,Regulation Of Spindle Assembly (GO:0090169),2/29,0.7904756649527305,0.9268344047652424,0,0,0.6833930704898447,0.16067965699755,CHMP6;CHMP5
GO_Biological_Process_2023,Activation Of GTPase Activity (GO:0090630),8/102,0.7916146162553057,0.9274499285437886,0,0,0.7846659891376805,0.1833612201072318,TBC1D2;ARHGEF15;CCL21;GPR65;RASGRF1;ARHGAP25;ARHGAP24;GARNL3
GO_Biological_Process_2023,Protein Phosphorylation (GO:0006468),44/500,0.7920221238624277,0.9274499285437886,0,0,0.8881131399928393,0.207077747002957,EPHB6;ACVRL1;PXK;GMFG;LRRK2;PDGFB;EFEMP1;RELN;GRK5;PDK4;CCL2;MAPK1;CTSG;MAP3K7;ROS1;JAK1;SRPK2;NTRK2;PDGFRA;PRKCH;CDKL5;DAPK2;PRKCE;LIMK2;VRK3;CLK2;SMAD7;TGFBR2;FGR;TGFBR3;HCK;SNRK;BMP2;CDK6;KIT;BTK;TLR7;PRKD1;TEK;GAS6;FGFR4;HCST;TLR4;ATR
GO_Biological_Process_2023,Collagen Fibril Organization (GO:0030199),3/42,0.7921264502590551,0.9274499285437886,0,0,0.7095680958385876,0.1653536622924628,CRTAP;COL14A1;DPT
GO_Biological_Process_2023,Monoatomic Cation Transport (GO:0006812),3/42,0.7921264502590551,0.9274499285437886,0,0,0.7095680958385876,0.1653536622924628,SLC11A1;ATP1A2;PKD2L1
GO_Biological_Process_2023,Substantia Nigra Development (GO:0021762),3/42,0.7921264502590551,0.9274499285437886,0,0,0.7095680958385876,0.1653536622924628,MAOB;GNB4;NDRG2
GO_Biological_Process_2023,Protein Localization To Organelle (GO:0033365),11/137,0.7949180322673071,0.9302889909492232,0,0,0.8047104644326867,0.1846941472117723,PPP1R15A;TUB;HHEX;VAPA;ARL3;LRRK2;ANK2;SNX10;MSX1;ZNF423;SGCG
GO_Biological_Process_2023,Response To Endoplasmic Reticulum Stress (GO:0034976),9/114,0.7950029735715624,0.9302889909492232,0,0,0.7901923359271766,0.1812775686289045,PPP1R15A;JUN;WFS1;ALOX15;RASGRF1;DNAJB12;ITPR1;ATF3;CFTR
GO_Biological_Process_2023,Protein Secretion (GO:0009306),5/67,0.7965139567198403,0.9316364442398531,0,0,0.7437138130686518,0.1692027960868087,FGG;CANX;PRF1;RAB8B;KLRG1
GO_Biological_Process_2023,Response To Insulin (GO:0032868),6/79,0.7966068357884835,0.9316364442398531,0,0,0.7579018393696803,0.1723423513747599,CPEB1;PLA2G1B;PDE3B;PCSK9;PPARG;SORBS1
GO_Biological_Process_2023,Energy Derivation By Oxidation Of Organic Compounds (GO:0015980),3/43,0.8052665067091006,0.9345541309947348,0,0,0.6917904713114754,0.149829358405123,COX4I2;LEPR;PPARGC1A
GO_Biological_Process_2023,Intracellular Glucose Homeostasis (GO:0001678),3/43,0.8052665067091006,0.9345541309947348,0,0,0.6917904713114754,0.149829358405123,HK3;GAS6;PPARGC1A
GO_Biological_Process_2023,Intrinsic Apoptotic Signaling Pathway In Response To Endoplasmic Reticulum Stress (GO:0070059),2/30,0.8060320841194532,0.9345541309947348,0,0,0.6589496013459147,0.142090442961177,PPP1R15A;ITPR1
GO_Biological_Process_2023,Multivesicular Body Organization (GO:0036257),2/30,0.8060320841194532,0.9345541309947348,0,0,0.6589496013459147,0.142090442961177,CHMP6;CHMP5
GO_Biological_Process_2023,Positive Regulation Of Cell Communication (GO:0010647),2/30,0.8060320841194532,0.9345541309947348,0,0,0.6589496013459147,0.142090442961177,EDN1;TNF
GO_Biological_Process_2023,Regulation Of Arp2/3 Complex-Mediated Actin Nucleation (GO:0034315),2/30,0.8060320841194532,0.9345541309947348,0,0,0.6589496013459147,0.142090442961177,GMFG;WASF3
GO_Biological_Process_2023,Response To Amino Acid (GO:0043200),2/30,0.8060320841194532,0.9345541309947348,0,0,0.6589496013459147,0.142090442961177,CPEB1;RRAGB
GO_Biological_Process_2023,Regulation Of Organelle Assembly (GO:1902115),6/80,0.8063359926407786,0.9345541309947348,0,0,0.7476183212458225,0.1609284015792414,DYNC2LI1;HCK;TBC1D2;CDKL5;GSN;C9ORF72
GO_Biological_Process_2023,Neuropeptide Signaling Pathway (GO:0007218),5/68,0.8070074072802369,0.9345541309947348,0,0,0.7318681318681318,0.1569289447153299,GRP;NXPH3;PENK;AGRP;SSTR1
GO_Biological_Process_2023,Telomere Maintenance (GO:0000723),5/68,0.8070074072802369,0.9345541309947348,0,0,0.7318681318681318,0.1569289447153299,MCRS1;TINF2;STON1;ZNF365;ATR
GO_Biological_Process_2023,B Cell Activation Involved In Immune Response (GO:0002312),1/16,0.8072696280843086,0.9345541309947348,0,0,0.6151484135107472,0.1317017712249077,FCGR2B
GO_Biological_Process_2023,Activation Of Cysteine-Type Endopeptidase Activity (GO:0097202),1/16,0.8072696280843086,0.9345541309947348,0,0,0.6151484135107472,0.1317017712249077,BAD
GO_Biological_Process_2023,Autonomic Nervous System Development (GO:0048483),1/16,0.8072696280843086,0.9345541309947348,0,0,0.6151484135107472,0.1317017712249077,EDNRB
GO_Biological_Process_2023,Extrinsic Apoptotic Signaling Pathway In Absence Of Ligand (GO:0097192),1/16,0.8072696280843086,0.9345541309947348,0,0,0.6151484135107472,0.1317017712249077,MCL1
GO_Biological_Process_2023,Glycoprotein Catabolic Process (GO:0006516),1/16,0.8072696280843086,0.9345541309947348,0,0,0.6151484135107472,0.1317017712249077,CTSL
GO_Biological_Process_2023,Intraciliary Anterograde Transport (GO:0035720),1/16,0.8072696280843086,0.9345541309947348,0,0,0.6151484135107472,0.1317017712249077,IFT57
GO_Biological_Process_2023,Male Meiosis I (GO:0007141),1/16,0.8072696280843086,0.9345541309947348,0,0,0.6151484135107472,0.1317017712249077,CCNA1
GO_Biological_Process_2023,"Mitochondrial Electron Transport, Cytochrome C To Oxygen (GO:0006123)",1/16,0.8072696280843086,0.9345541309947348,0,0,0.6151484135107472,0.1317017712249077,COX4I2
GO_Biological_Process_2023,Mitophagy (GO:0000423),1/16,0.8072696280843086,0.9345541309947348,0,0,0.6151484135107472,0.1317017712249077,ATG4B
GO_Biological_Process_2023,Negative Regulation Of Biosynthetic Process (GO:0009890),1/16,0.8072696280843086,0.9345541309947348,0,0,0.6151484135107472,0.1317017712249077,IL6
GO_Biological_Process_2023,Neuron Projection Organization (GO:0106027),1/16,0.8072696280843086,0.9345541309947348,0,0,0.6151484135107472,0.1317017712249077,PRNP
GO_Biological_Process_2023,Nitric Oxide Metabolic Process (GO:0046209),1/16,0.8072696280843086,0.9345541309947348,0,0,0.6151484135107472,0.1317017712249077,GCHFR
GO_Biological_Process_2023,Positive Regulation By Host Of Viral Transcription (GO:0043923),1/16,0.8072696280843086,0.9345541309947348,0,0,0.6151484135107472,0.1317017712249077,JUN
GO_Biological_Process_2023,Positive Regulation Of Collagen Metabolic Process (GO:0010714),1/16,0.8072696280843086,0.9345541309947348,0,0,0.6151484135107472,0.1317017712249077,VIM
GO_Biological_Process_2023,Positive Regulation Of Telomere Capping (GO:1904355),1/16,0.8072696280843086,0.9345541309947348,0,0,0.6151484135107472,0.1317017712249077,MAPK1
GO_Biological_Process_2023,"Protein Alpha-1,2-Demannosylation (GO:0036508)",1/16,0.8072696280843086,0.9345541309947348,0,0,0.6151484135107472,0.1317017712249077,MAN1C1
GO_Biological_Process_2023,Protein Localization To Mitochondrion (GO:0070585),1/16,0.8072696280843086,0.9345541309947348,0,0,0.6151484135107472,0.1317017712249077,LRRK2
GO_Biological_Process_2023,Regulation Of DNA Strand Elongation (GO:0060382),1/16,0.8072696280843086,0.9345541309947348,0,0,0.6151484135107472,0.1317017712249077,MCRS1
GO_Biological_Process_2023,Regulation Of Golgi Organization (GO:1903358),1/16,0.8072696280843086,0.9345541309947348,0,0,0.6151484135107472,0.1317017712249077,MAPK1
GO_Biological_Process_2023,Regulation Of Nucleocytoplasmic Transport (GO:0046822),1/16,0.8072696280843086,0.9345541309947348,0,0,0.6151484135107472,0.1317017712249077,FRAT1
GO_Biological_Process_2023,Regulation Of Plasminogen Activation (GO:0010755),1/16,0.8072696280843086,0.9345541309947348,0,0,0.6151484135107472,0.1317017712249077,CLEC3B
GO_Biological_Process_2023,Regulation Of Protein Kinase C Signaling (GO:0090036),1/16,0.8072696280843086,0.9345541309947348,0,0,0.6151484135107472,0.1317017712249077,MYADM
GO_Biological_Process_2023,Regulation Of Response To Cytokine Stimulus (GO:0060759),1/16,0.8072696280843086,0.9345541309947348,0,0,0.6151484135107472,0.1317017712249077,KLF4
GO_Biological_Process_2023,Regulation Of Transforming Growth Factor Beta Production (GO:0071634),1/16,0.8072696280843086,0.9345541309947348,0,0,0.6151484135107472,0.1317017712249077,LRRC32
GO_Biological_Process_2023,Regulation Of Triglyceride Biosynthetic Process (GO:0010866),1/16,0.8072696280843086,0.9345541309947348,0,0,0.6151484135107472,0.1317017712249077,LDLR
GO_Biological_Process_2023,"Synaptic Transmission, Cholinergic (GO:0007271)",1/16,0.8072696280843086,0.9345541309947348,0,0,0.6151484135107472,0.1317017712249077,CHRNE
GO_Biological_Process_2023,Macromolecule Modification (GO:0043412),6/81,0.8156983839406414,0.9440465421330436,0,0,0.7376090302719344,0.1502587927790286,TGM1;MSRA;MCRS1;UBE2L6;PADI4;ST3GAL1
GO_Biological_Process_2023,Establishment Of Protein Localization To Membrane (GO:0090150),5/69,0.8170659327956348,0.944174410322977,0,0,0.7203926282051282,0.145544874953423,REEP1;SDCBP;ZDHHC19;NCF1;ZDHHC2
GO_Biological_Process_2023,Lysosomal Transport (GO:0007041),8/105,0.8171291502211384,0.944174410322977,0,0,0.7602708899231702,0.1535428781060599,CCL14;PXK;LAPTM5;PCSK9;DENND3;CHMP6;C9ORF72;CHMP5
GO_Biological_Process_2023,Bile Acid Metabolic Process (GO:0008206),2/31,0.8205511016501413,0.944174410322977,0,0,0.6361918886946696,0.1258254523547081,CYP27A1;CYP39A1
GO_Biological_Process_2023,Receptor Signaling Pathway Via STAT (GO:0097696),2/31,0.8205511016501413,0.944174410322977,0,0,0.6361918886946696,0.1258254523547081,GHR;JAK1
GO_Biological_Process_2023,Regulation Of Centrosome Duplication (GO:0010824),2/31,0.8205511016501413,0.944174410322977,0,0,0.6361918886946696,0.1258254523547081,PKHD1;CHMP5
GO_Biological_Process_2023,Membrane Lipid Biosynthetic Process (GO:0046467),4/57,0.8210070789373978,0.944174410322977,0,0,0.6959952806011431,0.1372666580964982,SPTLC1;SPTLC3;ALDH3B1;PRKD1
GO_Biological_Process_2023,DNA Biosynthetic Process (GO:0071897),1/17,0.8261239560097132,0.944174410322977,0,0,0.5766696519959058,0.1101499291015705,RRM2B
GO_Biological_Process_2023,DNA Modification (GO:0006304),1/17,0.8261239560097132,0.944174410322977,0,0,0.5766696519959058,0.1101499291015705,OGG1
GO_Biological_Process_2023,G Protein-Coupled Acetylcholine Receptor Signaling Pathway (GO:0007213),1/17,0.8261239560097132,0.944174410322977,0,0,0.5766696519959058,0.1101499291015705,GNAQ
GO_Biological_Process_2023,Golgi To Vacuole Transport (GO:0006896),1/17,0.8261239560097132,0.944174410322977,0,0,0.5766696519959058,0.1101499291015705,LAPTM5
GO_Biological_Process_2023,Androgen Receptor Signaling Pathway (GO:0030521),1/17,0.8261239560097132,0.944174410322977,0,0,0.5766696519959058,0.1101499291015705,MAPK1
GO_Biological_Process_2023,Branched-Chain Amino Acid Catabolic Process (GO:0009083),1/17,0.8261239560097132,0.944174410322977,0,0,0.5766696519959058,0.1101499291015705,ACAT1
GO_Biological_Process_2023,Carbohydrate Derivative Catabolic Process (GO:1901136),1/17,0.8261239560097132,0.944174410322977,0,0,0.5766696519959058,0.1101499291015705,SAMHD1
GO_Biological_Process_2023,Carboxylic Acid Catabolic Process (GO:0046395),1/17,0.8261239560097132,0.944174410322977,0,0,0.5766696519959058,0.1101499291015705,NPL
GO_Biological_Process_2023,Cellular Response To Alkaloid (GO:0071312),1/17,0.8261239560097132,0.944174410322977,0,0,0.5766696519959058,0.1101499291015705,CASQ2
GO_Biological_Process_2023,Cellular Response To dsRNA (GO:0071359),1/17,0.8261239560097132,0.944174410322977,0,0,0.5766696519959058,0.1101499291015705,COLEC12
GO_Biological_Process_2023,Detection Of Visible Light (GO:0009584),1/17,0.8261239560097132,0.944174410322977,0,0,0.5766696519959058,0.1101499291015705,GNAQ
GO_Biological_Process_2023,Intracellular Zinc Ion Homeostasis (GO:0006882),1/17,0.8261239560097132,0.944174410322977,0,0,0.5766696519959058,0.1101499291015705,SLC39A8
GO_Biological_Process_2023,Keratan Sulfate Metabolic Process (GO:0042339),1/17,0.8261239560097132,0.944174410322977,0,0,0.5766696519959058,0.1101499291015705,ST3GAL1
GO_Biological_Process_2023,Long-Chain fatty-acyl-CoA Biosynthetic Process (GO:0035338),1/17,0.8261239560097132,0.944174410322977,0,0,0.5766696519959058,0.1101499291015705,ACSL4
GO_Biological_Process_2023,"mRNA Cis Splicing, Via Spliceosome (GO:0045292)",1/17,0.8261239560097132,0.944174410322977,0,0,0.5766696519959058,0.1101499291015705,PSIP1
GO_Biological_Process_2023,Motile Cilium Assembly (GO:0044458),1/17,0.8261239560097132,0.944174410322977,0,0,0.5766696519959058,0.1101499291015705,ZMYND10
GO_Biological_Process_2023,Negative Regulation Of Fibroblast Proliferation (GO:0048147),1/17,0.8261239560097132,0.944174410322977,0,0,0.5766696519959058,0.1101499291015705,SFRP1
GO_Biological_Process_2023,Negative Regulation Of Insulin Secretion (GO:0046676),1/17,0.8261239560097132,0.944174410322977,0,0,0.5766696519959058,0.1101499291015705,SFRP1
GO_Biological_Process_2023,Negative Regulation Of Oxidative Stress-Induced Intrinsic Apoptotic Signaling Pathway (GO:1902176),1/17,0.8261239560097132,0.944174410322977,0,0,0.5766696519959058,0.1101499291015705,NME5
GO_Biological_Process_2023,Negative Regulation Of Striated Muscle Cell Differentiation (GO:0051154),1/17,0.8261239560097132,0.944174410322977,0,0,0.5766696519959058,0.1101499291015705,BMP2
GO_Biological_Process_2023,Nicotinamide Nucleotide Metabolic Process (GO:0046496),1/17,0.8261239560097132,0.944174410322977,0,0,0.5766696519959058,0.1101499291015705,FMO2
GO_Biological_Process_2023,Peroxisomal Membrane Transport (GO:0015919),1/17,0.8261239560097132,0.944174410322977,0,0,0.5766696519959058,0.1101499291015705,RAB8B
GO_Biological_Process_2023,Polyol Metabolic Process (GO:0019751),1/17,0.8261239560097132,0.944174410322977,0,0,0.5766696519959058,0.1101499291015705,INPP5A
GO_Biological_Process_2023,Positive Regulation Of Dendrite Extension (GO:1903861),1/17,0.8261239560097132,0.944174410322977,0,0,0.5766696519959058,0.1101499291015705,NEDD4L
GO_Biological_Process_2023,Positive Regulation Of Fatty Acid Metabolic Process (GO:0045923),1/17,0.8261239560097132,0.944174410322977,0,0,0.5766696519959058,0.1101499291015705,PPARGC1A
GO_Biological_Process_2023,Positive Regulation Of Leukocyte Proliferation (GO:0070665),1/17,0.8261239560097132,0.944174410322977,0,0,0.5766696519959058,0.1101499291015705,MAPK1
GO_Biological_Process_2023,Positive Regulation Of Nitric-Oxide Synthase Activity (GO:0051000),1/17,0.8261239560097132,0.944174410322977,0,0,0.5766696519959058,0.1101499291015705,TNF
GO_Biological_Process_2023,Positive Regulation Of Peptidyl-Lysine Acetylation (GO:2000758),1/17,0.8261239560097132,0.944174410322977,0,0,0.5766696519959058,0.1101499291015705,PPARGC1A
GO_Biological_Process_2023,Positive Regulation Of Transcription From RNA Polymerase II Promoter In Response To Stress (GO:0036003),1/17,0.8261239560097132,0.944174410322977,0,0,0.5766696519959058,0.1101499291015705,KLF2
GO_Biological_Process_2023,Protein Localization To Centrosome (GO:0071539),1/17,0.8261239560097132,0.944174410322977,0,0,0.5766696519959058,0.1101499291015705,SNX10
GO_Biological_Process_2023,Regulation Of Aerobic Respiration (GO:1903715),1/17,0.8261239560097132,0.944174410322977,0,0,0.5766696519959058,0.1101499291015705,COX7A1
GO_Biological_Process_2023,Regulation Of Brown Fat Cell Differentiation (GO:0090335),1/17,0.8261239560097132,0.944174410322977,0,0,0.5766696519959058,0.1101499291015705,METRNL
GO_Biological_Process_2023,Regulation Of Mitotic Cell Cycle Spindle Assembly Checkpoint (GO:0090266),1/17,0.8261239560097132,0.944174410322977,0,0,0.5766696519959058,0.1101499291015705,DUSP1
GO_Biological_Process_2023,Regulation Of Protein Sumoylation (GO:0033233),1/17,0.8261239560097132,0.944174410322977,0,0,0.5766696519959058,0.1101499291015705,EGR1
GO_Biological_Process_2023,Regulation Of Telomerase RNA Localization To Cajal Body (GO:1904872),1/17,0.8261239560097132,0.944174410322977,0,0,0.5766696519959058,0.1101499291015705,TCP1
GO_Biological_Process_2023,Regulation Of Telomere Maintenance Via Telomere Lengthening (GO:1904356),1/17,0.8261239560097132,0.944174410322977,0,0,0.5766696519959058,0.1101499291015705,TINF2
GO_Biological_Process_2023,Regulation Of Ubiquitin Protein Ligase Activity (GO:1904666),1/17,0.8261239560097132,0.944174410322977,0,0,0.5766696519959058,0.1101499291015705,RPL17
GO_Biological_Process_2023,Regulation Of Vacuole Organization (GO:0044088),1/17,0.8261239560097132,0.944174410322977,0,0,0.5766696519959058,0.1101499291015705,C9ORF72
GO_Biological_Process_2023,Regulation Of Viral Transcription (GO:0046782),1/17,0.8261239560097132,0.944174410322977,0,0,0.5766696519959058,0.1101499291015705,ZFP36
GO_Biological_Process_2023,Regulation Of Notch Signaling Pathway (GO:0008593),5/70,0.8266987816772341,0.9445692875807288,0,0,0.7092702169625247,0.1349846765427967,EGFL7;HEY1;MFNG;GATA2;DLL1
GO_Biological_Process_2023,Chromosome Organization (GO:0051276),3/45,0.8294507109276388,0.9464009635210372,0,0,0.6587748829039812,0.1231853636870177,RB1;HHEX;AXIN2
GO_Biological_Process_2023,Epidermal Growth Factor Receptor Signaling Pathway (GO:0007173),3/45,0.8294507109276388,0.9464009635210372,0,0,0.6587748829039812,0.1231853636870177,EFEMP1;PLCE1;HBEGF
GO_Biological_Process_2023,Hexose Metabolic Process (GO:0019318),3/45,0.8294507109276388,0.9464009635210372,0,0,0.6587748829039812,0.1231853636870177,HK3;GHRL;FBP1
GO_Biological_Process_2023,Positive Regulation Of mRNA Catabolic Process (GO:0061014),3/45,0.8294507109276388,0.9464009635210372,0,0,0.6587748829039812,0.1231853636870177,BTG2;ZFP36;ZFP36L2
GO_Biological_Process_2023,Regulation Of Telomerase Activity (GO:0051972),3/45,0.8294507109276388,0.9464009635210372,0,0,0.6587748829039812,0.1231853636870177,TCP1;MAPK1;KLF4
GO_Biological_Process_2023,mRNA Transport (GO:0051028),4/58,0.8313468961021943,0.947776879337099,0,0,0.6830685118742525,0.1261683054860296,HHEX;ZFP36;DDX19B;NXF3
GO_Biological_Process_2023,Peptidyl-Threonine Phosphorylation (GO:0018107),4/58,0.8313468961021943,0.947776879337099,0,0,0.6830685118742525,0.1261683054860296,LRRK2;MAPK1;PRKD1;TGFBR2
GO_Biological_Process_2023,Positive Regulation Of Mitochondrion Organization (GO:0010822),4/58,0.8313468961021943,0.947776879337099,0,0,0.6830685118742525,0.1261683054860296,BAD;FBXO7;PPARGC1A;DCN
GO_Biological_Process_2023,Monoatomic Ion Transport (GO:0006811),8/107,0.8327587651042614,0.948861231940374,0,0,0.7448288742587664,0.1363120830303923,SLC8A3;SLC24A4;P2RX1;SLC9A9;SLC1A1;TSPO;PKD2L1;SLC15A3
GO_Biological_Process_2023,Regulation Of Cellular Response To Stress (GO:0080135),8/107,0.8327587651042614,0.948861231940374,0,0,0.7448288742587664,0.1363120830303923,TMEM98;DNAJB6;ALOX5;MCRS1;CRY1;NUPR1;CORO2B;ATR
GO_Biological_Process_2023,Phosphatidylinositol 3-Kinase Signaling (GO:0014065),2/32,0.8340867679935593,0.949323956166198,0,0,0.6149513568868408,0.1115631491304564,EDN1;IGF1
GO_Biological_Process_2023,Proteoglycan Biosynthetic Process (GO:0030166),2/32,0.8340867679935593,0.949323956166198,0,0,0.6149513568868408,0.1115631491304564,CHST9;IGF1
GO_Biological_Process_2023,Regulation Of Ubiquitin-Protein Transferase Activity (GO:0051438),2/32,0.8340867679935593,0.949323956166198,0,0,0.6149513568868408,0.1115631491304564,ARRDC4;SMAD7
GO_Biological_Process_2023,Very Long-Chain Fatty Acid Metabolic Process (GO:0000038),2/32,0.8340867679935593,0.949323956166198,0,0,0.6149513568868408,0.1115631491304564,ACOT2;ACOT1
GO_Biological_Process_2023,Antiviral Innate Immune Response (GO:0140374),3/46,0.8405454116761065,0.9514716713075648,0,0,0.6434187952725886,0.1117646103034925,TNF;IFIT3;IFIT2
GO_Biological_Process_2023,Development Of Primary Male Sexual Characteristics (GO:0046546),3/46,0.8405454116761065,0.9514716713075648,0,0,0.6434187952725886,0.1117646103034925,KITLG;WNT2B;KIT
GO_Biological_Process_2023,Male Gonad Development (GO:0008584),3/46,0.8405454116761065,0.9514716713075648,0,0,0.6434187952725886,0.1117646103034925,KITLG;WNT2B;KIT
GO_Biological_Process_2023,Regulation Of mRNA Catabolic Process (GO:0061013),3/46,0.8405454116761065,0.9514716713075648,0,0,0.6434187952725886,0.1117646103034925,ZFP36;VIM;ZFP36L2
GO_Biological_Process_2023,Replication Fork Processing (GO:0031297),3/46,0.8405454116761065,0.9514716713075648,0,0,0.6434187952725886,0.1117646103034925,PCNA;SAMHD1;ATR
GO_Biological_Process_2023,Response To Glucose (GO:0009749),3/46,0.8405454116761065,0.9514716713075648,0,0,0.6434187952725886,0.1117646103034925,LCP1;GAS6;KLRG1
GO_Biological_Process_2023,3'-UTR-mediated mRNA Stabilization (GO:0070935),1/18,0.8431346443973323,0.9514716713075648,0,0,0.5427178036004576,0.092603186195689,ZFP36
GO_Biological_Process_2023,Actin Filament Capping (GO:0051693),1/18,0.8431346443973323,0.9514716713075648,0,0,0.5427178036004576,0.092603186195689,GSN
GO_Biological_Process_2023,Barbed-End Actin Filament Capping (GO:0051016),1/18,0.8431346443973323,0.9514716713075648,0,0,0.5427178036004576,0.092603186195689,GSN
GO_Biological_Process_2023,Cell Junction Maintenance (GO:0034331),1/18,0.8431346443973323,0.9514716713075648,0,0,0.5427178036004576,0.092603186195689,MYADM
GO_Biological_Process_2023,Cellular Response To Inorganic Substance (GO:0071241),1/18,0.8431346443973323,0.9514716713075648,0,0,0.5427178036004576,0.092603186195689,AQP1
GO_Biological_Process_2023,Detection Of Mechanical Stimulus (GO:0050982),1/18,0.8431346443973323,0.9514716713075648,0,0,0.5427178036004576,0.092603186195689,PKD2L1
GO_Biological_Process_2023,fatty-acyl-CoA Metabolic Process (GO:0035337),1/18,0.8431346443973323,0.9514716713075648,0,0,0.5427178036004576,0.092603186195689,ACSL4
GO_Biological_Process_2023,Glucose 6-Phosphate Metabolic Process (GO:0051156),1/18,0.8431346443973323,0.9514716713075648,0,0,0.5427178036004576,0.092603186195689,HK3
GO_Biological_Process_2023,Mitochondrial Fusion (GO:0008053),1/18,0.8431346443973323,0.9514716713075648,0,0,0.5427178036004576,0.092603186195689,MCL1
GO_Biological_Process_2023,Negative Regulation Of Peptide Hormone Secretion (GO:0090278),1/18,0.8431346443973323,0.9514716713075648,0,0,0.5427178036004576,0.092603186195689,SFRP1
GO_Biological_Process_2023,Neural Crest Cell Differentiation (GO:0014033),1/18,0.8431346443973323,0.9514716713075648,0,0,0.5427178036004576,0.092603186195689,SNAI2
GO_Biological_Process_2023,Positive Regulation Of Glycolytic Process (GO:0045821),1/18,0.8431346443973323,0.9514716713075648,0,0,0.5427178036004576,0.092603186195689,IGF1
GO_Biological_Process_2023,Positive Regulation Of Neuroblast Proliferation (GO:0002052),1/18,0.8431346443973323,0.9514716713075648,0,0,0.5427178036004576,0.092603186195689,CX3CR1
GO_Biological_Process_2023,Positive Regulation Of Response To Endoplasmic Reticulum Stress (GO:1905898),1/18,0.8431346443973323,0.9514716713075648,0,0,0.5427178036004576,0.092603186195689,FCGR2B
GO_Biological_Process_2023,Positive Regulation Of Stress-Activated Protein Kinase Signaling Cascade (GO:0070304),1/18,0.8431346443973323,0.9514716713075648,0,0,0.5427178036004576,0.092603186195689,IGFBP6
GO_Biological_Process_2023,"Protein Localization To Chromosome, Centromeric Region (GO:0071459)",1/18,0.8431346443973323,0.9514716713075648,0,0,0.5427178036004576,0.092603186195689,RB1
GO_Biological_Process_2023,Regulation Of DNA Damage Checkpoint (GO:2000001),1/18,0.8431346443973323,0.9514716713075648,0,0,0.5427178036004576,0.092603186195689,CRY1
GO_Biological_Process_2023,Regulation Of Cell Cycle G2/M Phase Transition (GO:1902749),1/18,0.8431346443973323,0.9514716713075648,0,0,0.5427178036004576,0.092603186195689,CDK6
GO_Biological_Process_2023,Regulation Of Defense Response To Virus (GO:0050688),1/18,0.8431346443973323,0.9514716713075648,0,0,0.5427178036004576,0.092603186195689,TNFAIP3
GO_Biological_Process_2023,Regulation Of Dendrite Extension (GO:1903859),1/18,0.8431346443973323,0.9514716713075648,0,0,0.5427178036004576,0.092603186195689,NEDD4L
GO_Biological_Process_2023,Regulation Of Mitochondrial Membrane Permeability (GO:0046902),1/18,0.8431346443973323,0.9514716713075648,0,0,0.5427178036004576,0.092603186195689,BAD
GO_Biological_Process_2023,Regulation Of Nervous System Process (GO:0031644),1/18,0.8431346443973323,0.9514716713075648,0,0,0.5427178036004576,0.092603186195689,SLC8A3
GO_Biological_Process_2023,Regulation Of Oxidative Stress-Induced Intrinsic Apoptotic Signaling Pathway (GO:1902175),1/18,0.8431346443973323,0.9514716713075648,0,0,0.5427178036004576,0.092603186195689,NME5
GO_Biological_Process_2023,Regulation Of Protein Neddylation (GO:2000434),1/18,0.8431346443973323,0.9514716713075648,0,0,0.5427178036004576,0.092603186195689,EPAS1
GO_Biological_Process_2023,Vesicle-Mediated Transport In Synapse (GO:0099003),1/18,0.8431346443973323,0.9514716713075648,0,0,0.5427178036004576,0.092603186195689,SNCA
GO_Biological_Process_2023,Protein Targeting To Membrane (GO:0006612),5/72,0.8447274139376585,0.9530080027414995,0,0,0.6880214313050134,0.116097624363759,SDCBP;ZDHHC19;NCF1;ZDHHC2;RAB8B
GO_Biological_Process_2023,Positive Regulation Of Notch Signaling Pathway (GO:0045747),2/33,0.8466924844149613,0.9536577367528644,0,0,0.5950811819698396,0.0990320503638488,GATA5;DLL1
GO_Biological_Process_2023,Positive Regulation Of Epidermal Growth Factor Receptor Signaling Pathway (GO:0045742),2/33,0.8466924844149613,0.9536577367528644,0,0,0.5950811819698396,0.0990320503638488,NCF1;HBEGF
GO_Biological_Process_2023,Positive Regulation Of Establishment Of Protein Localization To Mitochondrion (GO:1903749),2/33,0.8466924844149613,0.9536577367528644,0,0,0.5950811819698396,0.0990320503638488,RAC2;GZMB
GO_Biological_Process_2023,Protein K63-linked Deubiquitination (GO:0070536),2/33,0.8466924844149613,0.9536577367528644,0,0,0.5950811819698396,0.0990320503638488,TNFAIP3;OTUD1
GO_Biological_Process_2023,Regulation Of G0 To G1 Transition (GO:0070316),2/33,0.8466924844149613,0.9536577367528644,0,0,0.5950811819698396,0.0990320503638488,CDKN2B;RRM2B
GO_Biological_Process_2023,Ubiquitin-Dependent Protein Catabolic Process Via The Multivesicular Body Sorting Pathway (GO:0043162),2/33,0.8466924844149613,0.9536577367528644,0,0,0.5950811819698396,0.0990320503638488,CHMP6;CHMP5
GO_Biological_Process_2023,Regulation Of Protein Localization (GO:0032880),7/97,0.847865720873878,0.9547181258281858,0,0,0.7168891170431212,0.1183103643446763,DNAJB6;BDNF;GPC3;NEDD9;GPC5;TRIM22;PPM1F
GO_Biological_Process_2023,Regulation Of Protein Catabolic Process (GO:0042176),9/122,0.8541824893547247,0.9588088104163972,0,0,0.733922091151352,0.1156737692189934,UBB;TNFSF12;GPC3;TNFAIP3;C4BPA;CHMP6;TNF;ZDHHC2;TNFSF13B
GO_Biological_Process_2023,Protein Localization (GO:0008104),29/351,0.8547936450635453,0.9588088104163972,0,0,0.8287491212115349,0.1300267508166174,FCN1;LRRK2;STX11;FBLN5;RPGR;GJA1;SNX1;HHEX;HEY2;CAPN3;RAB28;STX2;JAM3;CD74;ANGPT1;HEG1;CAV1;STX7;LAPTM5;ANK2;AXIN2;RAB32;REEP1;RRAGB;ID1;SNX15;MAL;ATG4B;ESAM
GO_Biological_Process_2023,Negative Regulation Of Macromolecule Biosynthetic Process (GO:0010558),7/98,0.8551164641164996,0.9588088104163972,0,0,0.7089717264255252,0.1109665559103316,FCN3;BTG2;EDN1;DACH1;ANKRD1;TSPO;GZMB
GO_Biological_Process_2023,Regulation Of Mitotic Cell Cycle Phase Transition (GO:1901990),6/86,0.8572485762750045,0.9588088104163972,0,0,0.6913160595177014,0.1064815795852204,CDKN2B;CDKN2C;CDK6;ID2;MAD2L1BP;ZFP36L2
GO_Biological_Process_2023,Embryonic Skeletal System Development (GO:0048706),2/34,0.858420613524981,0.9588088104163972,0,0,0.576452892985151,0.0880019177891879,PDGFRA;HOXA4
GO_Biological_Process_2023,Microtubule Polymerization (GO:0046785),2/34,0.858420613524981,0.9588088104163972,0,0,0.576452892985151,0.0880019177891879,TPPP;CLASP2
GO_Biological_Process_2023,Protein Targeting To Vacuole (GO:0006623),2/34,0.858420613524981,0.9588088104163972,0,0,0.576452892985151,0.0880019177891879,PXK;LAPTM5
GO_Biological_Process_2023,Regulation Of T Cell Receptor Signaling Pathway (GO:0050856),2/34,0.858420613524981,0.9588088104163972,0,0,0.576452892985151,0.0880019177891879,PRNP;LAPTM5
GO_Biological_Process_2023,Regulation Of Neuronal Synaptic Plasticity (GO:0048168),2/34,0.858420613524981,0.9588088104163972,0,0,0.576452892985151,0.0880019177891879,SYNGR1;ZDHHC2
GO_Biological_Process_2023,N-glycan Processing (GO:0006491),1/19,0.8584818870637712,0.9588088104163972,0,0,0.5125383828045036,0.0782080766459665,MAN1C1
GO_Biological_Process_2023,NADP Metabolic Process (GO:0006739),1/19,0.8584818870637712,0.9588088104163972,0,0,0.5125383828045036,0.0782080766459665,FMO2
GO_Biological_Process_2023,Cellular Response To Misfolded Protein (GO:0071218),1/19,0.8584818870637712,0.9588088104163972,0,0,0.5125383828045036,0.0782080766459665,DNAJB12
GO_Biological_Process_2023,Cyclic Nucleotide Biosynthetic Process (GO:0009190),1/19,0.8584818870637712,0.9588088104163972,0,0,0.5125383828045036,0.0782080766459665,ADCY4
GO_Biological_Process_2023,Epithelial Structure Maintenance (GO:0010669),1/19,0.8584818870637712,0.9588088104163972,0,0,0.5125383828045036,0.0782080766459665,SERPINA3
GO_Biological_Process_2023,Gastrulation (GO:0007369),1/19,0.8584818870637712,0.9588088104163972,0,0,0.5125383828045036,0.0782080766459665,GPC3
GO_Biological_Process_2023,Glycogen Metabolic Process (GO:0005977),1/19,0.8584818870637712,0.9588088104163972,0,0,0.5125383828045036,0.0782080766459665,PPP1R3C
GO_Biological_Process_2023,Mitotic Sister Chromatid Cohesion (GO:0007064),1/19,0.8584818870637712,0.9588088104163972,0,0,0.5125383828045036,0.0782080766459665,RB1
GO_Biological_Process_2023,Negative Regulation Of RNA Splicing (GO:0033119),1/19,0.8584818870637712,0.9588088104163972,0,0,0.5125383828045036,0.0782080766459665,SAP18
GO_Biological_Process_2023,Nucleotide Biosynthetic Process (GO:0009165),1/19,0.8584818870637712,0.9588088104163972,0,0,0.5125383828045036,0.0782080766459665,RRM2B
GO_Biological_Process_2023,Phosphate Ion Transport (GO:0006817),1/19,0.8584818870637712,0.9588088104163972,0,0,0.5125383828045036,0.0782080766459665,SLC25A3
GO_Biological_Process_2023,Positive Regulation Of Axon Extension (GO:0045773),1/19,0.8584818870637712,0.9588088104163972,0,0,0.5125383828045036,0.0782080766459665,SEMA5A
GO_Biological_Process_2023,Positive Regulation Of Histone Methylation (GO:0031062),1/19,0.8584818870637712,0.9588088104163972,0,0,0.5125383828045036,0.0782080766459665,MCRS1
GO_Biological_Process_2023,Positive Regulation Of Mitochondrial Fission (GO:0090141),1/19,0.8584818870637712,0.9588088104163972,0,0,0.5125383828045036,0.0782080766459665,DCN
GO_Biological_Process_2023,Protein Insertion Into Membrane (GO:0051205),1/19,0.8584818870637712,0.9588088104163972,0,0,0.5125383828045036,0.0782080766459665,REEP1
GO_Biological_Process_2023,Regulation Of Autophagy Of Mitochondrion (GO:1903146),1/19,0.8584818870637712,0.9588088104163972,0,0,0.5125383828045036,0.0782080766459665,FBXO7
GO_Biological_Process_2023,Regulation Of Cellular Response To Growth Factor Stimulus (GO:0090287),1/19,0.8584818870637712,0.9588088104163972,0,0,0.5125383828045036,0.0782080766459665,SLIT2
GO_Biological_Process_2023,Regulation Of Lymphocyte Differentiation (GO:0045619),1/19,0.8584818870637712,0.9588088104163972,0,0,0.5125383828045036,0.0782080766459665,ZFP36L2
GO_Biological_Process_2023,Regulation Of Nuclear Division (GO:0051783),1/19,0.8584818870637712,0.9588088104163972,0,0,0.5125383828045036,0.0782080766459665,CAV2
GO_Biological_Process_2023,Steroid Hormone Biosynthetic Process (GO:0120178),1/19,0.8584818870637712,0.9588088104163972,0,0,0.5125383828045036,0.0782080766459665,HSD17B6
GO_Biological_Process_2023,tRNA Metabolic Process (GO:0006399),1/19,0.8584818870637712,0.9588088104163972,0,0,0.5125383828045036,0.0782080766459665,ANG
GO_Biological_Process_2023,Fatty Acid Catabolic Process (GO:0009062),4/61,0.8594131107037253,0.9595886698261438,0,0,0.6470096306887156,0.0980255513178526,PHYH;ACADL;ECHDC1;ACAT1
GO_Biological_Process_2023,Non-Membrane-Bounded Organelle Assembly (GO:0140694),10/135,0.8608267873378457,0.9609066496055788,0,0,0.7370694087403599,0.1104586743130882,TMOD1;PLA2G4C;CIRBP;LMOD1;CAPN3;PGM5;MYOZ1;MYL9;C9ORF72;RPS23
GO_Biological_Process_2023,Axon Development (GO:0061564),7/99,0.8620840961531987,0.9620494153495056,0,0,0.7012264529952683,0.1040637262481004,SEMA5A;NTNG1;CRTAC1;WNT7A;FOLR1;RTN4;GPM6B
GO_Biological_Process_2023,Regulation Of Embryonic Development (GO:0045995),4/62,0.8678377689269382,0.9674119164561596,0,0,0.6358189434242387,0.0901276429337409,SOX17;MCRS1;PHLDB2;CLASP2
GO_Biological_Process_2023,Regulation Of DNA Replication (GO:0006275),5/75,0.8688393448649336,0.9674119164561596,0,0,0.6584249084249084,0.0925725960714513,ACVRL1;PCNA;MCRS1;STON1;ATR
GO_Biological_Process_2023,Action Potential (GO:0001508),2/35,0.8693221721560045,0.9674119164561596,0,0,0.5589535912116558,0.0782766901006557,GNAQ;KCNJ2
GO_Biological_Process_2023,Regulation Of mRNA Processing (GO:0050684),2/35,0.8693221721560045,0.9674119164561596,0,0,0.5589535912116558,0.0782766901006557,SRPK2;QKI
GO_Biological_Process_2023,Regulation Of Postsynaptic Membrane Potential (GO:0060078),2/35,0.8693221721560045,0.9674119164561596,0,0,0.5589535912116558,0.0782766901006557,LRRK2;ARRB2
GO_Biological_Process_2023,Regulation Of Sodium Ion Transport (GO:0002028),2/35,0.8693221721560045,0.9674119164561596,0,0,0.5589535912116558,0.0782766901006557,NEDD4L;SCN4B
GO_Biological_Process_2023,Response To Nutrient Levels (GO:0031667),2/35,0.8693221721560045,0.9674119164561596,0,0,0.5589535912116558,0.0782766901006557,FAM107A;CD68
GO_Biological_Process_2023,DNA Methylation (GO:0006306),1/20,0.8723282739142437,0.9674119164561596,0,0,0.4855357431449658,0.0663190673974405,FOS
GO_Biological_Process_2023,Anterior/Posterior Axis Specification (GO:0009948),1/20,0.8723282739142437,0.9674119164561596,0,0,0.4855357431449658,0.0663190673974405,TBX3
GO_Biological_Process_2023,Endoplasmic Reticulum Calcium Ion Homeostasis (GO:0032469),1/20,0.8723282739142437,0.9674119164561596,0,0,0.4855357431449658,0.0663190673974405,WFS1
GO_Biological_Process_2023,Long-Term Synaptic Potentiation (GO:0060291),1/20,0.8723282739142437,0.9674119164561596,0,0,0.4855357431449658,0.0663190673974405,SLC8A3
GO_Biological_Process_2023,Monocarboxylic Acid Catabolic Process (GO:0072329),1/20,0.8723282739142437,0.9674119164561596,0,0,0.4855357431449658,0.0663190673974405,CYP26B1
GO_Biological_Process_2023,Negative Regulation Of Microtubule Depolymerization (GO:0007026),1/20,0.8723282739142437,0.9674119164561596,0,0,0.4855357431449658,0.0663190673974405,CLASP2
GO_Biological_Process_2023,Negative Regulation Of Protein Localization To Cell Periphery (GO:1904376),1/20,0.8723282739142437,0.9674119164561596,0,0,0.4855357431449658,0.0663190673974405,DAB2
GO_Biological_Process_2023,Negative Regulation Of Protein Localization To Plasma Membrane (GO:1903077),1/20,0.8723282739142437,0.9674119164561596,0,0,0.4855357431449658,0.0663190673974405,DAB2
GO_Biological_Process_2023,Nuclear-Transcribed mRNA poly(A) Tail Shortening (GO:0000289),1/20,0.8723282739142437,0.9674119164561596,0,0,0.4855357431449658,0.0663190673974405,ZFP36
GO_Biological_Process_2023,Positive Regulation Of Embryonic Development (GO:0040019),1/20,0.8723282739142437,0.9674119164561596,0,0,0.4855357431449658,0.0663190673974405,WNT3A
GO_Biological_Process_2023,protein-DNA Complex Disassembly (GO:0032986),1/20,0.8723282739142437,0.9674119164561596,0,0,0.4855357431449658,0.0663190673974405,RPL17
GO_Biological_Process_2023,Receptor Metabolic Process (GO:0043112),1/20,0.8723282739142437,0.9674119164561596,0,0,0.4855357431449658,0.0663190673974405,SNX25
GO_Biological_Process_2023,Regulation Of Meiotic Cell Cycle (GO:0051445),1/20,0.8723282739142437,0.9674119164561596,0,0,0.4855357431449658,0.0663190673974405,DUSP1
GO_Biological_Process_2023,Regulation Of Spindle Organization (GO:0090224),1/20,0.8723282739142437,0.9674119164561596,0,0,0.4855357431449658,0.0663190673974405,GNAI1
GO_Biological_Process_2023,Striated Muscle Cell Differentiation (GO:0051146),1/20,0.8723282739142437,0.9674119164561596,0,0,0.4855357431449658,0.0663190673974405,BMP2
GO_Biological_Process_2023,Sulfur Compound Catabolic Process (GO:0044273),1/20,0.8723282739142437,0.9674119164561596,0,0,0.4855357431449658,0.0663190673974405,DPEP2
GO_Biological_Process_2023,Regulation Of Mitotic Cell Cycle (GO:0007346),9/125,0.8725261640288015,0.9674119164561596,0,0,0.7148217386681788,0.0974749779342219,RB1;CDKN1C;SDCBP;BTG2;BTG1;CAV2;GAS1;MEIS2;THAP1
GO_Biological_Process_2023,Positive Regulation Of Intracellular Protein Transport (GO:0090316),9/126,0.8782074518153361,0.9727283890543702,0,0,0.708672622341687,0.0920370394797617,PRNP;ITGAM;HYAL2;IL1B;RAC2;HCLS1;GZMB;GAS6;ZDHHC2
GO_Biological_Process_2023,Mitochondrion Organization (GO:0007005),12/162,0.8783686382764029,0.9727283890543702,0,0,0.7367987647967061,0.0955546302442085,RAB32;CAV2;LRRK2;TSPO;LETMD1;SPATA18;FBXO7;COX7A1;HIGD1B;PPARGC1A;IFIT2;MCL1
GO_Biological_Process_2023,Dicarboxylic Acid Metabolic Process (GO:0043648),3/50,0.8788826511942941,0.9727283890543702,0,0,0.5885289501220788,0.0759813785052843,PHYH;ADHFE1;GGT1
GO_Biological_Process_2023,Regulation Of TORC1 Signaling (GO:1903432),3/50,0.8788826511942941,0.9727283890543702,0,0,0.5885289501220788,0.0759813785052843,RRAGB;SESN1;C9ORF72
GO_Biological_Process_2023,Regulation Of Mitochondrion Organization (GO:0010821),3/50,0.8788826511942941,0.9727283890543702,0,0,0.5885289501220788,0.0759813785052843,LRRK2;PDE2A;PPARGC1A
GO_Biological_Process_2023,Steroid Biosynthetic Process (GO:0006694),3/50,0.8788826511942941,0.9727283890543702,0,0,0.5885289501220788,0.0759813785052843,CYP27A1;CYP39A1;CH25H
GO_Biological_Process_2023,Histone H3 Acetylation (GO:0043966),2/36,0.8794465940370174,0.9727283890543702,0,0,0.5424836601307189,0.0696887745018117,TMEM98;MAP3K7
GO_Biological_Process_2023,Regulation Of Intracellular Protein Transport (GO:0033157),2/36,0.8794465940370174,0.9727283890543702,0,0,0.5424836601307189,0.0696887745018117,FRAT1;LCP1
GO_Biological_Process_2023,Regulation Of Peptidyl-Threonine Phosphorylation (GO:0010799),2/36,0.8794465940370174,0.9727283890543702,0,0,0.5424836601307189,0.0696887745018117,MAPK1;SMAD7
GO_Biological_Process_2023,Protein Transport (GO:0015031),25/313,0.8811064345352454,0.973964639765182,0,0,0.7986560880829016,0.101091371298049,RAMP2;RAMP3;CALCRL;TFRC;PRF1;VLDLR;CLU;STX11;RPGR;SNX1;CD36;RAB28;STX2;SPTBN1;RAB8B;ARRDC4;CD74;STX7;FGG;LAPTM5;RAB32;CANX;SNX15;PPARG;ABCG1
GO_Biological_Process_2023,Sensory Perception Of Light Stimulus (GO:0050953),7/102,0.8813553147971933,0.973964639765182,0,0,0.67896898303253,0.0857499978773713,EFEMP1;WFS1;RP2;SFRP5;RGS16;CDH23;RPGR
GO_Biological_Process_2023,Cell Morphogenesis Involved In Neuron Differentiation (GO:0048667),5/77,0.8830927751318269,0.973964639765182,0,0,0.6400641025641025,0.0795759796630012,RB1;NTNG1;SDC2;MAP6;WNT7A
GO_Biological_Process_2023,Positive Regulation Of T Cell Differentiation (GO:0045582),4/64,0.8833899190233098,0.973964639765182,0,0,0.6145566376217324,0.0761980118649758,HLA-DRA;LILRB2;IL12RB1;HLA-DRB1
GO_Biological_Process_2023,Anaphase-Promoting Complex-Dependent Catabolic Process (GO:0031145),1/21,0.8848205103183566,0.973964639765182,0,0,0.4612333674513817,0.0564413429137888,ECRG4
GO_Biological_Process_2023,Chaperone-Mediated Protein Complex Assembly (GO:0051131),1/21,0.8848205103183566,0.973964639765182,0,0,0.4612333674513817,0.0564413429137888,CLU
GO_Biological_Process_2023,Histone H2A Acetylation (GO:0043968),1/21,0.8848205103183566,0.973964639765182,0,0,0.4612333674513817,0.0564413429137888,ING3
GO_Biological_Process_2023,Modulation By Host Of Viral Genome Replication (GO:0044827),1/21,0.8848205103183566,0.973964639765182,0,0,0.4612333674513817,0.0564413429137888,VAPA
GO_Biological_Process_2023,Modulation By Symbiont Of Entry Into Host (GO:0052372),1/21,0.8848205103183566,0.973964639765182,0,0,0.4612333674513817,0.0564413429137888,TRIM22
GO_Biological_Process_2023,Negative Regulation Of GTPase Activity (GO:0034260),1/21,0.8848205103183566,0.973964639765182,0,0,0.4612333674513817,0.0564413429137888,LRRK2
GO_Biological_Process_2023,Purine Nucleotide Biosynthetic Process (GO:0006164),1/21,0.8848205103183566,0.973964639765182,0,0,0.4612333674513817,0.0564413429137888,KYNU
GO_Biological_Process_2023,Regulation Of Cell-Substrate Junction Assembly (GO:0090109),1/21,0.8848205103183566,0.973964639765182,0,0,0.4612333674513817,0.0564413429137888,GPM6B
GO_Biological_Process_2023,Regulation Of Dendritic Spine Development (GO:0060998),1/21,0.8848205103183566,0.973964639765182,0,0,0.4612333674513817,0.0564413429137888,SHANK3
GO_Biological_Process_2023,Regulation Of Neurotransmitter Transport (GO:0051588),1/21,0.8848205103183566,0.973964639765182,0,0,0.4612333674513817,0.0564413429137888,SNCAIP
GO_Biological_Process_2023,Regulation Of Transferase Activity (GO:0051338),1/21,0.8848205103183566,0.973964639765182,0,0,0.4612333674513817,0.0564413429137888,LDB2
GO_Biological_Process_2023,Skin Epidermis Development (GO:0098773),1/21,0.8848205103183566,0.973964639765182,0,0,0.4612333674513817,0.0564413429137888,DLL1
GO_Biological_Process_2023,Sulfur Compound Transport (GO:0072348),1/21,0.8848205103183566,0.973964639765182,0,0,0.4612333674513817,0.0564413429137888,SLC19A3
GO_Biological_Process_2023,Zinc Ion Transmembrane Transport (GO:0071577),1/21,0.8848205103183566,0.973964639765182,0,0,0.4612333674513817,0.0564413429137888,SLC39A8
GO_Biological_Process_2023,RNA Modification (GO:0009451),3/51,0.8870870428735418,0.9759379085459718,0,0,0.5762359118852459,0.0690400748761089,APOBEC3F;APOBEC3G;ADARB1
GO_Biological_Process_2023,Regulation Of Stress-Activated MAPK Cascade (GO:0032872),3/51,0.8870870428735418,0.9759379085459718,0,0,0.5762359118852459,0.0690400748761089,TGFBR3;MAPK1;IGFBP6
GO_Biological_Process_2023,RNA Stabilization (GO:0043489),2/37,0.8888415520012104,0.9770852289012504,0,0,0.5269548679686928,0.0620944072043281,SLC11A1;CIRBP
GO_Biological_Process_2023,Protein Acylation (GO:0043543),2/37,0.8888415520012104,0.9770852289012504,0,0,0.5269548679686928,0.0620944072043281,ZDHHC2;GLUL
GO_Biological_Process_2023,Regulation Of Phosphoprotein Phosphatase Activity (GO:0043666),2/37,0.8888415520012104,0.9770852289012504,0,0,0.5269548679686928,0.0620944072043281,PPP1R15A;FKBP1B
GO_Biological_Process_2023,Regulation Of TOR Signaling (GO:0032006),5/78,0.8897083511168558,0.9777771340048904,0,0,0.631260976466456,0.0737701458442231,PKHD1;RRAGB;GAS6;ROS1;C9ORF72
GO_Biological_Process_2023,Cellular Response To Light Stimulus (GO:0071482),4/65,0.8905506192103411,0.9781499972335927,0,0,0.6044483283057869,0.0700648300337655,PCNA;DMBT1;RGR;ATR
GO_Biological_Process_2023,Regulation Of Translational Initiation (GO:0006446),4/65,0.8905506192103411,0.9781499972335927,0,0,0.6044483283057869,0.0700648300337655,IMPACT;CCL5;EIF1B;EIF4G2
GO_Biological_Process_2023,Regulation Of RNA Metabolic Process (GO:0051252),6/91,0.8907600484639976,0.9781499972335927,0,0,0.6504693206169077,0.0752464169770397,AHNAK;TMEM98;MITF;TNFRSF1B;OASL;CLK2
GO_Biological_Process_2023,NAD Metabolic Process (GO:0019674),1/22,0.8960909682066343,0.9806419374416738,0,0,0.4392455037286153,0.0481910931144545,KYNU
GO_Biological_Process_2023,Acetylcholine Receptor Signaling Pathway (GO:0095500),1/22,0.8960909682066343,0.9806419374416738,0,0,0.4392455037286153,0.0481910931144545,GNAQ
GO_Biological_Process_2023,Inositol Phosphate Metabolic Process (GO:0043647),1/22,0.8960909682066343,0.9806419374416738,0,0,0.4392455037286153,0.0481910931144545,INPP5A
GO_Biological_Process_2023,Modulation By Host Of Viral Process (GO:0044788),1/22,0.8960909682066343,0.9806419374416738,0,0,0.4392455037286153,0.0481910931144545,CAV2
GO_Biological_Process_2023,Positive Regulation Of Cilium Assembly (GO:0045724),1/22,0.8960909682066343,0.9806419374416738,0,0,0.4392455037286153,0.0481910931144545,ZMYND10
GO_Biological_Process_2023,Regulation Of Histone Acetylation (GO:0035065),1/22,0.8960909682066343,0.9806419374416738,0,0,0.4392455037286153,0.0481910931144545,PPARGC1A
GO_Biological_Process_2023,Regulation Of Mitochondrial Translation (GO:0070129),1/22,0.8960909682066343,0.9806419374416738,0,0,0.4392455037286153,0.0481910931144545,NGRN
GO_Biological_Process_2023,Regulation Of Telomere Capping (GO:1904353),1/22,0.8960909682066343,0.9806419374416738,0,0,0.4392455037286153,0.0481910931144545,MAPK1
GO_Biological_Process_2023,Peptidyl-Threonine Modification (GO:0018210),4/66,0.8973230895657859,0.9806419374416738,0,0,0.5946660934839041,0.0644257039840821,LRRK2;MAPK1;PRKD1;TGFBR2
GO_Biological_Process_2023,G2/M Transition Of Mitotic Cell Cycle (GO:0000086),2/38,0.897552829365164,0.9806419374416738,0,0,0.5122887864823349,0.0553698613407135,TPD52L1;NES
GO_Biological_Process_2023,Import Into Cell (GO:0098657),2/38,0.897552829365164,0.9806419374416738,0,0,0.5122887864823349,0.0553698613407135,SLC22A4;LRRC8C
GO_Biological_Process_2023,mRNA Transcription By RNA Polymerase II (GO:0042789),2/38,0.897552829365164,0.9806419374416738,0,0,0.5122887864823349,0.0553698613407135,C5AR1;PPARG
GO_Biological_Process_2023,Membrane Fission (GO:0090148),2/38,0.897552829365164,0.9806419374416738,0,0,0.5122887864823349,0.0553698613407135,CHMP6;CHMP5
GO_Biological_Process_2023,Negative Regulation Of Type I Interferon Production (GO:0032480),2/38,0.897552829365164,0.9806419374416738,0,0,0.5122887864823349,0.0553698613407135,RNF125;TYROBP
GO_Biological_Process_2023,Positive Regulation Of Myoblast Differentiation (GO:0045663),2/38,0.897552829365164,0.9806419374416738,0,0,0.5122887864823349,0.0553698613407135,RANBP3L;BTG1
GO_Biological_Process_2023,Regulation Of Protein Import Into Nucleus (GO:0042306),2/38,0.897552829365164,0.9806419374416738,0,0,0.5122887864823349,0.0553698613407135,HYAL2;HCLS1
GO_Biological_Process_2023,Regulation Of Telomere Maintenance (GO:0032204),2/38,0.897552829365164,0.9806419374416738,0,0,0.5122887864823349,0.0553698613407135,ERCC1;TINF2
GO_Biological_Process_2023,Signal Release From Synapse (GO:0099643),2/38,0.897552829365164,0.9806419374416738,0,0,0.5122887864823349,0.0553698613407135,PTPRN2;SNCA
GO_Biological_Process_2023,Tumor Necrosis Factor-Mediated Signaling Pathway (GO:0033209),2/38,0.897552829365164,0.9806419374416738,0,0,0.5122887864823349,0.0553698613407135,TNFRSF1B;TNF
GO_Biological_Process_2023,Positive Regulation Of Cell Cycle Process (GO:0090068),8/118,0.9007460741515034,0.9838698168735196,0,0,0.669935098286408,0.0700295805175082,IL1A;EDN1;PLSCR1;RRM2B;PRKCE;IL1B;PDGFB;IGF1
GO_Biological_Process_2023,Membrane Organization (GO:0061024),12/167,0.901184113940324,0.9839551349834622,0,0,0.7128318363687679,0.0741670861521489,REEP1;SYNGR1;ANXA2;VAPA;SNAP23;MYADM;ANK2;CHMP6;ATP2C1;SPTBN1;STX11;CHMP5
GO_Biological_Process_2023,Endosome Organization (GO:0007032),3/53,0.9020185942455824,0.9839551349834622,0,0,0.553125,0.057038330020061,ANXA8L1;SNX10;ANXA8
GO_Biological_Process_2023,Glycoprotein Metabolic Process (GO:0009100),3/53,0.9020185942455824,0.9839551349834622,0,0,0.553125,0.057038330020061,MAN1C1;ST6GALNAC3;ST6GALNAC6
GO_Biological_Process_2023,Gonad Development (GO:0008406),3/53,0.9020185942455824,0.9839551349834622,0,0,0.553125,0.057038330020061,KITLG;WNT2B;KIT
GO_Biological_Process_2023,Regulation Of Macromolecule Biosynthetic Process (GO:0010556),3/53,0.9020185942455824,0.9839551349834622,0,0,0.553125,0.057038330020061,MITF;TNFRSF1B;S100A9
GO_Biological_Process_2023,RNA Transport (GO:0050658),2/39,0.9056242341479116,0.9851890140498212,0,0,0.4984154661574016,0.0494083296586892,ZFP36;TGFBR2
GO_Biological_Process_2023,Histone H4 Acetylation (GO:0043967),2/39,0.9056242341479116,0.9851890140498212,0,0,0.4984154661574016,0.0494083296586892,ING3;MCRS1
GO_Biological_Process_2023,Negative Regulation Of Proteasomal Protein Catabolic Process (GO:1901799),2/39,0.9056242341479116,0.9851890140498212,0,0,0.4984154661574016,0.0494083296586892,SDCBP;LAMP3
GO_Biological_Process_2023,Negative Regulation Of Ubiquitin-Dependent Protein Catabolic Process (GO:2000059),2/39,0.9056242341479116,0.9851890140498212,0,0,0.4984154661574016,0.0494083296586892,SDCBP;RPL17
GO_Biological_Process_2023,Regulation Of Protein Targeting To Mitochondrion (GO:1903214),2/39,0.9056242341479116,0.9851890140498212,0,0,0.4984154661574016,0.0494083296586892,LRRK2;RAC2
GO_Biological_Process_2023,Bile Acid And Bile Salt Transport (GO:0015721),1/23,0.90625908575741,0.9851890140498212,0,0,0.4192565367079185,0.041267440697136,SLCO2B1
GO_Biological_Process_2023,Cell-Cell Signaling By Wnt (GO:0198738),1/23,0.90625908575741,0.9851890140498212,0,0,0.4192565367079185,0.041267440697136,FZD4
GO_Biological_Process_2023,Diacylglycerol Metabolic Process (GO:0046339),1/23,0.90625908575741,0.9851890140498212,0,0,0.4192565367079185,0.041267440697136,PLCE1
GO_Biological_Process_2023,Long-Chain fatty-acyl-CoA Metabolic Process (GO:0035336),1/23,0.90625908575741,0.9851890140498212,0,0,0.4192565367079185,0.041267440697136,ACSL4
GO_Biological_Process_2023,"Positive Regulation Of mRNA Splicing, Via Spliceosome (GO:0048026)",1/23,0.90625908575741,0.9851890140498212,0,0,0.4192565367079185,0.041267440697136,CIRBP
GO_Biological_Process_2023,Protein Targeting To ER (GO:0045047),1/23,0.90625908575741,0.9851890140498212,0,0,0.4192565367079185,0.041267440697136,SRP9
GO_Biological_Process_2023,Regulation Of Myotube Differentiation (GO:0010830),1/23,0.90625908575741,0.9851890140498212,0,0,0.4192565367079185,0.041267440697136,BDNF
GO_Biological_Process_2023,Zinc Ion Transport (GO:0006829),1/23,0.90625908575741,0.9851890140498212,0,0,0.4192565367079185,0.041267440697136,SLC39A8
GO_Biological_Process_2023,Monoatomic Anion Transmembrane Transport (GO:0098656),3/54,0.9087948385539903,0.987424410446818,0,0,0.5422492767598843,0.0518585032680372,SLC1A1;LRRC8C;CFTR
GO_Biological_Process_2023,Protein K63-linked Ubiquitination (GO:0070534),3/54,0.9087948385539903,0.987424410446818,0,0,0.5422492767598843,0.0518585032680372,ARRDC4;UBE2E2;TRIM22
GO_Biological_Process_2023,Intermediate Filament Organization (GO:0045109),4/68,0.9097683983759068,0.988221527666234,0,0,0.5760187083546899,0.0544713353859936,DES;KRT4;DNAJB6;VIM
GO_Biological_Process_2023,Organelle Assembly (GO:0070925),25/322,0.9100505917254637,0.988267436677349,0,0,0.7740618621447637,0.0729592671643124,SRPX;NOTCH1;ARL3;PLA2G3;SNX10;RPGR;ABLIM1;ABLIM3;MAP1LC3C;TEKT1;AP1S2;TEKT3;AP3S1;IFT57;CD34;RAB8B;GABARAPL1;GSN;STX7;RFX2;RAB32;RP2;CCDC65;CHMP6;CHMP5
GO_Biological_Process_2023,Cell Cycle G2/M Phase Transition (GO:0044839),2/40,0.9130975472854856,0.9891571365492394,0,0,0.4852723205864123,0.044117349691277,TPD52L1;NES
GO_Biological_Process_2023,Cellular Response To Heat (GO:0034605),2/40,0.9130975472854856,0.9891571365492394,0,0,0.4852723205864123,0.044117349691277,IL1A;HMOX1
GO_Biological_Process_2023,Regulation Of Microtubule Polymerization (GO:0031113),2/40,0.9130975472854856,0.9891571365492394,0,0,0.4852723205864123,0.044117349691277,CDH5;SNCA
GO_Biological_Process_2023,Glycerophospholipid Biosynthetic Process (GO:0046474),7/108,0.9131896927740332,0.9891571365492394,0,0,0.6384207209221949,0.0579760399050158,PLSCR1;ALOX15;PLA2G4C;APOA1;CHPT1;ABHD5;FGF2
GO_Biological_Process_2023,Positive Regulation Of DNA Metabolic Process (GO:0051054),7/108,0.9131896927740332,0.9891571365492394,0,0,0.6384207209221949,0.0579760399050158,PCNA;MCRS1;TINF2;PDGFB;STON1;FGFR4;FGF2
GO_Biological_Process_2023,Peptidyl-Serine Phosphorylation (GO:0018105),11/158,0.9137853038085272,0.9891571365492394,0,0,0.6889434786260183,0.062114890836234,SRPK2;PRKCH;PRKCE;LRRK2;PDGFB;MAPK1;PRKD1;VRK3;GAS6;ATR;TGFBR2
GO_Biological_Process_2023,Purine Ribonucleotide Biosynthetic Process (GO:0009152),3/55,0.915143047970165,0.9891571365492394,0,0,0.5317918505674654,0.0471565835044351,ACOT7;ADCY4;PAPSS2
GO_Biological_Process_2023,Early Endosome To Late Endosome Transport (GO:0045022),1/24,0.915432630377689,0.9891571365492394,0,0,0.4010057407324996,0.0354322678942709,PXK
GO_Biological_Process_2023,Fat-Soluble Vitamin Metabolic Process (GO:0006775),1/24,0.915432630377689,0.9891571365492394,0,0,0.4010057407324996,0.0354322678942709,ALDH1A2
GO_Biological_Process_2023,Lipid Translocation (GO:0034204),1/24,0.915432630377689,0.9891571365492394,0,0,0.4010057407324996,0.0354322678942709,ABCB1
GO_Biological_Process_2023,Positive Regulation Of ERBB Signaling Pathway (GO:1901186),1/24,0.915432630377689,0.9891571365492394,0,0,0.4010057407324996,0.0354322678942709,RTN4
GO_Biological_Process_2023,Positive Regulation Of Peptidyl-Threonine Phosphorylation (GO:0010800),1/24,0.915432630377689,0.9891571365492394,0,0,0.4010057407324996,0.0354322678942709,MAPK1
GO_Biological_Process_2023,Protein K48-linked Deubiquitination (GO:0071108),1/24,0.915432630377689,0.9891571365492394,0,0,0.4010057407324996,0.0354322678942709,TNFAIP3
GO_Biological_Process_2023,Protein Exit From Endoplasmic Reticulum (GO:0032527),1/24,0.915432630377689,0.9891571365492394,0,0,0.4010057407324996,0.0354322678942709,MAP1LC3C
GO_Biological_Process_2023,Regulation Of Actin Nucleation (GO:0051125),1/24,0.915432630377689,0.9891571365492394,0,0,0.4010057407324996,0.0354322678942709,GSN
GO_Biological_Process_2023,Regulation Of Cytoplasmic Translation (GO:2000765),1/24,0.915432630377689,0.9891571365492394,0,0,0.4010057407324996,0.0354322678942709,CPEB1
GO_Biological_Process_2023,Regulation Of Execution Phase Of Apoptosis (GO:1900117),1/24,0.915432630377689,0.9891571365492394,0,0,0.4010057407324996,0.0354322678942709,PTGIS
GO_Biological_Process_2023,Regulation Of Microtubule Depolymerization (GO:0031114),1/24,0.915432630377689,0.9891571365492394,0,0,0.4010057407324996,0.0354322678942709,CLASP2
GO_Biological_Process_2023,Secondary Alcohol Biosynthetic Process (GO:1902653),1/24,0.915432630377689,0.9891571365492394,0,0,0.4010057407324996,0.0354322678942709,CES1
GO_Biological_Process_2023,Negative Regulation Of Protein Metabolic Process (GO:0051248),10/147,0.9187945127753896,0.9925293989304564,0,0,0.6720582440470606,0.05691848124507,PRNP;BTG2;EDN1;CSTA;EDNRB;GZMB;LILRB2;CLU;CRYAB;LDLR
GO_Biological_Process_2023,O-glycan Processing (GO:0016266),2/41,0.920012500466755,0.993063807500672,0,0,0.4728031824806018,0.0394166659142234,ST6GALNAC2;ST3GAL1
GO_Biological_Process_2023,Axoneme Assembly (GO:0035082),2/41,0.920012500466755,0.993063807500672,0,0,0.4728031824806018,0.0394166659142234,HYDIN;CCDC65
GO_Biological_Process_2023,Carbohydrate Catabolic Process (GO:0016052),2/41,0.920012500466755,0.993063807500672,0,0,0.4728031824806018,0.0394166659142234,HK3;PGAM1
GO_Biological_Process_2023,Nucleotide-Excision Repair (GO:0006289),3/56,0.921086071835906,0.9936685055718872,0,0,0.521729044231364,0.0428870625471359,OGG1;ERCC1;STON1
GO_Biological_Process_2023,post-Golgi Vesicle-Mediated Transport (GO:0006892),3/56,0.921086071835906,0.9936685055718872,0,0,0.521729044231364,0.0428870625471359,RP2;ARL3;SNAP23
GO_Biological_Process_2023,Cellular Response To Hexose Stimulus (GO:0071331),1/25,0.923708838998484,0.9936685055718872,0,0,0.3842758444216991,0.0304955032244809,GAS6
GO_Biological_Process_2023,Cholesterol Biosynthetic Process (GO:0006695),1/25,0.923708838998484,0.9936685055718872,0,0,0.3842758444216991,0.0304955032244809,CES1
GO_Biological_Process_2023,Mismatch Repair (GO:0006298),1/25,0.923708838998484,0.9936685055718872,0,0,0.3842758444216991,0.0304955032244809,PCNA
GO_Biological_Process_2023,Negative Regulation Of TORC1 Signaling (GO:1904262),1/25,0.923708838998484,0.9936685055718872,0,0,0.3842758444216991,0.0304955032244809,SESN1
GO_Biological_Process_2023,Negative Regulation Of Intracellular Protein Transport (GO:0090317),1/25,0.923708838998484,0.9936685055718872,0,0,0.3842758444216991,0.0304955032244809,LRRK2
GO_Biological_Process_2023,Negative Regulation Of Protein Localization To Membrane (GO:1905476),1/25,0.923708838998484,0.9936685055718872,0,0,0.3842758444216991,0.0304955032244809,DAB2
GO_Biological_Process_2023,Negative Regulation Of Protein Transport (GO:0051224),1/25,0.923708838998484,0.9936685055718872,0,0,0.3842758444216991,0.0304955032244809,PPM1F
GO_Biological_Process_2023,Purine Ribonucleotide Catabolic Process (GO:0009154),1/25,0.923708838998484,0.9936685055718872,0,0,0.3842758444216991,0.0304955032244809,PDE2A
GO_Biological_Process_2023,Regulation Of Intracellular Estrogen Receptor Signaling Pathway (GO:0033146),1/25,0.923708838998484,0.9936685055718872,0,0,0.3842758444216991,0.0304955032244809,ZNF366
GO_Biological_Process_2023,Regulation Of Lysosomal Lumen pH (GO:0035751),1/25,0.923708838998484,0.9936685055718872,0,0,0.3842758444216991,0.0304955032244809,LRRK2
GO_Biological_Process_2023,Vesicle-Mediated Transport Between Endosomal Compartments (GO:0098927),1/25,0.923708838998484,0.9936685055718872,0,0,0.3842758444216991,0.0304955032244809,PXK
GO_Biological_Process_2023,Regulation Of Cilium Assembly (GO:1902017),4/71,0.9259242763016268,0.995268540527534,0,0,0.5501350245186165,0.0423399443706678,DYNC2LI1;TBC1D2;CDKL5;LIMK2
GO_Biological_Process_2023,Mitotic Cell Cycle Phase Transition (GO:0044772),7/111,0.926142272524688,0.995268540527534,0,0,0.6199010819775707,0.0475634070194102,CCNA1;CCND2;CDK6;PPP2R2D;TPD52L1;NES;CLASP2
GO_Biological_Process_2023,Amino Acid Transmembrane Transport (GO:0003333),2/42,0.9264067770132226,0.995268540527534,0,0,0.4609575012800819,0.035236447285937,SLC22A4;SLC7A7
GO_Biological_Process_2023,Positive Regulation Of Neuron Differentiation (GO:0045666),2/42,0.9264067770132226,0.995268540527534,0,0,0.4609575012800819,0.035236447285937,BMP2;IMPACT
GO_Biological_Process_2023,RNA Catabolic Process (GO:0006401),3/57,0.926645994883004,0.995268540527534,0,0,0.5120389344262295,0.0390090046414694,ZFP36;RNASE6;ZFP36L2
GO_Biological_Process_2023,Endosome To Lysosome Transport (GO:0008333),3/57,0.926645994883004,0.995268540527534,0,0,0.5120389344262295,0.0390090046414694,CCL14;PXK;DENND3
GO_Biological_Process_2023,Macromolecule Catabolic Process (GO:0009057),5/85,0.9275748853974314,0.995602689316531,0,0,0.575801282051282,0.0432897473382913,SNX25;RNASE6;CAPN3;DENND3;DNASE1L3
GO_Biological_Process_2023,Regulation Of Cellular Localization (GO:0060341),4/72,0.9307005445370856,0.995602689316531,0,0,0.5420146531190642,0.0389262472206948,GSN;DNAJB6;TRIM22;PPM1F
GO_Biological_Process_2023,DNA-templated Transcription Elongation (GO:0006354),1/26,0.931175446259094,0.995602689316531,0,0,0.3688843398157625,0.0263042459576511,TCEA2
GO_Biological_Process_2023,Meiosis I (GO:0007127),1/26,0.931175446259094,0.995602689316531,0,0,0.3688843398157625,0.0263042459576511,CCNA1
GO_Biological_Process_2023,miRNA-mediated Gene Silencing (GO:0035195),1/26,0.931175446259094,0.995602689316531,0,0,0.3688843398157625,0.0263042459576511,ZFP36
GO_Biological_Process_2023,Mitotic Spindle Assembly Checkpoint Signaling (GO:0007094),1/26,0.931175446259094,0.995602689316531,0,0,0.3688843398157625,0.0263042459576511,TEX14
GO_Biological_Process_2023,Mitotic Spindle Checkpoint Signaling (GO:0071174),1/26,0.931175446259094,0.995602689316531,0,0,0.3688843398157625,0.0263042459576511,TEX14
GO_Biological_Process_2023,Negative Regulation Of Insulin Receptor Signaling Pathway (GO:0046627),1/26,0.931175446259094,0.995602689316531,0,0,0.3688843398157625,0.0263042459576511,IL1B
GO_Biological_Process_2023,Organelle Fusion (GO:0048284),1/26,0.931175446259094,0.995602689316531,0,0,0.3688843398157625,0.0263042459576511,MCL1
GO_Biological_Process_2023,Positive Regulation Of Erythrocyte Differentiation (GO:0045648),1/26,0.931175446259094,0.995602689316531,0,0,0.3688843398157625,0.0263042459576511,ETS1
GO_Biological_Process_2023,Regulation Of Transcription By RNA Polymerase III (GO:0006359),1/26,0.931175446259094,0.995602689316531,0,0,0.3688843398157625,0.0263042459576511,ZFP36L2
GO_Biological_Process_2023,Spindle Assembly Checkpoint Signaling (GO:0071173),1/26,0.931175446259094,0.995602689316531,0,0,0.3688843398157625,0.0263042459576511,TEX14
GO_Biological_Process_2023,Telomere Maintenance Via Telomere Lengthening (GO:0010833),1/26,0.931175446259094,0.995602689316531,0,0,0.3688843398157625,0.0263042459576511,STON1
GO_Biological_Process_2023,DNA-templated DNA Replication Maintenance Of Fidelity (GO:0045005),2/43,0.9323160326720042,0.995602689316531,0,0,0.4496896581869044,0.0315157940972579,PCNA;ATR
GO_Biological_Process_2023,SCF-dependent Proteasomal Ubiquitin-Dependent Protein Catabolic Process (GO:0031146),2/43,0.9323160326720042,0.995602689316531,0,0,0.4496896581869044,0.0315157940972579,FBXO3;FBXL5
GO_Biological_Process_2023,Lysosome Organization (GO:0007040),2/43,0.9323160326720042,0.995602689316531,0,0,0.4496896581869044,0.0315157940972579,SRPX;LRRK2
GO_Biological_Process_2023,mRNA Catabolic Process (GO:0006402),2/43,0.9323160326720042,0.995602689316531,0,0,0.4496896581869044,0.0315157940972579,ZFP36;ZFP36L2
GO_Biological_Process_2023,mRNA Destabilization (GO:0061157),2/43,0.9323160326720042,0.995602689316531,0,0,0.4496896581869044,0.0315157940972579,ZFP36;ZFP36L2
GO_Biological_Process_2023,mRNA Transcription (GO:0009299),2/43,0.9323160326720042,0.995602689316531,0,0,0.4496896581869044,0.0315157940972579,C5AR1;PPARG
GO_Biological_Process_2023,Neurotransmitter Secretion (GO:0007269),2/43,0.9323160326720042,0.995602689316531,0,0,0.4496896581869044,0.0315157940972579,PTPRN2;SNCA
GO_Biological_Process_2023,Regulation Of Chromosome Organization (GO:0033044),2/43,0.9323160326720042,0.995602689316531,0,0,0.4496896581869044,0.0315157940972579,RB1;MCRS1
GO_Biological_Process_2023,Protein Complex Oligomerization (GO:0051259),6/100,0.934340376317172,0.995602689316531,0,0,0.5878955929390959,0.0399266226281656,ALAD;PRF1;LRRC8C;NLRP3;HLA-DRB1;SNCA
GO_Biological_Process_2023,DNA-templated Transcription Initiation (GO:0006352),3/59,0.9367008804217634,0.995602689316531,0,0,0.4936969408665105,0.0322834743270422,POLR3H;PPARGC1A;ZFP36L2
GO_Biological_Process_2023,Microtubule Cytoskeleton Organization Involved In Mitosis (GO:1902850),3/59,0.9367008804217634,0.995602689316531,0,0,0.4936969408665105,0.0322834743270422,SBDS;EML1;CLASP2
GO_Biological_Process_2023,Mitotic Cytokinesis (GO:0000281),3/59,0.9367008804217634,0.995602689316531,0,0,0.4936969408665105,0.0322834743270422,ARL3;MYH10;SPTBN1
GO_Biological_Process_2023,Establishment Of Protein Localization To Mitochondrion (GO:0072655),2/44,0.9377739319294324,0.995602689316531,0,0,0.4389583790505449,0.0282014823296789,TSPO;FBXO7
GO_Biological_Process_2023,Nucleobase-Containing Compound Catabolic Process (GO:0034655),2/44,0.9377739319294324,0.995602689316531,0,0,0.4389583790505449,0.0282014823296789,RNASE6;DNASE1L3
GO_Biological_Process_2023,Nucleus Organization (GO:0006997),2/44,0.9377739319294324,0.995602689316531,0,0,0.4389583790505449,0.0282014823296789,CHMP6;CHMP5
GO_Biological_Process_2023,Phosphatidylinositol Phosphate Biosynthetic Process (GO:0046854),2/44,0.9377739319294324,0.995602689316531,0,0,0.4389583790505449,0.0282014823296789,SOCS2;SOCS3
GO_Biological_Process_2023,Regulation Of DNA Recombination (GO:0000018),2/44,0.9377739319294324,0.995602689316531,0,0,0.4389583790505449,0.0282014823296789,IL7R;ZNF365
GO_Biological_Process_2023,Regulation Of Insulin Receptor Signaling Pathway (GO:0046626),2/44,0.9377739319294324,0.995602689316531,0,0,0.4389583790505449,0.0282014823296789,IL1B;SORBS1
GO_Biological_Process_2023,Iron-Sulfur Cluster Assembly (GO:0016226),1/27,0.9379116127152356,0.995602689316531,0,0,0.3546767971025903,0.0227346280305304,NFS1
GO_Biological_Process_2023,mRNA Modification (GO:0016556),1/27,0.9379116127152356,0.995602689316531,0,0,0.3546767971025903,0.0227346280305304,WTAP
GO_Biological_Process_2023,Metallo-Sulfur Cluster Assembly (GO:0031163),1/27,0.9379116127152356,0.995602689316531,0,0,0.3546767971025903,0.0227346280305304,NFS1
GO_Biological_Process_2023,Microtubule Polymerization Or Depolymerization (GO:0031109),1/27,0.9379116127152356,0.995602689316531,0,0,0.3546767971025903,0.0227346280305304,TPPP
GO_Biological_Process_2023,Monoubiquitinated Histone H2A Deubiquitination (GO:0035522),1/27,0.9379116127152356,0.995602689316531,0,0,0.3546767971025903,0.0227346280305304,TMEM98
GO_Biological_Process_2023,Monoubiquitinated Histone Deubiquitination (GO:0035521),1/27,0.9379116127152356,0.995602689316531,0,0,0.3546767971025903,0.0227346280305304,TMEM98
GO_Biological_Process_2023,Negative Regulation Of Cellular Response To Insulin Stimulus (GO:1900077),1/27,0.9379116127152356,0.995602689316531,0,0,0.3546767971025903,0.0227346280305304,IL1B
GO_Biological_Process_2023,Peptidyl-Lysine Methylation (GO:0018022),1/27,0.9379116127152356,0.995602689316531,0,0,0.3546767971025903,0.0227346280305304,SETD3
GO_Biological_Process_2023,Phospholipid Biosynthetic Process (GO:0008654),1/27,0.9379116127152356,0.995602689316531,0,0,0.3546767971025903,0.0227346280305304,VAPA
GO_Biological_Process_2023,Positive Regulation Of TORC1 Signaling (GO:1904263),1/27,0.9379116127152356,0.995602689316531,0,0,0.3546767971025903,0.0227346280305304,RRAGB
GO_Biological_Process_2023,Positive Regulation Of Mitotic Cell Cycle (GO:0045931),1/27,0.9379116127152356,0.995602689316531,0,0,0.3546767971025903,0.0227346280305304,MEIS2
GO_Biological_Process_2023,Positive Regulation Of Ubiquitin-Protein Transferase Activity (GO:0051443),1/27,0.9379116127152356,0.995602689316531,0,0,0.3546767971025903,0.0227346280305304,ARRDC4
GO_Biological_Process_2023,Regulation Of Chromatin Organization (GO:1902275),1/27,0.9379116127152356,0.995602689316531,0,0,0.3546767971025903,0.0227346280305304,MCRS1
GO_Biological_Process_2023,Regulation Of Microtubule Polymerization Or Depolymerization (GO:0031110),1/27,0.9379116127152356,0.995602689316531,0,0,0.3546767971025903,0.0227346280305304,CLASP2
GO_Biological_Process_2023,Visual Perception (GO:0007601),6/101,0.9380757555808344,0.995602689316531,0,0,0.5816748129945181,0.0371833125085722,EFEMP1;WFS1;RP2;SFRP5;RGS16;RPGR
GO_Biological_Process_2023,Regulation Of Cell Cycle G1/S Phase Transition (GO:1902806),4/74,0.9394261554728778,0.9967790660465696,0,0,0.5264699421542066,0.032897033990814,CDKN2B;CDKN2C;SUSD2;ID2
GO_Biological_Process_2023,Peptidyl-Serine Modification (GO:0018209),11/166,0.9403635307878484,0.9975167095841224,0,0,0.6530930572149211,0.0401578715420654,SRPK2;PRKCH;PRKCE;LRRK2;PDGFB;MAPK1;PRKD1;VRK3;GAS6;ATR;TGFBR2
GO_Biological_Process_2023,Histone Acetylation (GO:0016573),3/60,0.9412359604987082,0.9979281650692866,0,0,0.4850086281276963,0.0293728091869177,ING3;TMEM98;MAP3K7
GO_Biological_Process_2023,protein-DNA Complex Organization (GO:0071824),3/60,0.9412359604987082,0.9979281650692866,0,0,0.4850086281276963,0.0293728091869177,PADI4;HMGN2;RPL17
GO_Biological_Process_2023,Cilium Organization (GO:0044782),16/228,0.9417110643576516,0.9981749547321584,0,0,0.6941138692381795,0.0416862419898192,GSN;NOTCH1;ARL3;RFX2;PLA2G3;NEDD9;SNX10;RPGR;ABLIM1;ABLIM3;RP2;TEKT1;TEKT3;CCDC65;IFT57;RAB8B
GO_Biological_Process_2023,Mitotic Nuclear Division (GO:0140014),2/45,0.9428121959028636,0.9982772047186124,0,0,0.4287262291763417,0.0252469039981086,PPP2R2D;CLASP2
GO_Biological_Process_2023,Negative Regulation Of Response To Biotic Stimulus (GO:0002832),2/45,0.9428121959028636,0.9982772047186124,0,0,0.4287262291763417,0.0252469039981086,TNFAIP3;LILRA2
GO_Biological_Process_2023,Golgi To Plasma Membrane Protein Transport (GO:0043001),1/28,0.9439887624129631,0.9982772047186124,0,0,0.3415216649607642,0.0196856561406274,SPTBN1
GO_Biological_Process_2023,Negative Regulation Of G2/M Transition Of Mitotic Cell Cycle (GO:0010972),1/28,0.9439887624129631,0.9982772047186124,0,0,0.3415216649607642,0.0196856561406274,FHL1
GO_Biological_Process_2023,Negative Regulation Of Mitotic Metaphase/Anaphase Transition (GO:0045841),1/28,0.9439887624129631,0.9982772047186124,0,0,0.3415216649607642,0.0196856561406274,TEX14
GO_Biological_Process_2023,"Nuclear-Transcribed mRNA Catabolic Process, Nonsense-Mediated Decay (GO:0000184)",1/28,0.9439887624129631,0.9982772047186124,0,0,0.3415216649607642,0.0196856561406274,PNRC1
GO_Biological_Process_2023,Positive Regulation Of mRNA Processing (GO:0050685),1/28,0.9439887624129631,0.9982772047186124,0,0,0.3415216649607642,0.0196856561406274,CIRBP
GO_Biological_Process_2023,Transcription By RNA Polymerase III (GO:0006383),1/28,0.9439887624129631,0.9982772047186124,0,0,0.3415216649607642,0.0196856561406274,POLR3H
GO_Biological_Process_2023,Vesicle Coating (GO:0006901),1/28,0.9439887624129631,0.9982772047186124,0,0,0.3415216649607642,0.0196856561406274,AP3S1
GO_Biological_Process_2023,Positive Regulation Of Organelle Assembly (GO:1902117),3/61,0.945468156513582,0.9995850453489332,0,0,0.4766199123798756,0.0267264951608695,SDCBP;LCP1;TNF
GO_Biological_Process_2023,Macroautophagy (GO:0016236),6/104,0.9481713705068004,0.9999960961444668,0,0,0.5637742013172637,0.0300040756718945,GABARAPL1;MAP1LC3C;LIX1L;ATG4B;CHMP6;CHMP5
GO_Biological_Process_2023,Cilium Assembly (GO:0060271),17/243,0.948185338581456,0.9999960961444668,0,0,0.6916239714330072,0.0367980546646987,GSN;NOTCH1;ARL3;RFX2;PLA2G3;SNX10;RPGR;DYNC2LI1;ABLIM1;ABLIM3;RP2;TEKT1;TEKT3;CCDC65;ZMYND10;IFT57;RAB8B
GO_Biological_Process_2023,mRNA Export From Nucleus (GO:0006406),3/62,0.9494154440880852,0.9999960961444668,0,0,0.4685155598777438,0.0243200832065259,HHEX;DDX19B;NXF3
GO_Biological_Process_2023,Carbohydrate Derivative Biosynthetic Process (GO:1901137),1/29,0.9494713386859106,0.9999960961444668,0,0,0.3293061851147829,0.0170745042527632,RRM2B
GO_Biological_Process_2023,mRNA Splice Site Recognition (GO:0006376),1/29,0.9494713386859106,0.9999960961444668,0,0,0.3293061851147829,0.0170745042527632,PSIP1
GO_Biological_Process_2023,Morphogenesis Of An Epithelium (GO:0002009),1/29,0.9494713386859106,0.9999960961444668,0,0,0.3293061851147829,0.0170745042527632,ACTG1
GO_Biological_Process_2023,Phosphatidic Acid Biosynthetic Process (GO:0006654),1/29,0.9494713386859106,0.9999960961444668,0,0,0.3293061851147829,0.0170745042527632,ABHD5
GO_Biological_Process_2023,Protein K11-linked Ubiquitination (GO:0070979),1/29,0.9494713386859106,0.9999960961444668,0,0,0.3293061851147829,0.0170745042527632,UBE2E2
GO_Biological_Process_2023,Tube Closure (GO:0060606),1/29,0.9494713386859106,0.9999960961444668,0,0,0.3293061851147829,0.0170745042527632,FOLR1
GO_Biological_Process_2023,Vacuolar Acidification (GO:0007035),1/29,0.9494713386859106,0.9999960961444668,0,0,0.3293061851147829,0.0170745042527632,SLC11A1
GO_Biological_Process_2023,Intrinsic Apoptotic Signaling Pathway (GO:0097193),6/105,0.9511923002597452,0.9999960961444668,0,0,0.5580484164373338,0.0279242005604146,PPP1R15A;BAD;ITPR1;TNFRSF1B;PPM1F;MCL1
GO_Biological_Process_2023,Golgi To Plasma Membrane Transport (GO:0006893),2/47,0.9517473437016324,0.9999960961444668,0,0,0.409626216077829,0.020258340885089,ARL3;SPTBN1
GO_Biological_Process_2023,Positive Regulation Of TOR Signaling (GO:0032008),2/47,0.9517473437016324,0.9999960961444668,0,0,0.409626216077829,0.020258340885089,RRAGB;GAS6
GO_Biological_Process_2023,Inorganic Anion Transmembrane Transport (GO:0098661),3/63,0.9530949711973504,0.9999960961444668,0,0,0.4606813524590163,0.0221314663096981,SLC25A3;SLC1A1;CFTR
GO_Biological_Process_2023,Phosphatidylinositol Metabolic Process (GO:0046488),3/63,0.9530949711973504,0.9999960961444668,0,0,0.4606813524590163,0.0221314663096981,PLEK;PLA2G3;FGF2
GO_Biological_Process_2023,Mitotic G2 DNA Damage Checkpoint Signaling (GO:0007095),1/30,0.9544174860685158,0.9999960961444668,0,0,0.3179331521547312,0.0148328808886606,TNFSF13B
GO_Biological_Process_2023,Nucleic Acid Metabolic Process (GO:0090304),1/30,0.9544174860685158,0.9999960961444668,0,0,0.3179331521547312,0.0148328808886606,DNASE1L3
GO_Biological_Process_2023,Positive Regulation Of Protein Targeting To Mitochondrion (GO:1903955),1/30,0.9544174860685158,0.9999960961444668,0,0,0.3179331521547312,0.0148328808886606,RAC2
GO_Biological_Process_2023,Chloride Transmembrane Transport (GO:1902476),2/48,0.9556985110060988,0.9999960961444668,0,0,0.4006990360426545,0.0181567875569735,SLC1A1;CFTR
GO_Biological_Process_2023,Cytoplasmic Microtubule Organization (GO:0031122),2/48,0.9556985110060988,0.9999960961444668,0,0,0.4006990360426545,0.0181567875569735,LIMK2;TPPP
GO_Biological_Process_2023,Protein N-linked Glycosylation (GO:0006487),3/64,0.9565230685945286,0.9999960961444668,0,0,0.4531040042999193,0.0201406418528079,MAN1C1;SLC39A8;ST3GAL1
GO_Biological_Process_2023,Regulation Of Secretion By Cell (GO:1903530),3/64,0.9565230685945286,0.9999960961444668,0,0,0.4531040042999193,0.0201406418528079,LGI3;SNCAIP;RAB8B
GO_Biological_Process_2023,Anterograde Trans-Synaptic Signaling (GO:0098916),13/199,0.9588778471632936,0.9999960961444668,0,0,0.6427444270954453,0.0269898588070461,NLGN4X;SLC1A1;SDCBP;KCNMB1;CHRNE;PENK;PMP22;MAPK1;PCDHB4;PDE7B;KCNK3;SCN2B;SNCA
GO_Biological_Process_2023,Endodermal Cell Differentiation (GO:0035987),1/31,0.9588796656211784,0.9999960961444668,0,0,0.3073183213920163,0.0129042013509493,LAMA3
GO_Biological_Process_2023,Non-Motile Cilium Assembly (GO:1905515),1/31,0.9588796656211784,0.9999960961444668,0,0,0.3073183213920163,0.0129042013509493,IFT57
GO_Biological_Process_2023,"Regulation Of mRNA Splicing, Via Spliceosome (GO:0048024)",5/94,0.9590584051637892,0.9999960961444668,0,0,0.5173148948429848,0.0216254717099748,SRPK2;WTAP;CIRBP;SAP18;QKI
GO_Biological_Process_2023,Positive Regulation Of Translation (GO:0045727),6/108,0.959325301096846,0.9999960961444668,0,0,0.5415446835481242,0.0224876716674595,NGRN;IL6;CCL5;CNBP;CIRBP;VIM
GO_Biological_Process_2023,Intrinsic Apoptotic Signaling Pathway In Response To DNA Damage (GO:0008630),2/49,0.9593387551482108,0.9999960961444668,0,0,0.3921517360089769,0.0162786219173682,TNFRSF1B;MCL1
GO_Biological_Process_2023,Nuclear Export (GO:0051168),2/49,0.9593387551482108,0.9999960961444668,0,0,0.3921517360089769,0.0162786219173682,RANBP3L;EGR2
GO_Biological_Process_2023,Regulation Of Mitotic Metaphase/Anaphase Transition (GO:0030071),2/49,0.9593387551482108,0.9999960961444668,0,0,0.3921517360089769,0.0162786219173682,RB1;DUSP1
GO_Biological_Process_2023,RNA Export From Nucleus (GO:0006405),3/65,0.9597152642149244,0.9999960961444668,0,0,0.4457710867265997,0.0183295000756027,HHEX;DDX19B;NXF3
GO_Biological_Process_2023,Autophagosome Assembly (GO:0000045),3/65,0.9597152642149244,0.9999960961444668,0,0,0.4457710867265997,0.0183295000756027,GABARAPL1;MAP1LC3C;ATG4B
GO_Biological_Process_2023,Glycoprotein Biosynthetic Process (GO:0009101),4/80,0.9599311766697276,0.9999960961444668,0,0,0.4847446653537997,0.0198229971333439,CHST9;ST6GALNAC2;IGF1;ST3GAL1
GO_Biological_Process_2023,Regulation Of Nucleic Acid-Templated Transcription (GO:1903506),34/452,0.96054021527412,0.9999960961444668,0,0,0.7463691408730999,0.0300483950961404,RB1;ZNF331;ACVRL1;CEBPA;SPI1;BTG1;NOTCH1;BNC2;OGG1;WWC2;NR3C1;LYL1;SERTAD3;ING3;EFEMP1;SOX17;NFIL3;SLC39A8;ZNF423;PPARGC1A;SOX7;PPARGC1B;TRIM22;KLRG1;CNBP;MITF;THAP1;BMP2;MAFB;NR5A2;NFIA;SNAI2;HCLS1;ENG
GO_Biological_Process_2023,Mitotic Metaphase Plate Congression (GO:0007080),2/50,0.9626910687747404,0.9999960961444668,0,0,0.3839605734767025,0.0145992251876586,CHMP6;CHMP5
GO_Biological_Process_2023,Pyruvate Metabolic Process (GO:0006090),2/50,0.9626910687747404,0.9999960961444668,0,0,0.3839605734767025,0.0145992251876586,HK3;PGAM1
GO_Biological_Process_2023,Ribosome Assembly (GO:0042255),2/50,0.9626910687747404,0.9999960961444668,0,0,0.3839605734767025,0.0145992251876586,NGRN;SBDS
GO_Biological_Process_2023,NIK/NF-kappaB Signaling (GO:0038061),1/32,0.9629052101982104,0.9999960961444668,0,0,0.2973883184204444,0.0112413687847363,MAP3K7
GO_Biological_Process_2023,Heterochromatin Formation (GO:0031507),1/32,0.9629052101982104,0.9999960961444668,0,0,0.2973883184204444,0.0112413687847363,RB1
GO_Biological_Process_2023,Intracellular pH Reduction (GO:0051452),1/32,0.9629052101982104,0.9999960961444668,0,0,0.2973883184204444,0.0112413687847363,SLC11A1
GO_Biological_Process_2023,Mitochondrial Membrane Organization (GO:0007006),1/32,0.9629052101982104,0.9999960961444668,0,0,0.2973883184204444,0.0112413687847363,BAD
GO_Biological_Process_2023,Negative Regulation Of Proteasomal Ubiquitin-Dependent Protein Catabolic Process (GO:0032435),1/32,0.9629052101982104,0.9999960961444668,0,0,0.2973883184204444,0.0112413687847363,SDCBP
GO_Biological_Process_2023,Neural Tube Closure (GO:0001843),1/32,0.9629052101982104,0.9999960961444668,0,0,0.2973883184204444,0.0112413687847363,FOLR1
GO_Biological_Process_2023,Regulation Of Transcription By RNA Polymerase I (GO:0006356),1/32,0.9629052101982104,0.9999960961444668,0,0,0.2973883184204444,0.0112413687847363,RASL11A
GO_Biological_Process_2023,Regulation Of Macroautophagy (GO:0016241),5/96,0.9640788705134494,0.9999960961444668,0,0,0.5058889828120597,0.0185065176976561,LRRK2;SESN1;MAP3K7;C9ORF72;DCN
GO_Biological_Process_2023,Metaphase Plate Congression (GO:0051310),2/51,0.9657769237510948,0.9999960961444668,0,0,0.3761037441090107,0.0130968347298053,CHMP6;CHMP5
GO_Biological_Process_2023,Positive Regulation Of DNA Recombination (GO:0045911),2/51,0.9657769237510948,0.9999960961444668,0,0,0.3761037441090107,0.0130968347298053,ING3;TFRC
GO_Biological_Process_2023,Monoubiquitinated Protein Deubiquitination (GO:0035520),1/33,0.9665368256616794,0.9999960961444668,0,0,0.2880789406345957,0.0098050199596102,TMEM98
GO_Biological_Process_2023,Negative Regulation Of Double-Strand Break Repair (GO:2000780),1/33,0.9665368256616794,0.9999960961444668,0,0,0.2880789406345957,0.0098050199596102,OGG1
GO_Biological_Process_2023,Positive Regulation Of RNA Metabolic Process (GO:0051254),1/33,0.9665368256616794,0.9999960961444668,0,0,0.2880789406345957,0.0098050199596102,IL1B
GO_Biological_Process_2023,Positive Regulation Of Chromosome Organization (GO:2001252),1/33,0.9665368256616794,0.9999960961444668,0,0,0.2880789406345957,0.0098050199596102,TINF2
GO_Biological_Process_2023,Regulation Of Type I Interferon-Mediated Signaling Pathway (GO:0060338),1/33,0.9665368256616794,0.9999960961444668,0,0,0.2880789406345957,0.0098050199596102,SAMHD1
GO_Biological_Process_2023,Cell Cycle G1/S Phase Transition (GO:0044843),2/52,0.9686163476126664,0.9999960961444668,0,0,0.3685611879160266,0.0117521895588377,CCND2;CDK6
GO_Biological_Process_2023,Cellular Response To Ionizing Radiation (GO:0071479),2/52,0.9686163476126664,0.9999960961444668,0,0,0.3685611879160266,0.0117521895588377,CRYAB;ATR
GO_Biological_Process_2023,Modification-Dependent Protein Catabolic Process (GO:0019941),12/192,0.9686961129143518,0.9999960961444668,0,0,0.6129696345856922,0.0194950856208909,RNF146;HERC3;RNF125;UBB;UBE2E1;NEDD4L;UBE2L6;NTAN1;FBXO7;RPGR;TNFSF13B;UBL7
GO_Biological_Process_2023,DNA Damage Checkpoint Signaling (GO:0000077),1/34,0.969813042841968,0.9999960961444668,0,0,0.2793337675630408,0.008562128978254,ATR
GO_Biological_Process_2023,Histone Deubiquitination (GO:0016578),1/34,0.969813042841968,0.9999960961444668,0,0,0.2793337675630408,0.008562128978254,TMEM98
GO_Biological_Process_2023,Membrane Protein Proteolysis (GO:0033619),1/34,0.969813042841968,0.9999960961444668,0,0,0.2793337675630408,0.008562128978254,CTSH
GO_Biological_Process_2023,Positive Regulation Of Transcription By RNA Polymerase I (GO:0045943),1/34,0.969813042841968,0.9999960961444668,0,0,0.2793337675630408,0.008562128978254,RASL11A
GO_Biological_Process_2023,Purine Nucleotide Metabolic Process (GO:0006163),1/34,0.969813042841968,0.9999960961444668,0,0,0.2793337675630408,0.008562128978254,FMO2
GO_Biological_Process_2023,Sister Chromatid Segregation (GO:0000819),1/34,0.969813042841968,0.9999960961444668,0,0,0.2793337675630408,0.008562128978254,RB1
GO_Biological_Process_2023,Smoothened Signaling Pathway (GO:0007224),1/34,0.969813042841968,0.9999960961444668,0,0,0.2793337675630408,0.008562128978254,PKD2L1
GO_Biological_Process_2023,Transcription Initiation-Coupled Chromatin Remodeling (GO:0045815),1/34,0.969813042841968,0.9999960961444668,0,0,0.2793337675630408,0.008562128978254,SPI1
GO_Biological_Process_2023,"Regulation Of Alternative mRNA Splicing, Via Spliceosome (GO:0000381)",2/53,0.971228001173897,0.9999960961444668,0,0,0.3613144182404144,0.0105482230878385,WTAP;SAP18
GO_Biological_Process_2023,mRNA Metabolic Process (GO:0016071),4/85,0.9718872723049344,0.9999960961444668,0,0,0.4546955976991856,0.0129658524197307,ZFP36;ANG;PPARGC1A;ZFP36L2
GO_Biological_Process_2023,Glutamate Receptor Signaling Pathway (GO:0007215),1/35,0.9727686255907098,0.9999960961444668,0,0,0.2711030164368715,0.0074848885878514,GNAQ
GO_Biological_Process_2023,Protein Methylation (GO:0006479),1/35,0.9727686255907098,0.9999960961444668,0,0,0.2711030164368715,0.0074848885878514,SETD3
GO_Biological_Process_2023,Regulation Of Programmed Cell Death (GO:0043067),12/195,0.973036810372952,0.9999960961444668,0,0,0.6028197058798714,0.0164770914595088,ASAH1;BEX1;ING3;WFS1;DAPK2;LRRK2;GAS1;IFT57;CRYAB;CLU;TNF;RTN4
GO_Biological_Process_2023,Protein Targeting (GO:0006605),7/129,0.9737954645174726,0.9999960961444668,0,0,0.5279100885313226,0.014018120665441,SDCBP;ZDHHC19;NCF1;ZFAND6;TSPO;ZDHHC2;FBXO7
GO_Biological_Process_2023,Phosphorylation (GO:0016310),31/429,0.97390059534089,0.9999960961444668,0,0,0.7144049248320605,0.0188931803034833,EPHB6;ACVRL1;PXK;GMFG;LRRK2;PDGFB;HK3;GRK5;PDK4;CCL2;MAPK1;CTSG;ROS1;JAK1;SRPK2;PRKCH;CDKL5;DAPK2;PRKCE;LIMK2;CLK2;TGFBR2;FGR;HCK;SNRK;BMP2;CDK6;BTK;GAS6;HCST;ATR
GO_Biological_Process_2023,Lipid Biosynthetic Process (GO:0008610),3/71,0.9746878231882636,0.9999960961444668,0,0,0.4063027362584378,0.0104168060475369,PLA2G1B;LCP1;ACACB
GO_Biological_Process_2023,Organelle Organization (GO:0006996),30/418,0.9747165384539684,0.9999960961444668,0,0,0.7092114071495514,0.0181618970889512,RB1;CCL13;LRRK2;NEDD9;TNFAIP3;SNX10;FGD3;FGD5;DPYSL2;ZMYM6;CCL3;PLCE1;CCL2;PPARGC1A;WASF3;CLASP2;CCL24;SEMA6A;KRT4;CAV2;CAV1;STX7;RAB32;DES;VAPA;PRKD1;LETMD1;CHMP6;PPID;CHMP5
GO_Biological_Process_2023,COPII-coated Vesicle Budding (GO:0090114),1/36,0.9754349387486668,0.9999960961444668,0,0,0.2633425939464834,0.0065498086545832,VAPA
GO_Biological_Process_2023,Base-Excision Repair (GO:0006284),1/36,0.9754349387486668,0.9999960961444668,0,0,0.2633425939464834,0.0065498086545832,OGG1
GO_Biological_Process_2023,Lytic Vacuole Organization (GO:0080171),1/36,0.9754349387486668,0.9999960961444668,0,0,0.2633425939464834,0.0065498086545832,LRRK2
GO_Biological_Process_2023,Positive Regulation Of RNA Splicing (GO:0033120),1/36,0.9754349387486668,0.9999960961444668,0,0,0.2633425939464834,0.0065498086545832,CIRBP
GO_Biological_Process_2023,Positive Regulation Of Double-Strand Break Repair Via Homologous Recombination (GO:1905168),1/36,0.9754349387486668,0.9999960961444668,0,0,0.2633425939464834,0.0065498086545832,ING3
GO_Biological_Process_2023,Regulation Of RNA Splicing (GO:0043484),5/102,0.9759333100264684,0.9999960961444668,0,0,0.4744382765001321,0.0115578026173039,SRPK2;TMEM98;AHNAK;QKI;CLK2
GO_Biological_Process_2023,Muscle Cell Differentiation (GO:0042692),1/37,0.9778402806675088,0.9999960961444668,0,0,0.2560133060388945,0.0057369854023447,HEY2
GO_Biological_Process_2023,Negative Regulation Of Stress-Activated MAPK Cascade (GO:0032873),1/37,0.9778402806675088,0.9999960961444668,0,0,0.2560133060388945,0.0057369854023447,DUSP1
GO_Biological_Process_2023,Positive Regulation Of DNA-templated Transcription Initiation (GO:2000144),2/56,0.9778640206904616,0.9999960961444668,0,0,0.341184502474825,0.0076372979806963,JUN;MITF
GO_Biological_Process_2023,DNA Replication (GO:0006260),3/73,0.978374724091458,0.9999960961444668,0,0,0.3946501756440281,0.0086280508562462,DUT;STON1;REV3L
GO_Biological_Process_2023,Vesicle-Mediated Transport (GO:0016192),29/411,0.9788969195860692,0.9999960961444668,0,0,0.6962141105728716,0.0148495044880039,CCL14;ANXA8L1;PXK;LRRK2;SNAP23;STAB2;DENND3;ADRB2;C9ORF72;STX11;CCL8;DPYSL2;CCL5;AP1S2;CCL3;ANXA8;AP3S1;STX2;LDLR;CCR1;ANXA2;SCARA5;CAV2;STX7;SYT11;RHOJ;PRKD1;CHMP6;CHMP5
GO_Biological_Process_2023,Signal Transduction In Response To DNA Damage (GO:0042770),2/57,0.9797264725751668,0.9999960961444668,0,0,0.3349625285109156,0.006860654238527,CRY1;ATR
GO_Biological_Process_2023,Establishment Of Protein Localization To Plasma Membrane (GO:0061951),1/38,0.9800101823260454,0.9999960961444668,0,0,0.2490801958560402,0.0050295063336435,SPTBN1
GO_Biological_Process_2023,Regulation Of Autophagy (GO:0010506),15/241,0.9812510121409188,0.9999960961444668,0,0,0.6096273150260013,0.0115384030265096,BAD;DAPK2;LRRK2;ITPR1;C9ORF72;RASIP1;DCN;RRAGB;LAMP3;LEPR;PRKD1;NUPR1;TRIM22;EIF4G2;MCL1
GO_Biological_Process_2023,Selective Autophagy (GO:0061912),2/58,0.9814365355490376,0.9999960961444668,0,0,0.32896276790286,0.0061640806693928,MAP1LC3C;ATG4B
GO_Biological_Process_2023,Anterograde Axonal Transport (GO:0008089),1/39,0.9819676783990168,0.9999960961444668,0,0,0.2425119862091256,0.0044129627783231,AP3S1
GO_Biological_Process_2023,Axonal Transport (GO:0098930),1/39,0.9819676783990168,0.9999960961444668,0,0,0.2425119862091256,0.0044129627783231,AP3S1
GO_Biological_Process_2023,Carboxylic Acid Transmembrane Transport (GO:1905039),1/39,0.9819676783990168,0.9999960961444668,0,0,0.2425119862091256,0.0044129627783231,SLC7A7
GO_Biological_Process_2023,Heterochromatin Organization (GO:0070828),1/39,0.9819676783990168,0.9999960961444668,0,0,0.2425119862091256,0.0044129627783231,RB1
GO_Biological_Process_2023,Internal Peptidyl-Lysine Acetylation (GO:0018393),1/39,0.9819676783990168,0.9999960961444668,0,0,0.2425119862091256,0.0044129627783231,ING3
GO_Biological_Process_2023,"Nuclear-Transcribed mRNA Catabolic Process, Deadenylation-Dependent Decay (GO:0000288)",1/39,0.9819676783990168,0.9999960961444668,0,0,0.2425119862091256,0.0044129627783231,ZFP36
GO_Biological_Process_2023,Organelle Transport Along Microtubule (GO:0072384),1/39,0.9819676783990168,0.9999960961444668,0,0,0.2425119862091256,0.0044129627783231,UBB
GO_Biological_Process_2023,Positive Regulation Of Cytokinesis (GO:0032467),1/39,0.9819676783990168,0.9999960961444668,0,0,0.2425119862091256,0.0044129627783231,PRKCE
GO_Biological_Process_2023,Protein Modification Process (GO:0036211),54/711,0.982826535880262,0.9999960961444668,0,0,0.7517888926520289,0.0130229671514087,EPHB6;ACVRL1;PTPRR;SETD3;ST6GALNAC2;GMFG;LRRK2;PTPRO;F13A1;PTPRM;UBE2L6;TGM1;PPP3CC;PDK4;CTSG;ROS1;JAK1;PRKCH;CDKL5;DAPK2;PRKCE;APOA1;TGFBR2;FGR;PPM1A;HCK;BTK;ATG4B;PADI4;GAS6;HCST;CSTA;PXK;PPM1M;PDGFB;PPM1F;GRK5;CCL2;MAPK1;ST3GAL1;SRPK2;MCRS1;LIMK2;PTPN13;CLK2;PTPRD;MSRA;PTPRB;SNRK;BMP2;CDK6;PTPRC;UST;ATR
GO_Biological_Process_2023,Protein Targeting To Mitochondrion (GO:0006626),2/59,0.9830061864917868,0.9999960961444668,0,0,0.3231735252108766,0.0055391507144944,TSPO;FBXO7
GO_Biological_Process_2023,Regulation Of Multicellular Organismal Development (GO:2000026),2/59,0.9830061864917868,0.9999960961444668,0,0,0.3231735252108766,0.0055391507144944,SOX17;MCRS1
GO_Biological_Process_2023,Establishment Or Maintenance Of Epithelial Cell Apical/Basal Polarity (GO:0045197),1/40,0.9837335508033188,0.9999960961444668,0,0,0.2362806078261554,0.0038750492957831,WDR1
GO_Biological_Process_2023,Positive Regulation Of Stem Cell Population Maintenance (GO:1902459),1/40,0.9837335508033188,0.9999960961444668,0,0,0.2362806078261554,0.0038750492957831,SS18
GO_Biological_Process_2023,Cytoplasmic Translation (GO:0002181),4/93,0.9843169608309782,0.9999960961444668,0,0,0.413639792903668,0.0065385362121418,RPL32;RPL21;RPL17;RPS23
GO_Biological_Process_2023,Double-Strand Break Repair Via Nonhomologous End Joining (GO:0006303),1/41,0.9853265492807268,0.9999960961444668,0,0,0.2303607983623336,0.0034052326299163,ERCC1
GO_Biological_Process_2023,Regulation Of Amide Metabolic Process (GO:0034248),1/41,0.9853265492807268,0.9999960961444668,0,0,0.2303607983623336,0.0034052326299163,PGAM1
GO_Biological_Process_2023,Autophagosome Organization (GO:1905037),2/61,0.9857677981934592,0.9999960961444668,0,0,0.3121837763718573,0.0044749830152063,GABARAPL1;MAP1LC3C
GO_Biological_Process_2023,DNA Integrity Checkpoint Signaling (GO:0031570),1/42,0.9867635896539856,0.9999960961444668,0,0,0.2247297600918691,0.0029944773991561,ATR
GO_Biological_Process_2023,DNA Recombination (GO:0006310),1/42,0.9867635896539856,0.9999960961444668,0,0,0.2247297600918691,0.0029944773991561,ERCC1
GO_Biological_Process_2023,Cellular Response To Glucose Starvation (GO:0042149),1/42,0.9867635896539856,0.9999960961444668,0,0,0.2247297600918691,0.0029944773991561,SESN1
GO_Biological_Process_2023,Regulation Of Neurotransmitter Receptor Activity (GO:0099601),1/42,0.9867635896539856,0.9999960961444668,0,0,0.2247297600918691,0.0029944773991561,RELN
GO_Biological_Process_2023,Protein Lipidation (GO:0006497),2/62,0.9869795230688054,0.9999960961444668,0,0,0.306963645673323,0.0040230613659039,ZDHHC2;GLUL
GO_Biological_Process_2023,Endomembrane System Organization (GO:0010256),11/196,0.9872221587380902,0.9999960961444668,0,0,0.5462684907129352,0.0070251111382478,SRGN;SYNGR1;ANXA8L1;VAPA;CAV2;LRRK2;SNX10;ANXA8;PRKD1;SPTBN1;CLASP2
GO_Biological_Process_2023,Glycolipid Biosynthetic Process (GO:0009247),1/43,0.9880599332800576,0.9999960961444668,0,0,0.2193668665009504,0.0026350176589625,ST6GALNAC5
GO_Biological_Process_2023,Positive Regulation Of Cell Division (GO:0051781),1/43,0.9880599332800576,0.9999960961444668,0,0,0.2193668665009504,0.0026350176589625,PRKCE
GO_Biological_Process_2023,Regulation Of Cellular Component Size (GO:0032535),1/43,0.9880599332800576,0.9999960961444668,0,0,0.2193668665009504,0.0026350176589625,PPP1R15A
GO_Biological_Process_2023,G1/S Transition Of Mitotic Cell Cycle (GO:0000082),2/63,0.9880904719805226,0.9999960961444668,0,0,0.3019146668009703,0.0036172440297291,CCND2;CDK6
GO_Biological_Process_2023,Cytoskeleton-Dependent Cytokinesis (GO:0061640),3/81,0.9886067437202168,0.9999960961444668,0,0,0.354015605296343,0.0040565432689111,ARL3;MYH10;SPTBN1
GO_Biological_Process_2023,RNA Splicing (GO:0008380),4/98,0.9892109547556546,0.9999960961444668,0,0,0.3915286214379969,0.0042471729040552,SRPK2;SNRPN;DDX47;PPARGC1A
GO_Biological_Process_2023,Mitotic Spindle Assembly (GO:0090307),1/44,0.9892293489962818,0.9999960961444668,0,0,0.2142534098212373,0.002320166104464,CLASP2
GO_Biological_Process_2023,Regulation Of DNA-templated Transcription Elongation (GO:0032784),1/44,0.9892293489962818,0.9999960961444668,0,0,0.2142534098212373,0.002320166104464,TCEA2
GO_Biological_Process_2023,Regulation Of DNA Repair (GO:0006282),6/129,0.9895069548995906,0.9999960961444668,0,0,0.4485602372698945,0.0047316310525291,ING3;PCNA;TMEM98;MCRS1;AXIN2;ATR
GO_Biological_Process_2023,Detection Of Chemical Stimulus Involved In Sensory Perception Of Taste (GO:0050912),1/45,0.9902842585066184,0.9999960961444668,0,0,0.209372382990602,0.00204415434512,PKD2L1
GO_Biological_Process_2023,Regulation Of Cell Division (GO:0051302),3/83,0.9903180376110876,0.9999960961444668,0,0,0.3451267930327868,0.0033577859660445,SUSD2;EVI2B;DLL1
GO_Biological_Process_2023,Mitotic G2/M Transition Checkpoint (GO:0044818),1/46,0.9912358687803146,0.9999960961444668,0,0,0.2047082906857728,0.0018019983815815,TNFSF13B
GO_Biological_Process_2023,Protein Sumoylation (GO:0016925),1/46,0.9912358687803146,0.9999960961444668,0,0,0.2047082906857728,0.0018019983815815,EGR2
GO_Biological_Process_2023,Regulation Of Epidermal Growth Factor Receptor Signaling Pathway (GO:0042058),1/46,0.9912358687803146,0.9999960961444668,0,0,0.2047082906857728,0.0018019983815815,CDH13
GO_Biological_Process_2023,Vacuolar Transport (GO:0007034),1/46,0.9912358687803146,0.9999960961444668,0,0,0.2047082906857728,0.0018019983815815,PCSK9
GO_Biological_Process_2023,Mitotic Spindle Organization (GO:0007052),3/85,0.991779954731642,0.9999960961444668,0,0,0.336671581367453,0.0027788926630841,SBDS;EML1;CLASP2
GO_Biological_Process_2023,Protein Monoubiquitination (GO:0006513),1/47,0.9920942901717528,0.9999960961444668,0,0,0.2002469850028926,0.0015893854785827,TNFSF13B
GO_Biological_Process_2023,Regulation Of Signal Transduction By P53 Class Mediator (GO:1901796),1/47,0.9920942901717528,0.9999960961444668,0,0,0.2002469850028926,0.0015893854785827,RPL17
GO_Biological_Process_2023,Cellular Response To Radiation (GO:0071478),1/48,0.9928686440423092,0.9999960961444668,0,0,0.1959755221150286,0.0014025783152547,RGR
GO_Biological_Process_2023,Post-Translational Protein Modification (GO:0043687),1/48,0.9928686440423092,0.9999960961444668,0,0,0.1959755221150286,0.0014025783152547,PADI4
GO_Biological_Process_2023,"Retrograde Vesicle-Mediated Transport, Golgi To Endoplasmic Reticulum (GO:0006890)",1/48,0.9928686440423092,0.9999960961444668,0,0,0.1959755221150286,0.0014025783152547,CCL13
GO_Biological_Process_2023,DNA-templated DNA Replication (GO:0006261),2/69,0.9930529375426153,0.9999960961444668,0,0,0.2747858250987764,0.0019156159723832,RRM2B;REV3L
GO_Biological_Process_2023,Proton Transmembrane Transport (GO:1902600),1/49,0.9935671596454768,0.9999960961444668,0,0,0.1918820368474923,0.001238333795875,ATP1A2
GO_Biological_Process_2023,Regulation Of Double-Strand Break Repair (GO:2000779),3/88,0.993580239250648,0.9999960961444668,0,0,0.3247348119575699,0.0020914402789446,ING3;ZNF365;ATR
GO_Biological_Process_2023,ERAD Pathway (GO:0036503),3/89,0.9940905181473464,0.9999960961444668,0,0,0.3209409550133435,0.0019022208714787,WFS1;CANX;DNAJB12
GO_Biological_Process_2023,Protein Autoubiquitination (GO:0051865),2/71,0.9942033871836152,0.9999960961444668,0,0,0.2667913355150382,0.001550985661916,RNF146;RNF122
GO_Biological_Process_2023,Regulation Of Double-Strand Break Repair Via Homologous Recombination (GO:0010569),2/71,0.9942033871836152,0.9999960961444668,0,0,0.2667913355150382,0.001550985661916,ING3;ZNF365
GO_Biological_Process_2023,Golgi Vesicle Transport (GO:0048193),10/197,0.9945447397449028,0.9999960961444668,0,0,0.490988823666882,0.0026858043753734,CCL13;SNX1;VAPA;RP2;ARL3;SNAP23;PRKD1;RAB8B;NKD2;SEC22C
GO_Biological_Process_2023,Negative Regulation Of Translation (GO:0017148),4/107,0.9945830441812572,0.9999960961444668,0,0,0.3571382363040113,0.00193986087397,ZFP36;CPEB1;BTG2;GZMB
GO_Biological_Process_2023,Response To Ionizing Radiation (GO:0010212),2/72,0.9947063151821436,0.9999960961444668,0,0,0.2629654012142491,0.0013957535598452,COP1;CLK2
GO_Biological_Process_2023,Microtubule Bundle Formation (GO:0001578),1/51,0.9947656442069284,0.9999960961444668,0,0,0.184186284544524,0.0009666285973172964,TPPP
GO_Biological_Process_2023,"Negative Regulation Of Gene Expression, Epigenetic (GO:0045814)",1/51,0.9947656442069284,0.9999960961444668,0,0,0.184186284544524,0.0009666285973172964,RB1
GO_Biological_Process_2023,Protein Polyubiquitination (GO:0000209),12/226,0.994891055719816,0.9999960961444668,0,0,0.5146006993713353,0.0026358051382813,ARRDC4;RNF146;RNF125;UBE2E1;NEDD4L;UBE2E2;TNFAIP3;UBE2L6;FBXO7;TRIM22;SASH1;TNFSF13B
GO_Biological_Process_2023,Regulation Of DNA Metabolic Process (GO:0051052),5/124,0.9949246556206628,0.9999960961444668,0,0,0.386252962723551,0.0019653584684554,ACVRL1;TMEM98;MCRS1;IL7R;ZNF365
GO_Biological_Process_2023,DNA-templated Transcription (GO:0006351),10/199,0.9951637956250584,0.9999960961444668,0,0,0.4857387685151181,0.0023548307797,NR4A2;MAF;KLF13;TSC22D1;THRA;TCEA2;POLR3H;ARRB2;ZFP36L2;THAP1
GO_Biological_Process_2023,Ubiquitin-Dependent ERAD Pathway (GO:0030433),2/73,0.9951663427061128,0.9999960961444668,0,0,0.2592472397106654,0.0012561506637364,WFS1;CANX
GO_Biological_Process_2023,Protein O-linked Glycosylation (GO:0006493),3/93,0.9957655074294796,0.9999960961444668,0,0,0.306608606557377,0.0013010885396732,B3GALNT1;ST6GALNAC2;ST3GAL1
GO_Biological_Process_2023,RNA Metabolic Process (GO:0016070),4/111,0.9960350466575276,0.9999960961444668,0,0,0.3437106300627044,0.0013655054867472,RNASE6;ANG;ADARB1;RNASE1
GO_Biological_Process_2023,Mitotic Sister Chromatid Segregation (GO:0000070),4/111,0.9960350466575276,0.9999960961444668,0,0,0.3437106300627044,0.0013655054867472,TEX14;CHMP6;CHMP5;CLASP2
GO_Biological_Process_2023,Negative Regulation Of TOR Signaling (GO:0032007),1/54,0.9961580154095308,0.9999960961444668,0,0,0.1737316776423784,0.0006687599352673505,SESN1
GO_Biological_Process_2023,Nucleosome Assembly (GO:0006334),1/54,0.9961580154095308,0.9999960961444668,0,0,0.1737316776423784,0.0006687599352673505,PADI4
GO_Biological_Process_2023,Organelle Disassembly (GO:1903008),1/54,0.9961580154095308,0.9999960961444668,0,0,0.1737316776423784,0.0006687599352673505,NEDD9
GO_Biological_Process_2023,Recombinational Repair (GO:0000725),3/95,0.9964196051469996,0.9999960961444668,0,0,0.2999097915181753,0.0010757223805761,STON1;REV3L;SAMHD1
GO_Biological_Process_2023,Proteasomal Protein Catabolic Process (GO:0010498),11/220,0.996794323971345,0.9999960961444668,0,0,0.4828893220706086,0.0015504732115596,SH3BGRL;COP1;CRBN;PSMC4;DNAJB12;NEDD4L;ARRB2;AXIN2;FBXO7;RNF122;TNFSF13B
GO_Biological_Process_2023,Mitotic DNA Damage Checkpoint Signaling (GO:0044773),1/56,0.9968737617718608,0.9999960961444668,0,0,0.1673955522471387,0.0005241380924775913,TNFSF13B
GO_Biological_Process_2023,Regulation Of Stem Cell Population Maintenance (GO:2000036),1/56,0.9968737617718608,0.9999960961444668,0,0,0.1673955522471387,0.0005241380924775913,SS18
GO_Biological_Process_2023,Regulation Of Macromolecule Metabolic Process (GO:0060255),7/162,0.996906528596658,0.9999960961444668,0,0,0.4147512750877657,0.0012850098058642,CDK6;PTPRC;IGF1;AFF3;AIF1;LDLR;AFF2
GO_Biological_Process_2023,Transcription By RNA Polymerase II (GO:0006366),9/192,0.9969441719493344,0.9999960961444668,0,0,0.4514177884858389,0.0013815671331693,MAF;KLF13;THRA;ANXA2;TSC22D1;C5AR1;PPARG;ARRB2;PPARGC1A
GO_Biological_Process_2023,Regulation Of Transcription Initiation By RNA Polymerase II (GO:0060260),1/57,0.9971799426815188,0.9999960961444668,0,0,0.1643972071940342,0.0004642644816251824,HEY2
GO_Biological_Process_2023,Phosphatidylinositol Biosynthetic Process (GO:0006661),3/98,0.9972200007299228,0.9999960961444668,0,0,0.2903904227782571,0.000808409373462355,SOCS2;SOCS3;FGF2
GO_Biological_Process_2023,protein-DNA Complex Assembly (GO:0065004),1/59,0.9977052392239856,0.9999960961444668,0,0,0.1587106907140084,0.00036462158763311933,PADI4
GO_Biological_Process_2023,Epigenetic Regulation Of Gene Expression (GO:0040029),2/83,0.9980671022288048,0.9999960961444668,0,0,0.2271149798031518,0.000439414847196223,DIRAS3;SPI1
GO_Biological_Process_2023,Ubiquitin-Dependent Protein Catabolic Process (GO:0006511),21/367,0.9982133309507965,0.9999960961444668,0,0,0.555437829889235,0.0009932711673078507,CRBN;UBE2E1;NEDD4L;TNFAIP3;UBE2L6;ARRB2;AXIN2;NTAN1;RPGR;TNFSF13B;RNF146;HERC3;SH3BGRL;COP1;RNF125;PSMC4;CHMP6;FBXO7;RNF122;UBL7;CHMP5
GO_Biological_Process_2023,Ribosomal Small Subunit Biogenesis (GO:0042274),2/84,0.9982375561888316,0.9999960961444668,0,0,0.2243327963233549,0.0003957227706196609,RCL1;RPS23
GO_Biological_Process_2023,Chemical Synaptic Transmission (GO:0007268),14/273,0.9983007417782614,0.9999960961444668,0,0,0.4953144798585293,0.0008423831183349349,PTPRN2;NLGN4X;SLC1A1;SDCBP;KCNMB1;CHRNE;PENK;PMP22;MAPK1;PCDHB4;PDE7B;KCNK3;SCN2B;SNCA
GO_Biological_Process_2023,RNA Methylation (GO:0001510),1/62,0.9983154454294032,0.9999960961444668,0,0,0.1508800778562679,0.0002543800435030056,WTAP
GO_Biological_Process_2023,Spliceosomal Complex Assembly (GO:0000245),1/62,0.9983154454294032,0.9999960961444668,0,0,0.1508800778562679,0.0002543800435030056,SRPK2
GO_Biological_Process_2023,Cellular Respiration (GO:0045333),2/85,0.998393146256473,0.9999960961444668,0,0,0.2216176534093362,0.0003563935689277208,COX4I2;PPARGC1A
GO_Biological_Process_2023,Nuclear-Transcribed mRNA Catabolic Process (GO:0000956),2/85,0.998393146256473,0.9999960961444668,0,0,0.2216176534093362,0.0003563935689277208,ZFP36;PNRC1
GO_Biological_Process_2023,Positive Regulation Of DNA Repair (GO:0045739),2/89,0.9988908159051932,0.9999960961444668,0,0,0.2113812525380934,0.0002345908495396992,PCNA;MCRS1
GO_Biological_Process_2023,Cytosolic Transport (GO:0016482),4/127,0.9988954783077084,0.9999960961444668,0,0,0.2987336075308472,0.00033014010677100315,PXK;SNX1;DENND2A;LAPTM5
GO_Biological_Process_2023,Sensory Perception Of Chemical Stimulus (GO:0007606),3/110,0.9990036321806596,0.9999960961444668,0,0,0.2576509115979776,0.0002568430532753815,SLC24A4;C5AR1;CD36
GO_Biological_Process_2023,rRNA Metabolic Process (GO:0016072),2/91,0.9990789272431873,0.9999960961444668,0,0,0.206608099322851,0.0001903887860514508,DDX47;SBDS
GO_Biological_Process_2023,Double-Strand Break Repair Via Homologous Recombination (GO:0000724),3/111,0.9990860810860386,0.9999960961444668,0,0,0.2552510245901639,0.0002333854031000309,STON1;REV3L;SAMHD1
GO_Biological_Process_2023,Aerobic Electron Transport Chain (GO:0019646),1/68,0.9990918298957724,0.9999960961444668,0,0,0.1373225988786874,0.00012476894322795227,COX4I2
GO_Biological_Process_2023,Protein Glycosylation (GO:0006486),5/147,0.9991096572360998,0.9999960961444668,0,0,0.3232755507403395,0.00028795425537181515,B3GALNT1;ST6GALNAC2;MAN1C1;SLC39A8;ST3GAL1
GO_Biological_Process_2023,Regulation Of Cell Cycle Process (GO:0010564),4/130,0.9991347483630728,0.9999960961444668,0,0,0.2915720875741378,0.0002523924332920274,SFRP1;CDKN2B;CAV2;RPL17
GO_Biological_Process_2023,Mitochondrial ATP Synthesis Coupled Electron Transport (GO:0042775),1/70,0.9992607035870584,0.9999960961444668,0,0,0.1333273997596902,9.86049220145322e-05,COX4I2
GO_Biological_Process_2023,Macromolecule Biosynthetic Process (GO:0009059),7/183,0.999293873852646,0.9999960961444668,0,0,0.3648351456038827,0.00025771063460533803,ALAS2;RPL32;RPL21;SLC11A1;RPL17;EIF4G2;RPS23
GO_Biological_Process_2023,Peptidyl-Lysine Modification (GO:0018205),2/94,0.9993033770229848,0.9999960961444668,0,0,0.19983748525123,0.00013925989535008336,EGR2;NNAT
GO_Biological_Process_2023,"Retrograde Transport, Endosome To Golgi (GO:0042147)",2/94,0.9993033770229848,0.9999960961444668,0,0,0.19983748525123,0.00013925989535008336,SNX1;DENND2A
GO_Biological_Process_2023,Regulation Of Translation (GO:0006417),8/202,0.9994345687570496,0.9999960961444668,0,0,0.3780810022291763,0.00021383927242808203,BTG2;IL6;IMPACT;CIRBP;GZMB;VIM;EIF1B;EIF4G2
GO_Biological_Process_2023,Ribonucleoprotein Complex Biogenesis (GO:0022613),3/118,0.9995021616633436,0.9999960961444668,0,0,0.2396204561653599,0.00011932195331260491,RCL1;GLUL;RPS23
GO_Biological_Process_2023,Ribosome Biogenesis (GO:0042254),5/155,0.9995233423324156,0.9999960961444668,0,0,0.3058974358974359,0.00014584311969758113,RCL1;DDX47;SBDS;GLUL;RPS23
GO_Biological_Process_2023,Nucleosome Organization (GO:0034728),1/75,0.9995576303772512,0.9999960961444668,0,0,0.1242842125646629,5.499172445702836e-05,PADI4
GO_Biological_Process_2023,Transcription Initiation At RNA Polymerase II Promoter (GO:0006367),1/76,0.9996007382605738,0.9999960961444668,0,0,0.1226202661207779,4.896735678692485e-05,PPARGC1A
GO_Biological_Process_2023,ncRNA Processing (GO:0034470),2/100,0.9996020523641224,0.9999960961444668,0,0,0.187539839284408,7.46458892389651e-05,DDX47;SBDS
GO_Biological_Process_2023,Peptide Biosynthetic Process (GO:0043043),5/158,0.9996235715227108,0.9999960961444668,0,0,0.2998491704374057,0.00011289301605057532,RPL32;RPL21;GGT1;RPL17;RPS23
GO_Biological_Process_2023,Regulation Of Transcription By RNA Polymerase II (GO:0006357),157/2028,0.9996356479680008,0.9999960961444668,0,0,0.7548377584453062,0.00027507678655602075,RB1;CSF3;SPI1;WWC2;NR3C1;ETS1;FGF2;TNF;ETS2;ZFP36;DACH1;EDNRB;SOX17;SOX18;MYOZ1;JUNB;HOXA5;PKNOX2;HOXA4;SLC11A1;LMO2;RFX2;UBE2E1;LMO7;MITF;THAP1;MAF;FLYWCH1;PRKD1;ZFPM2;ATF3;PPID;NOTCH1;BEX1;EPAS1;MAX;NOTCH4;TWIST2;GATA5;GATA2;ZNF25;SDCBP;ZBED2;NLRP3;NDN;CYTL1;PPARGC1A;WNT2;PPARGC1B;EGR1;CBX7;JUN;EGR2;EGR3;FOXF2;WNT3A;FOXF1;WFS1;CAV1;ZBTB16;PDE2A;IGF1;SMAD6;FLI1;BMP6;BMP5;SMAD7;NR4A2;NR4A1;DAB2;IL6;BMP2;MAFB;TMEM98;ID2;ID1;ID4;SNAI2;LHX6;ID3;MAGED2;ZSCAN1;ACVRL1;SETD3;THRA;CITED2;TCF21;LDB2;MEOX2;MEOX1;LYL1;HHEX;HEY1;HYAL2;HEY2;ANKRD1;ZNF366;GABPA;KLF10;SS18;EDN1;ZHX3;KLF13;ANXA2;SFTPC;FOS;KLF15;DCN;DUSP22;PPM1A;PLSCR1;IMPACT;NR5A2;ELF5;IRF1;CRY1;CDH13;IRF8;HCLS1;PPARG;FBP1;CRK;TLR4;VGLL3;ENG;CEBPA;PLA2G1B;DLL1;NFIL3;PLAGL1;DNAJB4;ATOH8;SAP18;MSX1;RPL17;JAZF1;SNCA;KLRG1;IL33;IRX2;DMRT2;MCRS1;CNBP;OSM;WNT7A;KLF4;TBX4;MEIS2;TBX3;KLF2;TBX2;KLF6;MEIS1;NFIA;BCL6B;KLF9;FOSB
GO_Biological_Process_2023,rRNA Processing (GO:0006364),2/101,0.9996375415310556,0.9999960961444668,0,0,0.1856351533770888,6.729723043778631e-05,DDX47;SBDS
GO_Biological_Process_2023,Protein Import Into Nucleus (GO:0006606),1/79,0.9997063051746462,0.9999960961444668,0,0,0.1178844185497205,3.462712887111538e-05,RPL17
GO_Biological_Process_2023,DNA Metabolic Process (GO:0006259),13/288,0.9997087127549972,0.9999960961444668,0,0,0.4325624941484879,0.00012601829186370986,BTG2;DUT;OGG1;MCRS1;CNBP;STON1;AXIN2;SAMHD1;RRM2B;ERCC1;DNASE1L3;ATR;ZNF365
GO_Biological_Process_2023,Regulation Of Cytokinesis (GO:0032465),1/80,0.9997348258124332,0.9999960961444668,0,0,0.1163857326095124,3.086658478077071e-05,PRKCE
GO_Biological_Process_2023,Proteasome-Mediated Ubiquitin-Dependent Protein Catabolic Process (GO:0043161),15/319,0.9997387294103552,0.9999960961444668,0,0,0.4512259224091156,0.00011790746635831626,CRBN;WFS1;NEDD4L;ARRB2;AXIN2;ECRG4;TNFSF13B;SH3BGRL;COP1;PSMC4;CANX;FBXO3;FBXL5;FBXO7;RNF122
GO_Biological_Process_2023,Histone Modification (GO:0016570),1/81,0.9997605474736444,0.9999960961444668,0,0,0.1149245138178096,2.752226044279383e-05,ING3
GO_Biological_Process_2023,Spindle Assembly (GO:0051225),1/81,0.9997605474736444,0.9999960961444668,0,0,0.1149245138178096,2.752226044279383e-05,CLASP2
GO_Biological_Process_2023,Vesicle-Mediated Transport To The Plasma Membrane (GO:0098876),1/83,0.9998046647494724,0.9999960961444668,0,0,0.1121089946825773,2.190097764884284e-05,ARL3
GO_Biological_Process_2023,Positive Regulation Of Double-Strand Break Repair (GO:2000781),1/84,0.9998235311934538,0.9999960961444668,0,0,0.1107521179908991,1.954601876634895e-05,ING3
GO_Biological_Process_2023,Golgi Organization (GO:0007030),3/130,0.9998253660418804,0.9999960961444668,0,0,0.2168339357170517,3.78698752282656e-05,LRRK2;PRKD1;CLASP2
GO_Biological_Process_2023,Protein Deubiquitination (GO:0016579),2/112,0.9998699487435077,0.9999960961444668,0,0,0.1669692314853605,2.1715970475483847e-05,TNFAIP3;OTUD1
GO_Biological_Process_2023,Endoplasmic Reticulum To Golgi Vesicle-Mediated Transport (GO:0006888),2/115,0.9999014158118096,0.9999960961444668,0,0,0.1625092324492838,1.602163050713805e-05,VAPA;SEC22C
GO_Biological_Process_2023,Gene Expression (GO:0010467),12/296,0.999932305585718,0.9999960961444668,0,0,0.3862402412415823,2.6147191922438488e-05,HHEX;DDX19B;NXF3;RPL32;RPL21;GZMA;CASP1;NLRP3;GZMB;ADARB1;RPL17;RPS23
GO_Biological_Process_2023,RNA Processing (GO:0006396),5/183,0.9999472174115344,0.9999960961444668,0,0,0.2573753961394411,1.358529815239231e-05,SRPK2;SNRPN;DDX47;ADARB1;PPARGC1A
GO_Biological_Process_2023,Protein Localization To Nucleus (GO:0034504),2/122,0.9999477978877368,0.9999960961444668,0,0,0.1529697900665642,7.985554587154907e-06,HHEX;MSX1
GO_Biological_Process_2023,Protein Modification By Small Protein Conjugation (GO:0032446),16/364,0.9999564008221838,0.9999960961444668,0,0,0.4196261848446586,1.829575549220414e-05,ARRDC4;EGR2;CRBN;RNF38;UBE2E1;NEDD4L;UBE2E2;UBE2L6;LMO7;ARRB2;RPGR;HERC3;UBB;FBXL5;FBXO7;PDZRN3
GO_Biological_Process_2023,Double-Strand Break Repair (GO:0006302),4/168,0.9999613830107484,0.9999960961444668,0,0,0.2235376479853983,8.632517631589247e-06,ERCC1;STON1;REV3L;SAMHD1
GO_Biological_Process_2023,Intracellular Protein Transport (GO:0006886),13/325,0.9999700288264468,0.9999960961444668,0,0,0.3804711637487126,1.1403338167221616e-05,CD74;EGR2;STX7;LAPTM5;STX11;RPGR;RAB32;SNX1;RANBP3L;MAP1LC3C;SNX15;RAB28;STX2
GO_Biological_Process_2023,Protein Ubiquitination (GO:0016567),20/434,0.9999756150654664,0.9999960961444668,0,0,0.440175261206606,1.0733775799626663e-05,ARRDC4;CRBN;RNF38;UBE2E1;NEDD4L;UBE2L6;LMO7;ARRB2;TNFSF13B;RPGR;RNF146;HERC3;RNF125;UBB;FBXL5;FBXO7;PDZRN3;RNF122;TRIM22;SASH1
GO_Biological_Process_2023,Regulation Of DNA-templated Transcription (GO:0006355),138/1922,0.9999804689577324,0.9999960961444668,0,0,0.6922716694102288,1.3520919275239602e-05,ZNF331;CD86;RB1;SPI1;NCF1;WWC2;NR3C1;ETS1;FGF2;TNF;ETS2;EFEMP1;DACH1;SOX17;SOX18;CAPN3;SLC39A8;JUNB;SOX7;TRIM22;HOXA5;PKNOX2;HOXA4;RFX2;MITF;THAP1;DKK3;SFRP1;MAF;ZFPM2;ATF3;NOTCH1;EPAS1;MAX;NOTCH4;PDGFB;TWIST2;ZFP36L2;ZNF423;PPARGC1A;PPARGC1B;FZD1;EGR1;JUN;EGR2;EGR3;FOXF2;WNT3A;FOXF1;FZD4;ZBTB16;PYHIN1;IGF1;SMAD6;FLI1;SMAD7;NR4A2;NR4A1;BMP2;IL6;MAFB;TMEM98;ID2;ID1;ID4;SNAI2;LHX6;ID3;HLA-DRB1;ZSCAN1;ZMYND15;CDKN1C;ACVRL1;BTG1;SETD3;THRA;BNC2;CITED2;OGG1;TCF21;MEOX2;MEOX1;LYL1;HHEX;LBH;ING3;HEY1;HEY2;ANKRD1;GABPA;KLF10;SS18;ZHX3;KLF13;SFTPC;FOS;KLF15;PPM1A;NR5A2;IL1B;ELF5;IRF1;CRY1;IRF8;HCLS1;PPARG;GAS6;CRYAB;CRK;VGLL3;ENG;CEBPA;PPM1F;TCEAL7;SERTAD3;NFIL3;ATOH8;SAP18;TNNI2;MSX1;RUNX1T1;KLRG1;CD74;IRX2;DMRT2;MCRS1;CNBP;WNT7A;KLF4;TBX4;TBX3;KLF2;TBX2;KLF6;NFIA;KLF9;TCEA2;FOSB
GO_Biological_Process_2023,Endosomal Transport (GO:0016197),4/180,0.9999838498328966,0.9999960961444668,0,0,0.2081566562601929,3.3617919291181264e-06,SNX1;ANXA8L1;DENND2A;ANXA8
GO_Biological_Process_2023,DNA Damage Response (GO:0006974),16/384,0.9999843838109372,0.9999960961444668,0,0,0.3963719532703993,6.189867692688512e-06,PPP1R15A;BTG2;OGG1;UBE2E2;TNFRSF1B;SAMHD1;TNFSF13B;RRM2B;ERCC1;CRY1;MNDA;FLYWCH1;SPATA18;MICA;ATR;MCL1
GO_Biological_Process_2023,Detection Of Chemical Stimulus Involved In Sensory Perception (GO:0050907),2/141,0.9999885567942915,0.9999960961444668,0,0,0.1319202702354245,1.509599426748512e-06,SLC24A4;PKD2L1
GO_Biological_Process_2023,Protein Modification By Small Protein Removal (GO:0070646),1/114,0.999988831961646,0.9999960961444668,0,0,0.0812130324906477,9.069953263792992e-07,TNFAIP3
GO_Biological_Process_2023,Chromatin Remodeling (GO:0006338),6/228,0.9999902612449586,0.9999960961444668,0,0,0.2471537725514123,2.406981768957952e-06,RB1;SRPK2;SS18;MCRS1;PSIP1;PADI4
GO_Biological_Process_2023,DNA Repair (GO:0006281),7/291,0.9999952414336208,0.9999960961444668,0,0,0.2247285044972091,1.0693880503182184e-06,BTG2;PCNA;RRM2B;OGG1;ERCC1;STON1;ATR
GO_Biological_Process_2023,Chromatin Organization (GO:0006325),6/268,0.9999953100510244,0.9999960961444668,0,0,0.2089503718877169,9.799688805945525e-07,RB1;SS18;MCRS1;PSIP1;PADI4;HMGN2
GO_Biological_Process_2023,Translation (GO:0006412),4/234,0.999995591599868,0.9999960961444668,0,0,0.1588037349854032,7.000719493794407e-07,RPL32;RPL21;RPL17;RPS23
GO_Biological_Process_2023,Sensory Perception Of Smell (GO:0007608),1/230,0.9999957105942476,0.9999960961444668,0,0,0.0398153155770494,1.707844099549929e-07,SLC24A4
GO_Biological_Process_2023,Detection Of Chemical Stimulus Involved In Sensory Perception Of Smell (GO:0050911),1/139,0.99999579572062,0.9999960961444668,0,0,0.0664078145164879,2.791975921607497e-07,SLC24A4
GO_Biological_Process_2023,mRNA Processing (GO:0006397),2/214,0.9999958040545484,0.9999960961444668,0,0,0.0861422678221217,3.614490151734121e-07,SNRPN;PPARGC1A
GO_Biological_Process_2023,"mRNA Splicing, Via Spliceosome (GO:0000398)",2/211,0.9999958212909192,0.9999960961444668,0,0,0.0873934592100975,3.651926046273155e-07,SRPK2;SNRPN
GO_Biological_Process_2023,"RNA Splicing, Via Transesterification Reactions With Bulged Adenosine As Nucleophile (GO:0000377)",1/180,0.9999960355478488,0.9999960961444668,0,0,0.0510798648239108,2.025040813947407e-07,SNRPN
GO_Biological_Process_2023,protein-RNA Complex Assembly (GO:0022618),1/150,0.9999960961444668,0.9999960961444668,0,0,0.0614674424515535,2.399604837102417e-07,SRPK2
