Gene_set,Term,Overlap,P-value,Adjusted P-value,Old P-value,Old Adjusted P-value,Odds Ratio,Combined Score,Genes
GO_Biological_Process_2023,Microtubule Cytoskeleton Organization Involved In Mitosis (GO:1902850),18/59,2.595026799523484e-06,0.0040557311486006,0,0,4.454539257522256,57.29389956601227,STIL;NEK6;CDCA8;TTK;KIF11;WDR62;TUBG1;AURKB;CENPE;CCNB1;INCENP;KIF4A;NUSAP1;TACC3;RCC1;BIRC5;MAP4;SPC25
GO_Biological_Process_2023,Mitotic Spindle Organization (GO:0007052),22/85,4.465032251236865e-06,0.0040557311486006,0,0,3.5468409586056646,43.69436415738562,STIL;NEK6;CDCA8;KIF23;TTK;KIF11;WDR62;TUBG1;AURKB;AURKA;CENPE;TPX2;CCNB1;KIFC2;INCENP;KIFC1;PRC1;KIF4A;RCC1;BIRC5;MAP4;SPC25
GO_Biological_Process_2023,Mitotic Spindle Elongation (GO:0000022),7/10,4.563410575078092e-06,0.0040557311486006,0,0,23.57962962962963,289.9690872153894,RACGAP1;INCENP;PRC1;KIF4A;BIRC5;CDCA8;KIF23
GO_Biological_Process_2023,Mitotic Spindle Midzone Assembly (GO:0051256),7/10,4.563410575078092e-06,0.0040557311486006,0,0,23.57962962962963,289.9690872153894,RACGAP1;INCENP;PRC1;KIF4A;BIRC5;CDCA8;KIF23
GO_Biological_Process_2023,Negative Regulation Of Mitotic Metaphase/Anaphase Transition (GO:0045841),11/28,1.598648132955568e-05,0.011366388225314,0,0,6.548408227433512,72.3190954034823,CDC20;CENPF;TTK;KNTC1;FBXO5;TRIP13;BUB1;ZWINT;SPC24;MAD2L1;SPC25
GO_Biological_Process_2023,Mitotic Spindle Assembly Checkpoint Signaling (GO:0007094),10/26,4.849060160867319e-05,0.0215480110898541,0,0,6.321994991652755,62.80358686709481,CDC20;CENPF;TTK;KNTC1;TRIP13;BUB1;ZWINT;SPC24;MAD2L1;SPC25
GO_Biological_Process_2023,Mitotic Spindle Checkpoint Signaling (GO:0071174),10/26,4.849060160867319e-05,0.0215480110898541,0,0,6.321994991652755,62.80358686709481,CDC20;CENPF;TTK;KNTC1;TRIP13;BUB1;ZWINT;SPC24;MAD2L1;SPC25
GO_Biological_Process_2023,Spindle Assembly Checkpoint Signaling (GO:0071173),10/26,4.849060160867319e-05,0.0215480110898541,0,0,6.321994991652755,62.80358686709481,CDC20;CENPF;TTK;KNTC1;TRIP13;BUB1;ZWINT;SPC24;MAD2L1;SPC25
GO_Biological_Process_2023,Positive Regulation Of Cell Cycle Process (GO:0090068),24/118,0.00012343684985653184,0.0472634821715291,0,0,2.59171131609408,23.324833922803304,PLK4;SVIL;STIL;FEN1;SPAG5;DDX11;XRCC3;NCAPG2;KIF14;LRP5;CDCA8;TGFA;CDC7;KIF23;AURKB;CDC14B;AURKA;RACGAP1;INCENP;NUSAP1;BIRC5;ECT2;E2F7;MAD2L1
GO_Biological_Process_2023,Regulation Of Nuclear Division (GO:0051783),8/19,0.00013294931693819738,0.0472634821715291,0,0,7.350346151902572,65.60582754201356,CUL7;CDCA2;RCC1;NEK2;FBXO5;CDC25C;MKI67;PKMYT1
GO_Biological_Process_2023,Regulation Of Cyclin-Dependent Protein Kinase Activity (GO:1904029),14/53,0.0001884325051858664,0.0608979596305231,0,0,3.6345903585167383,31.17304801299684,BLM;CDKN2A;CCNF;CDC25C;PKMYT1;CDC25A;CCNA2;CCNB2;CCNB1;CCNE2;CCNE1;CDK5RAP3;CDK5R1;CDKN3
GO_Biological_Process_2023,Extracellular Structure Organization (GO:0043062),22/109,0.000260467806398444,0.077163587645539,0,0,2.5650020927911394,21.16904252633743,COL17A1;MMP1;COL11A1;COL22A1;APLP1;MMP3;MMP9;MMP10;COL1A1;MMP12;MMP11;COL3A1;COL1A2;MMP13;SPINT1;MMP15;COL7A1;SMOC1;COL5A2;NF1;COL10A1;COL9A2
GO_Biological_Process_2023,External Encapsulating Structure Organization (GO:0045229),22/110,0.0002982576000163724,0.0815619821583233,0,0,2.5357142857142856,20.583795145883013,COL17A1;MMP1;COL11A1;COL22A1;APLP1;MMP3;MMP9;MMP10;COL1A1;MMP12;MMP11;COL3A1;COL1A2;MMP13;SPINT1;MMP15;COL7A1;SMOC1;COL5A2;NF1;COL10A1;COL9A2
GO_Biological_Process_2023,Regulation Of Mitotic Nuclear Division (GO:0007088),14/56,0.00035176565673604747,0.0862462578975766,0,0,3.3744190369957243,26.83522042830559,CUL7;CDCA2;LRP5;TGFA;MKI67;CDC25C;PKMYT1;AURKA;CCNB1;CHEK1;NUSAP1;RCC1;NEK2;FBXO5
GO_Biological_Process_2023,Extracellular Matrix Disassembly (GO:0022617),12/44,0.00038816881191595687,0.0862462578975766,0,0,3.7940807799442897,29.7989769066475,MMP12;MMP11;MMP13;TMPRSS6;MMP1;MMP15;HPN;MMP3;ADAM8;PRSS2;MMP9;MMP10
GO_Biological_Process_2023,Mitotic Spindle Assembly (GO:0090307),12/44,0.00038816881191595687,0.0862462578975766,0,0,3.7940807799442897,29.7989769066475,TPX2;RACGAP1;KIFC2;INCENP;KIFC1;PRC1;KIF4A;CDCA8;BIRC5;KIF23;KIF11;AURKB
GO_Biological_Process_2023,Regulation Of Mitotic Cell Cycle Spindle Assembly Checkpoint (GO:0090266),7/17,0.0004184959395614441,0.0875148861847608,0,0,7.071166666666667,55.00549794630427,CCNB1;INCENP;XRCC3;CDCA8;BIRC5;AURKB;MAD2L1
GO_Biological_Process_2023,Regulation Of Attachment Of Spindle Microtubules To Kinetochore (GO:0051988),5/9,0.0005529334287853664,0.1092043521851098,0,0,12.617230854605994,94.63267522759097,CCNB1;RACGAP1;SPAG5;NEK2;ECT2
GO_Biological_Process_2023,Mitotic Cytokinesis (GO:0000281),14/59,0.0006233455884878668,0.116631240372335,0,0,3.1489372250108447,23.240446135747952,CUL7;CDCA8;KIF23;CENPA;AURKB;ANLN;RACGAP1;INCENP;KIF4A;NUSAP1;BIRC5;KIF20A;ECT2;CEP55
GO_Biological_Process_2023,Regulation Of Bone Remodeling (GO:0046850),6/14,0.0008559366130128261,0.1452709286798334,0,0,7.572876179900056,53.48960411973752,GREM1;SRC;MDK;LEP;NF1;SYT7
GO_Biological_Process_2023,Regulation Of Mitotic Cytokinesis (GO:1902412),4/6,0.0008581405069694804,0.1452709286798334,0,0,20.17859123682751,142.47584099059094,INCENP;BIRC5;CDCA8;AURKB
GO_Biological_Process_2023,DNA Recombination (GO:0006310),11/42,0.0009759739726184244,0.1516197926812196,0,0,3.588296573029672,24.874339672207327,BARD1;BLM;RAD51;HDAC10;EXO1;XRCC2;TOP3A;XRCC3;DMC1;HMGB3;BRCA1
GO_Biological_Process_2023,Regulation Of Protein Serine/Threonine Kinase Activity (GO:0071900),21/112,0.0009839326889046678,0.1516197926812196,0,0,2.338961150831252,16.194857238187343,BLM;SRC;CDKN2A;CCNF;SYAP1;DUSP19;LRP5;THY1;CDC25C;PKMYT1;CDC25A;CCNA2;TCL1B;CCNB2;CCNB1;CCNE2;CCNE1;CDK5RAP3;EZH2;CDK5R1;CDKN3
GO_Biological_Process_2023,Regulation Of Mitotic Sister Chromatid Separation (GO:0010965),5/10,0.0010235935370884,0.1516197926812196,0,0,10.09322974472808,69.48619186523088,CCNB1;INCENP;BIRC5;CDCA8;AURKB
GO_Biological_Process_2023,Positive Regulation Of Mitotic Sister Chromatid Separation (GO:1901970),6/15,0.0013180047533933,0.1809211325398413,0,0,6.731075328521192,44.63804305848089,CDC20;UBE2C;INCENP;CDCA8;BIRC5;AURKB
GO_Biological_Process_2023,Regulation Of Cell Cycle Process (GO:0010564),23/130,0.0013231925305304,0.1809211325398413,0,0,2.179173127697917,14.44292290752738,CUL7;SMARCC2;CDCA2;SPAG5;KIF11;MKI67;CDC25C;PKMYT1;AURKB;AURKA;RACGAP1;PRC1;CHEK1;RCC1;NEK2;KIF2C;FBXO5;SOX9;KIF20A;ECT2;BUB1;RAB11FIP4;MCM2
GO_Biological_Process_2023,Positive Regulation Of Mitotic Cell Cycle Spindle Assembly Checkpoint (GO:0090267),5/11,0.0017373163981556,0.2187432905735068,0,0,8.410562338142805,53.452602740448754,INCENP;XRCC3;BIRC5;CDCA8;MAD2L1
GO_Biological_Process_2023,Positive Regulation Of Spindle Checkpoint (GO:0090232),5/11,0.0017373163981556,0.2187432905735068,0,0,8.410562338142805,53.452602740448754,INCENP;XRCC3;BIRC5;CDCA8;MAD2L1
GO_Biological_Process_2023,Regulation Of Mitotic Cell Cycle (GO:0007346),22/125,0.0017844037768302,0.2187432905735068,0,0,2.164640613526964,13.6992981423232,FOXA1;YWHAE;IL10;CUL7;CDCA2;NEK6;ASNS;MKI67;CDC25C;PKMYT1;CKS1B;AURKA;CDC20;DDB1;CCNB1;RCC1;NEK2;FBXO5;SOX9;TTLL12;CDK5RAP3;MAD2L1
GO_Biological_Process_2023,Regulation Of Response To Wounding (GO:1903034),4/7,0.0018588312577861,0.220271504047656,0,0,13.451654649657977,84.58141290562236,IL10;VIL1;TNFRSF12A;PLAU
GO_Biological_Process_2023,Mitotic Cell Cycle Phase Transition (GO:0044772),20/111,0.0021148660152472,0.2416172125829727,0,0,2.226335499978477,13.711474524565196,UBE2C;CCNF;CDC7;CDC25C;PKMYT1;FOXM1;CDC25A;AURKA;CCNA2;CCNB2;CCNB1;MELK;CCNE2;PPME1;CCNE1;UBE2S;TACC3;RCC1;E2F3;CDKN3
GO_Biological_Process_2023,Cellular Component Disassembly (GO:0022411),11/46,0.0021748947405499,0.2416172125829727,0,0,3.1775055679287307,19.480571732414624,MMP12;MMP11;MMP13;TMPRSS6;MMP1;MMP15;MMP3;ADAM8;PRSS2;MMP9;MMP10
GO_Biological_Process_2023,Cell Cycle G2/M Phase Transition (GO:0044839),10/40,0.002399660796279,0.2585089130536948,0,0,3.3691337414208866,20.32405633509777,CCNA2;CCNB1;MELK;PPME1;FOXM1;PKMYT1;CDC25C;AURKB;CDC25A;AURKA
GO_Biological_Process_2023,Histone Monoubiquitination (GO:0010390),5/12,0.0027577747765227,0.2827016191565025,0,0,7.20865704772475,42.48300323592743,BARD1;DEPDC1B;RAD51;UHRF1;BRCA1
GO_Biological_Process_2023,Regulation Of Ubiquitin Protein Ligase Activity (GO:1904666),6/17,0.0027832789509079,0.2827016191565025,0,0,5.506637726515573,32.40174783795965,CDC20;UBE2C;UBE2S;FBXO5;CDC14B;MAD2L1
GO_Biological_Process_2023,Positive Regulation Of Ubiquitin Protein Ligase Activity (GO:1904668),4/8,0.0034521184584186,0.3316832735048144,0,0,10.088186356073212,57.18757982664976,CDC20;UBE2C;UBE2S;CDC14B
GO_Biological_Process_2023,Skin Morphogenesis (GO:0043589),4/8,0.0034521184584186,0.3316832735048144,0,0,10.088186356073212,57.18757982664976,COL1A1;COL1A2;ITGB4;AHDC1
GO_Biological_Process_2023,Epithelial Cell Development (GO:0002064),6/18,0.0038591098266616,0.3463529445511859,0,0,5.047473625763465,28.050419754744475,CLDN3;RAB25;WNT7B;TMEM79;GRHL2;EXPH5
GO_Biological_Process_2023,Maintenance Of Gastrointestinal Epithelium (GO:0030277),6/18,0.0038591098266616,0.3463529445511859,0,0,5.047473625763465,28.050419754744475,VSIG1;MUC13;TFF2;TFF1;SOX9;MUC4
GO_Biological_Process_2023,ERBB2 Signaling Pathway (GO:0038128),5/13,0.0041504673023481,0.3463529445511859,0,0,6.3072280799112095,34.59220904559471,SRC;ERBB2;TGFA;PTK6;EGFR
GO_Biological_Process_2023,Response To UV-A (GO:0070141),5/13,0.0041504673023481,0.3463529445511859,0,0,6.3072280799112095,34.59220904559471,MMP1;MMP3;TIMP1;MMP9;EGFR
GO_Biological_Process_2023,DNA Metabolic Process (GO:0006259),40/288,0.0041528420164893,0.3463529445511859,0,0,1.6380050020994212,8.98275777024576,TOP2A;FEN1;BLM;DCLRE1C;MCM8;NUDT1;HMGB3;MCM10;BRCA1;TYMS;RECQL4;RAD51AP1;RECQL5;EXO1;TDG;CHEK1;KPNA2;POLH;BARD1;MBD4;POLQ;PARP3;PARP1;XRCC2;XRCC3;TOP3A;DONSON;DDB1;RAD51;TDP1;UBE2T;POLE2;PSME4;DMC1;TIMELESS;MCM4;DNASE1;TOP1;RAD9A;MCM2
GO_Biological_Process_2023,Mitotic G2 DNA Damage Checkpoint Signaling (GO:0007095),8/30,0.0041893605107457,0.3463529445511859,0,0,3.6729496184749104,20.110160120757943,BLM;DEPDC1B;TAOK1;CHEK1;DONSON;BRCA1;CDK5RAP3;CDC14B
GO_Biological_Process_2023,Regulation Of Cyclin-Dependent Protein Serine/Threonine Kinase Activity (GO:0000079),15/79,0.0043576674495485,0.3520797223442052,0,0,2.3710850306919644,12.888787527341366,BLM;CDKN2A;CCNF;CDC25C;PKMYT1;CDC25A;EGFR;CCNA2;CCNB2;CCNB1;CCNE2;CCNE1;CDK5RAP3;CDK5R1;CDKN3
GO_Biological_Process_2023,Extracellular Matrix Organization (GO:0030198),27/176,0.0045002427630807,0.355519178283378,0,0,1.836920292587286,9.926026462117663,COL17A1;TMPRSS6;COL11A1;SERPINH1;COL10A1;PRSS2;MMP1;COL22A1;APLP1;MMP3;MMP9;MMP10;COL1A1;GREM1;MMP12;MMP11;COL3A1;COL1A2;MMP13;SPINT1;MMP15;COL7A1;SMOC1;COL5A2;NF1;ADAM8;COL9A2
GO_Biological_Process_2023,Mitotic Sister Chromatid Segregation (GO:0000070),19/111,0.0048496720800642,0.3747953096658328,0,0,2.0907438478747205,11.141248203758256,SPAG5;CDCA5;NCAPG2;KIF14;CDCA8;KIF23;KIF11;TUBG1;ZWINT;TPX2;CENPE;CCNB1;KIFC2;KIFC1;PRC1;NUSAP1;KNTC1;KIF2C;CEP55
GO_Biological_Process_2023,Epithelial Structure Maintenance (GO:0010669),6/19,0.0052144632363438,0.3861961834417172,0,0,4.658950155896297,24.488928796154628,VSIG1;MUC13;TFF2;LSR;TFF1;MUC4
GO_Biological_Process_2023,Establishment Of Skin Barrier (GO:0061436),6/19,0.0052144632363438,0.3861961834417172,0,0,4.658950155896297,24.488928796154628,FA2H;CLDN4;KRT16;TMEM79;LSR;SFN
GO_Biological_Process_2023,Inner Ear Morphogenesis (GO:0042472),7/25,0.0054378040526237,0.3866278681415459,0,0,3.926697530864197,20.475292939077203,TFAP2A;MYO3B;HPN;MYO6;SIX1;SOX9;EPHB2
GO_Biological_Process_2023,Mitotic Cell Cycle Checkpoint Signaling (GO:0007093),7/25,0.0054378040526237,0.3866278681415459,0,0,3.926697530864197,20.475292939077203,BARD1;DEPDC1B;CHEK1;BRCA1;AURKB;CDK5RAP3;ZWINT
GO_Biological_Process_2023,Cytoskeleton-Dependent Cytokinesis (GO:0061640),15/81,0.0055521960297568,0.3870207232506972,0,0,2.298980316558441,11.93989623251193,CUL7;CDCA8;KIF23;CENPA;AURKB;ANLN;RACGAP1;INCENP;KIF4A;NUSAP1;SPIRE2;BIRC5;KIF20A;ECT2;CEP55
GO_Biological_Process_2023,G2/M Transition Of Mitotic Cell Cycle (GO:0000086),9/38,0.0057474150366087,0.3924946997053827,0,0,3.135207702044417,16.174552474573588,CCNA2;CCNB1;MELK;PPME1;FOXM1;PKMYT1;CDC25C;CDC25A;AURKA
GO_Biological_Process_2023,ERBB2-EGFR Signaling Pathway (GO:0038134),3/5,0.0064035703468107,0.3924946997053827,0,0,15.125554323725057,76.39765594280989,ERBB2;TGFA;EGFR
GO_Biological_Process_2023,Bundle Of His cell-Purkinje Myocyte Adhesion Involved In Cell Communication (GO:0086073),3/5,0.0064035703468107,0.3924946997053827,0,0,15.125554323725057,76.39765594280989,DSP;JUP;DSG2
GO_Biological_Process_2023,Double-Strand Break Repair Via Synthesis-Dependent Strand Annealing (GO:0045003),3/5,0.0064035703468107,0.3924946997053827,0,0,15.125554323725057,76.39765594280989,RAD51;DMC1;XRCC3
GO_Biological_Process_2023,Positive Regulation Of Mitotic Cytokinesis (GO:1903490),3/5,0.0064035703468107,0.3924946997053827,0,0,15.125554323725057,76.39765594280989,INCENP;BIRC5;CDCA8
GO_Biological_Process_2023,Regulation Of Hepatocyte Proliferation (GO:2000345),3/5,0.0064035703468107,0.3924946997053827,0,0,15.125554323725057,76.39765594280989,FBXW7;MDK;HPN
GO_Biological_Process_2023,Regulation Of Hydrogen Peroxide Metabolic Process (GO:0010310),3/5,0.0064035703468107,0.3924946997053827,0,0,15.125554323725057,76.39765594280989,MMP3;NOXA1;RAC1
GO_Biological_Process_2023,Positive Regulation Of Cytokinesis (GO:0032467),9/39,0.0068849460638932,0.4039088858000706,0,0,3.0305339265850946,15.087264591200473,SVIL;RACGAP1;INCENP;KIF14;CDCA8;BIRC5;KIF23;ECT2;CDC14B
GO_Biological_Process_2023,DNA Unwinding Involved In DNA Replication (GO:0006268),6/20,0.0068880771716444,0.4039088858000706,0,0,4.325930038867296,21.534321007054817,RECQL4;RAD51;RECQL5;HMGA1;MCM4;MCM2
GO_Biological_Process_2023,Tight Junction Assembly (GO:0120192),11/53,0.0069306447352473,0.4039088858000706,0,0,2.6469005196733484,13.159866448169938,CLDN10;CHAF1B;CLDN4;CLDN3;CLDN9;MARVELD3;TBCD;LSR;CLDN2;ECT2;GRHL2
GO_Biological_Process_2023,Bicellular Tight Junction Assembly (GO:0070830),10/47,0.0082161267850052,0.4690431152186867,0,0,2.7306772548842666,13.111773848980189,CLDN10;CHAF1B;CLDN4;CLDN3;CLDN9;MARVELD3;TBCD;CLDN2;ECT2;GRHL2
GO_Biological_Process_2023,Activation Of NF-kappaB-inducing Kinase Activity (GO:0007250),5/15,0.0083121564722298,0.4690431152186867,0,0,5.045227524972253,24.166822484392103,IRAK1;TNFSF15;ZFP91;TNFRSF10A;TRAF2
GO_Biological_Process_2023,Skin Epidermis Development (GO:0098773),6/21,0.0089184180924059,0.4741808031755883,0,0,4.037312604108829,19.054648703499527,FA2H;CLDN4;KRT16;TMEM79;LSR;SFN
GO_Biological_Process_2023,Cellular Response To UV-A (GO:0071492),4/10,0.0089367408756018,0.4741808031755883,0,0,6.724718062488445,31.72442443129303,MMP1;MMP3;TIMP1;MMP9
GO_Biological_Process_2023,Mitotic DNA Replication (GO:1902969),4/10,0.0089367408756018,0.4741808031755883,0,0,6.724718062488445,31.72442443129303,RECQL5;MCM4;TK1;MCM2
GO_Biological_Process_2023,Positive Regulation Of Attachment Of Spindle Microtubules To Kinetochore (GO:0051987),4/10,0.0089367408756018,0.4741808031755883,0,0,6.724718062488445,31.72442443129303,CCNB1;INCENP;BIRC5;CDCA8
GO_Biological_Process_2023,Sister Chromatid Segregation (GO:0000819),8/34,0.009404672624084,0.4916707526267455,0,0,3.107196305639885,14.49988264938173,TOP2A;SPAG5;KIFC1;NCAPG2;NUSAP1;KNTC1;TUBG1;ZWINT
GO_Biological_Process_2023,DNA Duplex Unwinding (GO:0032508),9/41,0.0096682310403153,0.4981240775118981,0,0,2.8408127085650725,13.178274251784796,RECQL4;BLM;RECQL5;RAD51;MCM8;DDX11;HMGA1;MCM4;MCM2
GO_Biological_Process_2023,Cell-Substrate Junction Assembly (GO:0007044),7/28,0.0105487435054592,0.5357254737415396,0,0,3.3651851851851853,15.31747670356203,COL17A1;BCR;DST;ITGB4;SRC;THY1;RHOD
GO_Biological_Process_2023,Stabilization Of Membrane Potential (GO:0030322),5/16,0.0112046677805801,0.5610224501403183,0,0,4.586318232267178,20.599103547155817,KCNK5;KCNK6;KCNK12;KCNK1;KCNN4
GO_Biological_Process_2023,Cardiac Muscle Cell-Cardiac Muscle Cell Adhesion (GO:0086042),3/6,0.011949020889361,0.5663835901557132,0,0,10.083148558758316,44.639166857267966,DSP;JUP;DSG2
GO_Biological_Process_2023,Desmosome Organization (GO:0002934),3/6,0.011949020889361,0.5663835901557132,0,0,10.083148558758316,44.639166857267966,DSP;JUP;PKP3
GO_Biological_Process_2023,Negative Regulation Of Digestive System Process (GO:0060457),3/6,0.011949020889361,0.5663835901557132,0,0,10.083148558758316,44.639166857267966,PTGER3;TFF2;HAMP
GO_Biological_Process_2023,Negative Regulation Of Meiotic Nuclear Division (GO:0045835),3/6,0.011949020889361,0.5663835901557132,0,0,10.083148558758316,44.639166857267966,FBXO5;HORMAD1;TRIP13
GO_Biological_Process_2023,Histone H2A Ubiquitination (GO:0033522),4/11,0.013050709037322,0.6025359821776602,0,0,5.7637271214642265,25.008309465608328,BARD1;DEPDC1B;RAD51;BRCA1
GO_Biological_Process_2023,Regulation Of Cell Cycle Checkpoint (GO:1901976),4/11,0.013050709037322,0.6025359821776602,0,0,5.7637271214642265,25.008309465608328,BARD1;DEPDC1B;RAD51;BRCA1
GO_Biological_Process_2023,Positive Regulation Of Morphogenesis Of An Epithelium (GO:1905332),6/23,0.0141978865196078,0.6470959817590508,0,0,3.5619427115654703,15.1548628784638,LBX2;SIX4;MDK;LIF;SIX1;SOX9
GO_Biological_Process_2023,Metaphase Plate Congression (GO:0051310),10/51,0.0145955804464486,0.6568011200901887,0,0,2.4637268075518817,10.414263154462333,CENPE;CCNB1;CENPF;INCENP;KIFC1;CDCA5;KIF14;CDCA8;KIF2C;CEP55
GO_Biological_Process_2023,Epidermal Growth Factor Receptor Signaling Pathway (GO:0007173),9/45,0.0176682792835403,0.7522209749317613,0,0,2.524610678531702,10.189289259246268,VIL1;GRB7;SRC;ERBB2;TGFA;BRAF;SOX9;EGFR;FAM83A
GO_Biological_Process_2023,Mitotic Nuclear Division (GO:0140014),9/45,0.0176682792835403,0.7522209749317613,0,0,2.524610678531702,10.189289259246268,SPAG5;UBE2C;KIFC1;UBE2S;NCAPG2;NUSAP1;KNTC1;TUBG1;ZWINT
GO_Biological_Process_2023,Skin Development (GO:0043588),12/68,0.0178652831544364,0.7522209749317613,0,0,2.165181058495821,8.714628447282964,DSP;BCR;COL1A1;ST14;WNT10A;COL3A1;COL1A2;ABCB6;ITGB4;KRT16;COL5A2;AHDC1
GO_Biological_Process_2023,DNA Conformation Change (GO:0071103),4/12,0.0181971881418091,0.7522209749317613,0,0,5.042983915696063,20.20465552348221,TOP2A;TOP3A;HMGB3;TOP1
GO_Biological_Process_2023,Alanine Transport (GO:0032328),4/12,0.0181971881418091,0.7522209749317613,0,0,5.042983915696063,20.20465552348221,SLC7A5;SLC1A4;SLC7A10;SLC36A4
GO_Biological_Process_2023,Positive Regulation Of Regulated Secretory Pathway (GO:1903307),4/12,0.0181971881418091,0.7522209749317613,0,0,5.042983915696063,20.20465552348221,SCAMP5;SLC4A8;RAB15;STX1A
GO_Biological_Process_2023,Regulation Of Monooxygenase Activity (GO:0032768),4/12,0.0181971881418091,0.7522209749317613,0,0,5.042983915696063,20.20465552348221,HM13;LEP;NOS1AP;EGFR
GO_Biological_Process_2023,Histone H2A K63-linked Deubiquitination (GO:0070537),3/7,0.0195166845236954,0.7580574814179811,0,0,7.561945676274944,29.76748998015371,BARD1;DEPDC1B;BRCA1
GO_Biological_Process_2023,Negative Regulation Of DNA-templated DNA Replication (GO:2000104),3/7,0.0195166845236954,0.7580574814179811,0,0,7.561945676274944,29.76748998015371,CDT1;TIMELESS;FBXO5
GO_Biological_Process_2023,Negative Regulation Of Protein K63-linked Ubiquitination (GO:1900045),3/7,0.0195166845236954,0.7580574814179811,0,0,7.561945676274944,29.76748998015371,OTUB2;PARP10;OTUB1
GO_Biological_Process_2023,Positive Regulation Of Attachment Of Mitotic Spindle Microtubules To Kinetochore (GO:1902425),3/7,0.0195166845236954,0.7580574814179811,0,0,7.561945676274944,29.76748998015371,INCENP;BIRC5;CDCA8
GO_Biological_Process_2023,Regulation Of Attachment Of Mitotic Spindle Microtubules To Kinetochore (GO:1902423),3/7,0.0195166845236954,0.7580574814179811,0,0,7.561945676274944,29.76748998015371,INCENP;BIRC5;CDCA8
GO_Biological_Process_2023,Protein Autophosphorylation (GO:0046777),23/162,0.0199111556512335,0.7580574814179811,0,0,1.674524954027809,6.558235318313072,DDR1;CAMK2B;SRC;NEK6;CAD;STK39;PTK6;EIF2AK4;AURKB;EGFR;UHMK1;AURKA;MELK;IRAK1;TAOK1;ERBB2;NEK2;ATP13A2;MAP3K9;EPHA1;MAP3K13;MARK2;EPHB3
GO_Biological_Process_2023,Mitotic G2/M Transition Checkpoint (GO:0044818),9/46,0.0202575135681317,0.7580574814179811,0,0,2.4562426720380004,9.577453919979735,BARD1;BLM;DEPDC1B;TAOK1;CHEK1;DONSON;BRCA1;CDK5RAP3;CDC14B
GO_Biological_Process_2023,Positive Regulation Of Cell-Cell Adhesion (GO:0022409),9/46,0.0202575135681317,0.7580574814179811,0,0,2.4562426720380004,9.577453919979735,FOXA1;FGB;IL10;MDK;CEACAM6;PTPN23;THY1;CXCL13;FUT3
GO_Biological_Process_2023,Regulation Of Epidermal Growth Factor Receptor Signaling Pathway (GO:0042058),9/46,0.0202575135681317,0.7580574814179811,0,0,2.4562426720380004,9.577453919979735,CEACAM1;RHBDF2;AGR2;HIP1R;CBLC;PTK6;MMP9;EGFR;AGT
GO_Biological_Process_2023,Carboxylic Acid Transmembrane Transport (GO:1905039),8/39,0.0213334869863318,0.7838297244454409,0,0,2.6053183668346214,10.02390322833639,SLC5A6;SLC7A5;SLC6A8;SLC25A10;SLC16A9;SLC7A10;SLC16A3;SLC36A4
GO_Biological_Process_2023,Apical Junction Assembly (GO:0043297),10/54,0.0213871964194677,0.7838297244454409,0,0,2.295366014063844,8.82559701487361,CLDN10;CHAF1B;CLDN4;CLDN3;CLDN9;MARVELD3;TBCD;CLDN2;ECT2;GRHL2
GO_Biological_Process_2023,Positive Regulation Of Chromosome Separation (GO:1905820),4/13,0.0244401875390829,0.879793195769179,0,0,4.482405866765268,16.636568029428705,INCENP;NCAPG2;CDCA8;BIRC5
GO_Biological_Process_2023,Positive Regulation Of Mitotic Cell Cycle Phase Transition (GO:1901992),11/63,0.0245005700087619,0.879793195769179,0,0,2.136703357889327,7.925158597774409,CDC20;CCNB1;STIL;RRM2;UBE2C;CDCA5;CDC7;FBXO5;CDC25C;CDC25A;EGFR
GO_Biological_Process_2023,Positive Regulation Of Epidermal Growth Factor Receptor Signaling Pathway (GO:0045742),7/33,0.0256410564832054,0.8935138678623457,0,0,2.7172863247863246,9.954942692567425,FBXW7;AGR2;HIP1R;TGFA;PTK6;MMP9;AGT
GO_Biological_Process_2023,Regulation Of Neuron Apoptotic Process (GO:0043523),16/105,0.0262273811698739,0.8935138678623457,0,0,1.817225954993444,6.6164312597689054,TFAP2A;EGLN3;FZD9;KIF14;SIX1;SEMA3E;ISL1;SIX4;ERBB3;MDK;TRIM2;CLCF1;NF1;ATP13A2;CRLF1;CDK5R1
GO_Biological_Process_2023,Mitotic DNA Damage Checkpoint Signaling (GO:0044773),10/56,0.0270348834382593,0.8935138678623457,0,0,2.195325542570952,7.92650226541905,DEPDC1B;BLM;FANCD2;TAOK1;CHEK1;DONSON;BRCA1;CDK5RAP3;CDC14B;RAD9A
GO_Biological_Process_2023,Double-Strand Break Repair (GO:0006302),23/168,0.0291500143734611,0.8935138678623457,0,0,1.6047007886191431,5.6730984943681015,POLQ;BLM;FEN1;PARP3;DCLRE1C;PARP1;MCM8;POLM;CDCA5;XRCC2;XRCC3;TOP3A;NUCKS1;BRCA1;MBTD1;RAD51AP1;RECQL4;DEPDC1B;MTA1;RECQL5;RAD51;TDP1;TRIP13
GO_Biological_Process_2023,DNA Topological Change (GO:0006265),3/8,0.0291554454773648,0.8935138678623457,0,0,6.049223946784922,21.384693691304264,TOP2A;TOP3A;TOP1
GO_Biological_Process_2023,L-fucose Catabolic Process (GO:0042355),3/8,0.0291554454773648,0.8935138678623457,0,0,6.049223946784922,21.384693691304264,FUT6;FUT8;FUT2
GO_Biological_Process_2023,L-fucose Metabolic Process (GO:0042354),3/8,0.0291554454773648,0.8935138678623457,0,0,6.049223946784922,21.384693691304264,FUT6;FUT8;FUT2
GO_Biological_Process_2023,Bundle Of His Cell To Purkinje Myocyte Communication (GO:0086069),3/8,0.0291554454773648,0.8935138678623457,0,0,6.049223946784922,21.384693691304264,DSP;JUP;DSG2
GO_Biological_Process_2023,Cellular Response To Hydroxyurea (GO:0072711),3/8,0.0291554454773648,0.8935138678623457,0,0,6.049223946784922,21.384693691304264,BLM;DDX11;TIMELESS
GO_Biological_Process_2023,Collagen-Activated Signaling Pathway (GO:0038065),3/8,0.0291554454773648,0.8935138678623457,0,0,6.049223946784922,21.384693691304264,DDR1;ITGA2;ITGA11
GO_Biological_Process_2023,Fucose Catabolic Process (GO:0019317),3/8,0.0291554454773648,0.8935138678623457,0,0,6.049223946784922,21.384693691304264,FUT6;FUT8;FUT2
GO_Biological_Process_2023,Nucleoside Diphosphate Metabolic Process (GO:0009132),3/8,0.0291554454773648,0.8935138678623457,0,0,6.049223946784922,21.384693691304264,RRM2;ENTPD5;ENTPD8
GO_Biological_Process_2023,Regulation Of Mitotic Centrosome Separation (GO:0046602),3/8,0.0291554454773648,0.8935138678623457,0,0,6.049223946784922,21.384693691304264,CHEK1;NEK2;KIF11
GO_Biological_Process_2023,Regulation Of Sister Chromatid Cohesion (GO:0007063),3/8,0.0291554454773648,0.8935138678623457,0,0,6.049223946784922,21.384693691304264,FEN1;DDX11;BUB1
GO_Biological_Process_2023,Response To Vitamin (GO:0033273),3/8,0.0291554454773648,0.8935138678623457,0,0,6.049223946784922,21.384693691304264,CYP27B1;CYP24A1;SPP1
GO_Biological_Process_2023,Response To Vitamin D (GO:0033280),3/8,0.0291554454773648,0.8935138678623457,0,0,6.049223946784922,21.384693691304264,CYP27B1;CYP24A1;SPP1
GO_Biological_Process_2023,Tetrahydrofolate Interconversion (GO:0035999),3/8,0.0291554454773648,0.8935138678623457,0,0,6.049223946784922,21.384693691304264,MTHFD2;SHMT2;TYMS
GO_Biological_Process_2023,DNA Replication (GO:0006260),12/73,0.0298180915271677,0.8993093934414503,0,0,1.987159231015115,6.980174944505997,RECQL4;FEN1;BLM;RECQL5;MCM8;POLE2;CHEK1;DONSON;MCM4;BAZ1A;TOP1;MCM2
GO_Biological_Process_2023,Embryonic Skeletal System Development (GO:0048706),7/34,0.0298504946346247,0.8993093934414503,0,0,2.616502057613169,9.187987922628706,COL1A1;DEAF1;SIX1;HOXC4;SOX11;HOXC9;SULF1
GO_Biological_Process_2023,Histone H2A Monoubiquitination (GO:0035518),4/14,0.0318239677945561,0.9349934339640266,0,0,4.033943427620632,13.907163449479356,BARD1;DEPDC1B;RAD51;BRCA1
GO_Biological_Process_2023,Positive Regulation Of Heterotypic Cell-Cell Adhesion (GO:0034116),4/14,0.0318239677945561,0.9349934339640266,0,0,4.033943427620632,13.907163449479356,FGB;IL10;CEACAM6;THY1
GO_Biological_Process_2023,Regulation Of Exit From Mitosis (GO:0007096),4/14,0.0318239677945561,0.9349934339640266,0,0,4.033943427620632,13.907163449479356,UBE2C;CDCA5;KNTC1;CDC14B
GO_Biological_Process_2023,Collagen Fibril Organization (GO:0030199),8/42,0.0322217586209784,0.9389209171932658,0,0,2.3750449596180885,8.158548578915102,COL1A1;GREM1;COL3A1;COL1A2;COL11A1;COL5A2;SERPINH1;NF1
GO_Biological_Process_2023,Mitotic Metaphase Plate Congression (GO:0007080),9/50,0.0333640835955504,0.957642940606608,0,0,2.216120893133292,7.535421132617597,CDT1;CENPE;CCNB1;KIFC1;CDCA5;KIF14;CDCA8;KIF2C;CEP55
GO_Biological_Process_2023,Regulation Of Epithelial Cell Proliferation (GO:0050678),14/91,0.0334882983401616,0.957642940606608,0,0,1.837043046189728,6.239625467507457,UHRF1;HPN;TGFA;FUT2;SGPP2;EGFR;NME1;SIX4;DEAF1;LEP;ERBB2;MARVELD3;AQP11;SOX9
GO_Biological_Process_2023,Renal System Development (GO:0072001),10/58,0.033672395942567,0.957642940606608,0,0,2.103621777035801,7.133543190830896,TFAP2A;HELLS;PYGO2;CENPF;STAT1;C1GALT1;SIX1;SULF1;AGT;STRA6
GO_Biological_Process_2023,Regulation Of G2/M Transition Of Mitotic Cell Cycle (GO:0010389),7/35,0.0345011422451622,0.9680845868724846,0,0,2.5229166666666667,8.49406209925266,CCNB1;CENPF;KIF14;CDC7;FBXO5;CDC25C;CDC25A
GO_Biological_Process_2023,Regulation Of Cell Adhesion (GO:0030155),20/144,0.0349565067757404,0.9680845868724846,0,0,1.6308644872466018,5.46934975389679,ADAMDEC1;SRC;TESC;KIF14;MIA3;FUT2;RHOD;FRMD5;ERBB3;PLAU;MDK;ERBB2;PLXNB3;SAA1;ADAM8;P4HB;EPHB2;PRSS2;EPHB3;PLXNA3
GO_Biological_Process_2023,Negative Regulation Of Reactive Oxygen Species Metabolic Process (GO:2000378),5/21,0.0358003939483565,0.9680845868724846,0,0,3.152226692563818,10.496273034541462,TFAP2A;MMP3;SIRT5;BRCA1;ABCD1
GO_Biological_Process_2023,Positive Regulation Of G2/M Transition Of Mitotic Cell Cycle (GO:0010971),5/21,0.0358003939483565,0.9680845868724846,0,0,3.152226692563818,10.496273034541462,CCNB1;CDC7;FBXO5;CDC25C;CDC25A
GO_Biological_Process_2023,Negative Regulation Of G2/M Transition Of Mitotic Cell Cycle (GO:0010972),6/28,0.0360129227312699,0.9680845868724846,0,0,2.751653122002928,9.146157735429046,BARD1;DEPDC1B;CHEK1;BRCA1;AURKB;CDK5RAP3
GO_Biological_Process_2023,Regulation Of Cardiac Muscle Cell Action Potential (GO:0098901),6/28,0.0360129227312699,0.9680845868724846,0,0,2.751653122002928,9.146157735429046,DSP;HCN3;JUP;NOS1AP;ATP2A2;DSG2
GO_Biological_Process_2023,Regulation Of Chromosome Segregation (GO:0051983),6/28,0.0360129227312699,0.9680845868724846,0,0,2.751653122002928,9.146157735429046,CDCA2;NCAPG2;KIF2C;HORMAD1;MKI67;BUB1
GO_Biological_Process_2023,Ephrin Receptor Signaling Pathway (GO:0048013),8/43,0.0365639601294169,0.9680845868724846,0,0,2.307059477487493,7.633349743372469,SRC;EPHB2;EPHA1;EFNA4;MMP9;NGEF;EPHB3;CDK5R1
GO_Biological_Process_2023,Chordate Embryonic Development (GO:0043009),10/59,0.0373850323048301,0.9680845868724846,0,0,2.060577152396852,6.772055615076622,COL1A1;FUT8;STIL;SIX4;DEAF1;WNT7B;BRCA1;SULF1;ISL1;GRHL2
GO_Biological_Process_2023,Interstrand Cross-Link Repair (GO:0036297),7/36,0.0396079525053859,0.9680845868724846,0,0,2.435785440613027,7.86448222372453,RAD51AP1;DCLRE1C;RAD51;MCM8;FANCD2;XRCC3;NUCKS1
GO_Biological_Process_2023,DNA Alkylation (GO:0006305),4/15,0.0403737297473157,0.9680845868724846,0,0,3.667019613775021,11.769577994657643,HELLS;DNMT3A;DNMT3B;EHMT1
GO_Biological_Process_2023,Protein Localization To Microtubule Organizing Center (GO:1905508),4/15,0.0403737297473157,0.9680845868724846,0,0,3.667019613775021,11.769577994657643,STIL;SPAG5;CSNK1D;HOOK3
GO_Biological_Process_2023,Adrenal Gland Development (GO:0030325),3/9,0.0408474509228896,0.9680845868724846,0,0,5.040742793791575,16.11984612541246,MDK;NF1;STRA6
GO_Biological_Process_2023,Homologous Recombination (GO:0035825),3/9,0.0408474509228896,0.9680845868724846,0,0,5.040742793791575,16.11984612541246,HDAC10;NUCKS1;BRCA1
GO_Biological_Process_2023,Kinetochore Assembly (GO:0051382),3/9,0.0408474509228896,0.9680845868724846,0,0,5.040742793791575,16.11984612541246,CENPE;CENPF;KNTC1
GO_Biological_Process_2023,Lung Epithelium Development (GO:0060428),3/9,0.0408474509228896,0.9680845868724846,0,0,5.040742793791575,16.11984612541246,WNT7B;GRHL2;STRA6
GO_Biological_Process_2023,Motor Neuron Axon Guidance (GO:0008045),3/9,0.0408474509228896,0.9680845868724846,0,0,5.040742793791575,16.11984612541246,RAC3;RAC1;PLXNA3
GO_Biological_Process_2023,Negative Regulation Of Receptor Binding (GO:1900121),3/9,0.0408474509228896,0.9680845868724846,0,0,5.040742793791575,16.11984612541246,IL10;ATP2A2;PTPRF
GO_Biological_Process_2023,Negative Regulation Of Telomerase Activity (GO:0051974),3/9,0.0408474509228896,0.9680845868724846,0,0,5.040742793791575,16.11984612541246,PIF1;PARP3;SRC
GO_Biological_Process_2023,Positive Regulation Of Mesenchymal Cell Proliferation (GO:0002053),3/9,0.0408474509228896,0.9680845868724846,0,0,5.040742793791575,16.11984612541246,STAT1;LRP5;SOX9
GO_Biological_Process_2023,Protein K6-linked Ubiquitination (GO:0085020),3/9,0.0408474509228896,0.9680845868724846,0,0,5.040742793791575,16.11984612541246,UBE2S;UBE2T;BRCA1
GO_Biological_Process_2023,Protein O-linked Glycosylation Via Threonine (GO:0018243),3/9,0.0408474509228896,0.9680845868724846,0,0,5.040742793791575,16.11984612541246,GALNT6;GALNT4;GALNT3
GO_Biological_Process_2023,Purine Nucleobase Metabolic Process (GO:0006144),3/9,0.0408474509228896,0.9680845868724846,0,0,5.040742793791575,16.11984612541246,SLC25A16;SHMT2;PAICS
GO_Biological_Process_2023,Regulation Of Receptor Binding (GO:1900120),3/9,0.0408474509228896,0.9680845868724846,0,0,5.040742793791575,16.11984612541246,ATP2A2;MMP9;PTPRF
GO_Biological_Process_2023,Response To Hydroxyurea (GO:0072710),3/9,0.0408474509228896,0.9680845868724846,0,0,5.040742793791575,16.11984612541246,BLM;DDX11;TIMELESS
GO_Biological_Process_2023,Double-Strand Break Repair Via Homologous Recombination (GO:0000724),16/111,0.0412436653931374,0.970855144872606,0,0,1.7018895647829793,5.426062584728102,BLM;FEN1;MCM8;XRCC2;XRCC3;TOP3A;NUCKS1;CDC7;BRCA1;MBTD1;RAD51AP1;RECQL4;RECQL5;RAD51;MCM4;MCM2
GO_Biological_Process_2023,Cellular Response To Ionizing Radiation (GO:0071479),9/52,0.0417260576598803,0.970855144872606,0,0,2.1128126859301037,6.711623024558043,RAD51AP1;BARD1;DEPDC1B;BLM;RAD51;NUCKS1;BRCA1;ECT2;RAD9A
GO_Biological_Process_2023,Regulation Of Blood Coagulation (GO:0030193),6/29,0.0420567348271114,0.970855144872606,0,0,2.631871182676291,8.339704287599131,PROC;PLAU;F12;F2RL1;CEL;EPHB2
GO_Biological_Process_2023,Response To Interferon-Beta (GO:0035456),6/29,0.0420567348271114,0.970855144872606,0,0,2.631871182676291,8.339704287599131,IFNAR2;PNPT1;AIM2;STAT1;XAF1;IKBKE
GO_Biological_Process_2023,Oligosaccharide Biosynthetic Process (GO:0009312),5/22,0.0429937469851843,0.9860823905311632,0,0,2.9666383756610304,9.3351227353518,FUT6;ST6GALNAC1;FUT8;FUT2;FUT3
GO_Biological_Process_2023,Negative Regulation Of Epithelial Cell Proliferation (GO:0050680),11/70,0.0485599615153442,0.9999958087188284,0,0,1.8824695179494924,5.694387321480393,CYP27B1;CEACAM1;FBXW7;STAT1;HPN;MARVELD3;SORD;NF1;AQP11;SOX9;SULF1
GO_Biological_Process_2023,Regulation Of Dendritic Spine Morphogenesis (GO:0061001),6/30,0.048701092092458,0.9999958087188284,0,0,2.522071071626874,7.621834527036651,CAMK2B;KIF1A;NOL3;LRP8;NGEF;CDK5R1
GO_Biological_Process_2023,Nuclear Chromosome Segregation (GO:0098813),4/16,0.0500967624693834,0.9999958087188284,0,0,3.361249768903679,10.062905841774532,TOP2A;CENPF;INCENP;KIF2C
GO_Biological_Process_2023,Regulation Of Interleukin-1 Production (GO:0032652),4/16,0.0500967624693834,0.9999958087188284,0,0,3.361249768903679,10.062905841774532,IL10;CEACAM1;SAA1;FOXP1
GO_Biological_Process_2023,Negative Regulation Of Protein Tyrosine Kinase Activity (GO:0061099),5/23,0.0509926056722487,0.9999958087188284,0,0,2.8016709828585524,8.337981971761797,ZGPAT;CBLC;CBLB;PTK6;THY1
GO_Biological_Process_2023,Positive Regulation Of Protein Tyrosine Kinase Activity (GO:0061098),7/38,0.051238357205862,0.9999958087188284,0,0,2.278387096774193,6.769696082285784,ERBB3;SRC;FBXW7;TGFA;NOX4;LRP8;AGT
GO_Biological_Process_2023,ERBB Signaling Pathway (GO:0038127),9/54,0.0513941667423512,0.9999958087188284,0,0,2.0186874304783093,5.991929803917974,VIL1;GRB7;SRC;TGFA;BRAF;PTK6;SOX9;EGFR;FAM83A
GO_Biological_Process_2023,Cardiac Conduction (GO:0061337),8/46,0.0518901598093019,0.9999958087188284,0,0,2.1245721307158947,6.285814569668775,YWHAE;DSP;HCN3;JUP;KCNH6;DSG2;SLC4A3;ISL1
GO_Biological_Process_2023,Replication Fork Processing (GO:0031297),8/46,0.0518901598093019,0.9999958087188284,0,0,2.1245721307158947,6.285814569668775,BARD1;BLM;RAD51;PARP1;DDX11;DONSON;NUCKS1;BRCA1
GO_Biological_Process_2023,Positive Regulation Of Cell Adhesion (GO:0045785),13/88,0.0522175561140566,0.9999958087188284,0,0,1.7505314009661836,5.168157778551432,LIF;RHOD;FUT3;FRMD5;MDK;ERBB2;AGR2;SAA1;RAC3;ADAM8;RAC1;P4HB;PRSS2
GO_Biological_Process_2023,Kidney Development (GO:0001822),11/71,0.0529717577386404,0.9999958087188284,0,0,1.8509929472902744,5.438210579123818,TFAP2A;HELLS;PYGO2;CENPF;C1GALT1;NF1;SIX1;SULF1;SOX4;AGT;STRA6
GO_Biological_Process_2023,Protein Autoubiquitination (GO:0051865),11/71,0.0529717577386404,0.9999958087188284,0,0,1.8509929472902744,5.438210579123818,BARD1;DEPDC1B;RAD51;TRIM17;NFX1;UHRF1;UBE2D2;UBE2T;TRIM13;TRAF2;BRCA1
GO_Biological_Process_2023,Regulation Of Hydrolase Activity (GO:0051336),11/71,0.0529717577386404,0.9999958087188284,0,0,1.8509929472902744,5.438210579123818,FGD6;TDG;NF1;PLXNB3;EPHA1;CDK5RAP3;NGEF;EPHB3;TBC1D10B;PLXNA3;PROM2
GO_Biological_Process_2023,Metanephric Mesenchyme Development (GO:0072075),3/10,0.0545234888182268,0.9999958087188284,0,0,4.32039911308204,12.568575378457616,SIX4;STAT1;SIX1
GO_Biological_Process_2023,Neuron Projection Fasciculation (GO:0106030),3/10,0.0545234888182268,0.9999958087188284,0,0,4.32039911308204,12.568575378457616,EPHB2;CDK5R1;EPHB3
GO_Biological_Process_2023,Positive Regulation Of DNA-templated DNA Replication (GO:2000105),3/10,0.0545234888182268,0.9999958087188284,0,0,4.32039911308204,12.568575378457616,CDT1;CDC7;E2F7
GO_Biological_Process_2023,Regulation Of Coagulation (GO:0050818),3/10,0.0545234888182268,0.9999958087188284,0,0,4.32039911308204,12.568575378457616,PROC;F2RL1;EPHB2
GO_Biological_Process_2023,Urogenital System Development (GO:0001655),3/10,0.0545234888182268,0.9999958087188284,0,0,4.32039911308204,12.568575378457616,SOX9;EPHB2;EPHB3
GO_Biological_Process_2023,Regulation Of Cytokinesis (GO:0032465),12/80,0.0549549285644788,0.9999958087188284,0,0,1.7819105358020646,5.169753526969094,SVIL;RACGAP1;PRC1;KIF14;KIF23;KIF20A;ECT2;AURKB;E2F7;RAB11FIP4;CDC14B;AURKA
GO_Biological_Process_2023,Positive Regulation Of Leukocyte Migration (GO:0002687),6/31,0.0559552552182129,0.9999958087188284,0,0,2.4210549694614105,6.980392761279343,EDN2;MDK;F2RL1;MIA3;ADAM8;THY1
GO_Biological_Process_2023,Regulation Of Signal Transduction By P53 Class Mediator (GO:1901796),8/47,0.0577939048144952,0.9999958087188284,0,0,2.0699818987756733,5.901253356861711,BOP1;DYRK2;PAK1IP1;CHEK1;AURKB;CDK5RAP3;SOX4;AURKA
GO_Biological_Process_2023,Activation Of Protein Kinase Activity (GO:0032147),12/81,0.0594445531034768,0.9999958087188284,0,0,1.7559888579387186,4.956649559518375,OSBPL8;TPX2;IRAK1;TNFSF15;LEP;KIF14;ZFP91;TRAF2;PILRB;TNFRSF10A;ECT2;MARK2
GO_Biological_Process_2023,Negative Regulation Of Ossification (GO:0030279),5/24,0.0598020102792251,0.9999958087188284,0,0,2.6540685787721245,7.475757435917349,GREM1;MDK;KREMEN2;BCOR;SOX9
GO_Biological_Process_2023,Positive Regulation Of ERBB Signaling Pathway (GO:1901186),5/24,0.0598020102792251,0.9999958087188284,0,0,2.6540685787721245,7.475757435917349,HIP1R;AGR2;PTK6;MMP9;AGT
GO_Biological_Process_2023,Positive Regulation Of Cell Cycle G2/M Phase Transition (GO:1902751),5/24,0.0598020102792251,0.9999958087188284,0,0,2.6540685787721245,7.475757435917349,CCNB1;CDC7;FBXO5;CDC25C;CDC25A
GO_Biological_Process_2023,DNA Damage Response (GO:0006974),44/384,0.060353558217725,0.9999958087188284,0,0,1.3104868039104467,3.6792380584566295,TOP2A;FEN1;BLM;DYRK2;MCM8;NUDT1;MCM10;BRCA1;NPAS2;RECQL4;RAD51AP1;RECQL5;EXO1;CHEK1;SFN;FBXO5;IKBKE;MORC2;POLH;BARD1;MBD4;POLQ;CBX5;PARP1;CBX3;DDX11;XRCC2;XRCC3;PML;FOXP1;DDB1;DEPDC1B;AIM2;RAD51;IRF3;TDP1;TAOK1;UBE2T;POLE2;PSME4;TIMELESS;IRF7;RAD9A;OTUB1
GO_Biological_Process_2023,DNA Modification (GO:0006304),4/17,0.0609839047695794,0.9999958087188284,0,0,3.102521438627928,8.678203278392495,MBD4;PARP3;PARP1;TDG
GO_Biological_Process_2023,Negative Regulation Of Ubiquitin-Protein Transferase Activity (GO:0051444),4/17,0.0609839047695794,0.9999958087188284,0,0,3.102521438627928,8.678203278392495,CDC20;LIMK1;FBXO5;MAD2L1
GO_Biological_Process_2023,Protein Localization To Centrosome (GO:0071539),4/17,0.0609839047695794,0.9999958087188284,0,0,3.102521438627928,8.678203278392495,STIL;SPAG5;CSNK1D;HOOK3
GO_Biological_Process_2023,Regulation Of DNA-templated DNA Replication (GO:0090329),4/17,0.0609839047695794,0.9999958087188284,0,0,3.102521438627928,8.678203278392495,CDT1;BLM;MCM4;MCM2
GO_Biological_Process_2023,Regulation Of Cartilage Development (GO:0061035),4/17,0.0609839047695794,0.9999958087188284,0,0,3.102521438627928,8.678203278392495,SCIN;MDK;MBOAT2;SOX9
GO_Biological_Process_2023,Regulation Of Reactive Oxygen Species Metabolic Process (GO:2000377),9/56,0.0624233027079071,0.9999958087188284,0,0,1.9325728350649656,5.360602673394951,TFAP2A;ACE2;NOXA1;SORD;SIRT5;BRCA1;RAC1;FOXM1;AGT
GO_Biological_Process_2023,NIK/NF-kappaB Signaling (GO:0038061),6/32,0.0638243828432834,0.9999958087188284,0,0,2.32780933669329,6.405246693081153,IRAK1;TNFSF15;ZFP91;TNFRSF10A;TRAF2;BIRC3
GO_Biological_Process_2023,Cellular Response To Radiation (GO:0071478),8/48,0.0641053626651936,0.9999958087188284,0,0,2.0181211784324624,5.544237510592933,RAD51AP1;BARD1;BLM;DEPDC1B;RAD51;BRCA1;ECT2;RAD9A
GO_Biological_Process_2023,Cell-Matrix Adhesion (GO:0007160),15/109,0.0657413881714473,0.9999958087188284,0,0,1.6116843180091185,4.387047576177833,COL17A1;DDR1;FGB;ITGB4;SRC;ITGA2;FGL1;THY1;RHOD;BCR;COL3A1;ITGA11;PPFIA1;VWA2;RAC1
GO_Biological_Process_2023,DNA Replication-Dependent Chromatin Assembly (GO:0006335),2/5,0.0678338952971831,0.9999958087188284,0,0,6.718374884579871,18.07708614319013,CHAF1B;ASF1B
GO_Biological_Process_2023,L-phenylalanine Catabolic Process (GO:0006559),2/5,0.0678338952971831,0.9999958087188284,0,0,6.718374884579871,18.07708614319013,IL4I1;HGD
GO_Biological_Process_2023,L-phenylalanine Metabolic Process (GO:0006558),2/5,0.0678338952971831,0.9999958087188284,0,0,6.718374884579871,18.07708614319013,IL4I1;HGD
GO_Biological_Process_2023,Chondrocyte Development (GO:0002063),2/5,0.0678338952971831,0.9999958087188284,0,0,6.718374884579871,18.07708614319013,SOX9;SULF1
GO_Biological_Process_2023,Erythrose 4-Phosphate/Phosphoenolpyruvate Family Amino Acid Catabolic Process (GO:1902222),2/5,0.0678338952971831,0.9999958087188284,0,0,6.718374884579871,18.07708614319013,IL4I1;HGD
GO_Biological_Process_2023,Galactolipid Biosynthetic Process (GO:0019375),2/5,0.0678338952971831,0.9999958087188284,0,0,6.718374884579871,18.07708614319013,FA2H;UGT8
GO_Biological_Process_2023,Galactosylceramide Biosynthetic Process (GO:0006682),2/5,0.0678338952971831,0.9999958087188284,0,0,6.718374884579871,18.07708614319013,FA2H;UGT8
GO_Biological_Process_2023,Glomerular Epithelial Cell Differentiation (GO:0072311),2/5,0.0678338952971831,0.9999958087188284,0,0,6.718374884579871,18.07708614319013,CD24;PROM1
GO_Biological_Process_2023,Kidney Morphogenesis (GO:0060993),2/5,0.0678338952971831,0.9999958087188284,0,0,6.718374884579871,18.07708614319013,WNT7B;SOX4
GO_Biological_Process_2023,Negative Regulation Of Actin Filament Depolymerization (GO:0030835),2/5,0.0678338952971831,0.9999958087188284,0,0,6.718374884579871,18.07708614319013,VIL1;SCIN
GO_Biological_Process_2023,Negative Regulation Of Cellular Response To Hypoxia (GO:1900038),2/5,0.0678338952971831,0.9999958087188284,0,0,6.718374884579871,18.07708614319013,HYOU1;NOL3
GO_Biological_Process_2023,Negative Regulation Of Gene Expression Via CpG Island Methylation (GO:0044027),2/5,0.0678338952971831,0.9999958087188284,0,0,6.718374884579871,18.07708614319013,HELLS;UHRF1
GO_Biological_Process_2023,Nucleoside Transport (GO:0015858),2/5,0.0678338952971831,0.9999958087188284,0,0,6.718374884579871,18.07708614319013,SLC29A4;SLC29A2
GO_Biological_Process_2023,Positive Regulation Of Animal Organ Morphogenesis (GO:0110110),2/5,0.0678338952971831,0.9999958087188284,0,0,6.718374884579871,18.07708614319013,SIX4;SIX1
GO_Biological_Process_2023,Positive Regulation Of Epithelial Cell Differentiation Involved In Kidney Development (GO:2000698),2/5,0.0678338952971831,0.9999958087188284,0,0,6.718374884579871,18.07708614319013,LIF;PROM1
GO_Biological_Process_2023,Purine Nucleobase Biosynthetic Process (GO:0009113),2/5,0.0678338952971831,0.9999958087188284,0,0,6.718374884579871,18.07708614319013,SHMT2;PAICS
GO_Biological_Process_2023,Regulation Of Nitric Oxide Mediated Signal Transduction (GO:0010749),2/5,0.0678338952971831,0.9999958087188284,0,0,6.718374884579871,18.07708614319013,NOS1AP;EGFR
GO_Biological_Process_2023,Regulation Of Resting Membrane Potential (GO:0060075),2/5,0.0678338952971831,0.9999958087188284,0,0,6.718374884579871,18.07708614319013,KCNK5;KCNK1
GO_Biological_Process_2023,Regulation Of Tooth Mineralization (GO:0070170),2/5,0.0678338952971831,0.9999958087188284,0,0,6.718374884579871,18.07708614319013,TFAP2A;BCOR
GO_Biological_Process_2023,Renal Filtration Cell Differentiation (GO:0061318),2/5,0.0678338952971831,0.9999958087188284,0,0,6.718374884579871,18.07708614319013,CD24;PROM1
GO_Biological_Process_2023,Resolution Of Recombination Intermediates (GO:0071139),2/5,0.0678338952971831,0.9999958087188284,0,0,6.718374884579871,18.07708614319013,TOP3A;XRCC3
GO_Biological_Process_2023,tRNA Catabolic Process (GO:0016078),2/5,0.0678338952971831,0.9999958087188284,0,0,6.718374884579871,18.07708614319013,SLFN13;POP1
GO_Biological_Process_2023,Tongue Development (GO:0043586),2/5,0.0678338952971831,0.9999958087188284,0,0,6.718374884579871,18.07708614319013,WNT10A;SIX4
GO_Biological_Process_2023,Trigeminal Nerve Development (GO:0021559),2/5,0.0678338952971831,0.9999958087188284,0,0,6.718374884579871,18.07708614319013,TFAP2A;ISL1
GO_Biological_Process_2023,Carbohydrate Biosynthetic Process (GO:0016051),5/25,0.0694196814937851,0.9999958087188284,0,0,2.52122641509434,6.725585405125735,FUT6;ST6GALNAC1;FUT8;FUT2;FUT3
GO_Biological_Process_2023,Regulation Of Chondrocyte Differentiation (GO:0032330),5/25,0.0694196814937851,0.9999958087188284,0,0,2.52122641509434,6.725585405125735,GREM1;SCIN;MDK;MBOAT2;SOX9
GO_Biological_Process_2023,Cochlea Morphogenesis (GO:0090103),3/11,0.0700757989124765,0.9999958087188284,0,0,3.780141352549889,10.048287753052934,MYO3B;HPN;SOX9
GO_Biological_Process_2023,Double-Strand Break Repair Via Break-Induced Replication (GO:0000727),3/11,0.0700757989124765,0.9999958087188284,0,0,3.780141352549889,10.048287753052934,MCM4;CDC7;MCM2
GO_Biological_Process_2023,Neurotransmitter Uptake (GO:0001504),3/11,0.0700757989124765,0.9999958087188284,0,0,3.780141352549889,10.048287753052934,SLC29A4;SLC1A7;SLC29A2
GO_Biological_Process_2023,Positive Regulation Of Branching Involved In Ureteric Bud Morphogenesis (GO:0090190),3/11,0.0700757989124765,0.9999958087188284,0,0,3.780141352549889,10.048287753052934,SIX4;SIX1;SOX9
GO_Biological_Process_2023,Regulation Of Mesenchymal Cell Proliferation (GO:0010464),3/11,0.0700757989124765,0.9999958087188284,0,0,3.780141352549889,10.048287753052934,STAT1;LRP5;SOX9
GO_Biological_Process_2023,Regulation Of Ventricular Cardiac Muscle Cell Action Potential (GO:0098911),3/11,0.0700757989124765,0.9999958087188284,0,0,3.780141352549889,10.048287753052934,DSP;JUP;DSG2
GO_Biological_Process_2023,Response To X-ray (GO:0010165),3/11,0.0700757989124765,0.9999958087188284,0,0,3.780141352549889,10.048287753052934,BLM;DEPDC1B;NUCKS1
GO_Biological_Process_2023,Tetrahydrofolate Metabolic Process (GO:0046653),3/11,0.0700757989124765,0.9999958087188284,0,0,3.780141352549889,10.048287753052934,MTHFD2;SHMT2;TYMS
GO_Biological_Process_2023,Neurogenesis (GO:0022008),8/49,0.0708281462459084,0.9999958087188284,0,0,1.968790249325506,5.212369845057465,MESP1;SIX4;ERBB3;ERBB2;SIX1;THOC2;WDR62;EGFR
GO_Biological_Process_2023,Peptidyl-Threonine Modification (GO:0018210),10/66,0.0713871680819109,0.9999958087188284,0,0,1.802309404563161,4.757442850218305,GALNT6;DYRK2;GALNT4;SBK1;GALNT3;CHEK1;CAD;STK39;MARK2;CDK5R1
GO_Biological_Process_2023,Peptidyl-Serine Modification (GO:0018209),21/166,0.0722594220238016,0.9999958087188284,0,0,1.4635208711433756,3.8453901884181407,CAMK2B;DYRK2;GALNT4;GALNT3;NEK6;STK39;CSNK1D;CDC7;TTK;UHMK1;SRPK1;AURKA;SBK1;MYO3B;PBK;TOP1;STK32A;MAP3K13;IKBKE;MARK2;CDK5R1
GO_Biological_Process_2023,O-glycan Processing (GO:0016266),7/41,0.0723429525570752,0.9999958087188284,0,0,2.0770098039215688,5.45492819233561,GALNT6;GALNT4;GALNT3;POFUT1;C1GALT1;GCNT3;B3GNTL1
GO_Biological_Process_2023,Positive Regulation Of Ossification (GO:0045778),7/41,0.0723429525570752,0.9999958087188284,0,0,2.0770098039215688,5.45492819233561,TFAP2A;CCNA2;CYP27B1;FZD9;ISG15;SOX11;ACVR2B
GO_Biological_Process_2023,Regulation Of Heart Rate By Cardiac Conduction (GO:0086091),7/41,0.0723429525570752,0.9999958087188284,0,0,2.0770098039215688,5.45492819233561,YWHAE;DSP;HCN3;JUP;KCNH6;DSG2;ISL1
GO_Biological_Process_2023,DNA Repair (GO:0006281),34/291,0.072590981537084,0.9999958087188284,0,0,1.3383282747481131,3.5103207528533344,FEN1;BLM;DCLRE1C;CDCA5;NUDT1;NUCKS1;BRCA1;RECQL4;RAD51AP1;RECQL5;MTA1;EXO1;TDG;CHEK1;POLH;BARD1;MBD4;POLQ;PARP3;PARP1;XRCC2;XRCC3;DDB1;DEPDC1B;MC1R;RAD51;FANCD2;TDP1;UBE2T;POLE2;PSME4;TIMELESS;TRIP13;RAD9A
GO_Biological_Process_2023,Actin Filament Capping (GO:0051693),4/18,0.0730112042217529,0.9999958087188284,0,0,2.8807542983915697,7.53934412358712,VIL1;SVIL;SCIN;ADD3
GO_Biological_Process_2023,Barbed-End Actin Filament Capping (GO:0051016),4/18,0.0730112042217529,0.9999958087188284,0,0,2.8807542983915697,7.53934412358712,VIL1;SVIL;SCIN;ADD3
GO_Biological_Process_2023,Cellular Response To Inorganic Substance (GO:0071241),4/18,0.0730112042217529,0.9999958087188284,0,0,2.8807542983915697,7.53934412358712,BLM;DDX11;MMP3;TIMELESS
GO_Biological_Process_2023,Regulation Of DNA Damage Checkpoint (GO:2000001),4/18,0.0730112042217529,0.9999958087188284,0,0,2.8807542983915697,7.53934412358712,BARD1;DEPDC1B;RAD51;BRCA1
GO_Biological_Process_2023,Regulation Of Epithelial Cell Migration (GO:0010632),8/50,0.0779641623227485,0.9999958087188284,0,0,1.9218084120807857,4.903505723632332,VIL1;DOCK5;CEACAM1;RAB25;SRC;MARVELD3;PTPN23;SOX9
GO_Biological_Process_2023,Regulation Of Epidermal Growth Factor-Activated Receptor Activity (GO:0007176),5/26,0.0798363919607453,0.9999958087188284,0,0,2.4010358860525343,6.069280501029409,ZGPAT;FBXW7;CBLC;TGFA;CBLB
GO_Biological_Process_2023,Regulation Of Neuronal Synaptic Plasticity (GO:0048168),6/34,0.0814079523750269,0.9999958087188284,0,0,2.1612992781787894,5.421148758435533,CAMK2B;SYAP1;NCDN;NOL3;EPHB2;GRIN1
GO_Biological_Process_2023,Glucose Metabolic Process (GO:0006006),9/59,0.0815938042006051,0.9999958087188284,0,0,1.816318131256952,4.551696776586995,G6PD;KRT17;HKDC1;SORD;LRP5;SLC25A10;ENO2;PPARD;SLC25A13
GO_Biological_Process_2023,Regulation Of Type I Interferon Production (GO:0032479),9/59,0.0815938042006051,0.9999958087188284,0,0,1.816318131256952,4.551696776586995,IRF3;IRAK1;DDX56;IRF7;TRIM15;XAF1;IKBKE;GAPDH;ATG12
GO_Biological_Process_2023,Recombinational Repair (GO:0000725),13/95,0.0854253221587099,0.9999958087188284,0,0,1.600477200424178,3.937354302415261,FEN1;BLM;MCM8;XRCC2;TOP3A;XRCC3;NUCKS1;BRCA1;MBTD1;RAD51AP1;RECQL4;RECQL5;RAD51
GO_Biological_Process_2023,Regulation Of Mitotic Cell Cycle Phase Transition (GO:1901990),12/86,0.0855049731107304,0.9999958087188284,0,0,1.6368892569449671,4.025406533689711,DDB1;ANLN;CENPE;CENPF;SMARCC2;CDKN2A;UBE2C;NEK6;KIF14;KNTC1;CDC14B;AURKA
GO_Biological_Process_2023,"Negative Regulation Of Gene Expression, Epigenetic (GO:0045814)",8/51,0.0855136086900724,0.9999958087188284,0,0,1.8770117765683776,4.615721649781337,HELLS;UHRF1;CBX3;CHEK1;SCMH1;MORC2;EZH2;PHF19
GO_Biological_Process_2023,Calcium-Independent Cell-Cell Adhesion Via Plasma Membrane Cell-Adhesion Molecules (GO:0016338),4/19,0.0861416820282338,0.9999958087188284,0,0,2.6885561101867257,6.591699364018347,CLDN10;CLDN4;CLDN9;CLDN2
GO_Biological_Process_2023,Negative Regulation Of Leukocyte Cell-Cell Adhesion (GO:1903038),4/19,0.0861416820282338,0.9999958087188284,0,0,2.6885561101867257,6.591699364018347,IL4I1;FGL1;MIA3;VTCN1
GO_Biological_Process_2023,Neuron Apoptotic Process (GO:0051402),4/19,0.0861416820282338,0.9999958087188284,0,0,2.6885561101867257,6.591699364018347,ERBB3;ATN1;GAPDH;TNFRSF21
GO_Biological_Process_2023,Regulation Of Acute Inflammatory Response (GO:0002673),4/19,0.0861416820282338,0.9999958087188284,0,0,2.6885561101867257,6.591699364018347,PLA2G2D;F12;DNASE1;PTGES
GO_Biological_Process_2023,Steroid Hormone Biosynthetic Process (GO:0120178),4/19,0.0861416820282338,0.9999958087188284,0,0,2.6885561101867257,6.591699364018347,SRD5A1;CYP21A2;HSD17B1;HSD17B7
GO_Biological_Process_2023,C4-dicarboxylate Transport (GO:0015740),3/12,0.0873686849953827,0.9999958087188284,0,0,3.359940872135994,8.190253544224133,SLC25A10;LRRC8E;SLC25A13
GO_Biological_Process_2023,Attachment Of Mitotic Spindle Microtubules To Kinetochore (GO:0051315),3/12,0.0873686849953827,0.9999958087188284,0,0,3.359940872135994,8.190253544224133,CDT1;CENPE;KIF2C
GO_Biological_Process_2023,Axonal Fasciculation (GO:0007413),3/12,0.0873686849953827,0.9999958087188284,0,0,3.359940872135994,8.190253544224133,EPHB2;CDK5R1;EPHB3
GO_Biological_Process_2023,Epithelial Cell Morphogenesis (GO:0003382),3/12,0.0873686849953827,0.9999958087188284,0,0,3.359940872135994,8.190253544224133,CLDN3;RAB25;GRHL2
GO_Biological_Process_2023,Negative Regulation Of Epidermal Growth Factor-Activated Receptor Activity (GO:0007175),3/12,0.0873686849953827,0.9999958087188284,0,0,3.359940872135994,8.190253544224133,ZGPAT;CBLC;CBLB
GO_Biological_Process_2023,Positive Regulation By Symbiont Of Entry Into Host (GO:0075294),3/12,0.0873686849953827,0.9999958087188284,0,0,3.359940872135994,8.190253544224133,TMPRSS4;P4HB;TRIM38
GO_Biological_Process_2023,Positive Regulation Of Sodium Ion Transmembrane Transporter Activity (GO:2000651),3/12,0.0873686849953827,0.9999958087188284,0,0,3.359940872135994,8.190253544224133,TESC;ATP1B1;DRD4
GO_Biological_Process_2023,Positive Regulation Of Viral Entry Into Host Cell (GO:0046598),3/12,0.0873686849953827,0.9999958087188284,0,0,3.359940872135994,8.190253544224133,TMPRSS4;P4HB;TRIM38
GO_Biological_Process_2023,Spinal Cord Development (GO:0021510),3/12,0.0873686849953827,0.9999958087188284,0,0,3.359940872135994,8.190253544224133,NF1;SOX11;SOX4
GO_Biological_Process_2023,protein-DNA Complex Organization (GO:0071824),9/60,0.088691922202795,0.9999958087188284,0,0,1.780605901982595,4.313671753285437,PARP10;CBX5;HDAC10;CBX3;EHMT1;NUCKS1;VCX;EZH2;PHF19
GO_Biological_Process_2023,DNA-templated DNA Replication Maintenance Of Fidelity (GO:0045005),7/43,0.0888844967329385,0.9999958087188284,0,0,1.9614043209876544,4.7474174247389085,BLM;RAD51;MCM8;DDX11;DONSON;TIMELESS;NUCKS1
GO_Biological_Process_2023,SCF-dependent Proteasomal Ubiquitin-Dependent Protein Catabolic Process (GO:0031146),7/43,0.0888844967329385,0.9999958087188284,0,0,1.9614043209876544,4.7474174247389085,FBXL20;FBXW7;FBXO2;CCNF;KIF14;FBXL16;FBXL6
GO_Biological_Process_2023,Positive Regulation Of Biomineral Tissue Development (GO:0070169),7/43,0.0888844967329385,0.9999958087188284,0,0,1.9614043209876544,4.7474174247389085,TFAP2A;CCNA2;CYP27B1;FZD9;ISG15;FBXO5;ACVR2B
GO_Biological_Process_2023,Skeletal System Morphogenesis (GO:0048705),7/43,0.0888844967329385,0.9999958087188284,0,0,1.9614043209876544,4.7474174247389085,TFAP2A;MMP13;LRP5;SIX1;HOXC4;SOX11;HOXC9
GO_Biological_Process_2023,Cellular Response To Epidermal Growth Factor Stimulus (GO:0071364),5/27,0.0910364182736021,0.9999958087188284,0,0,2.291771768741802,5.492221078513969,VIL1;SYAP1;ERBB2;SOX9;EGFR
GO_Biological_Process_2023,Positive Regulation Of Ubiquitin-Protein Transferase Activity (GO:0051443),5/27,0.0910364182736021,0.9999958087188284,0,0,2.291771768741802,5.492221078513969,CDC20;FBXW7;UBE2C;UBE2S;CDC14B
GO_Biological_Process_2023,Liver Development (GO:0001889),6/35,0.0911128152471455,0.9999958087188284,0,0,2.086656838155048,4.998913669264549,PRKCSH;NF1;LSR;CDK5RAP3;E2F7;AURKA
GO_Biological_Process_2023,Positive Regulation Of Mitotic Nuclear Division (GO:0045840),6/35,0.0911128152471455,0.9999958087188284,0,0,2.086656838155048,4.998913669264549,CDC20;UBE2C;LRP5;NUSAP1;TGFA;AURKA
GO_Biological_Process_2023,Positive Regulation Of Substrate Adhesion-Dependent Cell Spreading (GO:1900026),6/35,0.0911128152471455,0.9999958087188284,0,0,2.086656838155048,4.998913669264549,FGB;DOCK5;MDK;RAC3;RAC1;P4HB
GO_Biological_Process_2023,Cell Cycle G1/S Phase Transition (GO:0044843),8/52,0.0934749854268269,0.9999958087188284,0,0,1.8342513517610797,4.347288352429327,CCNA2;CCNE2;CCNE1;RCC1;E2F3;CDC7;CDC25A;CDKN3
GO_Biological_Process_2023,'De Novo' AMP Biosynthetic Process (GO:0044208),2/6,0.0957763639940208,0.9999958087188284,0,0,5.038504155124654,11.81901744592759,ATIC;PAICS
GO_Biological_Process_2023,GMP Biosynthetic Process (GO:0006177),2/6,0.0957763639940208,0.9999958087188284,0,0,5.038504155124654,11.81901744592759,ATIC;PAICS
GO_Biological_Process_2023,IRE1-mediated Unfolded Protein Response (GO:0036498),2/6,0.0957763639940208,0.9999958087188284,0,0,5.038504155124654,11.81901744592759,ERN2;VAPB
GO_Biological_Process_2023,Catecholamine Uptake (GO:0090493),2/6,0.0957763639940208,0.9999958087188284,0,0,5.038504155124654,11.81901744592759,SLC29A4;SLC6A3
GO_Biological_Process_2023,Cellular Hypotonic Response (GO:0071476),2/6,0.0957763639940208,0.9999958087188284,0,0,5.038504155124654,11.81901744592759,STK39;SLC4A11
GO_Biological_Process_2023,Free Ubiquitin Chain Polymerization (GO:0010994),2/6,0.0957763639940208,0.9999958087188284,0,0,5.038504155124654,11.81901744592759,UBE2C;UBE2S
GO_Biological_Process_2023,Gap Junction Assembly (GO:0016264),2/6,0.0957763639940208,0.9999958087188284,0,0,5.038504155124654,11.81901744592759,GJB2;GJB1
GO_Biological_Process_2023,Glycosylceramide Biosynthetic Process (GO:0046476),2/6,0.0957763639940208,0.9999958087188284,0,0,5.038504155124654,11.81901744592759,FA2H;UGT8
GO_Biological_Process_2023,Hepatocyte Growth Factor Receptor Signaling Pathway (GO:0048012),2/6,0.0957763639940208,0.9999958087188284,0,0,5.038504155124654,11.81901744592759,RAC1;MUC20
GO_Biological_Process_2023,Hypotonic Response (GO:0006971),2/6,0.0957763639940208,0.9999958087188284,0,0,5.038504155124654,11.81901744592759,STK39;SLC4A11
GO_Biological_Process_2023,Maintenance Of Lens Transparency (GO:0036438),2/6,0.0957763639940208,0.9999958087188284,0,0,5.038504155124654,11.81901744592759,STK39;VPS13B
GO_Biological_Process_2023,Negative Regulation Of Protein Sumoylation (GO:0033234),2/6,0.0957763639940208,0.9999958087188284,0,0,5.038504155124654,11.81901744592759,PIAS3;GNL3L
GO_Biological_Process_2023,Negative Regulation Of Retinoic Acid Receptor Signaling Pathway (GO:0048387),2/6,0.0957763639940208,0.9999958087188284,0,0,5.038504155124654,11.81901744592759,PRAME;EZH2
GO_Biological_Process_2023,Noradrenergic Neuron Differentiation (GO:0003357),2/6,0.0957763639940208,0.9999958087188284,0,0,5.038504155124654,11.81901744592759,SOX11;SOX4
GO_Biological_Process_2023,Norepinephrine Transport (GO:0015874),2/6,0.0957763639940208,0.9999958087188284,0,0,5.038504155124654,11.81901744592759,SLC29A4;SLC6A3
GO_Biological_Process_2023,Nose Development (GO:0043584),2/6,0.0957763639940208,0.9999958087188284,0,0,5.038504155124654,11.81901744592759,SIX4;STRA6
GO_Biological_Process_2023,Nucleobase Biosynthetic Process (GO:0046112),2/6,0.0957763639940208,0.9999958087188284,0,0,5.038504155124654,11.81901744592759,SHMT2;PAICS
GO_Biological_Process_2023,Nucleoside Diphosphate Catabolic Process (GO:0009134),2/6,0.0957763639940208,0.9999958087188284,0,0,5.038504155124654,11.81901744592759,ENTPD5;ENTPD8
GO_Biological_Process_2023,Parallel Actin Filament Bundle Assembly (GO:0030046),2/6,0.0957763639940208,0.9999958087188284,0,0,5.038504155124654,11.81901744592759,SPIRE2;ESPN
GO_Biological_Process_2023,Positive Regulation Of Lamellipodium Morphogenesis (GO:2000394),2/6,0.0957763639940208,0.9999958087188284,0,0,5.038504155124654,11.81901744592759,VIL1;SRC
GO_Biological_Process_2023,Positive Regulation Of Spindle Assembly (GO:1905832),2/6,0.0957763639940208,0.9999958087188284,0,0,5.038504155124654,11.81901744592759,STIL;SPAG5
GO_Biological_Process_2023,Positive Regulation Of Synaptic Plasticity (GO:0031915),2/6,0.0957763639940208,0.9999958087188284,0,0,5.038504155124654,11.81901744592759,CDC20;EPHB2
GO_Biological_Process_2023,Regulation Of Glial Cell Differentiation (GO:0045685),2/6,0.0957763639940208,0.9999958087188284,0,0,5.038504155124654,11.81901744592759,NF1;TNFRSF21
GO_Biological_Process_2023,Regulation Of Metallopeptidase Activity (GO:1905048),2/6,0.0957763639940208,0.9999958087188284,0,0,5.038504155124654,11.81901744592759,CLDN4;TIMP1
GO_Biological_Process_2023,Regulation Of Systemic Arterial Blood Pressure By Renin-Angiotensin (GO:0003081),2/6,0.0957763639940208,0.9999958087188284,0,0,5.038504155124654,11.81901744592759,ACE2;AGT
GO_Biological_Process_2023,Serine Transport (GO:0032329),2/6,0.0957763639940208,0.9999958087188284,0,0,5.038504155124654,11.81901744592759,SLC1A4;SLC7A10
GO_Biological_Process_2023,Regulation Of Apoptotic Process (GO:0042981),74/705,0.0967520020988764,0.9999958087188284,0,0,1.188441395379887,2.7757287783912568,TOP2A;FOXA1;PRR7;TNFRSF6B;FHL2;KIF14;UBE2Z;COMP;SIX4;TRIM2;PIP5KL1;SOX9;SOX4;IL10;DFFA;TNFRSF12A;USP42;IGFBP3;TRAF2;FBXO11;MAPK8IP3;ATAD3A;MMP9;NME1;DNAJC3;GREM1;MELK;IRF3;CEACAM5;BIRC5;TNFRSF25;ANGPTL4;AVP;BIRC3;MCM2;SRC;MAPKAP1;HPN;VTCN1;NOL3;LRP8;EGFR;MBTD1;BAG4;SCIN;ERBB3;ERBB2;PMAIP1;PRAME;BMF;ECT2;SPDEF;BARD1;TFAP2A;EGLN3;STIL;CBX4;BIK;STAT1;STYK1;FZD9;HIP1R;ASNS;BRAF;TNFRSF10A;PNMA3;PA2G4;AGT;HYPK;PROC;ALB;NF1;ATP13A2;MAD2L1
GO_Biological_Process_2023,Negative Regulation Of Neuron Death (GO:1901215),12/88,0.0976479637035367,0.9999958087188284,0,0,1.5936372965840786,3.7074162526490855,SIX4;ERBB3;MDK;CLCF1;KIF14;FZD9;SIX1;TRAF2;SEMA3E;ATP13A2;ISL1;CRLF1
GO_Biological_Process_2023,Regulation Of Double-Strand Break Repair (GO:2000779),12/88,0.0976479637035367,0.9999958087188284,0,0,1.5936372965840786,3.7074162526490855,OTUB2;MBTD1;RAD51AP1;SMARCC2;RAD51;DDX11;CHEK1;TIMELESS;SPIRE2;FOXM1;PML;OTUB1
GO_Biological_Process_2023,Regulation Of Transport (GO:0051049),7/44,0.0978901996303827,0.9999958087188284,0,0,1.9082882882882883,4.434688023141252,CLDN10;YRDC;CLDN3;RAB25;MYO6;ICA1;REEP6
GO_Biological_Process_2023,Cellular Response To UV (GO:0034644),11/79,0.0979038787085505,0.9999958087188284,0,0,1.6325085156557055,3.793572862360546,DDB1;MC1R;PARP1;MMP1;MMP3;BMF;TIMP1;EIF2AK4;MMP9;CDC25A;AURKB
GO_Biological_Process_2023,DNA Methylation (GO:0006306),4/20,0.1003271325638413,0.9999958087188284,0,0,2.520382695507488,5.795164087473505,HELLS;DNMT3A;DNMT3B;EHMT1
GO_Biological_Process_2023,Peripheral Nervous System Development (GO:0007422),4/20,0.1003271325638413,0.9999958087188284,0,0,2.520382695507488,5.795164087473505,UGT8;ERBB3;NF1;GFRA3
GO_Biological_Process_2023,Regulation Of Spindle Organization (GO:0090224),4/20,0.1003271325638413,0.9999958087188284,0,0,2.520382695507488,5.795164087473505,TPX2;PARP3;STIL;TACC3
GO_Biological_Process_2023,Regulation Of Toll-Like Receptor Signaling Pathway (GO:0034121),4/20,0.1003271325638413,0.9999958087188284,0,0,2.520382695507488,5.795164087473505,IRF7;SMPDL3B;LGR4;BIRC3
GO_Biological_Process_2023,Xenobiotic Transport (GO:0042908),4/20,0.1003271325638413,0.9999958087188284,0,0,2.520382695507488,5.795164087473505,ABCC3;SLC7A5;SLC22A18;SLC29A4
GO_Biological_Process_2023,"DNA Damage Response, Signal Transduction By P53 Class Mediator (GO:0030330)",6/36,0.1014137930291575,0.9999958087188284,0,0,2.016990560799556,4.615976025157801,MYO6;SESN2;FOXM1;GTSE1;E2F7;PML
GO_Biological_Process_2023,Positive Regulation Of Signaling Receptor Activity (GO:2000273),6/36,0.1014137930291575,0.9999958087188284,0,0,2.016990560799556,4.615976025157801,IL10;GREM1;FBXW7;TGFA;NOL3;EPHB2
GO_Biological_Process_2023,Receptor Signaling Pathway Via JAK-STAT (GO:0007259),6/36,0.1014137930291575,0.9999958087188284,0,0,2.016990560799556,4.615976025157801,IFNAR2;STAT1;CLCF1;LEP;PTK6;CSF2RA
GO_Biological_Process_2023,Positive Regulation Of Cell-Substrate Adhesion (GO:0010811),10/71,0.1047880219410858,0.9999958087188284,0,0,1.6541229918716986,3.731396793577051,FGB;DOCK5;JUP;MDK;ENC1;AGR2;RAC3;RAC1;P4HB;EPHA1
GO_Biological_Process_2023,Cranial Nerve Development (GO:0021545),3/13,0.1062472480452498,0.9999958087188284,0,0,3.023780487804878,6.779274646375212,TFAP2A;ERBB3;ISL1
GO_Biological_Process_2023,"Endonucleolytic Cleavage Of Tricistronic rRNA Transcript (SSU-rRNA, 5.8S rRNA, LSU-rRNA) (GO:0000479)",3/13,0.1062472480452498,0.9999958087188284,0,0,3.023780487804878,6.779274646375212,RPP40;TSR1;NOL9
GO_Biological_Process_2023,Heparan Sulfate Proteoglycan Metabolic Process (GO:0030201),3/13,0.1062472480452498,0.9999958087188284,0,0,3.023780487804878,6.779274646375212,SULF1;HS3ST1;HS6ST2
GO_Biological_Process_2023,Negative Regulation Of Myoblast Differentiation (GO:0045662),3/13,0.1062472480452498,0.9999958087188284,0,0,3.023780487804878,6.779274646375212,SOX9;EID2B;SOX4
GO_Biological_Process_2023,Negative Regulation Of Secretion (GO:0051048),3/13,0.1062472480452498,0.9999958087188284,0,0,3.023780487804878,6.779274646375212,ERBB3;PTGER3;TFF2
GO_Biological_Process_2023,Nucleotide-Sugar Metabolic Process (GO:0009225),3/13,0.1062472480452498,0.9999958087188284,0,0,3.023780487804878,6.779274646375212,FUT8;ENTPD5;GFPT1
GO_Biological_Process_2023,Suppression Of Viral Release By Host (GO:0044790),3/13,0.1062472480452498,0.9999958087188284,0,0,3.023780487804878,6.779274646375212,TRIM13;TRIM15;PML
GO_Biological_Process_2023,Regulation Of Telomerase Activity (GO:0051972),7/45,0.1073772988511965,0.9999958087188284,0,0,1.85796783625731,4.145881486827716,GREM1;PIF1;PKIB;SRC;NEK2;GRHL2;AURKB
GO_Biological_Process_2023,Central Nervous System Development (GO:0007417),32/283,0.1100168478937418,0.9999958087188284,0,0,1.2886908703215307,2.844297664696379,ABCB6;CHD8;ATN1;SLC2A1;VCX;MSI2;NPAS2;KLK6;UGT8;SCIN;ZIC2;SOX9;NPTX1;CDK5RAP3;SOX4;CA10;MARCKSL1;ZFHX2;SETD1A;APLP1;VPS13B;SOX11;LSR;SYNJ2;GRHL2;SHROOM4;GRIN1;AIM2;PITPNM1;NF1;PAFAH1B3;CDK5R1
GO_Biological_Process_2023,Muscle Tissue Development (GO:0060537),6/37,0.1122970617295215,0.9999958087188284,0,0,1.951818881983128,4.267861966141377,IGSF8;SVIL;SIX4;NF1;SIX1;STRA6
GO_Biological_Process_2023,Negative Regulation Of Transferase Activity (GO:0051348),6/37,0.1122970617295215,0.9999958087188284,0,0,1.951818881983128,4.267861966141377,CDC20;PIF1;SRC;LIMK1;FBXO5;MAD2L1
GO_Biological_Process_2023,Response To Ionizing Radiation (GO:0010212),10/72,0.1123918941002875,0.9999958087188284,0,0,1.6273538334500153,3.557010546733943,RAD51AP1;BARD1;DEPDC1B;BLM;MTA1;RAD51;FANCD2;BRCA1;ECT2;RAD9A
GO_Biological_Process_2023,Positive Regulation Of Wnt Signaling Pathway (GO:0030177),14/109,0.1136504762691918,0.9999958087188284,0,0,1.4874922945959432,3.234741706430353,JUP;FZD9;CSNK1D;SULF1;EGFR;COL1A1;DEPDC1B;PPM1B;CDH3;LBX2;DISC1;SOX4;LGR4;ATP6V1C2
GO_Biological_Process_2023,Focal Adhesion Assembly (GO:0048041),4/21,0.115509902874374,0.9999958087188284,0,0,2.371994388437572,5.119710348087198,BCR;SRC;THY1;RHOD
GO_Biological_Process_2023,Glycolytic Process (GO:0006096),5/29,0.1156941686300293,0.9999958087188284,0,0,2.1005595634480208,4.530497467612318,LDHA;HKDC1;ALDOB;ENO2;GAPDH
GO_Biological_Process_2023,Morphogenesis Of An Epithelium (GO:0002009),5/29,0.1156941686300293,0.9999958087188284,0,0,2.1005595634480208,4.530497467612318,WNT10A;KRT16;TIMELESS;SOX9;KRT6A
GO_Biological_Process_2023,Epithelial Cell Migration (GO:0010631),7/46,0.1173365327863491,0.9999958087188284,0,0,1.81022792022792,3.878791881840768,ANLN;STAT1;KRT16;S100P;TNFRSF25;CEL;PRSS3
GO_Biological_Process_2023,Neuron Migration (GO:0001764),8/55,0.1197908349299774,0.9999958087188284,0,0,1.716887632609133,3.6432494620119975,TUBB2B;TRIM46;SEMA3E;RAC1;DISC1;KIAA0319L;MARK2;CDK5R1
GO_Biological_Process_2023,Monocarboxylic Acid Transport (GO:0015718),10/73,0.1202984045338958,0.9999958087188284,0,0,1.601434489581401,3.3914858028036954,ABCC3;SLC5A6;CEACAM1;SLC5A8;SLC6A8;CRABP2;CRABP1;SLC16A9;SLC16A3;PPARD
GO_Biological_Process_2023,Peptidyl-Serine Phosphorylation (GO:0018105),19/158,0.1217088240307785,0.9999958087188284,0,0,1.3802085848100043,2.906890115205592,CAMK2B;DYRK2;NEK6;STK39;CSNK1D;CDC7;TTK;UHMK1;SRPK1;AURKA;SBK1;MYO3B;PBK;TOP1;STK32A;MAP3K13;IKBKE;MARK2;CDK5R1
GO_Biological_Process_2023,Import Into Cell (GO:0098657),6/38,0.1237455732829508,0.9999958087188284,0,0,1.8907204330927263,3.950712622656417,SLC5A6;SLC7A5;SLC1A7;SLC5A3;LRRC8E;SLC29A2
GO_Biological_Process_2023,Positive Regulation Of Bone Mineralization (GO:0030501),6/38,0.1237455732829508,0.9999958087188284,0,0,1.8907204330927263,3.950712622656417,TFAP2A;CCNA2;CYP27B1;FZD9;ISG15;ACVR2B
GO_Biological_Process_2023,Protein Phosphorylation (GO:0006468),53/500,0.1247767139069665,0.9999958087188284,0,0,1.1996076720771187,2.496658788869941,DDR1;DYRK2;CHEK1;PBK;NEK2;MAP3K9;STK32A;EPHB2;IKBKE;EPHB3;IGFBP3;CAD;LMTK3;CSNK1D;UHMK1;ERN2;MELK;CREB1;MYO3B;INCENP;CCNE1;BIRC5;TOP1;EPHA1;CAMK2B;SRC;STK39;CDCA8;TTK;CSF2RA;EGFR;AURKB;AURKA;IRAK1;ERBB2;PAK6;MARK2;PLK4;TAF13;NEK6;LIMK1;BRAF;CDC7;PTK6;EIF2AK4;ACVR2B;SRPK1;SBK1;TAOK1;ATP13A2;TAF6;MAP3K13;CDK5R1
GO_Biological_Process_2023,IMP Biosynthetic Process (GO:0006188),2/7,0.1262802597041554,0.9999958087188284,0,0,4.030581717451524,8.340287501387053,ATIC;PAICS
GO_Biological_Process_2023,L-alanine Transport (GO:0015808),2/7,0.1262802597041554,0.9999958087188284,0,0,4.030581717451524,8.340287501387053,SLC1A4;SLC36A4
GO_Biological_Process_2023,UV Protection (GO:0009650),2/7,0.1262802597041554,0.9999958087188284,0,0,4.030581717451524,8.340287501387053,FEN1;MC1R
GO_Biological_Process_2023,Aromatic Amino Acid Transport (GO:0015801),2/7,0.1262802597041554,0.9999958087188284,0,0,4.030581717451524,8.340287501387053,SLC7A5;SLC36A4
GO_Biological_Process_2023,Catecholamine Transport (GO:0051937),2/7,0.1262802597041554,0.9999958087188284,0,0,4.030581717451524,8.340287501387053,SLC29A4;SLC6A3
GO_Biological_Process_2023,Dopamine Uptake (GO:0090494),2/7,0.1262802597041554,0.9999958087188284,0,0,4.030581717451524,8.340287501387053,SLC29A4;SLC6A3
GO_Biological_Process_2023,Estrogen Biosynthetic Process (GO:0006703),2/7,0.1262802597041554,0.9999958087188284,0,0,4.030581717451524,8.340287501387053,HSD17B1;HSD17B7
GO_Biological_Process_2023,Foam Cell Differentiation (GO:0090077),2/7,0.1262802597041554,0.9999958087188284,0,0,4.030581717451524,8.340287501387053,STAT1;SAMD1
GO_Biological_Process_2023,Fructose Metabolic Process (GO:0006000),2/7,0.1262802597041554,0.9999958087188284,0,0,4.030581717451524,8.340287501387053,SORD;ALDOB
GO_Biological_Process_2023,Galactosylceramide Metabolic Process (GO:0006681),2/7,0.1262802597041554,0.9999958087188284,0,0,4.030581717451524,8.340287501387053,FA2H;UGT8
GO_Biological_Process_2023,Kidney Mesenchyme Development (GO:0072074),2/7,0.1262802597041554,0.9999958087188284,0,0,4.030581717451524,8.340287501387053,SIX4;SIX1
GO_Biological_Process_2023,Monosaccharide Biosynthetic Process (GO:0046364),2/7,0.1262802597041554,0.9999958087188284,0,0,4.030581717451524,8.340287501387053,G6PD;DSEL
GO_Biological_Process_2023,"Negative Regulation Of Complement Activation, Classical Pathway (GO:0045959)",2/7,0.1262802597041554,0.9999958087188284,0,0,4.030581717451524,8.340287501387053,SUSD4;C4BPB
GO_Biological_Process_2023,Negative Regulation Of Mitochondrial Membrane Potential (GO:0010917),2/7,0.1262802597041554,0.9999958087188284,0,0,4.030581717451524,8.340287501387053,PIP5KL1;PMAIP1
GO_Biological_Process_2023,Neuroepithelial Cell Differentiation (GO:0060563),2/7,0.1262802597041554,0.9999958087188284,0,0,4.030581717451524,8.340287501387053,SOX11;SOX4
GO_Biological_Process_2023,Peptidyl-Proline Hydroxylation To 4-hydroxy-L-proline (GO:0018401),2/7,0.1262802597041554,0.9999958087188284,0,0,4.030581717451524,8.340287501387053,EGLN3;P4HB
GO_Biological_Process_2023,Phosphatidylserine Acyl-Chain Remodeling (GO:0036150),2/7,0.1262802597041554,0.9999958087188284,0,0,4.030581717451524,8.340287501387053,OSBPL8;MBOAT2
GO_Biological_Process_2023,Positive Regulation Of Epithelial Tube Formation (GO:1905278),2/7,0.1262802597041554,0.9999958087188284,0,0,4.030581717451524,8.340287501387053,SIX4;SIX1
GO_Biological_Process_2023,Positive Regulation Of Plasminogen Activation (GO:0010756),2/7,0.1262802597041554,0.9999958087188284,0,0,4.030581717451524,8.340287501387053,F12;HPN
GO_Biological_Process_2023,"Post-Translational Protein Targeting To Membrane, Translocation (GO:0031204)",2/7,0.1262802597041554,0.9999958087188284,0,0,4.030581717451524,8.340287501387053,SEC61A2;HYOU1
GO_Biological_Process_2023,Protein K27-linked Ubiquitination (GO:0044314),2/7,0.1262802597041554,0.9999958087188284,0,0,4.030581717451524,8.340287501387053,UBE2S;UBE2T
GO_Biological_Process_2023,Protein Retention In ER Lumen (GO:0006621),2/7,0.1262802597041554,0.9999958087188284,0,0,4.030581717451524,8.340287501387053,KDELR2;KDELR3
GO_Biological_Process_2023,Regulation Of Mesenchymal Stem Cell Differentiation (GO:2000739),2/7,0.1262802597041554,0.9999958087188284,0,0,4.030581717451524,8.340287501387053,SLC4A11;SOX9
GO_Biological_Process_2023,Regulation Of Myeloid Leukocyte Differentiation (GO:0002761),2/7,0.1262802597041554,0.9999958087188284,0,0,4.030581717451524,8.340287501387053,IRF7;FOXP1
GO_Biological_Process_2023,Regulation Of Nitric Oxide Metabolic Process (GO:0080164),2/7,0.1262802597041554,0.9999958087188284,0,0,4.030581717451524,8.340287501387053,NOS1AP;RAC1
GO_Biological_Process_2023,Regulation Of Oxidative Stress-Induced Cell Death (GO:1903201),2/7,0.1262802597041554,0.9999958087188284,0,0,4.030581717451524,8.340287501387053,MMP3;P4HB
GO_Biological_Process_2023,Sulfur Amino Acid Transport (GO:0000101),2/7,0.1262802597041554,0.9999958087188284,0,0,4.030581717451524,8.340287501387053,SLC7A5;SLC1A4
GO_Biological_Process_2023,2-Oxoglutarate Metabolic Process (GO:0006103),3/14,0.1265445180146089,0.9999958087188284,0,0,2.7487401733521466,5.6820887924115455,GPT2;IDH2;L2HGDH
GO_Biological_Process_2023,L-glutamate Transmembrane Transport (GO:0015813),3/14,0.1265445180146089,0.9999958087188284,0,0,2.7487401733521466,5.6820887924115455,SLC1A4;SLC1A7;SLC25A13
GO_Biological_Process_2023,Bone Morphogenesis (GO:0060349),3/14,0.1265445180146089,0.9999958087188284,0,0,2.7487401733521466,5.6820887924115455,TFAP2A;MMP13;LRP5
GO_Biological_Process_2023,Centromere Complex Assembly (GO:0034508),3/14,0.1265445180146089,0.9999958087188284,0,0,2.7487401733521466,5.6820887924115455,CENPE;CENPF;OIP5
GO_Biological_Process_2023,Establishment Of Chromosome Localization (GO:0051303),3/14,0.1265445180146089,0.9999958087188284,0,0,2.7487401733521466,5.6820887924115455,CENPF;INCENP;KIF2C
GO_Biological_Process_2023,Establishment Of Spindle Localization (GO:0051293),3/14,0.1265445180146089,0.9999958087188284,0,0,2.7487401733521466,5.6820887924115455,NUSAP1;MAP4;LLGL2
GO_Biological_Process_2023,Positive Regulation Of Transporter Activity (GO:0032411),3/14,0.1265445180146089,0.9999958087188284,0,0,2.7487401733521466,5.6820887924115455,STK39;KCTD7;PPARD
GO_Biological_Process_2023,Regulation Of Branching Involved In Ureteric Bud Morphogenesis (GO:0090189),3/14,0.1265445180146089,0.9999958087188284,0,0,2.7487401733521466,5.6820887924115455,SIX4;SIX1;SOX9
GO_Biological_Process_2023,Regulation Of Phosphate Metabolic Process (GO:0019220),3/14,0.1265445180146089,0.9999958087188284,0,0,2.7487401733521466,5.6820887924115455,SRPX2;SMG7;CD24
GO_Biological_Process_2023,Cytoskeleton Organization (GO:0007010),14/111,0.1265664869820906,0.9999958087188284,0,0,1.4566613577428833,3.0109008474617167,DST;MAPKAP1;THY1;NOL3;KISS1;FGD6;MDK;KRT16;PACSIN3;RAC3;PAK6;RAC1;BRWD1;PACSIN1
GO_Biological_Process_2023,Vascular Transport (GO:0010232),11/83,0.1269177854012607,0.9999958087188284,0,0,1.5414733358079684,3.1819335552383023,ABCC3;SLC5A6;SLC7A5;SLC4A8;SLCO3A1;SLC2A1;SLC29A4;SLC1A4;SLC4A3;SLC5A3;SLC29A2
GO_Biological_Process_2023,Regulation Of Wound Healing (GO:0061041),7/47,0.1277564962202266,0.9999958087188284,0,0,1.764875,3.63145833461868,VIL1;CLDN4;CLDN3;TNFRSF12A;PLAU;F2RL1;EPHB2
GO_Biological_Process_2023,Gland Development (GO:0048732),10/74,0.1285035005047849,0.9999958087188284,0,0,1.5763251252086812,3.234302526388717,WNT10A;PRKCSH;MDK;NF1;SIX1;LSR;SOX9;CDK5RAP3;EPHB3;STRA6
GO_Biological_Process_2023,Negative Regulation Of Neuron Apoptotic Process (GO:0043524),10/74,0.1285035005047849,0.9999958087188284,0,0,1.5763251252086812,3.234302526388717,SIX4;ERBB3;MDK;CLCF1;KIF14;FZD9;SIX1;SEMA3E;ISL1;CRLF1
GO_Biological_Process_2023,DNA Geometric Change (GO:0032392),5/30,0.1290927893713526,0.9999958087188284,0,0,2.016426193118757,4.128075765560257,RECQL4;BLM;MCM8;DDX11;HMGB3
GO_Biological_Process_2023,Embryonic Skeletal System Morphogenesis (GO:0048704),5/30,0.1290927893713526,0.9999958087188284,0,0,2.016426193118757,4.128075765560257,TFAP2A;SIX1;HOXC4;SOX11;HOXC9
GO_Biological_Process_2023,Response To Epidermal Growth Factor (GO:0070849),5/30,0.1290927893713526,0.9999958087188284,0,0,2.016426193118757,4.128075765560257,VIL1;SYAP1;ERBB2;SOX9;EGFR
GO_Biological_Process_2023,Regulation Of Cell Cycle (GO:0051726),33/298,0.1294122987011147,0.9999958087188284,0,0,1.2584799302290952,2.573279174803421,YWHAE;CCNF;BRCA1;LIN9;FOXM1;CKS1B;TBRG4;CDC20;MBTD1;CHEK1;FBXO5;SOX9;HOXC9;CDK5RAP3;BARD1;CDT1;PNPT1;CDKN2A;NEK6;MX2;FZD9;PTK6;CEL;WDR12;UHMK1;BOP1;LEP;TAF6;TTLL12;PRR11;CDKN3;BIRC3;MCM2
GO_Biological_Process_2023,Regulation Of Cell-Matrix Adhesion (GO:0001952),9/65,0.1294250511962208,0.9999958087188284,0,0,1.6211763070077865,3.31474351944617,JUP;PLAU;CDKN2A;PTPRA;ENC1;NF1;SEMA3E;THY1;EPHA1
GO_Biological_Process_2023,Cellular Response To Interferon-Beta (GO:0035458),4/22,0.1316246114396562,0.9999958087188284,0,0,2.2400936710420902,4.542464769906607,IFNAR2;PNPT1;AIM2;STAT1
GO_Biological_Process_2023,Glucose Transmembrane Transport (GO:1904659),4/22,0.1316246114396562,0.9999958087188284,0,0,2.2400936710420902,4.542464769906607,SLC2A1;SLC2A5;SLC5A3;PPARD
GO_Biological_Process_2023,Placenta Development (GO:0001890),4/22,0.1316246114396562,0.9999958087188284,0,0,2.2400936710420902,4.542464769906607,CUL7;LEP;PHLDA2;E2F7
GO_Biological_Process_2023,Positive Regulation Of Viral Life Cycle (GO:1903902),4/22,0.1316246114396562,0.9999958087188284,0,0,2.2400936710420902,4.542464769906607,TMPRSS4;P4HB;TRIM38;KPNA2
GO_Biological_Process_2023,Negative Regulation Of Lymphocyte Proliferation (GO:0050672),6/39,0.1357393083020332,0.9999958087188284,0,0,1.8333249204987128,3.661184852447788,IL10;IL4I1;PLA2G2D;SOX11;VTCN1;TNFRSF21
GO_Biological_Process_2023,Regulation Of Protein Tyrosine Kinase Activity (GO:0061097),6/39,0.1357393083020332,0.9999958087188284,0,0,1.8333249204987128,3.661184852447788,ERBB3;NOX4;PTK6;THY1;LRP8;AGT
GO_Biological_Process_2023,Epidermis Development (GO:0008544),11/85,0.1430200103823156,0.9999958087188284,0,0,1.4996463612833324,2.916468342428982,DSP;COL17A1;WNT10A;SPINT1;CRABP2;LAMB3;COL7A1;KRT15;ATP2A2;LAMC2;GRHL2
GO_Biological_Process_2023,Integrin-Mediated Signaling Pathway (GO:0007229),11/85,0.1430200103823156,0.9999958087188284,0,0,1.4996463612833324,2.916468342428982,CEACAM1;COL3A1;DST;ITGB4;SRC;PTPRA;ITGA2;ITGA11;ISG15;THY1;CDH17
GO_Biological_Process_2023,Transport Across Blood-Brain Barrier (GO:0150104),11/85,0.1430200103823156,0.9999958087188284,0,0,1.4996463612833324,2.916468342428982,ABCC3;SLC5A6;SLC7A5;SLC4A8;SLCO3A1;SLC2A1;SLC29A4;SLC1A4;SLC4A3;SLC5A3;SLC29A2
GO_Biological_Process_2023,Endodermal Cell Differentiation (GO:0035987),5/31,0.1431577045601579,0.9999958087188284,0,0,1.9387646205071287,3.768587007891854,LAMB3;MMP15;COL11A1;COL7A1;MMP9
GO_Biological_Process_2023,Wnt Signaling Pathway (GO:0016055),10/76,0.1457889434035125,0.9999958087188284,0,0,1.5283890659516703,2.943058796279621,BCL9;WNT10A;JUP;WNT7B;LRP5;FZD9;RAC3;CD24;WNT3;BCL9L
GO_Biological_Process_2023,L-glutamate Import (GO:0051938),3/15,0.1480872247071366,0.9999958087188284,0,0,2.519539911308204,4.812204885025241,SLC1A4;SLC1A7;SLC25A13
GO_Biological_Process_2023,Dendritic Spine Morphogenesis (GO:0060997),3/15,0.1480872247071366,0.9999958087188284,0,0,2.519539911308204,4.812204885025241,NOL3;EPHB2;EPHB3
GO_Biological_Process_2023,Digestive Tract Morphogenesis (GO:0048546),3/15,0.1480872247071366,0.9999958087188284,0,0,2.519539911308204,4.812204885025241,SOX11;EPHB3;STRA6
GO_Biological_Process_2023,Epiboly Involved In Wound Healing (GO:0090505),3/15,0.1480872247071366,0.9999958087188284,0,0,2.519539911308204,4.812204885025241,DDR1;CCNA2;CEACAM1
GO_Biological_Process_2023,Membrane Repolarization During Action Potential (GO:0086011),3/15,0.1480872247071366,0.9999958087188284,0,0,2.519539911308204,4.812204885025241,YWHAE;KCNH6;ATP1B1
GO_Biological_Process_2023,Oogenesis (GO:0048477),3/15,0.1480872247071366,0.9999958087188284,0,0,2.519539911308204,4.812204885025241,MDK;HORMAD1;TRIP13
GO_Biological_Process_2023,Protein Localization To Cell-Cell Junction (GO:0150105),3/15,0.1480872247071366,0.9999958087188284,0,0,2.519539911308204,4.812204885025241,DSP;CHAF1B;LSR
GO_Biological_Process_2023,Regulation Of Hormone Secretion (GO:0046883),3/15,0.1480872247071366,0.9999958087188284,0,0,2.519539911308204,4.812204885025241,LIF;SCG5;SOX11
GO_Biological_Process_2023,Sympathetic Nervous System Development (GO:0048485),3/15,0.1480872247071366,0.9999958087188284,0,0,2.519539911308204,4.812204885025241,NF1;SOX11;SOX4
GO_Biological_Process_2023,Cyclic-Nucleotide-Mediated Signaling (GO:0019935),6/40,0.1482555442351108,0.9999958087188284,0,0,1.7793056145278767,3.3963703068114226,GUCY1B2;CREB1;GAL;SOX9;PDE7A;PDE9A
GO_Biological_Process_2023,Endocrine System Development (GO:0035270),4/23,0.1485997767501539,0.9999958087188284,0,0,2.122077239688239,4.045737390653629,MDK;NF1;SIX1;STRA6
GO_Biological_Process_2023,Hepaticobiliary System Development (GO:0061008),4/23,0.1485997767501539,0.9999958087188284,0,0,2.122077239688239,4.045737390653629,PRKCSH;NF1;LSR;CDK5RAP3
GO_Biological_Process_2023,Negative Regulation Of Actin Filament Polymerization (GO:0030837),4/23,0.1485997767501539,0.9999958087188284,0,0,2.122077239688239,4.045737390653629,VIL1;SCIN;HIP1R;PFN4
GO_Biological_Process_2023,Negative Regulation Of Epidermal Growth Factor Receptor Signaling Pathway (GO:0042059),4/23,0.1485997767501539,0.9999958087188284,0,0,2.122077239688239,4.045737390653629,ZGPAT;CBLC;CBLB;EGFR
GO_Biological_Process_2023,Negative Regulation Of Lymphocyte Activation (GO:0051250),4/23,0.1485997767501539,0.9999958087188284,0,0,2.122077239688239,4.045737390653629,IL4I1;FGL1;SOX11;VTCN1
GO_Biological_Process_2023,Positive Regulation Of Neuron Apoptotic Process (GO:0043525),4/23,0.1485997767501539,0.9999958087188284,0,0,2.122077239688239,4.045737390653629,TFAP2A;FBXW7;NF1;CDK5R1
GO_Biological_Process_2023,Regulation Of Bone Mineralization (GO:0030500),8/58,0.1496045519029636,0.9999958087188284,0,0,1.6136075597554196,3.0654667536123807,CCNA2;GREM1;TFAP2A;CYP27B1;FZD9;ISG15;BCOR;ACVR2B
GO_Biological_Process_2023,Negative Regulation Of T Cell Activation (GO:0050868),7/49,0.1499230389960848,0.9999958087188284,0,0,1.680648148148148,3.1892537064908897,IL10;IL4I1;CEACAM1;PLA2G2D;FGL1;VTCN1;TNFRSF21
GO_Biological_Process_2023,Regulation Of Mitotic Metaphase/Anaphase Transition (GO:0030071),7/49,0.1499230389960848,0.9999958087188284,0,0,1.680648148148148,3.1892537064908897,CDC20;CENPE;CCNB1;SMARCC2;UBE2C;NEK6;FBXO5
GO_Biological_Process_2023,Regulation Of Cell Differentiation (GO:0045595),22/193,0.1526520723182045,0.9999958087188284,0,0,1.298946713188199,2.441492428001846,DDX17;TFAP2A;SMARCC2;ZFHX2;LIF;SIX1;MBOAT2;PA2G4;ISL1;KLK6;GREM1;SCIN;MTA1;MDK;SMOC1;NF1;OCIAD1;PRAME;CD24;MTA3;CDK5RAP3;CDK5R1
GO_Biological_Process_2023,Female Gamete Generation (GO:0007292),5/32,0.1578490645439172,0.9999958087188284,0,0,1.8668557569778437,3.446432264409704,MCM8;MDK;DMC1;HORMAD1;TRIP13
GO_Biological_Process_2023,Regulation Of Ubiquitin-Protein Transferase Activity (GO:0051438),5/32,0.1578490645439172,0.9999958087188284,0,0,1.8668557569778437,3.446432264409704,CDC20;FBXW7;LIMK1;FBXO5;MAD2L1
GO_Biological_Process_2023,Cell-Cell Junction Organization (GO:0045216),9/68,0.157878120072883,0.9999958087188284,0,0,1.5384890933428856,2.8399461499351637,DSP;CDH3;CDH1;CTNND1;MARVELD3;F2RL1;DSG2;PKP3;CDH17
GO_Biological_Process_2023,AMP Biosynthetic Process (GO:0006167),2/8,0.1586552151262606,0.9999958087188284,0,0,3.358633425669437,6.18331765579111,ATIC;PAICS
GO_Biological_Process_2023,UDP-N-acetylglucosamine Biosynthetic Process (GO:0006048),2/8,0.1586552151262606,0.9999958087188284,0,0,3.358633425669437,6.18331765579111,GFPT1;GNPNAT1
GO_Biological_Process_2023,Cobalamin Transport (GO:0015889),2/8,0.1586552151262606,0.9999958087188284,0,0,3.358633425669437,6.18331765579111,TCN1;ABCD1
GO_Biological_Process_2023,Constitutive Heterochromatin Formation (GO:0140719),2/8,0.1586552151262606,0.9999958087188284,0,0,3.358633425669437,6.18331765579111,HELLS;EZH2
GO_Biological_Process_2023,Detection Of Mechanical Stimulus Involved In Sensory Perception Of Sound (GO:0050910),2/8,0.1586552151262606,0.9999958087188284,0,0,3.358633425669437,6.18331765579111,COL11A1;HPN
GO_Biological_Process_2023,Endothelial Cell Chemotaxis (GO:0035767),2/8,0.1586552151262606,0.9999958087188284,0,0,3.358633425669437,6.18331765579111,TNFRSF25;CXCL13
GO_Biological_Process_2023,"Fructose 1,6-Bisphosphate Metabolic Process (GO:0030388)",2/8,0.1586552151262606,0.9999958087188284,0,0,3.358633425669437,6.18331765579111,ALDOB;PFKP
GO_Biological_Process_2023,Membrane Lipid Catabolic Process (GO:0046466),2/8,0.1586552151262606,0.9999958087188284,0,0,3.358633425669437,6.18331765579111,SGPL1;SMPDL3B
GO_Biological_Process_2023,Mesodermal Cell Differentiation (GO:0048333),2/8,0.1586552151262606,0.9999958087188284,0,0,3.358633425669437,6.18331765579111,ITGB4;ITGA2
GO_Biological_Process_2023,Negative Regulation Of Membrane Potential (GO:0045837),2/8,0.1586552151262606,0.9999958087188284,0,0,3.358633425669437,6.18331765579111,PIP5KL1;PMAIP1
GO_Biological_Process_2023,Negative Regulation Of Mitotic Nuclear Division (GO:0045839),2/8,0.1586552151262606,0.9999958087188284,0,0,3.358633425669437,6.18331765579111,CHEK1;FBXO5
GO_Biological_Process_2023,Negative Regulation Of Ubiquitin Protein Ligase Activity (GO:1904667),2/8,0.1586552151262606,0.9999958087188284,0,0,3.358633425669437,6.18331765579111,FBXO5;MAD2L1
GO_Biological_Process_2023,Plasminogen Activation (GO:0031639),2/8,0.1586552151262606,0.9999958087188284,0,0,3.358633425669437,6.18331765579111,FGB;PLAU
GO_Biological_Process_2023,Positive Regulation Of Actin Cytoskeleton Reorganization (GO:2000251),2/8,0.1586552151262606,0.9999958087188284,0,0,3.358633425669437,6.18331765579111,BAIAP2L2;BAIAP2L1
GO_Biological_Process_2023,Positive Regulation Of Calcium Ion-Dependent Exocytosis (GO:0045956),2/8,0.1586552151262606,0.9999958087188284,0,0,3.358633425669437,6.18331765579111,SCAMP5;STX1A
GO_Biological_Process_2023,Positive Regulation Of Centriole Replication (GO:0046601),2/8,0.1586552151262606,0.9999958087188284,0,0,3.358633425669437,6.18331765579111,PLK4;STIL
GO_Biological_Process_2023,Positive Regulation Of Megakaryocyte Differentiation (GO:0045654),2/8,0.1586552151262606,0.9999958087188284,0,0,3.358633425669437,6.18331765579111,SCIN;TESC
GO_Biological_Process_2023,Positive Regulation Of Synapse Maturation (GO:0090129),2/8,0.1586552151262606,0.9999958087188284,0,0,3.358633425669437,6.18331765579111,CAMK2B;CDC20
GO_Biological_Process_2023,Proline Transport (GO:0015824),2/8,0.1586552151262606,0.9999958087188284,0,0,3.358633425669437,6.18331765579111,SLC7A5;SLC36A4
GO_Biological_Process_2023,Protein K29-linked Ubiquitination (GO:0035519),2/8,0.1586552151262606,0.9999958087188284,0,0,3.358633425669437,6.18331765579111,UBE2S;UBE2T
GO_Biological_Process_2023,Protein Localization To Perinuclear Region Of Cytoplasm (GO:1905719),2/8,0.1586552151262606,0.9999958087188284,0,0,3.358633425669437,6.18331765579111,HOOK1;HOOK3
GO_Biological_Process_2023,Protein poly-ADP-ribosylation (GO:0070212),2/8,0.1586552151262606,0.9999958087188284,0,0,3.358633425669437,6.18331765579111,PARP10;PARP3
GO_Biological_Process_2023,"Regulation Of Complement Activation, Classical Pathway (GO:0030450)",2/8,0.1586552151262606,0.9999958087188284,0,0,3.358633425669437,6.18331765579111,SUSD4;C4BPB
GO_Biological_Process_2023,Regulation Of Endothelial Cell Differentiation (GO:0045601),2/8,0.1586552151262606,0.9999958087188284,0,0,3.358633425669437,6.18331765579111,CEACAM1;SORD
GO_Biological_Process_2023,Regulation Of Gap Junction Assembly (GO:1903596),2/8,0.1586552151262606,0.9999958087188284,0,0,3.358633425669437,6.18331765579111,ACE2;AGT
GO_Biological_Process_2023,Regulation Of Mitotic Sister Chromatid Segregation (GO:0033047),2/8,0.1586552151262606,0.9999958087188284,0,0,3.358633425669437,6.18331765579111,CCNB1;AURKB
GO_Biological_Process_2023,Regulation Of Morphogenesis Of An Epithelium (GO:1905330),2/8,0.1586552151262606,0.9999958087188284,0,0,3.358633425669437,6.18331765579111,BTBD7;FOXP1
GO_Biological_Process_2023,Regulation Of Nephron Tubule Epithelial Cell Differentiation (GO:0072182),2/8,0.1586552151262606,0.9999958087188284,0,0,3.358633425669437,6.18331765579111,LIF;PROM1
GO_Biological_Process_2023,Semaphorin-Plexin Signaling Pathway Involved In Axon Guidance (GO:1902287),2/8,0.1586552151262606,0.9999958087188284,0,0,3.358633425669437,6.18331765579111,PLXNB3;PLXNA3
GO_Biological_Process_2023,Sensory Organ Morphogenesis (GO:0090596),2/8,0.1586552151262606,0.9999958087188284,0,0,3.358633425669437,6.18331765579111,COL5A2;STRA6
GO_Biological_Process_2023,Sequestering Of Actin Monomers (GO:0042989),2/8,0.1586552151262606,0.9999958087188284,0,0,3.358633425669437,6.18331765579111,SCIN;PFN4
GO_Biological_Process_2023,Tyrosine Phosphorylation Of STAT Protein (GO:0007260),2/8,0.1586552151262606,0.9999958087188284,0,0,3.358633425669437,6.18331765579111,LEP;PTK6
GO_Biological_Process_2023,Cellular Response To Retinoic Acid (GO:0071300),6/41,0.1612691344602654,0.9999958087188284,0,0,1.7283731260410884,3.1537290284957,CREB1;TESC;WNT7B;PTK6;SOX9;WNT3
GO_Biological_Process_2023,Regulation Of Release Of Cytochrome C From Mitochondria (GO:0090199),6/41,0.1612691344602654,0.9999958087188284,0,0,1.7283731260410884,3.1537290284957,BIK;PMAIP1;BMF;AVP;NOL3;MMP9
GO_Biological_Process_2023,Dicarboxylic Acid Metabolic Process (GO:0043648),7/50,0.1616372772438736,0.9999958087188284,0,0,1.6414728682170543,2.9914209486624834,MTHFD2;SHMT2;GPT2;IDH2;L2HGDH;ALDH18A1;GCLM
GO_Biological_Process_2023,Cell Morphogenesis Involved In Differentiation (GO:0000904),4/24,0.1663593351594955,0.9999958087188284,0,0,2.0158624514697725,3.615661295838168,CLDN3;RAB25;TBCD;GRHL2
GO_Biological_Process_2023,Ear Morphogenesis (GO:0042471),4/24,0.1663593351594955,0.9999958087188284,0,0,2.0158624514697725,3.615661295838168,TFAP2A;MYO6;SIX1;EPHB2
GO_Biological_Process_2023,Fat-Soluble Vitamin Metabolic Process (GO:0006775),4/24,0.1663593351594955,0.9999958087188284,0,0,2.0158624514697725,3.615661295838168,NQO1;CYP27B1;CYP24A1;NPC1L1
GO_Biological_Process_2023,Negative Regulation Of Ion Transmembrane Transporter Activity (GO:0032413),4/24,0.1663593351594955,0.9999958087188284,0,0,2.0158624514697725,3.615661295838168,YWHAE;STK39;EPHB2;MMP9
GO_Biological_Process_2023,Positive Regulation Of BMP Signaling Pathway (GO:0030513),4/24,0.1663593351594955,0.9999958087188284,0,0,2.0158624514697725,3.615661295838168,CCNA2;UBE2O;SOX11;SULF1
GO_Biological_Process_2023,Regulation Of Cysteine-Type Endopeptidase Activity (GO:2000116),4/24,0.1663593351594955,0.9999958087188284,0,0,2.0158624514697725,3.615661295838168,CST2;CST1;GRIN1;BIRC3
GO_Biological_Process_2023,Regulation Of Heterotypic Cell-Cell Adhesion (GO:0034114),4/24,0.1663593351594955,0.9999958087188284,0,0,2.0158624514697725,3.615661295838168,FGB;IL10;CEACAM6;THY1
GO_Biological_Process_2023,Response To Purine-Containing Compound (GO:0014074),4/24,0.1663593351594955,0.9999958087188284,0,0,2.0158624514697725,3.615661295838168,P2RY6;CREB1;VGF;STAT1
GO_Biological_Process_2023,DNA-templated DNA Replication (GO:0006261),9/69,0.1679848468305267,0.9999958087188284,0,0,1.5127641824249165,2.6985920405306523,RECQL4;BLM;RECQL5;RAD51;POLE2;HMGA1;MCM4;MCM10;MCM2
GO_Biological_Process_2023,Negative Regulation Of Apoptotic Process (GO:0043066),50/482,0.1686667277262828,0.9999958087188284,0,0,1.1699893547503109,2.082382780788232,TNFRSF6B;FHL2;KIF14;SIX1;UBE2Z;COMP;SIX4;MDK;SOX9;IL10;DFFA;ISL1;MAPK8IP3;ATAD3A;MMP9;DNAJC3;GREM1;CEACAM6;CEACAM5;BIRC5;ADAM8;ANGPTL4;AVP;BIRC3;SRC;MAPKAP1;HPN;SEMA3E;VTCN1;NOL3;EGFR;BAG4;ERBB3;ERBB2;SFN;PRAME;BARD1;TFAP2A;STIL;CBX4;FZD9;ASNS;BRAF;PA2G4;HYPK;PROC;CLCF1;ALB;CRLF1;MAD2L1
GO_Biological_Process_2023,Negative Regulation Of Protein Kinase Activity (GO:0006469),11/88,0.1690676014368903,0.9999958087188284,0,0,1.44097995545657,2.5612793835047234,DBNDD1;CEACAM1;DUSP19;LRP5;NF1;SFN;PTK6;THY1;EPHB2;EPHA1;CDK5RAP3
GO_Biological_Process_2023,Apoptotic Nuclear Changes (GO:0030262),3/16,0.1707004158303954,0.9999958087188284,0,0,2.3256012280402523,4.111302998696659,TOP2A;ERN2;CDK5RAP3
GO_Biological_Process_2023,Autonomic Nervous System Development (GO:0048483),3/16,0.1707004158303954,0.9999958087188284,0,0,2.3256012280402523,4.111302998696659,NF1;SOX11;SOX4
GO_Biological_Process_2023,Cellular Response To Nitrogen Compound (GO:1901699),3/16,0.1707004158303954,0.9999958087188284,0,0,2.3256012280402523,4.111302998696659,BLM;DDX11;TIMELESS
GO_Biological_Process_2023,Negative Regulation Of Anoikis (GO:2000811),3/16,0.1707004158303954,0.9999958087188284,0,0,2.3256012280402523,4.111302998696659,SRC;CEACAM6;CEACAM5
GO_Biological_Process_2023,Positive Regulation By Host Of Viral Transcription (GO:0043923),3/16,0.1707004158303954,0.9999958087188284,0,0,2.3256012280402523,4.111302998696659,HPN;PSG1;NUCKS1
GO_Biological_Process_2023,Regulation Of Fatty Acid Oxidation (GO:0046320),3/16,0.1707004158303954,0.9999958087188284,0,0,2.3256012280402523,4.111302998696659,LONP2;SOX9;ABCD1
GO_Biological_Process_2023,Regulation Of Fibrinolysis (GO:0051917),3/16,0.1707004158303954,0.9999958087188284,0,0,2.3256012280402523,4.111302998696659,PLAU;F12;CEL
GO_Biological_Process_2023,Regulation Of Plasminogen Activation (GO:0010755),3/16,0.1707004158303954,0.9999958087188284,0,0,2.3256012280402523,4.111302998696659,PLAU;F12;HPN
GO_Biological_Process_2023,Regulation Of Secretion (GO:0051046),3/16,0.1707004158303954,0.9999958087188284,0,0,2.3256012280402523,4.111302998696659,SCIN;ERBB3;MYO6
GO_Biological_Process_2023,Homophilic Cell Adhesion Via Plasma Membrane Adhesion Molecules (GO:0007156),8/60,0.1712853676467232,0.9999958087188284,0,0,1.551374695343567,2.737283205841624,CEACAM1;CDH1;CEACAM6;CEACAM5;PLXNB3;DSG2;CDH17;IGSF9
GO_Biological_Process_2023,Actin Filament Bundle Assembly (GO:0051017),5/33,0.1731239772285026,0.9999958087188284,0,0,1.8000832408435072,3.156891140979456,BAIAP2L2;BAIAP2L1;FSCN2;ESPN;RHOD
GO_Biological_Process_2023,Actin Filament Bundle Organization (GO:0061572),5/33,0.1731239772285026,0.9999958087188284,0,0,1.8000832408435072,3.156891140979456,BAIAP2L2;BAIAP2L1;FSCN2;ESPN;RHOD
GO_Biological_Process_2023,Positive Regulation Of Chromosome Organization (GO:2001252),5/33,0.1731239772285026,0.9999958087188284,0,0,1.8000832408435072,3.156891140979456,FEN1;DDX11;NCAPG2;AURKB;PML
GO_Biological_Process_2023,Positive Regulation Of Telomerase Activity (GO:0051973),5/33,0.1731239772285026,0.9999958087188284,0,0,1.8000832408435072,3.156891140979456,GREM1;PKIB;NEK2;GRHL2;AURKB
GO_Biological_Process_2023,Protein K63-linked Deubiquitination (GO:0070536),5/33,0.1731239772285026,0.9999958087188284,0,0,1.8000832408435072,3.156891140979456,OTUB2;BARD1;DEPDC1B;SHMT2;BRCA1
GO_Biological_Process_2023,Signal Transduction By P53 Class Mediator (GO:0072331),5/33,0.1731239772285026,0.9999958087188284,0,0,1.8000832408435072,3.156891140979456,GREM1;MYO6;SESN2;PMAIP1;E2F7
GO_Biological_Process_2023,Positive Regulation Of Cytoskeleton Organization (GO:0051495),10/79,0.1738070136243612,0.9999958087188284,0,0,1.461695418289742,2.557688839485963,PLK4;VIL1;BAIAP2L2;STIL;BAIAP2L1;SCIN;SPAG5;LIMK1;F2RL1;PLXNA3
GO_Biological_Process_2023,Protein Import Into Nucleus (GO:0006606),10/79,0.1738070136243612,0.9999958087188284,0,0,1.461695418289742,2.557688839485963,IPO13;MMP12;NUP155;CSE1L;CBLB;FAM53A;E2F3;KPNA2;IPO4;TNPO3
GO_Biological_Process_2023,Amino Acid Transmembrane Transport (GO:0003333),6/42,0.1747527934454885,0.9999958087188284,0,0,1.6802702202480104,2.931034660774916,SLC7A5;SFXN1;SLC7A10;SLC36A4;LRRC8E;SLC25A13
GO_Biological_Process_2023,Monoatomic Cation Transport (GO:0006812),6/42,0.1747527934454885,0.9999958087188284,0,0,1.6802702202480104,2.931034660774916,PANX2;CNGA1;SLC29A4;ATP1B1;GRIN1;CNGB1
GO_Biological_Process_2023,Cellular Response To Chemical Stress (GO:0062197),11/89,0.1782311406016188,0.9999958087188284,0,0,1.4224273313916966,2.4532234756831635,NQO1;G6PD;CCS;PNPT1;PARP1;SESN2;TBC1D24;PYCR1;SLC4A11;ATP13A2;LRRC8E
GO_Biological_Process_2023,Positive Regulation Of DNA Repair (GO:0045739),11/89,0.1782311406016188,0.9999958087188284,0,0,1.4224273313916966,2.4532234756831635,DEPDC1B;SMARCC2;HDAC10;PARP1;DDX11;TIMELESS;SPIRE2;BRCA1;FOXM1;EGFR;NPAS2
GO_Biological_Process_2023,Negative Regulation Of Programmed Cell Death (GO:0043069),40/381,0.1786927612285205,0.9999958087188284,0,0,1.1851025729113247,2.040850167740905,TNFRSF6B;SRC;MAPKAP1;HPN;KIF14;FHL2;VTCN1;NOL3;UBE2Z;EGFR;COMP;BAG4;SIX4;ERBB3;DPP9;ERBB2;PRAME;SOX9;BARD1;IL10;TFAP2A;STIL;CBX4;ASNS;BRAF;PA2G4;MAPK8IP3;ATAD3A;MMP9;HYPK;DNAJC3;GREM1;PROC;CEACAM5;ALB;BIRC5;ANGPTL4;AVP;MAD2L1;BIRC3
GO_Biological_Process_2023,Proteolysis (GO:0006508),35/330,0.1808393908273582,0.9999958087188284,0,0,1.1983586486589892,2.049368231754604,ADAMDEC1;CUL7;TMPRSS6;SPPL2B;HM13;HPN;TMPRSS4;ECE2;PRSS22;LRP8;PCSK4;WFDC2;ADAM28;PLAU;DPP9;LONP2;PRSS3;PRSS2;HABP2;ST14;MMP1;FBXO2;F12;MMP3;CEL;MMP9;KLK12;MMP12;PROC;CAPN12;MMP15;XPNPEP3;ADAM8;THOP1;FBXL6
GO_Biological_Process_2023,Positive Regulation Of Cell Junction Assembly (GO:1901890),8/61,0.1826275302479514,0.9999958087188284,0,0,1.522019570620995,2.587899851432728,ACE2;CLDN3;SRPX2;RAC1;THY1;EPHB2;AGT;EPHB3
GO_Biological_Process_2023,Wound Healing (GO:0042060),10/80,0.183672185974163,0.9999958087188284,0,0,1.4407345575959931,2.441472683204415,DSP;MMP12;COL3A1;DST;ERBB3;ERBB2;NF1;MIA3;SYT7;KRT6A
GO_Biological_Process_2023,Metanephros Development (GO:0001656),4/25,0.1848240351053521,0.9999958087188284,0,0,1.9197633573673507,3.2412345149828545,SIX4;WNT7B;NF1;SIX1
GO_Biological_Process_2023,Negative Regulation Of Signaling Receptor Activity (GO:2000272),4/25,0.1848240351053521,0.9999958087188284,0,0,1.9197633573673507,3.2412345149828545,ZGPAT;CBLC;CBLB;EPHB2
GO_Biological_Process_2023,Negative Regulation Of Telomere Maintenance Via Telomere Lengthening (GO:1904357),4/25,0.1848240351053521,0.9999958087188284,0,0,1.9197633573673507,3.2412345149828545,PIF1;GNL3L;PARP1;SRC
GO_Biological_Process_2023,Positive Regulation Of Release Of Cytochrome C From Mitochondria (GO:0090200),4/25,0.1848240351053521,0.9999958087188284,0,0,1.9197633573673507,3.2412345149828545,BIK;PMAIP1;BMF;MMP9
GO_Biological_Process_2023,Regulation Of Actin Cytoskeleton Reorganization (GO:2000249),4/25,0.1848240351053521,0.9999958087188284,0,0,1.9197633573673507,3.2412345149828545,BAIAP2L2;BAIAP2L1;MDK;SEMA3E
GO_Biological_Process_2023,"Wound Healing, Spreading Of Cells (GO:0044319)",4/25,0.1848240351053521,0.9999958087188284,0,0,1.9197633573673507,3.2412345149828545,DDR1;CCNA2;MMP12;CEACAM1
GO_Biological_Process_2023,Positive Regulation Of Cell Division (GO:0051781),6/43,0.1886773841842499,0.9999958087188284,0,0,1.6347674715248286,2.7263289874257275,SVIL;RACGAP1;KIF14;KIF23;ECT2;CDC14B
GO_Biological_Process_2023,Positive Regulation Of Cell-Matrix Adhesion (GO:0001954),6/43,0.1886773841842499,0.9999958087188284,0,0,1.6347674715248286,2.7263289874257275,JUP;CEACAM6;ENC1;THY1;RAC1;EPHA1
GO_Biological_Process_2023,Regulation Of Cell-Cell Adhesion (GO:0022407),6/43,0.1886773841842499,0.9999958087188284,0,0,1.6347674715248286,2.7263289874257275,CEACAM1;SRC;CDH1;ADAM8;FUT3;EPHB3
GO_Biological_Process_2023,Negative Regulation Of Cell Cycle Process (GO:0010948),5/34,0.1889370876550268,0.9999958087188284,0,0,1.7379157258218838,2.895960556749684,CHEK1;NEK2;FBXO5;AURKB;E2F7
GO_Biological_Process_2023,Semaphorin-Plexin Signaling Pathway (GO:0071526),5/34,0.1889370876550268,0.9999958087188284,0,0,1.7379157258218838,2.895960556749684,SEMA4B;PLXNB3;SEMA3E;RAC1;PLXNA3
GO_Biological_Process_2023,Cell-Cell Junction Assembly (GO:0007043),9/71,0.1890692741168117,0.9999958087188284,0,0,1.463803868097169,2.438172911694405,GJB2;CDH3;GJB1;JUP;CDH1;CTNND1;TBCD;PKP3;CDH17
GO_Biological_Process_2023,NAD Biosynthesis Via Nicotinamide Riboside Salvage Pathway (GO:0034356),2/9,0.1923145879178892,0.9999958087188284,0,0,2.8786703601108035,4.745841500288791,PARP10;SLC5A8
GO_Biological_Process_2023,Amino Sugar Biosynthetic Process (GO:0046349),2/9,0.1923145879178892,0.9999958087188284,0,0,2.8786703601108035,4.745841500288791,GFPT1;GNPNAT1
GO_Biological_Process_2023,Aspartate Transmembrane Transport (GO:0015810),2/9,0.1923145879178892,0.9999958087188284,0,0,2.8786703601108035,4.745841500288791,LRRC8E;SLC25A13
GO_Biological_Process_2023,Chondroitin Sulfate Proteoglycan Metabolic Process (GO:0050654),2/9,0.1923145879178892,0.9999958087188284,0,0,2.8786703601108035,4.745841500288791,B3GAT3;DSEL
GO_Biological_Process_2023,Dopamine Transport (GO:0015872),2/9,0.1923145879178892,0.9999958087188284,0,0,2.8786703601108035,4.745841500288791,SLC29A4;SLC6A3
GO_Biological_Process_2023,Error-Prone Translesion Synthesis (GO:0042276),2/9,0.1923145879178892,0.9999958087188284,0,0,2.8786703601108035,4.745841500288791,POLE2;POLH
GO_Biological_Process_2023,Fructose 6-Phosphate Metabolic Process (GO:0006002),2/9,0.1923145879178892,0.9999958087188284,0,0,2.8786703601108035,4.745841500288791,GFPT1;PFKP
GO_Biological_Process_2023,Intestinal Cholesterol Absorption (GO:0030299),2/9,0.1923145879178892,0.9999958087188284,0,0,2.8786703601108035,4.745841500288791,NPC1L1;CEL
GO_Biological_Process_2023,Lipid Import Into Cell (GO:0140354),2/9,0.1923145879178892,0.9999958087188284,0,0,2.8786703601108035,4.745841500288791,SLC27A2;STRA6
GO_Biological_Process_2023,Long-Chain Fatty Acid Import Into Cell (GO:0044539),2/9,0.1923145879178892,0.9999958087188284,0,0,2.8786703601108035,4.745841500288791,SLC2A1;SLC27A2
GO_Biological_Process_2023,Mitochondrial RNA Processing (GO:0000963),2/9,0.1923145879178892,0.9999958087188284,0,0,2.8786703601108035,4.745841500288791,PNPT1;TBRG4
GO_Biological_Process_2023,Mitochondrion Morphogenesis (GO:0070584),2/9,0.1923145879178892,0.9999958087188284,0,0,2.8786703601108035,4.745841500288791,PNPT1;NUBPL
GO_Biological_Process_2023,Muscle Cell Migration (GO:0014812),2/9,0.1923145879178892,0.9999958087188284,0,0,2.8786703601108035,4.745841500288791,DDR1;SIX1
GO_Biological_Process_2023,Negative Regulation Of Humoral Immune Response Mediated By Circulating Immunoglobulin (GO:0002924),2/9,0.1923145879178892,0.9999958087188284,0,0,2.8786703601108035,4.745841500288791,SUSD4;C4BPB
GO_Biological_Process_2023,Negative Regulation Of Necroptotic Process (GO:0060546),2/9,0.1923145879178892,0.9999958087188284,0,0,2.8786703601108035,4.745841500288791,FZD9;BIRC3
GO_Biological_Process_2023,Negative Regulation Of Transcription By Competitive Promoter Binding (GO:0010944),2/9,0.1923145879178892,0.9999958087188284,0,0,2.8786703601108035,4.745841500288791,TFAP2A;CREB1
GO_Biological_Process_2023,Negative Regulation Of Transforming Growth Factor Beta Production (GO:0071635),2/9,0.1923145879178892,0.9999958087188284,0,0,2.8786703601108035,4.745841500288791,LAPTM4B;CDH3
GO_Biological_Process_2023,Organic Hydroxy Compound Catabolic Process (GO:1901616),2/9,0.1923145879178892,0.9999958087188284,0,0,2.8786703601108035,4.745841500288791,CYP24A1;LCT
GO_Biological_Process_2023,Phosphatidylethanolamine Biosynthetic Process (GO:0006646),2/9,0.1923145879178892,0.9999958087188284,0,0,2.8786703601108035,4.745841500288791,ETNK2;SFI1
GO_Biological_Process_2023,Positive Regulation Of Epidermis Development (GO:0045684),2/9,0.1923145879178892,0.9999958087188284,0,0,2.8786703601108035,4.745841500288791,TMEM79;SFN
GO_Biological_Process_2023,Positive Regulation Of Hippo Signaling (GO:0035332),2/9,0.1923145879178892,0.9999958087188284,0,0,2.8786703601108035,4.745841500288791,SRC;SOX11
GO_Biological_Process_2023,Protein O-linked Glycosylation Via Serine (GO:0018242),2/9,0.1923145879178892,0.9999958087188284,0,0,2.8786703601108035,4.745841500288791,GALNT4;GALNT3
GO_Biological_Process_2023,Quinone Metabolic Process (GO:1901661),2/9,0.1923145879178892,0.9999958087188284,0,0,2.8786703601108035,4.745841500288791,NQO1;CRYZL1
GO_Biological_Process_2023,Regulation Of Granulocyte Differentiation (GO:0030852),2/9,0.1923145879178892,0.9999958087188284,0,0,2.8786703601108035,4.745841500288791,CEACAM1;TESC
GO_Biological_Process_2023,Regulation Of Leukocyte Mediated Cytotoxicity (GO:0001910),2/9,0.1923145879178892,0.9999958087188284,0,0,2.8786703601108035,4.745841500288791,LEP;DNASE1
GO_Biological_Process_2023,Response To Type I Interferon (GO:0034340),2/9,0.1923145879178892,0.9999958087188284,0,0,2.8786703601108035,4.745841500288791,SHMT2;ISG15
GO_Biological_Process_2023,Smooth Muscle Tissue Development (GO:0048745),2/9,0.1923145879178892,0.9999958087188284,0,0,2.8786703601108035,4.745841500288791,NF1;STRA6
GO_Biological_Process_2023,Telomere Maintenance Via Recombination (GO:0000722),2/9,0.1923145879178892,0.9999958087188284,0,0,2.8786703601108035,4.745841500288791,RAD51;XRCC3
GO_Biological_Process_2023,Telomeric Loop Disassembly (GO:0090657),2/9,0.1923145879178892,0.9999958087188284,0,0,2.8786703601108035,4.745841500288791,RECQL4;XRCC3
GO_Biological_Process_2023,Spindle Assembly (GO:0051225),10/81,0.1937851183060473,0.9999958087188284,0,0,1.42036414368235,2.330825189127232,TPX2;KIFC2;KIFC1;NEK6;RCC1;NEK2;CSNK1D;KIF11;GOLGA8A;SAC3D1
GO_Biological_Process_2023,DNA Replication Checkpoint Signaling (GO:0000076),3/17,0.1942111023019075,0.9999958087188284,0,0,2.1593680709534366,3.5387930281664386,CDT1;TIMELESS;RAD9A
GO_Biological_Process_2023,NAD Biosynthetic Process (GO:0009435),3/17,0.1942111023019075,0.9999958087188284,0,0,2.1593680709534366,3.5387930281664386,PARP10;SLC5A8;NMNAT2
GO_Biological_Process_2023,Mesenchyme Development (GO:0060485),3/17,0.1942111023019075,0.9999958087188284,0,0,2.1593680709534366,3.5387930281664386,MESP1;ISL1;SOX4
GO_Biological_Process_2023,Nicotinamide Nucleotide Metabolic Process (GO:0046496),3/17,0.1942111023019075,0.9999958087188284,0,0,2.1593680709534366,3.5387930281664386,G6PD;KRT17;IDH2
GO_Biological_Process_2023,Positive Regulation Of Cell Adhesion Mediated By Integrin (GO:0033630),3/17,0.1942111023019075,0.9999958087188284,0,0,2.1593680709534366,3.5387930281664386,LIF;RAC3;CXCL13
GO_Biological_Process_2023,Positive Regulation Of Potassium Ion Transmembrane Transport (GO:1901381),3/17,0.1942111023019075,0.9999958087188284,0,0,2.1593680709534366,3.5387930281664386,NOS1AP;ATP1B1;KCNN4
GO_Biological_Process_2023,Purine-Containing Compound Biosynthetic Process (GO:0072522),3/17,0.1942111023019075,0.9999958087188284,0,0,2.1593680709534366,3.5387930281664386,SHMT2;PPAT;PAICS
GO_Biological_Process_2023,Regulation Of DNA Methylation-Dependent Heterochromatin Formation (GO:0090308),3/17,0.1942111023019075,0.9999958087188284,0,0,2.1593680709534366,3.5387930281664386,SETDB1;SAMD1;MORC2
GO_Biological_Process_2023,Regulation Of Inflammatory Response To Antigenic Stimulus (GO:0002861),3/17,0.1942111023019075,0.9999958087188284,0,0,2.1593680709534366,3.5387930281664386,PLA2G2D;SRC;RHBDF2
GO_Biological_Process_2023,Regulation Of Leukocyte Chemotaxis (GO:0002688),3/17,0.1942111023019075,0.9999958087188284,0,0,2.1593680709534366,3.5387930281664386,EDN2;MDK;F2RL1
GO_Biological_Process_2023,Regulation Of Single Stranded Viral RNA Replication Via Double Stranded DNA Intermediate (GO:0045091),3/17,0.1942111023019075,0.9999958087188284,0,0,2.1593680709534366,3.5387930281664386,TOP2A;SETDB1;MORC2
GO_Biological_Process_2023,Negative Regulation Of Kinase Activity (GO:0033673),8/62,0.1942839690109833,0.9999958087188284,0,0,1.4937516727399995,2.447414174041546,DBNDD1;CEACAM1;DUSP19;NF1;SFN;THY1;EPHB2;EPHA1
GO_Biological_Process_2023,Positive Regulation Of MAP Kinase Activity (GO:0043406),11/91,0.1972366104280408,0.9999958087188284,0,0,1.3867135300668152,2.251123076954764,IRAK1;ERBB2;DUSP19;TGFA;TRAF2;MST1R;CD24;MAP3K13;EGFR;DRD4;EZH2
GO_Biological_Process_2023,Carboxylic Acid Transport (GO:0046942),7/53,0.1990766595476026,0.9999958087188284,0,0,1.534166666666667,2.4762451881098246,SLC7A5;SLC25A10;SLC1A4;SLC16A9;SLC7A10;SLC16A3;SLC1A7
GO_Biological_Process_2023,Negative Regulation Of Cell Adhesion (GO:0007162),9/72,0.2000231864754922,0.9999958087188284,0,0,1.4404894327030031,2.3182113157678312,ADAMDEC1;ERBB3;CDH1;MDK;TBCD;PLXNB3;MIA3;EPHB2;PLXNA3
GO_Biological_Process_2023,Embryonic Organ Morphogenesis (GO:0048562),6/44,0.2030122043879915,0.9999958087188284,0,0,1.591659604313393,2.5378840198827275,MESP1;MFAP2;SIX1;HOXC4;SOX11;HOXC9
GO_Biological_Process_2023,Positive Regulation Of Osteoblast Differentiation (GO:0045669),6/44,0.2030122043879915,0.9999958087188284,0,0,1.591659604313393,2.5378840198827275,CCNA2;WNT7B;LRP5;SOX11;FBXO5;ACVR2B
GO_Biological_Process_2023,Regulation Of DNA Recombination (GO:0000018),6/44,0.2030122043879915,0.9999958087188284,0,0,1.591659604313393,2.5378840198827275,RAD51AP1;IL10;BLM;RAD51;CHEK1;KPNA2
GO_Biological_Process_2023,L-amino Acid Transport (GO:0015807),4/26,0.2039127004279428,0.9999958087188284,0,0,1.832400544546967,2.9136328857520013,SLC7A5;SLC1A4;SFXN1;SLC36A4
GO_Biological_Process_2023,cAMP-mediated Signaling (GO:0019933),4/26,0.2039127004279428,0.9999958087188284,0,0,1.832400544546967,2.9136328857520013,CREB1;GAL;SOX9;PDE7A
GO_Biological_Process_2023,Cell-Cell Adhesion Mediated By Cadherin (GO:0044331),4/26,0.2039127004279428,0.9999958087188284,0,0,1.832400544546967,2.9136328857520013,CDH3;CDH1;CTNND1;CDH17
GO_Biological_Process_2023,Regulation Of Cardiac Muscle Cell Contraction (GO:0086004),4/26,0.2039127004279428,0.9999958087188284,0,0,1.832400544546967,2.9136328857520013,DSP;JUP;ATP2A2;DSG2
GO_Biological_Process_2023,Regulation Of Interferon-Alpha Production (GO:0032647),4/26,0.2039127004279428,0.9999958087188284,0,0,1.832400544546967,2.9136328857520013,IL10;IRF3;STAT1;IRF7
GO_Biological_Process_2023,Endoderm Formation (GO:0001706),5/35,0.2052411350781117,0.9999958087188284,0,0,1.6798927118017015,2.6602272353433425,DUSP4;LAMB3;MMP15;COL7A1;MMP9
GO_Biological_Process_2023,Hexose Biosynthetic Process (GO:0019319),5/35,0.2052411350781117,0.9999958087188284,0,0,1.6798927118017015,2.6602272353433425,KRT17;SORD;SLC25A10;ENO2;SLC25A13
GO_Biological_Process_2023,Neutral Amino Acid Transport (GO:0015804),5/35,0.2052411350781117,0.9999958087188284,0,0,1.6798927118017015,2.6602272353433425,SLC7A5;SLC1A4;SLC7A10;SLC36A4;LLGL2
GO_Biological_Process_2023,Skeletal Muscle Organ Development (GO:0060538),5/35,0.2052411350781117,0.9999958087188284,0,0,1.6798927118017015,2.6602272353433425,IGSF8;SVIL;SIX4;SIX1;STRA6
GO_Biological_Process_2023,G1/S Transition Of Mitotic Cell Cycle (GO:0000082),8/63,0.2062383382264522,0.9999958087188284,0,0,1.4665116984183133,2.315215450797574,CCNE2;CCNE1;RCC1;E2F2;E2F3;CDC7;CDC25A;CDKN3
GO_Biological_Process_2023,Inorganic Anion Transmembrane Transport (GO:0098661),8/63,0.2062383382264522,0.9999958087188284,0,0,1.4665116984183133,2.315215450797574,SLC5A6;CYP27B1;SLC4A8;SLC5A8;SLC25A10;SLC1A7;SLC12A8;XPR1
GO_Biological_Process_2023,Protein Localization To Nucleus (GO:0034504),14/122,0.2112820111420431,0.9999958087188284,0,0,1.307502427134329,2.032592924169732,IPO13;YWHAE;NUP155;CSE1L;SIX1;IPO4;PML;COL1A1;MMP12;SIX4;FAM53A;E2F3;KPNA2;TNPO3
GO_Biological_Process_2023,Negative Regulation Of Protein Ubiquitination (GO:0031397),7/54,0.2122511755242385,0.9999958087188284,0,0,1.5014420803782509,2.327212575950333,CDC20;GNL3L;LIMK1;ISG15;FBXO5;SOX4;MAD2L1
GO_Biological_Process_2023,Protein K63-linked Ubiquitination (GO:0070534),7/54,0.2122511755242385,0.9999958087188284,0,0,1.5014420803782509,2.327212575950333,TRAF4;UBE2S;UBE2T;ZFP91;UBE2O;TRAF2;TRIM31
GO_Biological_Process_2023,Protein O-linked Glycosylation (GO:0006493),11/93,0.2170917842649662,0.9999958087188284,0,0,1.352741865391928,2.06622533326234,POMT2;FUT6;DPM2;GALNT6;GALNT4;GALNT3;POFUT1;GCNT3;PLOD2;B3GNTL1;FUT3
GO_Biological_Process_2023,Organic Hydroxy Compound Transport (GO:0015850),6/45,0.2177252678259111,0.9999958087188284,0,0,1.5507623969589543,2.36417022831942,ABCC3;CEACAM1;SLC5A8;SLC29A4;SLC5A3;STRA6
GO_Biological_Process_2023,"Negative Regulation Of DNA-templated Transcription, Elongation (GO:0032785)",3/18,0.218451085523776,0.9999958087188284,0,0,2.01529933481153,3.0656595521574213,RECQL5;PARP1;SUPT5H
GO_Biological_Process_2023,Positive Regulation Of DNA Replication (GO:0045740),3/18,0.218451085523776,0.9999958087188284,0,0,2.01529933481153,3.0656595521574213,CDT1;BAZ1A;EGFR
GO_Biological_Process_2023,Positive Regulation Of Epidermal Cell Differentiation (GO:0045606),3/18,0.218451085523776,0.9999958087188284,0,0,2.01529933481153,3.0656595521574213,CYP27B1;SFN;ETV4
GO_Biological_Process_2023,Regulation Of Adaptive Immune Response (GO:0002819),3/18,0.218451085523776,0.9999958087188284,0,0,2.01529933481153,3.0656595521574213,IL4I1;IRF7;EIF2AK4
GO_Biological_Process_2023,Regulation Of Cell Cycle G2/M Phase Transition (GO:1902749),3/18,0.218451085523776,0.9999958087188284,0,0,2.01529933481153,3.0656595521574213,CENPF;KIF14;AURKA
GO_Biological_Process_2023,Regulation Of Epithelial Cell Differentiation (GO:0030856),3/18,0.218451085523776,0.9999958087188284,0,0,2.01529933481153,3.0656595521574213,CEACAM1;SOX9;CD24
GO_Biological_Process_2023,Regulation Of Oligodendrocyte Differentiation (GO:0048713),3/18,0.218451085523776,0.9999958087188284,0,0,2.01529933481153,3.0656595521574213,MDK;NF1;TNFRSF21
GO_Biological_Process_2023,Response To Organophosphorus (GO:0046683),3/18,0.218451085523776,0.9999958087188284,0,0,2.01529933481153,3.0656595521574213,VGF;STAT1;TYMS
GO_Biological_Process_2023,Positive Regulation Of Type I Interferon Production (GO:0032481),8/64,0.2184734742983785,0.9999958087188284,0,0,1.440244580322401,2.1907425949542807,IRF3;IRAK1;STAT1;IRF7;TRIM15;ISG15;IKBKE;GAPDH
GO_Biological_Process_2023,Blood Vessel Diameter Maintenance (GO:0097746),5/36,0.2219874818430706,0.9999958087188284,0,0,1.6256131180408864,2.4467660410254437,ACE2;EDN2;F2RL1;GCLM;AGT
GO_Biological_Process_2023,Negative Regulation Of T Cell Proliferation (GO:0042130),5/36,0.2219874818430706,0.9999958087188284,0,0,1.6256131180408864,2.4467660410254437,IL10;IL4I1;PLA2G2D;VTCN1;TNFRSF21
GO_Biological_Process_2023,Import Into Nucleus (GO:0051170),9/74,0.2226895443241913,0.9999958087188284,0,0,1.3960126636433643,2.096778431463699,IPO13;MMP12;NUP155;CSE1L;FAM53A;E2F3;KPNA2;IPO4;TNPO3
GO_Biological_Process_2023,Cell Surface Receptor Signaling Pathway Involved In Cell-Cell Signaling (GO:1905114),4/27,0.2235433600668747,0.9999958087188284,0,0,1.752634498058791,2.6257091611480834,WNT7B;LRP5;RAC3;CD24
GO_Biological_Process_2023,Positive Regulation Of Mitotic Cell Cycle (GO:0045931),4/27,0.2235433600668747,0.9999958087188284,0,0,1.752634498058791,2.6257091611480834,FOXA1;CCNB1;ASNS;AURKA
GO_Biological_Process_2023,CRD-mediated mRNA Stabilization (GO:0070934),2/10,0.2267623693789728,0.9999958087188284,0,0,2.518698060941828,3.737376768956658,IGF2BP3;IGF2BP2
GO_Biological_Process_2023,L-serine Metabolic Process (GO:0006563),2/10,0.2267623693789728,0.9999958087188284,0,0,2.518698060941828,3.737376768956658,PSAT1;SHMT2
GO_Biological_Process_2023,UDP-N-acetylglucosamine Metabolic Process (GO:0006047),2/10,0.2267623693789728,0.9999958087188284,0,0,2.518698060941828,3.737376768956658,GFPT1;GNPNAT1
GO_Biological_Process_2023,Aromatic Amino Acid Family Catabolic Process (GO:0009074),2/10,0.2267623693789728,0.9999958087188284,0,0,2.518698060941828,3.737376768956658,IL4I1;HGD
GO_Biological_Process_2023,Atrial Septum Morphogenesis (GO:0060413),2/10,0.2267623693789728,0.9999958087188284,0,0,2.518698060941828,3.737376768956658,ISL1;SOX4
GO_Biological_Process_2023,Cardiac Muscle Cell Membrane Repolarization (GO:0099622),2/10,0.2267623693789728,0.9999958087188284,0,0,2.518698060941828,3.737376768956658,YWHAE;ATP1B1
GO_Biological_Process_2023,Cell Proliferation In Forebrain (GO:0021846),2/10,0.2267623693789728,0.9999958087188284,0,0,2.518698060941828,3.737376768956658,KIF14;HOOK3
GO_Biological_Process_2023,Coenzyme A Biosynthetic Process (GO:0015937),2/10,0.2267623693789728,0.9999958087188284,0,0,2.518698060941828,3.737376768956658,SLC25A16;COASY
GO_Biological_Process_2023,Columnar/Cuboidal Epithelial Cell Differentiation (GO:0002065),2/10,0.2267623693789728,0.9999958087188284,0,0,2.518698060941828,3.737376768956658,SOX11;SOX4
GO_Biological_Process_2023,Engulfment Of Apoptotic Cell (GO:0043652),2/10,0.2267623693789728,0.9999958087188284,0,0,2.518698060941828,3.737376768956658,RAC3;RAC1
GO_Biological_Process_2023,Formation Of Extrachromosomal Circular DNA (GO:0001325),2/10,0.2267623693789728,0.9999958087188284,0,0,2.518698060941828,3.737376768956658,EXO1;XRCC3
GO_Biological_Process_2023,"Heparan Sulfate Proteoglycan Biosynthetic Process, Enzymatic Modification (GO:0015015)",2/10,0.2267623693789728,0.9999958087188284,0,0,2.518698060941828,3.737376768956658,HS3ST1;HS6ST2
GO_Biological_Process_2023,Kinetochore Organization (GO:0051383),2/10,0.2267623693789728,0.9999958087188284,0,0,2.518698060941828,3.737376768956658,CENPE;CENPF
GO_Biological_Process_2023,Lens Fiber Cell Differentiation (GO:0070306),2/10,0.2267623693789728,0.9999958087188284,0,0,2.518698060941828,3.737376768956658,WNT7B;HSF4
GO_Biological_Process_2023,Monoamine Transport (GO:0015844),2/10,0.2267623693789728,0.9999958087188284,0,0,2.518698060941828,3.737376768956658,SLC29A4;SLC6A3
GO_Biological_Process_2023,Negative Regulation Of B Cell Proliferation (GO:0030889),2/10,0.2267623693789728,0.9999958087188284,0,0,2.518698060941828,3.737376768956658,IL10;TNFRSF21
GO_Biological_Process_2023,Negative Regulation Of Hydrogen Peroxide-Induced Cell Death (GO:1903206),2/10,0.2267623693789728,0.9999958087188284,0,0,2.518698060941828,3.737376768956658,IL10;PYCR1
GO_Biological_Process_2023,Negative Regulation Of Nuclear Division (GO:0051784),2/10,0.2267623693789728,0.9999958087188284,0,0,2.518698060941828,3.737376768956658,CHEK1;FBXO5
GO_Biological_Process_2023,Negative Regulation Of Programmed Necrotic Cell Death (GO:0062099),2/10,0.2267623693789728,0.9999958087188284,0,0,2.518698060941828,3.737376768956658,FZD9;BIRC3
GO_Biological_Process_2023,Peptidyl-Proline Hydroxylation (GO:0019511),2/10,0.2267623693789728,0.9999958087188284,0,0,2.518698060941828,3.737376768956658,EGLN3;P4HB
GO_Biological_Process_2023,Phosphate Ion Transmembrane Transport (GO:0035435),2/10,0.2267623693789728,0.9999958087188284,0,0,2.518698060941828,3.737376768956658,SLC25A10;XPR1
GO_Biological_Process_2023,Positive Regulation Of DNA Methylation-Dependent Heterochromatin Formation (GO:0090309),2/10,0.2267623693789728,0.9999958087188284,0,0,2.518698060941828,3.737376768956658,SETDB1;MORC2
GO_Biological_Process_2023,Positive Regulation Of Actin Filament Depolymerization (GO:0030836),2/10,0.2267623693789728,0.9999958087188284,0,0,2.518698060941828,3.737376768956658,VIL1;F2RL1
GO_Biological_Process_2023,Positive Regulation Of Dendrite Development (GO:1900006),2/10,0.2267623693789728,0.9999958087188284,0,0,2.518698060941828,3.737376768956658,LRP8;PACSIN1
GO_Biological_Process_2023,Positive Regulation Of Epidermal Growth Factor-Activated Receptor Activity (GO:0045741),2/10,0.2267623693789728,0.9999958087188284,0,0,2.518698060941828,3.737376768956658,FBXW7;TGFA
GO_Biological_Process_2023,Positive Regulation Of Integrin Activation (GO:0033625),2/10,0.2267623693789728,0.9999958087188284,0,0,2.518698060941828,3.737376768956658,SRC;CXCL13
GO_Biological_Process_2023,Positive Regulation Of Protein Depolymerization (GO:1901881),2/10,0.2267623693789728,0.9999958087188284,0,0,2.518698060941828,3.737376768956658,VIL1;F2RL1
GO_Biological_Process_2023,Prostaglandin Transport (GO:0015732),2/10,0.2267623693789728,0.9999958087188284,0,0,2.518698060941828,3.737376768956658,SLCO3A1;LEP
GO_Biological_Process_2023,Protein auto-ADP-ribosylation (GO:0070213),2/10,0.2267623693789728,0.9999958087188284,0,0,2.518698060941828,3.737376768956658,PARP10;PARP3
GO_Biological_Process_2023,Purine Nucleoside Bisphosphate Biosynthetic Process (GO:0034033),2/10,0.2267623693789728,0.9999958087188284,0,0,2.518698060941828,3.737376768956658,SLC25A16;COASY
GO_Biological_Process_2023,Regulation Of B Cell Apoptotic Process (GO:0002902),2/10,0.2267623693789728,0.9999958087188284,0,0,2.518698060941828,3.737376768956658,IL10;FOXP1
GO_Biological_Process_2023,Regulation Of Chromatin Binding (GO:0035561),2/10,0.2267623693789728,0.9999958087188284,0,0,2.518698060941828,3.737376768956658,CDT1;DDX11
GO_Biological_Process_2023,Regulation Of Cysteine-Type Endopeptidase Activity Involved In Apoptotic Signaling Pathway (GO:2001267),2/10,0.2267623693789728,0.9999958087188284,0,0,2.518698060941828,3.737376768956658,PRR7;MMP9
GO_Biological_Process_2023,Regulation Of Lamellipodium Morphogenesis (GO:2000392),2/10,0.2267623693789728,0.9999958087188284,0,0,2.518698060941828,3.737376768956658,VIL1;SRC
GO_Biological_Process_2023,Regulation Of Mitochondrial Depolarization (GO:0051900),2/10,0.2267623693789728,0.9999958087188284,0,0,2.518698060941828,3.737376768956658,SRC;FZD9
GO_Biological_Process_2023,Regulation Of Respiratory Burst (GO:0060263),2/10,0.2267623693789728,0.9999958087188284,0,0,2.518698060941828,3.737376768956658,NOXA1;RAC1
GO_Biological_Process_2023,Regulation Of Smooth Muscle Cell Apoptotic Process (GO:0034391),2/10,0.2267623693789728,0.9999958087188284,0,0,2.518698060941828,3.737376768956658,CDKN2A;LYPD3
GO_Biological_Process_2023,Regulation Of Synapse Maturation (GO:0090128),2/10,0.2267623693789728,0.9999958087188284,0,0,2.518698060941828,3.737376768956658,CAMK2B;CDC20
GO_Biological_Process_2023,Removal Of Superoxide Radicals (GO:0019430),2/10,0.2267623693789728,0.9999958087188284,0,0,2.518698060941828,3.737376768956658,NQO1;CCS
GO_Biological_Process_2023,Ribonucleoside Bisphosphate Biosynthetic Process (GO:0034030),2/10,0.2267623693789728,0.9999958087188284,0,0,2.518698060941828,3.737376768956658,SLC25A16;COASY
GO_Biological_Process_2023,Sarcoplasmic Reticulum Calcium Ion Transport (GO:0070296),2/10,0.2267623693789728,0.9999958087188284,0,0,2.518698060941828,3.737376768956658,ATP2A2;NOL3
GO_Biological_Process_2023,Signal Release (GO:0023061),2/10,0.2267623693789728,0.9999958087188284,0,0,2.518698060941828,3.737376768956658,SLC44A4;LEP
GO_Biological_Process_2023,T-Circle Formation (GO:0090656),2/10,0.2267623693789728,0.9999958087188284,0,0,2.518698060941828,3.737376768956658,EXO1;XRCC3
GO_Biological_Process_2023,Telomere Maintenance Via Telomere Trimming (GO:0090737),2/10,0.2267623693789728,0.9999958087188284,0,0,2.518698060941828,3.737376768956658,EXO1;XRCC3
GO_Biological_Process_2023,Actin Filament Organization (GO:0007015),16/144,0.2280575416786235,0.9999958087188284,0,0,1.2608179787828029,1.863687306981968,SVIL;MARCKSL1;HIP1R;MYO7A;PPP1R9A;LMOD3;SHROOM4;VIL1;BAIAP2L2;BAIAP2L1;SCIN;MYO6;SPIRE2;RAC3;ELMO3;RAC1
GO_Biological_Process_2023,Positive Regulation Of Kinase Activity (GO:0033674),12/104,0.2283745876490666,0.9999958087188284,0,0,1.3153203342618385,1.9424230712920465,DDR1;CCNA2;CENPE;TRAF4;ERBB3;EEF1A2;ERBB2;DUSP19;MST1R;EPHA1;DRD4;EGFR
GO_Biological_Process_2023,Regulation Of MAP Kinase Activity (GO:0043405),13/114,0.228864798336772,0.9999958087188284,0,0,1.298034151241211,1.914112117611218,DUSP19;CBLC;TGFA;MST1R;EGFR;AGT;IRAK1;ERBB2;NF1;CD24;CDK5RAP3;DRD4;EZH2
GO_Biological_Process_2023,Enzyme-Linked Receptor Protein Signaling Pathway (GO:0007167),14/124,0.2289158832974526,0.9999958087188284,0,0,1.283587689499569,1.8925225426660035,DDR1;LIF;PILRB;PTK6;MST1R;ACVR2B;PTPRF;EGFR;CNKSR1;ERBB3;ERBB2;SAMD10;MPZL1;FRK
GO_Biological_Process_2023,Canonical Wnt Signaling Pathway (GO:0060070),8/65,0.2309714988942027,0.9999958087188284,0,0,1.4148991154930126,2.0734794125320044,WNT10A;CDH3;JUP;WNT7B;LRP5;FZD9;WNT3;BCL9L
GO_Biological_Process_2023,Positive Regulation Of Protein Kinase Activity (GO:0045860),16/145,0.2364035848226811,0.9999958087188284,0,0,1.2509749436242366,1.8041746148284328,SRC;SYAP1;DUSP19;KIF14;LRP8;AGT;CCNA2;TCL1B;TPX2;CENPE;TRAF4;ERBB3;NOX4;ECT2;MARK2;EZH2
GO_Biological_Process_2023,Regulation Of Ossification (GO:0030278),5/37,0.239126610547305,0.9999958087188284,0,0,1.574725998890122,2.2530583024108632,CYP27B1;MDK;SOX11;SOX9;KREMEN2
GO_Biological_Process_2023,NADP Metabolic Process (GO:0006739),3/19,0.2432591004408851,0.9999958087188284,0,0,1.8892391906873611,2.670681695863724,G6PD;KRT17;IDH2
GO_Biological_Process_2023,Bicarbonate Transport (GO:0015701),3/19,0.2432591004408851,0.9999958087188284,0,0,1.8892391906873611,2.670681695863724,SLC4A8;SLC4A11;SLC4A3
GO_Biological_Process_2023,Eye Morphogenesis (GO:0048592),3/19,0.2432591004408851,0.9999958087188284,0,0,1.8892391906873611,2.670681695863724,COL5A2;MFAP2;NF1
GO_Biological_Process_2023,Fluid Transport (GO:0042044),3/19,0.2432591004408851,0.9999958087188284,0,0,1.8892391906873611,2.670681695863724,SLC4A11;AQP11;AVP
GO_Biological_Process_2023,Negative Regulation Of Fatty Acid Metabolic Process (GO:0045922),3/19,0.2432591004408851,0.9999958087188284,0,0,1.8892391906873611,2.670681695863724,CEACAM1;BRCA1;SOX9
GO_Biological_Process_2023,Negative Regulation Of Telomere Maintenance Via Telomerase (GO:0032211),3/19,0.2432591004408851,0.9999958087188284,0,0,1.8892391906873611,2.670681695863724,PIF1;GNL3L;SRC
GO_Biological_Process_2023,Nucleotide Biosynthetic Process (GO:0009165),3/19,0.2432591004408851,0.9999958087188284,0,0,1.8892391906873611,2.670681695863724,RRM2;PPAT;NMNAT2
GO_Biological_Process_2023,Regulation Of Behavior (GO:0050795),3/19,0.2432591004408851,0.9999958087188284,0,0,1.8892391906873611,2.670681695863724,AIM2;EIF2AK4;STRA6
GO_Biological_Process_2023,Regulation Of Centriole Replication (GO:0046599),3/19,0.2432591004408851,0.9999958087188284,0,0,1.8892391906873611,2.670681695863724,PLK4;STIL;BRCA1
GO_Biological_Process_2023,Regulation Of Insulin-Like Growth Factor Receptor Signaling Pathway (GO:0043567),3/19,0.2432591004408851,0.9999958087188284,0,0,1.8892391906873611,2.670681695863724,CDH3;CILP;IGFBP3
GO_Biological_Process_2023,Regulation Of Tissue Remodeling (GO:0034103),3/19,0.2432591004408851,0.9999958087188284,0,0,1.8892391906873611,2.670681695863724,MDK;LEP;SYT7
GO_Biological_Process_2023,Skeletal Muscle Contraction (GO:0003009),3/19,0.2432591004408851,0.9999958087188284,0,0,1.8892391906873611,2.670681695863724,JSRP1;TNNT1;TNNI3
GO_Biological_Process_2023,tRNA Metabolic Process (GO:0006399),3/19,0.2432591004408851,0.9999958087188284,0,0,1.8892391906873611,2.670681695863724,SLFN13;POP1;DARS2
GO_Biological_Process_2023,Limb Development (GO:0060173),4/28,0.2436342451281826,0.9999958087188284,0,0,1.679515622111296,2.371622467983266,COMP;GREM1;SMOC1;KREMEN2
GO_Biological_Process_2023,Regulation Of Calcium Ion-Dependent Exocytosis (GO:0017158),4/28,0.2436342451281826,0.9999958087188284,0,0,1.679515622111296,2.371622467983266,SCAMP5;SYT13;SYT7;STX1A
GO_Biological_Process_2023,Regulation Of Protein Transport (GO:0051223),4/28,0.2436342451281826,0.9999958087188284,0,0,1.679515622111296,2.371622467983266,RHBDF2;SAA1;ATP13A2;LLGL2
GO_Biological_Process_2023,Positive Regulation Of Protein Secretion (GO:0050714),9/76,0.2462736818389169,0.9999958087188284,0,0,1.3541912240798233,1.897644187327678,FGB;ACHE;F2RL1;ADAM8;ATP13A2;PTPN23;ISL1;SOX4;EXPH5
GO_Biological_Process_2023,Protein Modification By Small Protein Conjugation (GO:0032446),37/364,0.2482175433870828,0.9999958087188284,0,0,1.142110264517355,1.5914732354361223,ZNF451;CUL7;TRIM51;MGRN1;UBE2D2;CCNF;CBLC;DTX2;BRCA1;ENC1;MARVELD3;RNF39;CDK5RAP3;BARD1;PIAS3;RNF43;CBX4;BCL11A;FBXW7;UBE2C;FBXO2;ATG10;SYVN1;ISG15;FBXO32;FBXO11;PML;DDB1;SPSB1;TRIM17;NFX1;KCTD13;TRIM13;TRIM15;TRIM31;TRIM54;STX1A
GO_Biological_Process_2023,Negative Regulation Of Type I Interferon Production (GO:0032480),5/38,0.2566085857497266,0.9999958087188284,0,0,1.5269229475666768,2.0769257354933828,IL10;PPM1B;DDX56;XAF1;ATG12
GO_Biological_Process_2023,Positive Regulation Of Production Of Molecular Mediator Of Immune Response (GO:0002702),5/38,0.2566085857497266,0.9999958087188284,0,0,1.5269229475666768,2.0769257354933828,IL10;SLC7A5;CLCF1;F2RL1;EPHB2
GO_Biological_Process_2023,Regulation Of Intracellular Transport (GO:0032386),5/38,0.2566085857497266,0.9999958087188284,0,0,1.5269229475666768,2.0769257354933828,GRIPAP1;SPAG5;MX2;ATP13A2;REEP6
GO_Biological_Process_2023,Response To Peptide (GO:1901652),5/38,0.2566085857497266,0.9999958087188284,0,0,1.5269229475666768,2.0769257354933828,MMP12;MMP13;STAT1;MMP3;MMP9
GO_Biological_Process_2023,Tumor Necrosis Factor-Mediated Signaling Pathway (GO:0033209),5/38,0.2566085857497266,0.9999958087188284,0,0,1.5269229475666768,2.0769257354933828,AIM2;TRAF4;STAT1;TRAF2;BIRC3
GO_Biological_Process_2023,Peptidyl-Tyrosine Phosphorylation (GO:0018108),8/67,0.2566817452958927,0.9999958087188284,0,0,1.3667856907321394,1.858716882055676,DDR1;SRC;LEP;ERBB2;PTK6;EPHB2;EPHA1;EGFR
GO_Biological_Process_2023,Protein Secretion (GO:0009306),8/67,0.2566817452958927,0.9999958087188284,0,0,1.3667856907321394,1.858716882055676,STEAP3;GAL;RAB12;AP1B1;MIA3;CTAGE6;AP1M2;PDIA4
GO_Biological_Process_2023,Monoatomic Cation Homeostasis (GO:0055080),9/77,0.2583729516296958,0.9999958087188284,0,0,1.334203036053131,1.80564526508758,CYP27B1;TMPRSS6;CIB2;SLC4A11;ATP13A2;HAMP;SLC12A8;SLC39A4;GRIN1
GO_Biological_Process_2023,Actin Crosslink Formation (GO:0051764),2/11,0.2615816096698312,0.9999958087188284,0,0,2.238719606032625,3.0021430535220803,BAIAP2L2;BAIAP2L1
GO_Biological_Process_2023,"Base-Excision Repair, AP Site Formation (GO:0006285)",2/11,0.2615816096698312,0.9999958087188284,0,0,2.238719606032625,3.0021430535220803,MBD4;TDG
GO_Biological_Process_2023,Cell Part Morphogenesis (GO:0032990),2/11,0.2615816096698312,0.9999958087188284,0,0,2.238719606032625,3.0021430535220803,PNPT1;NUBPL
GO_Biological_Process_2023,Cellular Response To Superoxide (GO:0071451),2/11,0.2615816096698312,0.9999958087188284,0,0,2.238719606032625,3.0021430535220803,NQO1;CCS
GO_Biological_Process_2023,Detection Of Light Stimulus Involved In Sensory Perception (GO:0050962),2/11,0.2615816096698312,0.9999958087188284,0,0,2.238719606032625,3.0021430535220803,REEP6;CNGB1
GO_Biological_Process_2023,Detection Of Light Stimulus Involved In Visual Perception (GO:0050908),2/11,0.2615816096698312,0.9999958087188284,0,0,2.238719606032625,3.0021430535220803,REEP6;CNGB1
GO_Biological_Process_2023,Epithelial Cell-Cell Adhesion (GO:0090136),2/11,0.2615816096698312,0.9999958087188284,0,0,2.238719606032625,3.0021430535220803,DSP;JUP
GO_Biological_Process_2023,Exit From Mitosis (GO:0010458),2/11,0.2615816096698312,0.9999958087188284,0,0,2.238719606032625,3.0021430535220803,UBE2C;UBE2S
GO_Biological_Process_2023,Glutamine Family Amino Acid Biosynthetic Process (GO:0009084),2/11,0.2615816096698312,0.9999958087188284,0,0,2.238719606032625,3.0021430535220803,PYCR1;ALDH18A1
GO_Biological_Process_2023,Intestinal Absorption (GO:0050892),2/11,0.2615816096698312,0.9999958087188284,0,0,2.238719606032625,3.0021430535220803,LEP;SLC2A5
GO_Biological_Process_2023,Intestinal Lipid Absorption (GO:0098856),2/11,0.2615816096698312,0.9999958087188284,0,0,2.238719606032625,3.0021430535220803,NPC1L1;CEL
GO_Biological_Process_2023,Macrophage Chemotaxis (GO:0048246),2/11,0.2615816096698312,0.9999958087188284,0,0,2.238719606032625,3.0021430535220803,EDN2;SAA1
GO_Biological_Process_2023,Maintenance Of Protein Localization In Endoplasmic Reticulum (GO:0035437),2/11,0.2615816096698312,0.9999958087188284,0,0,2.238719606032625,3.0021430535220803,KDELR2;KDELR3
GO_Biological_Process_2023,Mitochondrial Genome Maintenance (GO:0000002),2/11,0.2615816096698312,0.9999958087188284,0,0,2.238719606032625,3.0021430535220803,PARP1;TOP3A
GO_Biological_Process_2023,Negative Regulation Of calcineurin-NFAT Signaling Cascade (GO:0070885),2/11,0.2615816096698312,0.9999958087188284,0,0,2.238719606032625,3.0021430535220803,DYRK2;FHL2
GO_Biological_Process_2023,Negative Regulation Of Calcineurin-Mediated Signaling (GO:0106057),2/11,0.2615816096698312,0.9999958087188284,0,0,2.238719606032625,3.0021430535220803,DYRK2;FHL2
GO_Biological_Process_2023,Negative Regulation Of Cell Division (GO:0051782),2/11,0.2615816096698312,0.9999958087188284,0,0,2.238719606032625,3.0021430535220803,BLM;E2F7
GO_Biological_Process_2023,Neurotransmitter Biosynthetic Process (GO:0042136),2/11,0.2615816096698312,0.9999958087188284,0,0,2.238719606032625,3.0021430535220803,SLC44A4;GAD1
GO_Biological_Process_2023,Nucleoside Phosphate Catabolic Process (GO:1901292),2/11,0.2615816096698312,0.9999958087188284,0,0,2.238719606032625,3.0021430535220803,ENTPD5;ENTPD8
GO_Biological_Process_2023,Phasic Smooth Muscle Contraction (GO:0014821),2/11,0.2615816096698312,0.9999958087188284,0,0,2.238719606032625,3.0021430535220803,EDN2;PTGER3
GO_Biological_Process_2023,Podocyte Differentiation (GO:0072112),2/11,0.2615816096698312,0.9999958087188284,0,0,2.238719606032625,3.0021430535220803,CD24;PROM1
GO_Biological_Process_2023,Polyamine Metabolic Process (GO:0006595),2/11,0.2615816096698312,0.9999958087188284,0,0,2.238719606032625,3.0021430535220803,HDAC10;SMOX
GO_Biological_Process_2023,Positive Regulation Of Behavior (GO:0048520),2/11,0.2615816096698312,0.9999958087188284,0,0,2.238719606032625,3.0021430535220803,NPAS2;STRA6
GO_Biological_Process_2023,Positive Regulation Of Keratinocyte Proliferation (GO:0010838),2/11,0.2615816096698312,0.9999958087188284,0,0,2.238719606032625,3.0021430535220803,CDH3;MDK
GO_Biological_Process_2023,Positive Regulation Of Metaphase/Anaphase Transition Of Cell Cycle (GO:1902101),2/11,0.2615816096698312,0.9999958087188284,0,0,2.238719606032625,3.0021430535220803,CDC20;UBE2C
GO_Biological_Process_2023,Positive Regulation Of Mitotic Metaphase/Anaphase Transition (GO:0045842),2/11,0.2615816096698312,0.9999958087188284,0,0,2.238719606032625,3.0021430535220803,CDC20;UBE2C
GO_Biological_Process_2023,pre-mRNA Cleavage Required For Polyadenylation (GO:0098789),2/11,0.2615816096698312,0.9999958087188284,0,0,2.238719606032625,3.0021430535220803,CPSF6;CSTF2
GO_Biological_Process_2023,Protein Localization To Kinetochore (GO:0034501),2/11,0.2615816096698312,0.9999958087188284,0,0,2.238719606032625,3.0021430535220803,KNTC1;TTK
GO_Biological_Process_2023,Purine Ribonucleoside Monophosphate Biosynthetic Process (GO:0009168),2/11,0.2615816096698312,0.9999958087188284,0,0,2.238719606032625,3.0021430535220803,ATIC;PAICS
GO_Biological_Process_2023,Regulation Of Actin Filament Depolymerization (GO:0030834),2/11,0.2615816096698312,0.9999958087188284,0,0,2.238719606032625,3.0021430535220803,VIL1;F2RL1
GO_Biological_Process_2023,Regulation Of Leukocyte Cell-Cell Adhesion (GO:1903037),2/11,0.2615816096698312,0.9999958087188284,0,0,2.238719606032625,3.0021430535220803,MDK;MIA3
GO_Biological_Process_2023,Skeletal Muscle Fiber Development (GO:0048741),2/11,0.2615816096698312,0.9999958087188284,0,0,2.238719606032625,3.0021430535220803,SIX1;LMOD3
GO_Biological_Process_2023,Visual Learning (GO:0008542),2/11,0.2615816096698312,0.9999958087188284,0,0,2.238719606032625,3.0021430535220803,NF1;GRIN1
GO_Biological_Process_2023,Vitamin D Metabolic Process (GO:0042359),2/11,0.2615816096698312,0.9999958087188284,0,0,2.238719606032625,3.0021430535220803,CYP27B1;CYP24A1
GO_Biological_Process_2023,Modified Amino Acid Transport (GO:0072337),4/29,0.2641046571537757,0.9999958087188284,0,0,1.6122462562396007,2.146560507134579,SLC5A6;SLC6A8;SLC1A4;SLC16A9
GO_Biological_Process_2023,Organic Cyclic Compound Biosynthetic Process (GO:1901362),4/29,0.2641046571537757,0.9999958087188284,0,0,1.6122462562396007,2.146560507134579,SRD5A1;CYP21A2;HSD17B1;PYCR1
GO_Biological_Process_2023,Positive Regulation Of Neural Precursor Cell Proliferation (GO:2000179),4/29,0.2641046571537757,0.9999958087188284,0,0,1.6122462562396007,2.146560507134579,MDK;FZD9;HAPLN3;DISC1
GO_Biological_Process_2023,Positive Regulation Of Viral Genome Replication (GO:0045070),4/29,0.2641046571537757,0.9999958087188284,0,0,1.6122462562396007,2.146560507134579,TOP2A;DDB1;VAPB;SRPK1
GO_Biological_Process_2023,Regulation Of Developmental Growth (GO:0048638),4/29,0.2641046571537757,0.9999958087188284,0,0,1.6122462562396007,2.146560507134579,SIX4;LEP;AGR2;SIX1
GO_Biological_Process_2023,Regulation Of Voltage-Gated Calcium Channel Activity (GO:1901385),4/29,0.2641046571537757,0.9999958087188284,0,0,1.6122462562396007,2.146560507134579,GPR35;CABP4;NOS1AP;DRD4
GO_Biological_Process_2023,Brain Development (GO:0007420),18/169,0.2662436961152272,0.9999958087188284,0,0,1.202181099359959,1.5908982296527436,CA10;ZFHX2;ABCB6;CHD8;SETD1A;VCX;SYNJ2;GRHL2;SHROOM4;GRIN1;CENPF;AIM2;ZIC2;PITPNM1;NF1;PAFAH1B3;CDK5RAP3;CDK5R1
GO_Biological_Process_2023,Peptidyl-Threonine Phosphorylation (GO:0018107),7/58,0.2677981553024151,0.9999958087188284,0,0,1.3833769063180827,1.822629140511272,DYRK2;SBK1;CHEK1;CAD;STK39;MARK2;CDK5R1
GO_Biological_Process_2023,Response To Organic Cyclic Compound (GO:0014070),7/58,0.2677981553024151,0.9999958087188284,0,0,1.3833769063180827,1.822629140511272,FOXA1;CYP27B1;CREB1;CYP24A1;SPP1;PMAIP1;DRD4
GO_Biological_Process_2023,Cellular Response To Estradiol Stimulus (GO:0071392),3/20,0.268482388910508,0.9999958087188284,0,0,1.7780096517542716,2.338029276796214,LCOR;SSTR2;EGFR
GO_Biological_Process_2023,Endoplasmic Reticulum Calcium Ion Homeostasis (GO:0032469),3/20,0.268482388910508,0.9999958087188284,0,0,1.7780096517542716,2.338029276796214,CCDC47;ATP2A2;PML
GO_Biological_Process_2023,Glutamate Metabolic Process (GO:0006536),3/20,0.268482388910508,0.9999958087188284,0,0,1.7780096517542716,2.338029276796214,GAD1;ALDH18A1;GCLM
GO_Biological_Process_2023,Mesoderm Formation (GO:0001707),3/20,0.268482388910508,0.9999958087188284,0,0,1.7780096517542716,2.338029276796214,MESP1;ITGB4;ITGA2
GO_Biological_Process_2023,Mitochondrial RNA Metabolic Process (GO:0000959),3/20,0.268482388910508,0.9999958087188284,0,0,1.7780096517542716,2.338029276796214,PNPT1;MRPL12;TBRG4
GO_Biological_Process_2023,Negative Regulation Of B Cell Activation (GO:0050869),3/20,0.268482388910508,0.9999958087188284,0,0,1.7780096517542716,2.338029276796214,IL10;PARP3;TNFRSF21
GO_Biological_Process_2023,Negative Regulation Of miRNA Transcription (GO:1902894),3/20,0.268482388910508,0.9999958087188284,0,0,1.7780096517542716,2.338029276796214,SOX9;POU5F1;PPARD
GO_Biological_Process_2023,Negative Regulation Of Microtubule Depolymerization (GO:0007026),3/20,0.268482388910508,0.9999958087188284,0,0,1.7780096517542716,2.338029276796214,TPX2;TAOK1;TRIM54
GO_Biological_Process_2023,Negative Regulation Of Reproductive Process (GO:2000242),3/20,0.268482388910508,0.9999958087188284,0,0,1.7780096517542716,2.338029276796214,PAEP;TIMP1;SULF1
GO_Biological_Process_2023,Positive Regulation Of Epithelial Cell Differentiation (GO:0030858),3/20,0.268482388910508,0.9999958087188284,0,0,1.7780096517542716,2.338029276796214,MESP1;SFN;SOX9
GO_Biological_Process_2023,Positive Regulation Of Vascular Associated Smooth Muscle Cell Proliferation (GO:1904707),3/20,0.268482388910508,0.9999958087188284,0,0,1.7780096517542716,2.338029276796214,IL10;P2RY6;MMP9
GO_Biological_Process_2023,Regulation Of Cardiac Muscle Contraction By Calcium Ion Signaling (GO:0010882),3/20,0.268482388910508,0.9999958087188284,0,0,1.7780096517542716,2.338029276796214,ATP2A2;TNNI3;ATP1B1
GO_Biological_Process_2023,Regulation Of Necroptotic Process (GO:0060544),3/20,0.268482388910508,0.9999958087188284,0,0,1.7780096517542716,2.338029276796214,PARP1;FZD9;BIRC3
GO_Biological_Process_2023,Heterochromatin Organization (GO:0070828),5/39,0.2743834786803722,0.9999958087188284,0,0,1.4819318404387285,1.9164766301681215,SETDB1;UHRF1;CBX3;SCMH1;EZH2
GO_Biological_Process_2023,Negative Regulation Of Transport (GO:0051051),5/39,0.2743834786803722,0.9999958087188284,0,0,1.4819318404387285,1.9164766301681215,SCAMP5;YRDC;ERBB3;PACSIN3;HAMP
GO_Biological_Process_2023,Odontogenesis (GO:0042476),5/39,0.2743834786803722,0.9999958087188284,0,0,1.4819318404387285,1.9164766301681215,COL1A1;WNT10A;COL1A2;TUFT1;BCOR
GO_Biological_Process_2023,Regulation Of Mitochondrial Membrane Potential (GO:0051881),5/39,0.2743834786803722,0.9999958087188284,0,0,1.4819318404387285,1.9164766301681215,PPA2;PIP5KL1;PMAIP1;PYCR1;SLC4A11
GO_Biological_Process_2023,Vitamin Transport (GO:0051180),5/39,0.2743834786803722,0.9999958087188284,0,0,1.4819318404387285,1.9164766301681215,SLC5A6;NPC1L1;TCN1;SLC2A1;ABCD1
GO_Biological_Process_2023,Regulation Of Protein Kinase Activity (GO:0045859),13/119,0.2774876596899287,0.9999958087188284,0,0,1.2364643150123051,1.5851210590435785,DUSP19;THY1;C1ORF112;CCNA2;CENPE;DBNDD1;CEACAM1;TRAF4;NF1;SFN;EPHB2;EPHA1;ECT2
GO_Biological_Process_2023,Nervous System Development (GO:0007399),43/433,0.2784724762034529,0.9999958087188284,0,0,1.112752194895052,1.4225825242441683,MESP1;IGSF8;ATN1;SLC2A1;WDR62;MSI2;MST1R;NR2C2;EGFR;NPAS2;RAPGEFL1;KLK6;UGT8;SCIN;ZIC2;ERBB3;CDH1;MDK;ENC1;ERBB2;IGF2BP3;BPNT1;NPTX1;IGF2BP2;EPHB2;ECT2;SOX4;MARCKSL1;STIL;APLP1;LIMK1;FZD9;VPS13B;SOX11;NAV2;GFRA3;GRHL2;SLC25A16;GJB1;NF1;PCDHB9;PAFAH1B3;FGF11
GO_Biological_Process_2023,Regulation Of miRNA Transcription (GO:1902893),7/59,0.2822727069398619,0.9999958087188284,0,0,1.356698717948718,1.7160632850257669,FOXA1;IL10;POU2F1;SOX9;POU5F1;EGFR;PPARD
GO_Biological_Process_2023,Sodium Ion Transport (GO:0006814),10/89,0.28229902181846,0.9999958087188284,0,0,1.2759662729020942,1.6138273519497452,SLC5A6;HCN3;SLC4A8;SLC5A8;SLC9A5;SLC6A8;SLC4A11;ATP1B1;KCNK1;SLC6A3
GO_Biological_Process_2023,Regulation Of Neuron Differentiation (GO:0045664),9/79,0.283108583899763,0.9999958087188284,0,0,1.2959399332591768,1.635378697335073,PCP4;ZFHX2;SIX1;SOX11;EIF2AK4;TCF3;ECT2;CDK5RAP3;CDK5R1
GO_Biological_Process_2023,Homologous Chromosome Pairing At Meiosis (GO:0007129),4/30,0.2848757124980687,0.9999958087188284,0,0,1.5501514569734205,1.9465287348787064,FANCD2;MND1;HORMAD1;TRIP13
GO_Biological_Process_2023,Negative Regulation Of Blood Coagulation (GO:0030195),4/30,0.2848757124980687,0.9999958087188284,0,0,1.5501514569734205,1.9465287348787064,FGB;PROC;PLAU;F12
GO_Biological_Process_2023,Nucleic Acid Metabolic Process (GO:0090304),4/30,0.2848757124980687,0.9999958087188284,0,0,1.5501514569734205,1.9465287348787064,FEN1;RECQL5;WDR74;KPNA2
GO_Biological_Process_2023,Positive Regulation Of Cell Communication (GO:0010647),4/30,0.2848757124980687,0.9999958087188284,0,0,1.5501514569734205,1.9465287348787064,NMU;KCTD13;SOX11;PTPN23
GO_Biological_Process_2023,Regulation Of Vasculature Development (GO:1901342),4/30,0.2848757124980687,0.9999958087188284,0,0,1.5501514569734205,1.9465287348787064,LEP;ERBB2;NF1;CXCL13
GO_Biological_Process_2023,Negative Regulation Of Nucleic Acid-Templated Transcription (GO:1903507),45/456,0.2875950839511723,0.9999958087188284,0,0,1.1049570411857792,1.3769993946835686,MESP1;HDAC10;TMPRSS6;CHD8;EHMT1;BRCA1;FOXM1;CYP27B1;MTA1;SIX4;ZIC2;DEAF1;SCMH1;PRAME;SOX9;MTA3;EID2B;TFAP2A;SMARCC2;ZGPAT;CBX5;POU2F1;PARP1;CBX4;CDKN2A;CBX3;ZNF281;PHF12;DNMT3A;HMGA1;ZNF12;PA2G4;PML;FOXP1;ERN2;CENPF;ELF3;DEPDC1;TIMELESS;BIRC5;BCOR;RCOR2;EZH2;PPARD;CDK5R1
GO_Biological_Process_2023,Protein Complex Oligomerization (GO:0051259),11/100,0.2921825870851094,0.9999958087188284,0,0,1.2458647181001477,1.532882514219356,COMP;POLQ;BLM;CPSF6;PNPT1;SHMT2;AQP11;ECT2;FOXM1;NOL3;SAMD1
GO_Biological_Process_2023,L-alpha-amino Acid Transmembrane Transport (GO:1902475),5/40,0.2924017534963556,0.9999958087188284,0,0,1.439511653718091,1.7700617545136177,SLC7A5;SLC1A4;SLC1A7;SLC36A4;SLC25A13
GO_Biological_Process_2023,Endothelial Cell Migration (GO:0043542),5/40,0.2924017534963556,0.9999958087188284,0,0,1.439511653718091,1.7700617545136177,STAT1;S100P;TNFRSF25;CEL;PRSS3
GO_Biological_Process_2023,Water-Soluble Vitamin Metabolic Process (GO:0006767),5/40,0.2924017534963556,0.9999958087188284,0,0,1.439511653718091,1.7700617545136177,SHMT2;FLAD1;MTHFD2;SLC2A1;ABCD1
GO_Biological_Process_2023,Aminoglycan Biosynthetic Process (GO:0006023),3/21,0.2939778016471739,0.9999958087188284,0,0,1.679138950480414,2.05568757132863,B3GAT3;B3GNTL1;HS3ST1
GO_Biological_Process_2023,Anaphase-Promoting Complex-Dependent Catabolic Process (GO:0031145),3/21,0.2939778016471739,0.9999958087188284,0,0,1.679138950480414,2.05568757132863,CDC20;UBE2C;UBE2S
GO_Biological_Process_2023,Macrophage Differentiation (GO:0030225),3/21,0.2939778016471739,0.9999958087188284,0,0,1.679138950480414,2.05568757132863,PARP1;LIF;MMP9
GO_Biological_Process_2023,"Maturation Of 5.8S rRNA From Tricistronic rRNA Transcript (SSU-rRNA, 5.8S rRNA, LSU-rRNA) (GO:0000466)",3/21,0.2939778016471739,0.9999958087188284,0,0,1.679138950480414,2.05568757132863,RPP40;NOL9;WDR12
GO_Biological_Process_2023,Modulation By Host Of Viral Genome Replication (GO:0044827),3/21,0.2939778016471739,0.9999958087188284,0,0,1.679138950480414,2.05568757132863,DDX56;NUCKS1;EIF2AK4
GO_Biological_Process_2023,Negative Regulation Of Biomineral Tissue Development (GO:0070168),3/21,0.2939778016471739,0.9999958087188284,0,0,1.679138950480414,2.05568757132863,GREM1;BCOR;SOX9
GO_Biological_Process_2023,Negative Regulation Of miRNA Metabolic Process (GO:2000629),3/21,0.2939778016471739,0.9999958087188284,0,0,1.679138950480414,2.05568757132863,SOX9;POU5F1;PPARD
GO_Biological_Process_2023,Positive Regulation Of Interferon-Alpha Production (GO:0032727),3/21,0.2939778016471739,0.9999958087188284,0,0,1.679138950480414,2.05568757132863,IRF3;STAT1;IRF7
GO_Biological_Process_2023,Protein Mannosylation (GO:0035268),3/21,0.2939778016471739,0.9999958087188284,0,0,1.679138950480414,2.05568757132863,POMT2;DPM2;DPY19L1
GO_Biological_Process_2023,Regulation Of Anoikis (GO:2000209),3/21,0.2939778016471739,0.9999958087188284,0,0,1.679138950480414,2.05568757132863,SRC;CEACAM6;CEACAM5
GO_Biological_Process_2023,Regulation Of Membrane Protein Ectodomain Proteolysis (GO:0051043),3/21,0.2939778016471739,0.9999958087188284,0,0,1.679138950480414,2.05568757132863,IL10;PACSIN3;TIMP1
GO_Biological_Process_2023,Sulfur Compound Transport (GO:0072348),3/21,0.2939778016471739,0.9999958087188284,0,0,1.679138950480414,2.05568757132863,SLC5A6;RACGAP1;SLC25A10
GO_Biological_Process_2023,Zinc Ion Transmembrane Transport (GO:0071577),3/21,0.2939778016471739,0.9999958087188284,0,0,1.679138950480414,2.05568757132863,SLC39A11;SLC39A7;SLC39A4
GO_Biological_Process_2023,Positive Regulation Of Developmental Growth (GO:0048639),6/50,0.2957885062812486,0.9999958087188284,0,0,1.3741608197466053,1.6738798411876044,LEP;LIMK1;AGR2;RASAL1;AGRN;MAP3K13
GO_Biological_Process_2023,Positive Regulation Of Fat Cell Differentiation (GO:0045600),6/50,0.2957885062812486,0.9999958087188284,0,0,1.3741608197466053,1.6738798411876044,CREB1;LMO3;SYAP1;LRP5;SIX1;PPARD
GO_Biological_Process_2023,Pyruvate Metabolic Process (GO:0006090),6/50,0.2957885062812486,0.9999958087188284,0,0,1.3741608197466053,1.6738798411876044,LDHA;KRT17;HKDC1;ALDOB;ENO2;GAPDH
GO_Biological_Process_2023,UV-damage Excision Repair (GO:0070914),2/12,0.2964241934083974,0.9999958087188284,0,0,2.014736842105263,2.449846995419002,DDB1;MC1R
GO_Biological_Process_2023,Adipose Tissue Development (GO:0060612),2/12,0.2964241934083974,0.9999958087188284,0,0,2.014736842105263,2.449846995419002,LRP5;VPS13B
GO_Biological_Process_2023,Cardiac Right Ventricle Morphogenesis (GO:0003215),2/12,0.2964241934083974,0.9999958087188284,0,0,2.014736842105263,2.449846995419002,ISL1;SOX4
GO_Biological_Process_2023,Cell Projection Assembly (GO:0030031),2/12,0.2964241934083974,0.9999958087188284,0,0,2.014736842105263,2.449846995419002,SCIN;RAC3
GO_Biological_Process_2023,Cellular Response To Leucine Starvation (GO:1990253),2/12,0.2964241934083974,0.9999958087188284,0,0,2.014736842105263,2.449846995419002,SESN2;EIF2AK4
GO_Biological_Process_2023,Eye Photoreceptor Cell Differentiation (GO:0001754),2/12,0.2964241934083974,0.9999958087188284,0,0,2.014736842105263,2.449846995419002,MYO7A;PROM1
GO_Biological_Process_2023,Fatty Acid Transmembrane Transport (GO:1902001),2/12,0.2964241934083974,0.9999958087188284,0,0,2.014736842105263,2.449846995419002,SLC2A1;SLC25A20
GO_Biological_Process_2023,Fibrinolysis (GO:0042730),2/12,0.2964241934083974,0.9999958087188284,0,0,2.014736842105263,2.449846995419002,FGB;PLAU
GO_Biological_Process_2023,Folic Acid Metabolic Process (GO:0046655),2/12,0.2964241934083974,0.9999958087188284,0,0,2.014736842105263,2.449846995419002,MTHFD2;SHMT2
GO_Biological_Process_2023,Icosanoid Secretion (GO:0032309),2/12,0.2964241934083974,0.9999958087188284,0,0,2.014736842105263,2.449846995419002,LEP;DRD4
GO_Biological_Process_2023,Ionotropic Glutamate Receptor Signaling Pathway (GO:0035235),2/12,0.2964241934083974,0.9999958087188284,0,0,2.014736842105263,2.449846995419002,CDK5R1;GRIN1
GO_Biological_Process_2023,mRNA Cleavage Involved In mRNA Processing (GO:0098787),2/12,0.2964241934083974,0.9999958087188284,0,0,2.014736842105263,2.449846995419002,CPSF6;CSTF2
GO_Biological_Process_2023,Macrophage Migration (GO:1905517),2/12,0.2964241934083974,0.9999958087188284,0,0,2.014736842105263,2.449846995419002,EDN2;SAA1
GO_Biological_Process_2023,Multicellular Organismal-Level Iron Ion Homeostasis (GO:0060586),2/12,0.2964241934083974,0.9999958087188284,0,0,2.014736842105263,2.449846995419002,TMPRSS6;HAMP
GO_Biological_Process_2023,Negative Regulation Of Complement Activation (GO:0045916),2/12,0.2964241934083974,0.9999958087188284,0,0,2.014736842105263,2.449846995419002,SUSD4;C4BPB
GO_Biological_Process_2023,Negative Regulation Of Mononuclear Cell Migration (GO:0071676),2/12,0.2964241934083974,0.9999958087188284,0,0,2.014736842105263,2.449846995419002,GREM1;MIA3
GO_Biological_Process_2023,Negative Regulation Of Voltage-Gated Calcium Channel Activity (GO:1901386),2/12,0.2964241934083974,0.9999958087188284,0,0,2.014736842105263,2.449846995419002,GPR35;DRD4
GO_Biological_Process_2023,Phosphatidylcholine Acyl-Chain Remodeling (GO:0036151),2/12,0.2964241934083974,0.9999958087188284,0,0,2.014736842105263,2.449846995419002,TMEM86B;MBOAT2
GO_Biological_Process_2023,Positive Regulation Of T Cell Chemotaxis (GO:0010820),2/12,0.2964241934083974,0.9999958087188284,0,0,2.014736842105263,2.449846995419002,STK39;CXCL13
GO_Biological_Process_2023,Positive Regulation Of Cellular Extravasation (GO:0002693),2/12,0.2964241934083974,0.9999958087188284,0,0,2.014736842105263,2.449846995419002,MDK;THY1
GO_Biological_Process_2023,Positive Regulation Of Reactive Oxygen Species Biosynthetic Process (GO:1903428),2/12,0.2964241934083974,0.9999958087188284,0,0,2.014736842105263,2.449846995419002,SLC5A3;GRIN1
GO_Biological_Process_2023,Positive Regulation Of Vascular Endothelial Cell Proliferation (GO:1905564),2/12,0.2964241934083974,0.9999958087188284,0,0,2.014736842105263,2.449846995419002,MDK;PSG1
GO_Biological_Process_2023,Protein Heterotetramerization (GO:0051290),2/12,0.2964241934083974,0.9999958087188284,0,0,2.014736842105263,2.449846995419002,CPSF6;GRIN1
GO_Biological_Process_2023,Pyrimidine Deoxyribonucleotide Catabolic Process (GO:0009223),2/12,0.2964241934083974,0.9999958087188284,0,0,2.014736842105263,2.449846995419002,MBD4;TDG
GO_Biological_Process_2023,Regulation Of DNA-templated DNA Replication Initiation (GO:0030174),2/12,0.2964241934083974,0.9999958087188284,0,0,2.014736842105263,2.449846995419002,MCM4;MCM2
GO_Biological_Process_2023,Regulation Of Chemokine (C-X-C Motif) Ligand 2 Production (GO:2000341),2/12,0.2964241934083974,0.9999958087188284,0,0,2.014736842105263,2.449846995419002,F2RL1;FOXP1
GO_Biological_Process_2023,Regulation Of Leukocyte Adhesion To Vascular Endothelial Cell (GO:1904994),2/12,0.2964241934083974,0.9999958087188284,0,0,2.014736842105263,2.449846995419002,IRAK1;MDK
GO_Biological_Process_2023,Regulation Of Retinoic Acid Receptor Signaling Pathway (GO:0048385),2/12,0.2964241934083974,0.9999958087188284,0,0,2.014736842105263,2.449846995419002,PRAME;EZH2
GO_Biological_Process_2023,Regulation Of Tube Diameter (GO:0035296),2/12,0.2964241934083974,0.9999958087188284,0,0,2.014736842105263,2.449846995419002,ACE2;GCLM
GO_Biological_Process_2023,Response To Iron Ion (GO:0010039),2/12,0.2964241934083974,0.9999958087188284,0,0,2.014736842105263,2.449846995419002,TFAP2A;HAMP
GO_Biological_Process_2023,Semaphorin-Plexin Signaling Pathway Involved In Neuron Projection Guidance (GO:1902285),2/12,0.2964241934083974,0.9999958087188284,0,0,2.014736842105263,2.449846995419002,PLXNB3;PLXNA3
GO_Biological_Process_2023,Steroid Catabolic Process (GO:0006706),2/12,0.2964241934083974,0.9999958087188284,0,0,2.014736842105263,2.449846995419002,CYP24A1;SPP1
GO_Biological_Process_2023,Synaptic Membrane Adhesion (GO:0099560),2/12,0.2964241934083974,0.9999958087188284,0,0,2.014736842105263,2.449846995419002,LRFN4;PTPRF
GO_Biological_Process_2023,Vascular Process In Circulatory System (GO:0003018),2/12,0.2964241934083974,0.9999958087188284,0,0,2.014736842105263,2.449846995419002,ACE2;GCLM
GO_Biological_Process_2023,Negative Regulation Of Cell Migration (GO:0030336),17/163,0.3035072735737678,0.9999958087188284,0,0,1.173945817708732,1.3997539472275808,IGFBP3;ARID4B;MIA3;THY1;PTPN23;SULF1;COL3A1;CLDN3;CDH1;KRT16;PIP5KL1;MARVELD3;NF1;PLXNB3;RAC1;TIMP1;EPHA1
GO_Biological_Process_2023,Negative Regulation Of Cell-Matrix Adhesion (GO:0001953),4/31,0.3058709707407185,0.9999958087188284,0,0,1.492656272467698,1.7681885749293504,MMP12;SRC;CDKN2A;SEMA3E
GO_Biological_Process_2023,Negative Regulation Of Microtubule Polymerization Or Depolymerization (GO:0031111),4/31,0.3058709707407185,0.9999958087188284,0,0,1.492656272467698,1.7681885749293504,TPX2;TAOK1;TBCD;TRIM54
GO_Biological_Process_2023,Organic Cation Transport (GO:0015695),4/31,0.3058709707407185,0.9999958087188284,0,0,1.492656272467698,1.7681885749293504,SLC44A4;SLC22A18;SLC29A4;SLC6A3
GO_Biological_Process_2023,Positive Regulation Of Rho Protein Signal Transduction (GO:0035025),4/31,0.3058709707407185,0.9999958087188284,0,0,1.492656272467698,1.7681885749293504,COL3A1;GPR35;F2RL1;RAC1
GO_Biological_Process_2023,Positive Regulation Of Extrinsic Apoptotic Signaling Pathway (GO:2001238),4/31,0.3058709707407185,0.9999958087188284,0,0,1.492656272467698,1.7681885749293504,TNFRSF12A;PMAIP1;TRAF2;PML
GO_Biological_Process_2023,Receptor Signaling Pathway Via STAT (GO:0097696),4/31,0.3058709707407185,0.9999958087188284,0,0,1.492656272467698,1.7681885749293504,IFNAR2;STAT1;CLCF1;CSF2RA
GO_Biological_Process_2023,Regulation Of Cell Morphogenesis (GO:0022604),4/31,0.3058709707407185,0.9999958087188284,0,0,1.492656272467698,1.7681885749293504,VIL1;CLDN4;CLDN3;NOL3
GO_Biological_Process_2023,Response To Estradiol (GO:0032355),4/31,0.3058709707407185,0.9999958087188284,0,0,1.492656272467698,1.7681885749293504,FOXA1;LCOR;SSTR2;EGFR
GO_Biological_Process_2023,Carbohydrate Catabolic Process (GO:0016052),5/41,0.3106146150535819,0.9999958087188284,0,0,1.3994481440374893,1.6362380098894982,LDHA;HKDC1;ALDOB;ENO2;GAPDH
GO_Biological_Process_2023,Positive Regulation Of Viral Process (GO:0048524),5/41,0.3106146150535819,0.9999958087188284,0,0,1.3994481440374893,1.6362380098894982,DDB1;VAPB;KPNA2;ATG12;SRPK1
GO_Biological_Process_2023,Regulation Of Microtubule-Based Process (GO:0032886),5/41,0.3106146150535819,0.9999958087188284,0,0,1.3994481440374893,1.6362380098894982,TAOK1;ERBB2;MARK2;AURKA;MCM2
GO_Biological_Process_2023,Positive Regulation Of Transferase Activity (GO:0051347),15/143,0.3109016862065267,0.9999958087188284,0,0,1.1813572474888392,1.38015431830905,DDR1;FBXW7;MST1R;CHTF18;GRHL2;AURKB;EGFR;AGT;GREM1;PKIB;ERBB3;ERBB2;NEK2;EPHA1;DRD4
GO_Biological_Process_2023,Regulation Of Stress-Activated MAPK Cascade (GO:0032872),6/51,0.3120605900211196,0.9999958087188284,0,0,1.3435498796964649,1.5646416415476243,GREM1;TAOK1;F2RL1;FOXM1;MAPK8IP3;EGFR
GO_Biological_Process_2023,Regulation Of Substrate Adhesion-Dependent Cell Spreading (GO:1900024),6/51,0.3120605900211196,0.9999958087188284,0,0,1.3435498796964649,1.5646416415476243,FGB;DOCK5;MDK;RAC3;RAC1;P4HB
GO_Biological_Process_2023,Regulation Of Telomere Maintenance Via Telomerase (GO:0032210),6/51,0.3120605900211196,0.9999958087188284,0,0,1.3435498796964649,1.5646416415476243,PIF1;PKIB;GNL3L;SRC;NEK2;AURKB
GO_Biological_Process_2023,Phosphorylation (GO:0016310),42/429,0.3142813503714726,0.9999958087188284,0,0,1.0948635175791115,1.2672680341424267,CAMK2B;DYRK2;MAPKAP1;STK39;CDCA8;CSF2RA;AURKB;AURKA;IRAK1;CHEK1;ERBB2;PAK6;NEK2;MAP3K9;EPHB2;IKBKE;XYLB;MARK2;EPHB3;PLK4;TAF13;IGFBP3;NEK6;LIMK1;LMTK3;BRAF;CSNK1D;PTK6;EIF2AK4;ACVR2B;SRPK1;ERN2;MELK;CREB1;INCENP;CCNE1;TAOK1;HKDC1;BIRC5;TAF6;TOP1;MAP3K13
GO_Biological_Process_2023,Activation Of GTPase Activity (GO:0090630),11/102,0.314890323821391,0.9999958087188284,0,0,1.2183484666780882,1.407839274786546,BCR;TBC1D3B;GRTP1;ARHGEF16;ARHGEF19;TBC1D3C;CXCL13;EPHA1;ECT2;NGEF;TBC1D10B
GO_Biological_Process_2023,Regulation Of Protein Secretion (GO:0050708),11/102,0.314890323821391,0.9999958087188284,0,0,1.2183484666780882,1.407839274786546,FGB;ACHE;RHBDF2;SAA1;ADAM8;ATP13A2;STX1A;DRD4;SYT7;LLGL2;EXPH5
GO_Biological_Process_2023,Epithelium Development (GO:0060429),16/154,0.3164344493206726,0.9999958087188284,0,0,1.1688069979527267,1.344875114013928,STIL;DLX3;STAT1;WNT7B;SIX1;PPP2R3A;GRHL2;VIL1;SPINT1;KRT17;KRT16;KRT15;TIMELESS;SOX9;WNT3;KRT6A
GO_Biological_Process_2023,Cytoskeleton-Dependent Intracellular Transport (GO:0030705),3/22,0.3196125127472156,0.9999958087188284,0,0,1.5906756914459097,1.8143977288730997,HOOK1;HOOK3;KIF1A
GO_Biological_Process_2023,Hexose Transmembrane Transport (GO:0008645),3/22,0.3196125127472156,0.9999958087188284,0,0,1.5906756914459097,1.8143977288730997,SLC2A1;SLC2A5;SLC5A3
GO_Biological_Process_2023,Homologous Chromosome Segregation (GO:0045143),3/22,0.3196125127472156,0.9999958087188284,0,0,1.5906756914459097,1.8143977288730997,PTTG1;FANCD2;MND1
GO_Biological_Process_2023,Negative Regulation Of Cell Communication (GO:0010648),3/22,0.3196125127472156,0.9999958087188284,0,0,1.5906756914459097,1.8143977288730997,ERBB3;IGFBP3;LIF
GO_Biological_Process_2023,Regulation Of Protein Export From Nucleus (GO:0046825),3/22,0.3196125127472156,0.9999958087188284,0,0,1.5906756914459097,1.8143977288730997,BARD1;YWHAE;UHMK1
GO_Biological_Process_2023,Regulation Of Telomere Capping (GO:1904353),3/22,0.3196125127472156,0.9999958087188284,0,0,1.5906756914459097,1.8143977288730997,PKIB;NEK2;AURKB
GO_Biological_Process_2023,Cell Junction Organization (GO:0034330),7/62,0.3266986174477782,0.9999958087188284,0,0,1.2824848484848486,1.4347378488065017,CLDN3;WNT7B;MARVELD3;PPFIA1;SEMA3E;PPFIA4;GRHL2
GO_Biological_Process_2023,Chromosome Condensation (GO:0030261),4/32,0.3270169542397378,0.9999958087188284,0,0,1.439267886855241,1.608731982171144,TOP2A;ERN2;CDCA5;NUSAP1
GO_Biological_Process_2023,Gluconeogenesis (GO:0006094),4/32,0.3270169542397378,0.9999958087188284,0,0,1.439267886855241,1.608731982171144,KRT17;SLC25A10;ENO2;SLC25A13
GO_Biological_Process_2023,Heterochromatin Formation (GO:0031507),4/32,0.3270169542397378,0.9999958087188284,0,0,1.439267886855241,1.608731982171144,UHRF1;CBX3;SCMH1;EZH2
GO_Biological_Process_2023,Regulation Of Metaphase/Anaphase Transition Of Cell Cycle (GO:1902099),4/32,0.3270169542397378,0.9999958087188284,0,0,1.439267886855241,1.608731982171144,CENPE;SMARCC2;UBE2C;NEK6
GO_Biological_Process_2023,Rho Protein Signal Transduction (GO:0007266),6/52,0.3284726526523823,0.9999958087188284,0,0,1.314269850083287,1.4631788500482914,COL1A2;RACGAP1;LIMK1;EPS8L1;TNFRSF25;RHOD
GO_Biological_Process_2023,Negative Regulation Of Innate Immune Response (GO:0045824),6/52,0.3284726526523823,0.9999958087188284,0,0,1.314269850083287,1.4631788500482914,PARP1;SUSD4;ISG15;TTLL12;ATG12;AURKB
GO_Biological_Process_2023,Negative Regulation Of Response To Stimulus (GO:0048585),6/52,0.3284726526523823,0.9999958087188284,0,0,1.314269850083287,1.4631788500482914,COL3A1;ERBB3;IGFBP3;VPS13C;AQP11;THY1
GO_Biological_Process_2023,DNA Integrity Checkpoint Signaling (GO:0031570),5/42,0.3289743178423828,0.9999958087188284,0,0,1.3615502294747577,1.5137383131378197,CDT1;CHEK1;DONSON;TIMELESS;RAD9A
GO_Biological_Process_2023,Keratinocyte Differentiation (GO:0030216),5/42,0.3289743178423828,0.9999958087188284,0,0,1.3615502294747577,1.5137383131378197,DSP;BCR;ST14;KRT16;EXPH5
GO_Biological_Process_2023,Regulation Of Axonogenesis (GO:0050770),5/42,0.3289743178423828,0.9999958087188284,0,0,1.3615502294747577,1.5137383131378197,PLXNB3;THY1;MARK2;EPHB3;PLXNA3
GO_Biological_Process_2023,Skeletal Muscle Tissue Development (GO:0007519),5/42,0.3289743178423828,0.9999958087188284,0,0,1.3615502294747577,1.5137383131378197,IGSF8;SVIL;SIX4;SIX1;LMOD3
GO_Biological_Process_2023,Positive Regulation Of Cellular Component Biogenesis (GO:0044089),10/93,0.3303518207059109,0.9999958087188284,0,0,1.2142057378093345,1.3448507164532004,VIL1;CHAF1B;CLDN3;GNL3L;MMP1;BIK;MMP3;LIMK1;BMF;ATP13A2
GO_Biological_Process_2023,Cardiocyte Differentiation (GO:0035051),2/13,0.3310018155019239,0.9999958087188284,0,0,1.8314782170737849,2.024939859498145,GREM1;MESP1
GO_Biological_Process_2023,Clathrin Coat Assembly (GO:0048268),2/13,0.3310018155019239,0.9999958087188284,0,0,1.8314782170737849,2.024939859498145,FCHO1;HIP1R
GO_Biological_Process_2023,Endoplasmic Reticulum Mannose Trimming (GO:1904380),2/13,0.3310018155019239,0.9999958087188284,0,0,1.8314782170737849,2.024939859498145,SYVN1;TRIM13
GO_Biological_Process_2023,Eye Photoreceptor Cell Development (GO:0042462),2/13,0.3310018155019239,0.9999958087188284,0,0,1.8314782170737849,2.024939859498145,MYO7A;THY1
GO_Biological_Process_2023,Glomerular Filtration (GO:0003094),2/13,0.3310018155019239,0.9999958087188284,0,0,1.8314782170737849,2.024939859498145,XPNPEP3;SULF1
GO_Biological_Process_2023,Membrane Protein Intracellular Domain Proteolysis (GO:0031293),2/13,0.3310018155019239,0.9999958087188284,0,0,1.8314782170737849,2.024939859498145,HM13;SPPL2B
GO_Biological_Process_2023,Mitochondrial DNA Metabolic Process (GO:0032042),2/13,0.3310018155019239,0.9999958087188284,0,0,1.8314782170737849,2.024939859498145,PARP1;TOP3A
GO_Biological_Process_2023,Negative Regulation Of Bone Mineralization (GO:0030502),2/13,0.3310018155019239,0.9999958087188284,0,0,1.8314782170737849,2.024939859498145,GREM1;BCOR
GO_Biological_Process_2023,Negative Regulation Of Cartilage Development (GO:0061037),2/13,0.3310018155019239,0.9999958087188284,0,0,1.8314782170737849,2.024939859498145,GREM1;SOX9
GO_Biological_Process_2023,Negative Regulation Of Toll-Like Receptor Signaling Pathway (GO:0034122),2/13,0.3310018155019239,0.9999958087188284,0,0,1.8314782170737849,2.024939859498145,SMPDL3B;LGR4
GO_Biological_Process_2023,Negative Regulation Of Viral Transcription (GO:0032897),2/13,0.3310018155019239,0.9999958087188284,0,0,1.8314782170737849,2.024939859498145,TRIM13;TRIM31
GO_Biological_Process_2023,Peptidyl-Tyrosine Autophosphorylation (GO:0038083),2/13,0.3310018155019239,0.9999958087188284,0,0,1.8314782170737849,2.024939859498145,DDR1;EGFR
GO_Biological_Process_2023,Plasma Membrane Tubulation (GO:0097320),2/13,0.3310018155019239,0.9999958087188284,0,0,1.8314782170737849,2.024939859498145,PACSIN3;PACSIN1
GO_Biological_Process_2023,Positive Regulation Of Granulocyte Macrophage Colony-Stimulating Factor Production (GO:0032725),2/13,0.3310018155019239,0.9999958087188284,0,0,1.8314782170737849,2.024939859498145,PAEP;ISL1
GO_Biological_Process_2023,Positive Regulation Of Heterochromatin Formation (GO:0031453),2/13,0.3310018155019239,0.9999958087188284,0,0,1.8314782170737849,2.024939859498145,SETDB1;MORC2
GO_Biological_Process_2023,Positive Regulation Of Potassium Ion Transmembrane Transporter Activity (GO:1901018),2/13,0.3310018155019239,0.9999958087188284,0,0,1.8314782170737849,2.024939859498145,GAL;ATP1B1
GO_Biological_Process_2023,Protein Hydroxylation (GO:0018126),2/13,0.3310018155019239,0.9999958087188284,0,0,1.8314782170737849,2.024939859498145,EGLN3;PLOD2
GO_Biological_Process_2023,Regulation Of ERBB Signaling Pathway (GO:1901184),2/13,0.3310018155019239,0.9999958087188284,0,0,1.8314782170737849,2.024939859498145,CEACAM1;RHBDF2
GO_Biological_Process_2023,Regulation Of T Cell Chemotaxis (GO:0010819),2/13,0.3310018155019239,0.9999958087188284,0,0,1.8314782170737849,2.024939859498145,STK39;CXCL13
GO_Biological_Process_2023,Regulation Of Cell Fate Commitment (GO:0010453),2/13,0.3310018155019239,0.9999958087188284,0,0,1.8314782170737849,2.024939859498145,MTA1;MTA3
GO_Biological_Process_2023,Regulation Of Fatty Acid Beta-Oxidation (GO:0031998),2/13,0.3310018155019239,0.9999958087188284,0,0,1.8314782170737849,2.024939859498145,LONP2;ABCD1
GO_Biological_Process_2023,Regulation Of Humoral Immune Response (GO:0002920),2/13,0.3310018155019239,0.9999958087188284,0,0,1.8314782170737849,2.024939859498145,SUSD4;CXCL13
GO_Biological_Process_2023,Regulation Of Immune Effector Process (GO:0002697),2/13,0.3310018155019239,0.9999958087188284,0,0,1.8314782170737849,2.024939859498145,SUSD4;C4BPB
GO_Biological_Process_2023,Regulation Of Lamellipodium Organization (GO:1902743),2/13,0.3310018155019239,0.9999958087188284,0,0,1.8314782170737849,2.024939859498145,VIL1;RAC1
GO_Biological_Process_2023,Regulation Of Vasculogenesis (GO:2001212),2/13,0.3310018155019239,0.9999958087188284,0,0,1.8314782170737849,2.024939859498145,CEACAM1;SORD
GO_Biological_Process_2023,Substrate-Dependent Cell Migration (GO:0006929),2/13,0.3310018155019239,0.9999958087188284,0,0,1.8314782170737849,2.024939859498145,ITGA2;ITGA11
GO_Biological_Process_2023,Thymus Development (GO:0048538),2/13,0.3310018155019239,0.9999958087188284,0,0,1.8314782170737849,2.024939859498145,SIX1;EPHB3
GO_Biological_Process_2023,Response To Endoplasmic Reticulum Stress (GO:0034976),12/114,0.3334667567855991,0.9999958087188284,0,0,1.185711944945109,1.3021632031538857,SCAMP5;ERN2;CCDC47;ATG10;SYVN1;ATP2A2;HYOU1;TRAF2;P4HB;PDIA6;CDK5RAP3;PDIA4
GO_Biological_Process_2023,Regulation Of Epithelial To Mesenchymal Transition (GO:0010717),9/83,0.3342804582554906,0.9999958087188284,0,0,1.2256185551513694,1.343002102382115,FOXA1;GREM1;COL1A1;MDK;HPN;IL17RD;AGT;BCL9L;EZH2
GO_Biological_Process_2023,Non-Membrane-Bounded Organelle Assembly (GO:0140694),14/135,0.3348556776552501,0.9999958087188284,0,0,1.1661880683834749,1.2758746486213293,GRB7;NEK6;CSNK1D;VCX;CENPA;LMOD3;ATXN2L;CENPE;CENPF;RCC1;NEK2;SFI1;GOLGA8A;SAC3D1
GO_Biological_Process_2023,Response To Cytokine (GO:0034097),13/125,0.339622286783009,0.9999958087188284,0,0,1.169836956521739,1.2633317300419251,IFNAR2;SHMT2;SRC;STAT1;MX2;ISG15;PML;CYP27B1;COL3A1;IRAK1;TIMP1;XAF1;IKBKE
GO_Biological_Process_2023,Protein Polymerization (GO:0051258),7/63,0.3417561496889236,0.9999958087188284,0,0,1.2595138888888888,1.3522869221472356,FGB;VIL1;UBE2C;UBE2S;SPIRE2;RAC1;MAP4
GO_Biological_Process_2023,Protein Ubiquitination (GO:0016567),42/434,0.3423629897028876,0.9999958087188284,0,0,1.0805949008498583,1.1582720944307587,CUL7;TRIM51;MGRN1;UHRF1;UBE2D2;CCNF;CBLC;DTX2;BRCA1;RUSC1;TRIM2;ENC1;MARVELD3;RNF39;PRAME;BARD1;RNF43;WSB1;FBXW7;UBE2C;FBXO2;SYVN1;TRAF2;ISG15;FBXO32;FBXO11;DDB1;DEPDC1B;SPSB1;RAD51;TRIM17;NFX1;UBE2S;UBE2T;KCTD13;TRIM13;UBE2O;TRIM15;TRIM38;TRIM31;TRIM54;THOP1
GO_Biological_Process_2023,Cellular Response To Alcohol (GO:0097306),6/53,0.344991287061607,0.9999958087188284,0,0,1.286235779177053,1.368858571388259,BLM;CREB1;RAD51;JUP;CDH1;BRCA1
GO_Biological_Process_2023,Cell-Cell Signaling By Wnt (GO:0198738),3/23,0.3452644185863628,0.9999958087188284,0,0,1.5110587583148558,1.6069274654285537,WNT7B;RAC3;CD24
GO_Biological_Process_2023,Entrainment Of Circadian Clock By Photoperiod (GO:0043153),3/23,0.3452644185863628,0.9999958087188284,0,0,1.5110587583148558,1.6069274654285537,MTA1;CRTC1;PML
GO_Biological_Process_2023,Glial Cell Development (GO:0021782),3/23,0.3452644185863628,0.9999958087188284,0,0,1.5110587583148558,1.6069274654285537,NSUN5;MDK;NF1
GO_Biological_Process_2023,Lymphocyte Activation Involved In Immune Response (GO:0002285),3/23,0.3452644185863628,0.9999958087188284,0,0,1.5110587583148558,1.6069274654285537,MDK;F2RL1;EIF2AK4
GO_Biological_Process_2023,Microtubule Nucleation (GO:0007020),3/23,0.3452644185863628,0.9999958087188284,0,0,1.5110587583148558,1.6069274654285537,TPX2;CSNK1D;TUBG1
GO_Biological_Process_2023,Negative Regulation Of Oxidative Stress-Induced Cell Death (GO:1903202),3/23,0.3452644185863628,0.9999958087188284,0,0,1.5110587583148558,1.6069274654285537,GPR37;PYCR1;NOL3
GO_Biological_Process_2023,Negative Regulation Of Protein Depolymerization (GO:1901880),3/23,0.3452644185863628,0.9999958087188284,0,0,1.5110587583148558,1.6069274654285537,TPX2;TAOK1;TRIM54
GO_Biological_Process_2023,Regulation Of Centrosome Cycle (GO:0046605),3/23,0.3452644185863628,0.9999958087188284,0,0,1.5110587583148558,1.6069274654285537,XRCC3;AURKA;MCM2
GO_Biological_Process_2023,Regulation Of Extracellular Matrix Organization (GO:1903053),3/23,0.3452644185863628,0.9999958087188284,0,0,1.5110587583148558,1.6069274654285537,DDR1;CEL;AGT
GO_Biological_Process_2023,Translesion Synthesis (GO:0019985),3/23,0.3452644185863628,0.9999958087188284,0,0,1.5110587583148558,1.6069274654285537,PARP10;POLE2;POLH
GO_Biological_Process_2023,Zinc Ion Transport (GO:0006829),3/23,0.3452644185863628,0.9999958087188284,0,0,1.5110587583148558,1.6069274654285537,SLC39A11;SLC39A7;SLC39A4
GO_Biological_Process_2023,Positive Regulation Of Double-Strand Break Repair (GO:2000781),9/84,0.347333217947764,0.9999958087188284,0,0,1.209210233592881,1.2787043650071246,MBTD1;RAD51AP1;PARP3;SMARCC2;PARP1;DDX11;TIMELESS;SPIRE2;FOXM1
GO_Biological_Process_2023,Response To Amyloid-Beta (GO:1904645),5/43,0.3474344372064219,0.9999958087188284,0,0,1.3256469419942754,1.401446508421378,MMP12;MMP13;MMP3;MMP9;GRIN1
GO_Biological_Process_2023,Negative Regulation Of Endocytosis (GO:0045806),4/33,0.348243567747191,0.9999958087188284,0,0,1.38956145887123,1.4657832635403178,SCAMP5;PACSIN3;RAC1;PROM2
GO_Biological_Process_2023,Positive Regulation Of Ion Transmembrane Transporter Activity (GO:0032414),4/33,0.348243567747191,0.9999958087188284,0,0,1.38956145887123,1.4657832635403178,STK39;NOL3;EPHB2;ATP1B1
GO_Biological_Process_2023,Regulation Of Cell Adhesion Mediated By Integrin (GO:0033628),4/33,0.348243567747191,0.9999958087188284,0,0,1.38956145887123,1.4657832635403178,PLAU;TESC;LIF;RAC3
GO_Biological_Process_2023,Regulation Of Potassium Ion Transmembrane Transport (GO:1901379),4/33,0.348243567747191,0.9999958087188284,0,0,1.38956145887123,1.4657832635403178,YWHAE;NOS1AP;STK39;KCNN4
GO_Biological_Process_2023,Positive Regulation Of Stress-Activated MAPK Cascade (GO:0032874),11/105,0.3496611673570686,0.9999958087188284,0,0,1.1792695351371842,1.2391654445947933,UNC5CL;TRAF4;WNT7B;LEP;TAOK1;STK39;DUSP19;SORD;F2RL1;TRAF2;MAPK8IP3
GO_Biological_Process_2023,Protein Glycosylation (GO:0006486),15/147,0.3498532554345512,0.9999958087188284,0,0,1.145304890422078,1.2028467061504882,GALNT6;ST6GALNAC1;GALNT4;GALNT3;ENTPD5;GFPT1;PLOD2;FUT2;B3GNTL1;FUT3;FUT6;FUT8;POFUT1;GCNT3;AQP11
GO_Biological_Process_2023,Regulation Of Secretion By Cell (GO:1903530),7/64,0.3568961243291379,0.9999958087188284,0,0,1.2373489278752436,1.274853602214452,FER1L4;RAB26;RAB12;RHBDF2;SCG5;SAA1;LLGL2
GO_Biological_Process_2023,Establishment Of Protein Localization To Organelle (GO:0072594),9/85,0.3604575189283846,0.9999958087188284,0,0,1.1932337099701422,1.2175532072869206,IPO13;MMP12;NUP155;CSE1L;FAM53A;E2F3;KPNA2;IPO4;TNPO3
GO_Biological_Process_2023,Positive Regulation Of Canonical Wnt Signaling Pathway (GO:0090263),9/85,0.3604575189283846,0.9999958087188284,0,0,1.1932337099701422,1.2175532072869206,COL1A1;PPM1B;CDH3;JUP;FZD9;CSNK1D;SOX4;EGFR;LGR4
GO_Biological_Process_2023,Regulation Of Kinase Activity (GO:0043549),9/85,0.3604575189283846,0.9999958087188284,0,0,1.1932337099701422,1.2175532072869206,DDR1;ERBB3;ERBB2;MST1R;EPHA1;ECT2;C1ORF112;EGFR;DRD4
GO_Biological_Process_2023,Regulation Of Osteoblast Differentiation (GO:0045667),9/85,0.3604575189283846,0.9999958087188284,0,0,1.1932337099701422,1.2175532072869206,CCNA2;GREM1;WNT7B;SMOC1;LRP5;SOX11;FBXO5;SOX9;ACVR2B
GO_Biological_Process_2023,Regulation Of Anatomical Structure Morphogenesis (GO:0022603),13/127,0.3609619432537283,0.9999958087188284,0,0,1.1491863717264177,1.171001085366687,CXCL13;NOL3;CLDN4;CEACAM1;CLDN3;LEP;ERBB2;NF1;KIF1A;MARK2;EPHB3;BCL9L;CDK5R1
GO_Biological_Process_2023,Negative Regulation Of Protein Catabolic Process (GO:0042177),6/54,0.3615837974827623,0.9999958087188284,0,0,1.259369794558579,1.2811083550290856,IL10;NQO1;TIMP1;CDK5RAP3;EGFR;MAD2L1
GO_Biological_Process_2023,"RNA Phosphodiester Bond Hydrolysis, Endonucleolytic (GO:0090502)",2/14,0.3650780247659776,0.9999958087188284,0,0,1.6787626962142197,1.691595463399873,POP1;RPP40
GO_Biological_Process_2023,"Blood Coagulation, Fibrin Clot Formation (GO:0072378)",2/14,0.3650780247659776,0.9999958087188284,0,0,1.6787626962142197,1.691595463399873,FGB;F12
GO_Biological_Process_2023,Contractile Actin Filament Bundle Assembly (GO:0030038),2/14,0.3650780247659776,0.9999958087188284,0,0,1.6787626962142197,1.691595463399873,SRC;KCTD13
GO_Biological_Process_2023,Detection Of Mechanical Stimulus Involved In Sensory Perception (GO:0050974),2/14,0.3650780247659776,0.9999958087188284,0,0,1.6787626962142197,1.691595463399873,COL11A1;HPN
GO_Biological_Process_2023,Embryonic Cranial Skeleton Morphogenesis (GO:0048701),2/14,0.3650780247659776,0.9999958087188284,0,0,1.6787626962142197,1.691595463399873,TFAP2A;SIX1
GO_Biological_Process_2023,Icosanoid Transport (GO:0071715),2/14,0.3650780247659776,0.9999958087188284,0,0,1.6787626962142197,1.691595463399873,ABCC3;SLCO3A1
GO_Biological_Process_2023,Lipoprotein Biosynthetic Process (GO:0042158),2/14,0.3650780247659776,0.9999958087188284,0,0,1.6787626962142197,1.691595463399873,ATG10;ATG12
GO_Biological_Process_2023,Mammary Gland Epithelium Development (GO:0061180),2/14,0.3650780247659776,0.9999958087188284,0,0,1.6787626962142197,1.691595463399873,WNT7B;WNT3
GO_Biological_Process_2023,"Maturation Of LSU-rRNA From Tricistronic rRNA Transcript (SSU-rRNA, 5.8S rRNA, LSU-rRNA) (GO:0000463)",2/14,0.3650780247659776,0.9999958087188284,0,0,1.6787626962142197,1.691595463399873,NOL9;WDR12
GO_Biological_Process_2023,Membrane Repolarization During Cardiac Muscle Cell Action Potential (GO:0086013),2/14,0.3650780247659776,0.9999958087188284,0,0,1.6787626962142197,1.691595463399873,YWHAE;ATP1B1
GO_Biological_Process_2023,Mitotic intra-S DNA Damage Checkpoint Signaling (GO:0031573),2/14,0.3650780247659776,0.9999958087188284,0,0,1.6787626962142197,1.691595463399873,FANCD2;RAD9A
GO_Biological_Process_2023,Mitotic Recombination (GO:0006312),2/14,0.3650780247659776,0.9999958087188284,0,0,1.6787626962142197,1.691595463399873,RAD51;XRCC3
GO_Biological_Process_2023,Myotube Cell Development (GO:0014904),2/14,0.3650780247659776,0.9999958087188284,0,0,1.6787626962142197,1.691595463399873,SIX1;LMOD3
GO_Biological_Process_2023,Negative Regulation Of T Cell Mediated Immunity (GO:0002710),2/14,0.3650780247659776,0.9999958087188284,0,0,1.6787626962142197,1.691595463399873,IL4I1;CEACAM1
GO_Biological_Process_2023,Negative Regulation Of Chondrocyte Differentiation (GO:0032331),2/14,0.3650780247659776,0.9999958087188284,0,0,1.6787626962142197,1.691595463399873,GREM1;SOX9
GO_Biological_Process_2023,Negative Regulation Of Fatty Acid Biosynthetic Process (GO:0045717),2/14,0.3650780247659776,0.9999958087188284,0,0,1.6787626962142197,1.691595463399873,CEACAM1;BRCA1
GO_Biological_Process_2023,Negative Regulation Of Single Stranded Viral RNA Replication Via Double Stranded DNA Intermediate (GO:0045869),2/14,0.3650780247659776,0.9999958087188284,0,0,1.6787626962142197,1.691595463399873,SETDB1;MORC2
GO_Biological_Process_2023,Negative Regulation Of Transcription Elongation By RNA Polymerase II (GO:0034244),2/14,0.3650780247659776,0.9999958087188284,0,0,1.6787626962142197,1.691595463399873,RECQL5;PARP1
GO_Biological_Process_2023,Positive Regulation Of Long-Term Synaptic Potentiation (GO:1900273),2/14,0.3650780247659776,0.9999958087188284,0,0,1.6787626962142197,1.691595463399873,EIF2AK4;EPHB2
GO_Biological_Process_2023,Post-Translational Protein Targeting To Endoplasmic Reticulum Membrane (GO:0006620),2/14,0.3650780247659776,0.9999958087188284,0,0,1.6787626962142197,1.691595463399873,SEC61A2;HYOU1
GO_Biological_Process_2023,Prostanoid Biosynthetic Process (GO:0046457),2/14,0.3650780247659776,0.9999958087188284,0,0,1.6787626962142197,1.691595463399873,EDN2;PTGES
GO_Biological_Process_2023,Protein Activation Cascade (GO:0072376),2/14,0.3650780247659776,0.9999958087188284,0,0,1.6787626962142197,1.691595463399873,FGB;F12
GO_Biological_Process_2023,Regulation Of Cell Fate Specification (GO:0042659),2/14,0.3650780247659776,0.9999958087188284,0,0,1.6787626962142197,1.691595463399873,MTA1;MTA3
GO_Biological_Process_2023,Regulation Of Extracellular Matrix Disassembly (GO:0010715),2/14,0.3650780247659776,0.9999958087188284,0,0,1.6787626962142197,1.691595463399873,DDR1;CEL
GO_Biological_Process_2023,Regulation Of Feeding Behavior (GO:0060259),2/14,0.3650780247659776,0.9999958087188284,0,0,1.6787626962142197,1.691595463399873,UCN;EIF2AK4
GO_Biological_Process_2023,Regulation Of Integrin Activation (GO:0033623),2/14,0.3650780247659776,0.9999958087188284,0,0,1.6787626962142197,1.691595463399873,SRC;KIF14
GO_Biological_Process_2023,Stress Fiber Assembly (GO:0043149),2/14,0.3650780247659776,0.9999958087188284,0,0,1.6787626962142197,1.691595463399873,SRC;KCTD13
GO_Biological_Process_2023,Synaptonemal Complex Assembly (GO:0007130),2/14,0.3650780247659776,0.9999958087188284,0,0,1.6787626962142197,1.691595463399873,HORMAD1;TRIP13
GO_Biological_Process_2023,Synaptonemal Complex Organization (GO:0070193),2/14,0.3650780247659776,0.9999958087188284,0,0,1.6787626962142197,1.691595463399873,HORMAD1;TRIP13
GO_Biological_Process_2023,tRNA 5'-End Processing (GO:0099116),2/14,0.3650780247659776,0.9999958087188284,0,0,1.6787626962142197,1.691595463399873,POP1;RPP40
GO_Biological_Process_2023,Positive Regulation Of Nucleocytoplasmic Transport (GO:0046824),5/44,0.36595010402259,0.9999958087188284,0,0,1.2915848487435613,1.298376366985245,YWHAE;CPSF6;JUP;CDH1;ECT2
GO_Biological_Process_2023,Regulation Of Cell-Substrate Adhesion (GO:0010810),5/44,0.36595010402259,0.9999958087188284,0,0,1.2915848487435613,1.298376366985245,AGR2;TBCD;NF1;THY1;RAC1
GO_Biological_Process_2023,Cellular Response To Oxidative Stress (GO:0034599),12/117,0.3669146949478573,0.9999958087188284,0,0,1.1516434540389973,1.154667550876477,NQO1;G6PD;CCS;PNPT1;PARP1;SESN2;TBC1D24;PYCR1;SLC4A11;ATP13A2;MMP9;EGFR
GO_Biological_Process_2023,Positive Regulation Of Protein Serine/Threonine Kinase Activity (GO:0071902),12/117,0.3669146949478573,0.9999958087188284,0,0,1.1516434540389973,1.154667550876477,TCL1B;IRAK1;SRC;SYAP1;ERBB2;TGFA;ADAM8;MST1R;CD24;DRD4;EGFR;EZH2
GO_Biological_Process_2023,Histone Deubiquitination (GO:0016578),4/34,0.3694844268820594,0.9999958087188284,0,0,1.3431687927528193,1.3373215571686807,BARD1;DEPDC1B;TAF6;BRCA1
GO_Biological_Process_2023,Microtubule Polymerization (GO:0046785),4/34,0.3694844268820594,0.9999958087188284,0,0,1.3431687927528193,1.3373215571686807,TPX2;CSNK1D;MAP4;TUBG1
GO_Biological_Process_2023,Negative Regulation Of Mitotic Cell Cycle (GO:0045930),4/34,0.3694844268820594,0.9999958087188284,0,0,1.3431687927528193,1.3373215571686807,IL10;CHEK1;ZWINT;MAD2L1
GO_Biological_Process_2023,Purine Nucleotide Metabolic Process (GO:0006163),4/34,0.3694844268820594,0.9999958087188284,0,0,1.3431687927528193,1.3373215571686807,G6PD;KRT17;PPAT;IDH2
GO_Biological_Process_2023,Response To Estrogen (GO:0043627),4/34,0.3694844268820594,0.9999958087188284,0,0,1.3431687927528193,1.3373215571686807,CYP27B1;BRCA1;SOX9;CD24
GO_Biological_Process_2023,Superoxide Metabolic Process (GO:0006801),4/34,0.3694844268820594,0.9999958087188284,0,0,1.3431687927528193,1.3373215571686807,NQO1;CCS;NOXA1;NOX4
GO_Biological_Process_2023,Early Endosome To Late Endosome Transport (GO:0045022),3/24,0.3708222818043067,0.9999958087188284,0,0,1.4390243902439024,1.4275587560943368,HOOK1;HOOK3;PTPN23
GO_Biological_Process_2023,Iron Ion Transport (GO:0006826),3/24,0.3708222818043067,0.9999958087188284,0,0,1.4390243902439024,1.4275587560943368,STEAP3;SLC41A2;CP
GO_Biological_Process_2023,Photoperiodism (GO:0009648),3/24,0.3708222818043067,0.9999958087188284,0,0,1.4390243902439024,1.4275587560943368,MTA1;CRTC1;PML
GO_Biological_Process_2023,Positive Regulation Of p38MAPK Cascade (GO:1900745),3/24,0.3708222818043067,0.9999958087188284,0,0,1.4390243902439024,1.4275587560943368,LEP;SORD;STK39
GO_Biological_Process_2023,Positive Regulation Of Vascular Endothelial Growth Factor Production (GO:0010575),3/24,0.3708222818043067,0.9999958087188284,0,0,1.4390243902439024,1.4275587560943368,BRCA1;SULF1;ISL1
GO_Biological_Process_2023,Regulation Of Cytokine Production Involved In Immune Response (GO:0002718),3/24,0.3708222818043067,0.9999958087188284,0,0,1.4390243902439024,1.4275587560943368,IL10;SLC7A5;F2RL1
GO_Biological_Process_2023,Regulation Of Microtubule Depolymerization (GO:0031114),3/24,0.3708222818043067,0.9999958087188284,0,0,1.4390243902439024,1.4275587560943368,TPX2;TAOK1;TRIM54
GO_Biological_Process_2023,Regulation Of Neuroblast Proliferation (GO:1902692),3/24,0.3708222818043067,0.9999958087188284,0,0,1.4390243902439024,1.4275587560943368,NF1;HAPLN3;DISC1
GO_Biological_Process_2023,Secondary Alcohol Biosynthetic Process (GO:1902653),3/24,0.3708222818043067,0.9999958087188284,0,0,1.4390243902439024,1.4275587560943368,G6PD;NPC1L1;HSD17B7
GO_Biological_Process_2023,Positive Regulation Of Cell Cycle (GO:0045787),7/65,0.3720939205374777,0.9999958087188284,0,0,1.215948275862069,1.2020973871795109,FOXA1;CCNB1;CHEK1;ASNS;PTK6;EGFR;AURKA
GO_Biological_Process_2023,B Cell Chemotaxis (GO:0035754),1/5,0.3771974126173761,0.9999958087188284,0,0,2.517857142857143,2.4548769440084035,CXCL13
GO_Biological_Process_2023,ISG15-protein Conjugation (GO:0032020),1/5,0.3771974126173761,0.9999958087188284,0,0,2.517857142857143,2.4548769440084035,ISG15
GO_Biological_Process_2023,L-ascorbic Acid Metabolic Process (GO:0019852),1/5,0.3771974126173761,0.9999958087188284,0,0,2.517857142857143,2.4548769440084035,SLC2A1
GO_Biological_Process_2023,L-aspartate Import Across Plasma Membrane (GO:0140009),1/5,0.3771974126173761,0.9999958087188284,0,0,2.517857142857143,2.4548769440084035,SLC1A4
GO_Biological_Process_2023,L-aspartate Transmembrane Transport (GO:0070778),1/5,0.3771974126173761,0.9999958087188284,0,0,2.517857142857143,2.4548769440084035,SLC1A4
GO_Biological_Process_2023,PML Body Organization (GO:0030578),1/5,0.3771974126173761,0.9999958087188284,0,0,2.517857142857143,2.4548769440084035,PML
GO_Biological_Process_2023,TORC2 Signaling (GO:0038203),1/5,0.3771974126173761,0.9999958087188284,0,0,2.517857142857143,2.4548769440084035,SYAP1
GO_Biological_Process_2023,Activation Of Transmembrane Receptor Protein Tyrosine Kinase Activity (GO:0007171),1/5,0.3771974126173761,0.9999958087188284,0,0,2.517857142857143,2.4548769440084035,PILRB
GO_Biological_Process_2023,Amylin Receptor Signaling Pathway (GO:0097647),1/5,0.3771974126173761,0.9999958087188284,0,0,2.517857142857143,2.4548769440084035,RAMP1
GO_Biological_Process_2023,Aromatic Compound Biosynthetic Process (GO:0019438),1/5,0.3771974126173761,0.9999958087188284,0,0,2.517857142857143,2.4548769440084035,PSAT1
GO_Biological_Process_2023,Behavioral Fear Response (GO:0001662),1/5,0.3771974126173761,0.9999958087188284,0,0,2.517857142857143,2.4548769440084035,DRD4
GO_Biological_Process_2023,Cellular Response To Cold (GO:0070417),1/5,0.3771974126173761,0.9999958087188284,0,0,2.517857142857143,2.4548769440084035,EIF2AK4
GO_Biological_Process_2023,Cellular Response To Iron Ion (GO:0071281),1/5,0.3771974126173761,0.9999958087188284,0,0,2.517857142857143,2.4548769440084035,TFAP2A
GO_Biological_Process_2023,Centromeric Sister Chromatid Cohesion (GO:0070601),1/5,0.3771974126173761,0.9999958087188284,0,0,2.517857142857143,2.4548769440084035,BUB1
GO_Biological_Process_2023,Chemokine (C-X-C Motif) Ligand 12 Signaling Pathway (GO:0038146),1/5,0.3771974126173761,0.9999958087188284,0,0,2.517857142857143,2.4548769440084035,STK39
GO_Biological_Process_2023,Cilium Disassembly (GO:0061523),1/5,0.3771974126173761,0.9999958087188284,0,0,2.517857142857143,2.4548769440084035,MAP4
GO_Biological_Process_2023,Contact Inhibition (GO:0060242),1/5,0.3771974126173761,0.9999958087188284,0,0,2.517857142857143,2.4548769440084035,CEL
GO_Biological_Process_2023,Dermatan Sulfate Metabolic Process (GO:0030205),1/5,0.3771974126173761,0.9999958087188284,0,0,2.517857142857143,2.4548769440084035,DSEL
GO_Biological_Process_2023,Dermatan Sulfate Proteoglycan Metabolic Process (GO:0050655),1/5,0.3771974126173761,0.9999958087188284,0,0,2.517857142857143,2.4548769440084035,DSEL
GO_Biological_Process_2023,Ear Development (GO:0043583),1/5,0.3771974126173761,0.9999958087188284,0,0,2.517857142857143,2.4548769440084035,STRA6
GO_Biological_Process_2023,Epithelial Tube Formation (GO:0072175),1/5,0.3771974126173761,0.9999958087188284,0,0,2.517857142857143,2.4548769440084035,SOX9
GO_Biological_Process_2023,Equilibrioception (GO:0050957),1/5,0.3771974126173761,0.9999958087188284,0,0,2.517857142857143,2.4548769440084035,MYO7A
GO_Biological_Process_2023,"Establishment Of Mitochondrion Localization, Microtubule-Mediated (GO:0034643)",1/5,0.3771974126173761,0.9999958087188284,0,0,2.517857142857143,2.4548769440084035,RHOT2
GO_Biological_Process_2023,Gamma-Aminobutyric Acid Metabolic Process (GO:0009448),1/5,0.3771974126173761,0.9999958087188284,0,0,2.517857142857143,2.4548769440084035,GAD1
GO_Biological_Process_2023,Gastrulation With Mouth Forming Second (GO:0001702),1/5,0.3771974126173761,0.9999958087188284,0,0,2.517857142857143,2.4548769440084035,LRP5
GO_Biological_Process_2023,Glucocorticoid Biosynthetic Process (GO:0006704),1/5,0.3771974126173761,0.9999958087188284,0,0,2.517857142857143,2.4548769440084035,CYP21A2
GO_Biological_Process_2023,Glutamate Catabolic Process (GO:0006538),1/5,0.3771974126173761,0.9999958087188284,0,0,2.517857142857143,2.4548769440084035,GAD1
GO_Biological_Process_2023,Glycosylceramide Catabolic Process (GO:0046477),1/5,0.3771974126173761,0.9999958087188284,0,0,2.517857142857143,2.4548769440084035,LCT
GO_Biological_Process_2023,Glycosylceramide Metabolic Process (GO:0006677),1/5,0.3771974126173761,0.9999958087188284,0,0,2.517857142857143,2.4548769440084035,LCT
GO_Biological_Process_2023,Guanine Nucleotide Transmembrane Transport (GO:1903790),1/5,0.3771974126173761,0.9999958087188284,0,0,2.517857142857143,2.4548769440084035,LRRC8E
GO_Biological_Process_2023,Hepatocyte Differentiation (GO:0070365),1/5,0.3771974126173761,0.9999958087188284,0,0,2.517857142857143,2.4548769440084035,E2F7
GO_Biological_Process_2023,Hexose Catabolic Process (GO:0019320),1/5,0.3771974126173761,0.9999958087188284,0,0,2.517857142857143,2.4548769440084035,LRP5
GO_Biological_Process_2023,Hexose Import Across Plasma Membrane (GO:0140271),1/5,0.3771974126173761,0.9999958087188284,0,0,2.517857142857143,2.4548769440084035,SLC2A5
GO_Biological_Process_2023,Histamine Metabolic Process (GO:0001692),1/5,0.3771974126173761,0.9999958087188284,0,0,2.517857142857143,2.4548769440084035,SLC29A4
GO_Biological_Process_2023,Histone Arginine Methylation (GO:0034969),1/5,0.3771974126173761,0.9999958087188284,0,0,2.517857142857143,2.4548769440084035,WDR77
GO_Biological_Process_2023,Imitative Learning (GO:0098596),1/5,0.3771974126173761,0.9999958087188284,0,0,2.517857142857143,2.4548769440084035,STRA6
GO_Biological_Process_2023,Immunoglobulin V(D)J Recombination (GO:0033152),1/5,0.3771974126173761,0.9999958087188284,0,0,2.517857142857143,2.4548769440084035,TCF3
GO_Biological_Process_2023,Induction Of Bacterial Agglutination (GO:0043152),1/5,0.3771974126173761,0.9999958087188284,0,0,2.517857142857143,2.4548769440084035,FGB
GO_Biological_Process_2023,Inner Ear Auditory Receptor Cell Differentiation (GO:0042491),1/5,0.3771974126173761,0.9999958087188284,0,0,2.517857142857143,2.4548769440084035,MYO6
GO_Biological_Process_2023,Insulin Processing (GO:0030070),1/5,0.3771974126173761,0.9999958087188284,0,0,2.517857142857143,2.4548769440084035,P4HB
GO_Biological_Process_2023,Interleukin-27-Mediated Signaling Pathway (GO:0070106),1/5,0.3771974126173761,0.9999958087188284,0,0,2.517857142857143,2.4548769440084035,STAT1
GO_Biological_Process_2023,Intracellular Oxygen Homeostasis (GO:0032364),1/5,0.3771974126173761,0.9999958087188284,0,0,2.517857142857143,2.4548769440084035,WNT7B
GO_Biological_Process_2023,Intracellular Phosphate Ion Homeostasis (GO:0030643),1/5,0.3771974126173761,0.9999958087188284,0,0,2.517857142857143,2.4548769440084035,XPR1
GO_Biological_Process_2023,Intracellular Water Homeostasis (GO:0009992),1/5,0.3771974126173761,0.9999958087188284,0,0,2.517857142857143,2.4548769440084035,AQP11
GO_Biological_Process_2023,Iron Coordination Entity Transport (GO:1901678),1/5,0.3771974126173761,0.9999958087188284,0,0,2.517857142857143,2.4548769440084035,LCN2
GO_Biological_Process_2023,Leukocyte Apoptotic Process (GO:0071887),1/5,0.3771974126173761,0.9999958087188284,0,0,2.517857142857143,2.4548769440084035,IRF3
GO_Biological_Process_2023,Leukocyte Chemotaxis Involved In Inflammatory Response (GO:0002232),1/5,0.3771974126173761,0.9999958087188284,0,0,2.517857142857143,2.4548769440084035,MDK
GO_Biological_Process_2023,Lipoprotein Metabolic Process (GO:0042157),1/5,0.3771974126173761,0.9999958087188284,0,0,2.517857142857143,2.4548769440084035,NPC1L1
GO_Biological_Process_2023,Mesenchymal Cell Differentiation Involved In Kidney Development (GO:0072161),1/5,0.3771974126173761,0.9999958087188284,0,0,2.517857142857143,2.4548769440084035,STAT1
GO_Biological_Process_2023,Mesodermal Cell Fate Commitment (GO:0001710),1/5,0.3771974126173761,0.9999958087188284,0,0,2.517857142857143,2.4548769440084035,TRIM15
GO_Biological_Process_2023,Metanephric Collecting Duct Development (GO:0072205),1/5,0.3771974126173761,0.9999958087188284,0,0,2.517857142857143,2.4548769440084035,WNT7B
GO_Biological_Process_2023,Mitochondrial RNA 3'-End Processing (GO:0000965),1/5,0.3771974126173761,0.9999958087188284,0,0,2.517857142857143,2.4548769440084035,PNPT1
GO_Biological_Process_2023,Mitochondrial Protein Catabolic Process (GO:0035694),1/5,0.3771974126173761,0.9999958087188284,0,0,2.517857142857143,2.4548769440084035,SFI1
GO_Biological_Process_2023,Negative Regulation Of Cardiac Muscle Cell Apoptotic Process (GO:0010667),1/5,0.3771974126173761,0.9999958087188284,0,0,2.517857142857143,2.4548769440084035,MDK
GO_Biological_Process_2023,Negative Regulation Of Cellular Extravasation (GO:0002692),1/5,0.3771974126173761,0.9999958087188284,0,0,2.517857142857143,2.4548769440084035,ENC1
GO_Biological_Process_2023,Negative Regulation Of Cytokinesis (GO:0032466),1/5,0.3771974126173761,0.9999958087188284,0,0,2.517857142857143,2.4548769440084035,E2F7
GO_Biological_Process_2023,Negative Regulation Of Fibroblast Migration (GO:0010764),1/5,0.3771974126173761,0.9999958087188284,0,0,2.517857142857143,2.4548769440084035,RAC1
GO_Biological_Process_2023,Negative Regulation Of Glial Cell Proliferation (GO:0060253),1/5,0.3771974126173761,0.9999958087188284,0,0,2.517857142857143,2.4548769440084035,SOX11
GO_Biological_Process_2023,Negative Regulation Of Insulin-Like Growth Factor Receptor Signaling Pathway (GO:0043569),1/5,0.3771974126173761,0.9999958087188284,0,0,2.517857142857143,2.4548769440084035,CILP
GO_Biological_Process_2023,Negative Regulation Of Lamellipodium Organization (GO:1902744),1/5,0.3771974126173761,0.9999958087188284,0,0,2.517857142857143,2.4548769440084035,PLXNB3
GO_Biological_Process_2023,Negative Regulation Of Lipoprotein Lipase Activity (GO:0051005),1/5,0.3771974126173761,0.9999958087188284,0,0,2.517857142857143,2.4548769440084035,ANGPTL4
GO_Biological_Process_2023,Negative Regulation Of Meiotic Cell Cycle (GO:0051447),1/5,0.3771974126173761,0.9999958087188284,0,0,2.517857142857143,2.4548769440084035,FBXO5
GO_Biological_Process_2023,Negative Regulation Of Monocyte Chemotaxis (GO:0090027),1/5,0.3771974126173761,0.9999958087188284,0,0,2.517857142857143,2.4548769440084035,GREM1
GO_Biological_Process_2023,Negative Regulation Of Morphogenesis Of An Epithelium (GO:1905331),1/5,0.3771974126173761,0.9999958087188284,0,0,2.517857142857143,2.4548769440084035,SULF1
GO_Biological_Process_2023,Negative Regulation Of Myeloid Cell Apoptotic Process (GO:0033033),1/5,0.3771974126173761,0.9999958087188284,0,0,2.517857142857143,2.4548769440084035,IRF7
GO_Biological_Process_2023,Negative Regulation Of Nervous System Process (GO:0031645),1/5,0.3771974126173761,0.9999958087188284,0,0,2.517857142857143,2.4548769440084035,TNFRSF21
GO_Biological_Process_2023,Negative Regulation Of Neuron Migration (GO:2001223),1/5,0.3771974126173761,0.9999958087188284,0,0,2.517857142857143,2.4548769440084035,COL3A1
GO_Biological_Process_2023,Negative Regulation Of Protein Kinase Activity By Regulation Of Protein Phosphorylation (GO:0044387),1/5,0.3771974126173761,0.9999958087188284,0,0,2.517857142857143,2.4548769440084035,CDK5RAP3
GO_Biological_Process_2023,Negative Regulation Of Protein Polyubiquitination (GO:1902915),1/5,0.3771974126173761,0.9999958087188284,0,0,2.517857142857143,2.4548769440084035,PARP10
GO_Biological_Process_2023,Negative Regulation Of Sequestering Of Triglyceride (GO:0010891),1/5,0.3771974126173761,0.9999958087188284,0,0,2.517857142857143,2.4548769440084035,OSBPL8
GO_Biological_Process_2023,Negative Regulation Of Trophoblast Cell Migration (GO:1901164),1/5,0.3771974126173761,0.9999958087188284,0,0,2.517857142857143,2.4548769440084035,TIMP1
GO_Biological_Process_2023,Neuroblast Proliferation (GO:0007405),1/5,0.3771974126173761,0.9999958087188284,0,0,2.517857142857143,2.4548769440084035,RACGAP1
GO_Biological_Process_2023,Notochord Development (GO:0030903),1/5,0.3771974126173761,0.9999958087188284,0,0,2.517857142857143,2.4548769440084035,STIL
GO_Biological_Process_2023,Nucleobase Transport (GO:0015851),1/5,0.3771974126173761,0.9999958087188284,0,0,2.517857142857143,2.4548769440084035,SLC29A2
GO_Biological_Process_2023,Peripheral Nervous System Neuron Development (GO:0048935),1/5,0.3771974126173761,0.9999958087188284,0,0,2.517857142857143,2.4548769440084035,ISL1
GO_Biological_Process_2023,Plasma Membrane Raft Organization (GO:0044857),1/5,0.3771974126173761,0.9999958087188284,0,0,2.517857142857143,2.4548769440084035,FA2H
GO_Biological_Process_2023,poly-N-acetyllactosamine Metabolic Process (GO:0030309),1/5,0.3771974126173761,0.9999958087188284,0,0,2.517857142857143,2.4548769440084035,B3GNTL1
GO_Biological_Process_2023,Positive Regulation Of Activin Receptor Signaling Pathway (GO:0032927),1/5,0.3771974126173761,0.9999958087188284,0,0,2.517857142857143,2.4548769440084035,ACVR2B
GO_Biological_Process_2023,Positive Regulation Of Cell-Cell Adhesion Mediated By Integrin (GO:0033634),1/5,0.3771974126173761,0.9999958087188284,0,0,2.517857142857143,2.4548769440084035,CXCL13
GO_Biological_Process_2023,Positive Regulation Of Endothelial Cell Development (GO:1901552),1/5,0.3771974126173761,0.9999958087188284,0,0,2.517857142857143,2.4548769440084035,PROC
GO_Biological_Process_2023,Positive Regulation Of Establishment Of Endothelial Barrier (GO:1903142),1/5,0.3771974126173761,0.9999958087188284,0,0,2.517857142857143,2.4548769440084035,PROC
GO_Biological_Process_2023,Positive Regulation Of Extrinsic Apoptotic Signaling Pathway Via Death Domain Receptors (GO:1902043),1/5,0.3771974126173761,0.9999958087188284,0,0,2.517857142857143,2.4548769440084035,PMAIP1
GO_Biological_Process_2023,Positive Regulation Of Fever Generation (GO:0031622),1/5,0.3771974126173761,0.9999958087188284,0,0,2.517857142857143,2.4548769440084035,PTGER3
GO_Biological_Process_2023,Positive Regulation Of Gap Junction Assembly (GO:1903598),1/5,0.3771974126173761,0.9999958087188284,0,0,2.517857142857143,2.4548769440084035,AGT
GO_Biological_Process_2023,Positive Regulation Of Gonad Development (GO:1905941),1/5,0.3771974126173761,0.9999958087188284,0,0,2.517857142857143,2.4548769440084035,SOX9
GO_Biological_Process_2023,Positive Regulation Of Granulocyte Differentiation (GO:0030854),1/5,0.3771974126173761,0.9999958087188284,0,0,2.517857142857143,2.4548769440084035,TESC
GO_Biological_Process_2023,Positive Regulation Of Hemoglobin Biosynthetic Process (GO:0046985),1/5,0.3771974126173761,0.9999958087188284,0,0,2.517857142857143,2.4548769440084035,SLC25A37
GO_Biological_Process_2023,Positive Regulation Of Male Gonad Development (GO:2000020),1/5,0.3771974126173761,0.9999958087188284,0,0,2.517857142857143,2.4548769440084035,SOX9
GO_Biological_Process_2023,Positive Regulation Of Monoatomic Ion Transmembrane Transport (GO:0034767),1/5,0.3771974126173761,0.9999958087188284,0,0,2.517857142857143,2.4548769440084035,STK39
GO_Biological_Process_2023,Positive Regulation Of Necroptotic Process (GO:0060545),1/5,0.3771974126173761,0.9999958087188284,0,0,2.517857142857143,2.4548769440084035,PARP1
GO_Biological_Process_2023,Positive Regulation Of Nuclear Cell Cycle DNA Replication (GO:0010571),1/5,0.3771974126173761,0.9999958087188284,0,0,2.517857142857143,2.4548769440084035,CDC7
GO_Biological_Process_2023,Positive Regulation Of Osteoblast Proliferation (GO:0033690),1/5,0.3771974126173761,0.9999958087188284,0,0,2.517857142857143,2.4548769440084035,CCNA2
GO_Biological_Process_2023,Positive Regulation Of Peroxisome Proliferator Activated Receptor Signaling Pathway (GO:0035360),1/5,0.3771974126173761,0.9999958087188284,0,0,2.517857142857143,2.4548769440084035,LMO3
GO_Biological_Process_2023,Positive Regulation Of Programmed Necrotic Cell Death (GO:0062100),1/5,0.3771974126173761,0.9999958087188284,0,0,2.517857142857143,2.4548769440084035,PARP1
GO_Biological_Process_2023,Positive Regulation Of Receptor Binding (GO:1900122),1/5,0.3771974126173761,0.9999958087188284,0,0,2.517857142857143,2.4548769440084035,MMP9
GO_Biological_Process_2023,Positive Regulation Of Toll-Like Receptor 2 Signaling Pathway (GO:0034137),1/5,0.3771974126173761,0.9999958087188284,0,0,2.517857142857143,2.4548769440084035,F2RL1
GO_Biological_Process_2023,Positive Regulation Of Translation In Response To Stress (GO:0032056),1/5,0.3771974126173761,0.9999958087188284,0,0,2.517857142857143,2.4548769440084035,EIF2AK4
GO_Biological_Process_2023,Proline Metabolic Process (GO:0006560),1/5,0.3771974126173761,0.9999958087188284,0,0,2.517857142857143,2.4548769440084035,PYCR1
GO_Biological_Process_2023,Protein C-linked Glycosylation Via 2'-alpha-mannosyl-L-tryptophan (GO:0018406),1/5,0.3771974126173761,0.9999958087188284,0,0,2.517857142857143,2.4548769440084035,DPY19L1
GO_Biological_Process_2023,Protein C-linked Glycosylation Via Tryptophan (GO:0018317),1/5,0.3771974126173761,0.9999958087188284,0,0,2.517857142857143,2.4548769440084035,DPY19L1
GO_Biological_Process_2023,Protein Localization To Site Of Double-Strand Break (GO:1990166),1/5,0.3771974126173761,0.9999958087188284,0,0,2.517857142857143,2.4548769440084035,PARP3
GO_Biological_Process_2023,Purine Nucleobase Transmembrane Transport (GO:1904823),1/5,0.3771974126173761,0.9999958087188284,0,0,2.517857142857143,2.4548769440084035,SLC29A2
GO_Biological_Process_2023,Purine Ribonucleoside Catabolic Process (GO:0046130),1/5,0.3771974126173761,0.9999958087188284,0,0,2.517857142857143,2.4548769440084035,SORD
GO_Biological_Process_2023,Purine-Containing Compound Catabolic Process (GO:0072523),1/5,0.3771974126173761,0.9999958087188284,0,0,2.517857142857143,2.4548769440084035,NUDT1
GO_Biological_Process_2023,Pyrimidine Nucleoside Transport (GO:0015864),1/5,0.3771974126173761,0.9999958087188284,0,0,2.517857142857143,2.4548769440084035,SLC29A2
GO_Biological_Process_2023,Regulation Of Apoptotic DNA Fragmentation (GO:1902510),1/5,0.3771974126173761,0.9999958087188284,0,0,2.517857142857143,2.4548769440084035,DFFA
GO_Biological_Process_2023,"Regulation Of Circadian Sleep/Wake Cycle, Sleep (GO:0045187)",1/5,0.3771974126173761,0.9999958087188284,0,0,2.517857142857143,2.4548769440084035,PARP1
GO_Biological_Process_2023,Regulation Of Endothelial Cell-Matrix Adhesion Via Fibronectin (GO:1904904),1/5,0.3771974126173761,0.9999958087188284,0,0,2.517857142857143,2.4548769440084035,MMP12
GO_Biological_Process_2023,Regulation Of Excitatory Synapse Assembly (GO:1904889),1/5,0.3771974126173761,0.9999958087188284,0,0,2.517857142857143,2.4548769440084035,LRFN4
GO_Biological_Process_2023,Regulation Of Fat Cell Proliferation (GO:0070344),1/5,0.3771974126173761,0.9999958087188284,0,0,2.517857142857143,2.4548769440084035,E2F3
GO_Biological_Process_2023,Regulation Of Glomerular Filtration (GO:0003093),1/5,0.3771974126173761,0.9999958087188284,0,0,2.517857142857143,2.4548769440084035,F2RL1
GO_Biological_Process_2023,Regulation Of Glucagon Secretion (GO:0070092),1/5,0.3771974126173761,0.9999958087188284,0,0,2.517857142857143,2.4548769440084035,SYT7
GO_Biological_Process_2023,Regulation Of Immunoglobulin Mediated Immune Response (GO:0002889),1/5,0.3771974126173761,0.9999958087188284,0,0,2.517857142857143,2.4548769440084035,IL10
GO_Biological_Process_2023,Regulation Of Lysosome Organization (GO:1905671),1/5,0.3771974126173761,0.9999958087188284,0,0,2.517857142857143,2.4548769440084035,LAPTM4B
GO_Biological_Process_2023,Regulation Of Macrophage Apoptotic Process (GO:2000109),1/5,0.3771974126173761,0.9999958087188284,0,0,2.517857142857143,2.4548769440084035,IRF7
GO_Biological_Process_2023,Regulation Of Mitotic Spindle Checkpoint (GO:1903504),1/5,0.3771974126173761,0.9999958087188284,0,0,2.517857142857143,2.4548769440084035,CCNB1
GO_Biological_Process_2023,Regulation Of Natural Killer Cell Mediated Immunity (GO:0002715),1/5,0.3771974126173761,0.9999958087188284,0,0,2.517857142857143,2.4548769440084035,LEP
GO_Biological_Process_2023,Regulation Of Neutrophil Extravasation (GO:2000389),1/5,0.3771974126173761,0.9999958087188284,0,0,2.517857142857143,2.4548769440084035,MDK
GO_Biological_Process_2023,Regulation Of Non-Motile Cilium Assembly (GO:1902855),1/5,0.3771974126173761,0.9999958087188284,0,0,2.517857142857143,2.4548769440084035,MAP4
GO_Biological_Process_2023,Regulation Of Peptidyl-Cysteine S-nitrosylation (GO:2000169),1/5,0.3771974126173761,0.9999958087188284,0,0,2.517857142857143,2.4548769440084035,NOS1AP
GO_Biological_Process_2023,Regulation Of Post-Transcriptional Gene Silencing By RNA (GO:1900368),1/5,0.3771974126173761,0.9999958087188284,0,0,2.517857142857143,2.4548769440084035,XPO5
GO_Biological_Process_2023,Regulation Of Protein Autoubiquitination (GO:1902498),1/5,0.3771974126173761,0.9999958087188284,0,0,2.517857142857143,2.4548769440084035,MTA1
GO_Biological_Process_2023,Regulation Of Translation In Response To Endoplasmic Reticulum Stress (GO:0036490),1/5,0.3771974126173761,0.9999958087188284,0,0,2.517857142857143,2.4548769440084035,SESN2
GO_Biological_Process_2023,Regulation Of Type B Pancreatic Cell Proliferation (GO:0061469),1/5,0.3771974126173761,0.9999958087188284,0,0,2.517857142857143,2.4548769440084035,SGPP2
GO_Biological_Process_2023,Response To Bile Acid (GO:1903412),1/5,0.3771974126173761,0.9999958087188284,0,0,2.517857142857143,2.4548769440084035,CYP27B1
GO_Biological_Process_2023,Response To Heparin (GO:0071503),1/5,0.3771974126173761,0.9999958087188284,0,0,2.517857142857143,2.4548769440084035,SOX9
GO_Biological_Process_2023,Response To Lithium Ion (GO:0010226),1/5,0.3771974126173761,0.9999958087188284,0,0,2.517857142857143,2.4548769440084035,CDH1
GO_Biological_Process_2023,Response To Manganese Ion (GO:0010042),1/5,0.3771974126173761,0.9999958087188284,0,0,2.517857142857143,2.4548769440084035,ATP13A2
GO_Biological_Process_2023,Response To Testosterone (GO:0033574),1/5,0.3771974126173761,0.9999958087188284,0,0,2.517857142857143,2.4548769440084035,SPP1
GO_Biological_Process_2023,Ruffle Assembly (GO:0097178),1/5,0.3771974126173761,0.9999958087188284,0,0,2.517857142857143,2.4548769440084035,RAC1
GO_Biological_Process_2023,Signal Complex Assembly (GO:0007172),1/5,0.3771974126173761,0.9999958087188284,0,0,2.517857142857143,2.4548769440084035,SRC
GO_Biological_Process_2023,Subtelomeric Heterochromatin Formation (GO:0031509),1/5,0.3771974126173761,0.9999958087188284,0,0,2.517857142857143,2.4548769440084035,EZH2
GO_Biological_Process_2023,Succinate Transport (GO:0015744),1/5,0.3771974126173761,0.9999958087188284,0,0,2.517857142857143,2.4548769440084035,SLC25A10
GO_Biological_Process_2023,tRNA Pseudouridine Synthesis (GO:0031119),1/5,0.3771974126173761,0.9999958087188284,0,0,2.517857142857143,2.4548769440084035,PUSL1
GO_Biological_Process_2023,Thiamine Transmembrane Transport (GO:0071934),1/5,0.3771974126173761,0.9999958087188284,0,0,2.517857142857143,2.4548769440084035,SLC44A4
GO_Biological_Process_2023,Toll-Like Receptor 9 Signaling Pathway (GO:0034162),1/5,0.3771974126173761,0.9999958087188284,0,0,2.517857142857143,2.4548769440084035,IRAK1
GO_Biological_Process_2023,Transmembrane Receptor Protein Tyrosine Phosphatase Signaling Pathway (GO:0007185),1/5,0.3771974126173761,0.9999958087188284,0,0,2.517857142857143,2.4548769440084035,PTPRF
GO_Biological_Process_2023,Uridine Transport (GO:0015862),1/5,0.3771974126173761,0.9999958087188284,0,0,2.517857142857143,2.4548769440084035,SLC29A2
GO_Biological_Process_2023,Ventricular Compact Myocardium Morphogenesis (GO:0003223),1/5,0.3771974126173761,0.9999958087188284,0,0,2.517857142857143,2.4548769440084035,DSP
GO_Biological_Process_2023,Vocal Learning (GO:0042297),1/5,0.3771974126173761,0.9999958087188284,0,0,2.517857142857143,2.4548769440084035,STRA6
GO_Biological_Process_2023,Ceramide Metabolic Process (GO:0006672),6/55,0.378218343121167,0.9999958087188284,0,0,1.2336003807408582,1.1994094472992374,FUT6;ABCA2;FA2H;SGPL1;CEL;FUT3
GO_Biological_Process_2023,Chromatin Organization (GO:0006325),26/268,0.3812755176417559,0.9999958087188284,0,0,1.0828859262834047,1.0441543689443322,FOXA1;HDAC10;SATB2;CHD8;EHMT1;NUCKS1;VCX;CHAF1B;MTA1;CHEK1;SOX9;MORC2;MTA3;SMARCC2;CBX5;CBX3;DDX11;BAZ1A;NPM3;PARP10;TOP1;BCOR;ASF1B;EZH2;BRDT;PHF19
GO_Biological_Process_2023,Establishment Of Protein Localization To Extracellular Region (GO:0035592),5/45,0.3844782038172503,0.9999958087188284,0,0,1.259225860155383,1.2036539295494997,STEAP3;RAB12;MIA3;CTAGE6;PDIA4
GO_Biological_Process_2023,Hexose Metabolic Process (GO:0019318),5/45,0.3844782038172503,0.9999958087188284,0,0,1.259225860155383,1.2036539295494997,G6PD;HKDC1;SORD;ALDOB;PPARD
GO_Biological_Process_2023,Regulation Of Stem Cell Differentiation (GO:2000736),5/45,0.3844782038172503,0.9999958087188284,0,0,1.259225860155383,1.2036539295494997,MTA1;SETD1A;OCIAD1;SLC4A11;MTA3
GO_Biological_Process_2023,Zymogen Activation (GO:0031638),5/45,0.3844782038172503,0.9999958087188284,0,0,1.259225860155383,1.2036539295494997,FGB;PLAU;PERP;F12;PRSS3
GO_Biological_Process_2023,Cell-Cell Adhesion Via Plasma-Membrane Adhesion Molecules (GO:0098742),17/172,0.3859985287856021,0.9999958087188284,0,0,1.1052297711299333,1.0520922257911545,CLDN2;FGFRL1;IGSF9;PTPRF;CLDN10;CLDN4;CEACAM1;CDH3;LRFN4;CDH1;CLDN9;CEACAM6;CEACAM5;PLXNB3;DSG2;PCDHB9;CDH17
GO_Biological_Process_2023,Generation Of Neurons (GO:0048699),17/172,0.3859985287856021,0.9999958087188284,0,0,1.1052297711299333,1.0520922257911545,WNT10A;DTNB;WNT7B;SIX1;SOX11;THOC2;TUBB2B;RACGAP1;SIX4;ERBB2;TRIM46;RAC1;DISC1;KIAA0319L;MARK2;WNT3;CDK5R1
GO_Biological_Process_2023,Adherens Junction Organization (GO:0034332),4/35,0.3906771040592139,0.9999958087188284,0,0,1.2997692018678546,1.2216191241573884,CDH3;CDH1;TBCD;CDH17
GO_Biological_Process_2023,Establishment Of Spindle Orientation (GO:0051294),4/35,0.3906771040592139,0.9999958087188284,0,0,1.2997692018678546,1.2216191241573884,MAP4;CENPA;LLGL2;MAD2L1
GO_Biological_Process_2023,One-Carbon Compound Transport (GO:0019755),4/35,0.3906771040592139,0.9999958087188284,0,0,1.2997692018678546,1.2216191241573884,SLC4A8;SLC4A11;AQP11;SLC4A3
GO_Biological_Process_2023,Positive Regulation Of Protein-Containing Complex Assembly (GO:0031334),10/98,0.3922910713307881,0.9999958087188284,0,0,1.1449005918955837,1.0713420865178098,DEPDC1B;CHAF1B;GNL3L;MMP1;SRC;BIK;MMP3;BMF;ISG15;CXCL13
GO_Biological_Process_2023,Positive Regulation Of JNK Cascade (GO:0046330),8/77,0.3944070872090571,0.9999958087188284,0,0,1.1680563275894016,1.086726535797915,UNC5CL;TRAF4;WNT7B;TAOK1;DUSP19;F2RL1;TRAF2;MAPK8IP3
GO_Biological_Process_2023,Regulation Of Immune Response (GO:0050776),8/77,0.3944070872090571,0.9999958087188284,0,0,1.1680563275894016,1.086726535797915,IL4I1;COL3A1;SPPL2B;FGL1;IRF7;CXCL13;LRP8;BIRC3
GO_Biological_Process_2023,"Chemical Synaptic Transmission, Postsynaptic (GO:0099565)",3/25,0.3961856719702671,0.9999958087188284,0,0,1.3735386010884902,1.2717213560909963,FOXM1;DRD4;GRIN1
GO_Biological_Process_2023,Cholesterol Biosynthetic Process (GO:0006695),3/25,0.3961856719702671,0.9999958087188284,0,0,1.3735386010884902,1.2717213560909963,G6PD;NPC1L1;HSD17B7
GO_Biological_Process_2023,Mismatch Repair (GO:0006298),3/25,0.3961856719702671,0.9999958087188284,0,0,1.3735386010884902,1.2717213560909963,MCM8;EXO1;TDG
GO_Biological_Process_2023,Negative Regulation Of Lipid Biosynthetic Process (GO:0051055),3/25,0.3961856719702671,0.9999958087188284,0,0,1.3735386010884902,1.2717213560909963,CEACAM1;FBXW7;BRCA1
GO_Biological_Process_2023,Negative Regulation Of Stress Fiber Assembly (GO:0051497),3/25,0.3961856719702671,0.9999958087188284,0,0,1.3735386010884902,1.2717213560909963,PPFIA1;RHPN1;RHPN2
GO_Biological_Process_2023,Organophosphate Ester Transport (GO:0015748),3/25,0.3961856719702671,0.9999958087188284,0,0,1.3735386010884902,1.2717213560909963,OSBPL8;SLC44A4;PITPNM1
GO_Biological_Process_2023,Phosphatidylethanolamine Metabolic Process (GO:0046337),3/25,0.3961856719702671,0.9999958087188284,0,0,1.3735386010884902,1.2717213560909963,PLA2G2D;ETNK2;SFI1
GO_Biological_Process_2023,Positive Regulation Of Peptidase Activity (GO:0010952),3/25,0.3961856719702671,0.9999958087188284,0,0,1.3735386010884902,1.2717213560909963,CLDN4;CLDN3;PRSS22
GO_Biological_Process_2023,Purine Ribonucleotide Catabolic Process (GO:0009154),3/25,0.3961856719702671,0.9999958087188284,0,0,1.3735386010884902,1.2717213560909963,ENTPD4;SORD;PDE9A
GO_Biological_Process_2023,Regulation Of B Cell Activation (GO:0050864),3/25,0.3961856719702671,0.9999958087188284,0,0,1.3735386010884902,1.2717213560909963,IL10;IL4I1;CD19
GO_Biological_Process_2023,Regulation Of Biomineral Tissue Development (GO:0070167),3/25,0.3961856719702671,0.9999958087188284,0,0,1.3735386010884902,1.2717213560909963,CYP27B1;FBXO5;SOX9
GO_Biological_Process_2023,Regulation Of Hippo Signaling (GO:0035330),3/25,0.3961856719702671,0.9999958087188284,0,0,1.3735386010884902,1.2717213560909963,NEK8;SRC;SOX11
GO_Biological_Process_2023,Regulation Of Keratinocyte Proliferation (GO:0010837),3/25,0.3961856719702671,0.9999958087188284,0,0,1.3735386010884902,1.2717213560909963,CYP27B1;CDH3;MDK
GO_Biological_Process_2023,Regulation Of Myelination (GO:0031641),3/25,0.3961856719702671,0.9999958087188284,0,0,1.3735386010884902,1.2717213560909963,NSUN5;KIF14;TNFRSF21
GO_Biological_Process_2023,Regulation Of Postsynapse Organization (GO:0099175),3/25,0.3961856719702671,0.9999958087188284,0,0,1.3735386010884902,1.2717213560909963,KIF1A;NOL3;CDK5R1
GO_Biological_Process_2023,Ventricular Cardiac Muscle Tissue Development (GO:0003229),3/25,0.3961856719702671,0.9999958087188284,0,0,1.3735386010884902,1.2717213560909963,TNNI3;DSG2;ISL1
GO_Biological_Process_2023,Vesicle-Mediated Transport Between Endosomal Compartments (GO:0098927),3/25,0.3961856719702671,0.9999958087188284,0,0,1.3735386010884902,1.2717213560909963,HOOK1;PTPN23;HOOK3
GO_Biological_Process_2023,Monoatomic Cation Transmembrane Transport (GO:0098655),27/281,0.3977479680019136,0.9999958087188284,0,0,1.0712930195523311,0.9876643731503918,KCNK5;KCNK6;HCN3;SLC41A2;HPN;ATP2A2;SLC6A3;CNGA1;ATP6V0A4;TRPM8;SLC39A7;KCNN4;SLC39A4;KCNH6;KCNK12;SLC39A11;SLC4A11;ATP1B1;GRIN1;SLC4A8;SLC6A8;SLC9A5;SLC9A7;KCNQ3;SLC29A4;KCNK1;CNGB1
GO_Biological_Process_2023,T Cell Homeostasis (GO:0043029),2/15,0.3984612154729187,0.9999958087188284,0,0,1.5495418708715107,1.4258033779803512,TNFSF14;PMAIP1
GO_Biological_Process_2023,Cellular Response To Corticosteroid Stimulus (GO:0071384),2/15,0.3984612154729187,0.9999958087188284,0,0,1.5495418708715107,1.4258033779803512,SSTR2;ISL1
GO_Biological_Process_2023,Ceramide Catabolic Process (GO:0046514),2/15,0.3984612154729187,0.9999958087188284,0,0,1.5495418708715107,1.4258033779803512,CEL;LCT
GO_Biological_Process_2023,Coenzyme A Metabolic Process (GO:0015936),2/15,0.3984612154729187,0.9999958087188284,0,0,1.5495418708715107,1.4258033779803512,SLC25A16;COASY
GO_Biological_Process_2023,Folic Acid-Containing Compound Metabolic Process (GO:0006760),2/15,0.3984612154729187,0.9999958087188284,0,0,1.5495418708715107,1.4258033779803512,SHMT2;MTHFD2
GO_Biological_Process_2023,miRNA Metabolic Process (GO:0010586),2/15,0.3984612154729187,0.9999958087188284,0,0,1.5495418708715107,1.4258033779803512,DDX17;XPO5
GO_Biological_Process_2023,Mitotic Chromosome Condensation (GO:0007076),2/15,0.3984612154729187,0.9999958087188284,0,0,1.5495418708715107,1.4258033779803512,CDCA5;NUSAP1
GO_Biological_Process_2023,Negative Regulation Of Cation Transmembrane Transport (GO:1904063),2/15,0.3984612154729187,0.9999958087188284,0,0,1.5495418708715107,1.4258033779803512,STK39;MMP9
GO_Biological_Process_2023,Negative Regulation Of Epithelial Cell Differentiation (GO:0030857),2/15,0.3984612154729187,0.9999958087188284,0,0,1.5495418708715107,1.4258033779803512,SORD;MMP9
GO_Biological_Process_2023,Negative Regulation Of Type I Interferon-Mediated Signaling Pathway (GO:0060339),2/15,0.3984612154729187,0.9999958087188284,0,0,1.5495418708715107,1.4258033779803512,ISG15;TTLL12
GO_Biological_Process_2023,Nucleotide-Sugar Biosynthetic Process (GO:0009226),2/15,0.3984612154729187,0.9999958087188284,0,0,1.5495418708715107,1.4258033779803512,GFPT1;GNPNAT1
GO_Biological_Process_2023,Polyol Biosynthetic Process (GO:0046173),2/15,0.3984612154729187,0.9999958087188284,0,0,1.5495418708715107,1.4258033779803512,CYP27B1;ITPKA
GO_Biological_Process_2023,Positive Regulation Of Glucose Metabolic Process (GO:0010907),2/15,0.3984612154729187,0.9999958087188284,0,0,1.5495418708715107,1.4258033779803512,DDB1;PMAIP1
GO_Biological_Process_2023,Positive Regulation Of Potassium Ion Transport (GO:0043268),2/15,0.3984612154729187,0.9999958087188284,0,0,1.5495418708715107,1.4258033779803512,NOS1AP;KCNN4
GO_Biological_Process_2023,Regulation Of Clathrin-Dependent Endocytosis (GO:2000369),2/15,0.3984612154729187,0.9999958087188284,0,0,1.5495418708715107,1.4258033779803512,HIP1R;PROM2
GO_Biological_Process_2023,Regulation Of Dephosphorylation (GO:0035303),2/15,0.3984612154729187,0.9999958087188284,0,0,1.5495418708715107,1.4258033779803512,SRC;SMG7
GO_Biological_Process_2023,Regulation Of Granulocyte Macrophage Colony-Stimulating Factor Production (GO:0032645),2/15,0.3984612154729187,0.9999958087188284,0,0,1.5495418708715107,1.4258033779803512,PAEP;ISL1
GO_Biological_Process_2023,Regulation Of Isotype Switching (GO:0045191),2/15,0.3984612154729187,0.9999958087188284,0,0,1.5495418708715107,1.4258033779803512,IL10;PARP3
GO_Biological_Process_2023,Regulation Of mRNA Metabolic Process (GO:1903311),2/15,0.3984612154729187,0.9999958087188284,0,0,1.5495418708715107,1.4258033779803512,PTCD2;SRPK1
GO_Biological_Process_2023,Regulation Of Monocyte Differentiation (GO:0045655),2/15,0.3984612154729187,0.9999958087188284,0,0,1.5495418708715107,1.4258033779803512,IRF7;FOXP1
GO_Biological_Process_2023,Regulation Of Systemic Arterial Blood Pressure By Hormone (GO:0001990),2/15,0.3984612154729187,0.9999958087188284,0,0,1.5495418708715107,1.4258033779803512,ACE2;EDN2
GO_Biological_Process_2023,Renal Filtration (GO:0097205),2/15,0.3984612154729187,0.9999958087188284,0,0,1.5495418708715107,1.4258033779803512,XPNPEP3;SULF1
GO_Biological_Process_2023,Retrograde Axonal Transport (GO:0008090),2/15,0.3984612154729187,0.9999958087188284,0,0,1.5495418708715107,1.4258033779803512,DST;KIF1A
GO_Biological_Process_2023,Sphingolipid Catabolic Process (GO:0030149),2/15,0.3984612154729187,0.9999958087188284,0,0,1.5495418708715107,1.4258033779803512,SGPL1;CEL
GO_Biological_Process_2023,Regulation Of Programmed Cell Death (GO:0043067),19/195,0.4000476577235978,0.9999958087188284,0,0,1.087817139515965,0.9966271634113016,DFFA;USP42;BIK;STAT1;STYK1;TRAF2;FBXO11;LRP8;AGT;NME1;MBTD1;IRF3;DPP9;ALB;TNFRSF25;SOX9;SLC39A7;BIRC3;MCM2
GO_Biological_Process_2023,Nitrogen Compound Transport (GO:0071705),16/163,0.4023821371305943,0.9999958087188284,0,0,1.0967004333838504,0.998384586672174,SLC1A4;MIA3;SLC7A10;SLC6A3;SCAMP5;SLC7A5;SLC5A8;CENPF;SLC6A8;RACGAP1;TCN1;SLC29A4;SLC25A10;ABCD1;RAMP1;SLC29A2
GO_Biological_Process_2023,Protein Sumoylation (GO:0016925),5/46,0.4029775431041258,0.9999958087188284,0,0,1.2284453588154085,1.1165025911209057,ZNF451;PIAS3;CBX4;PML;STX1A
GO_Biological_Process_2023,Vacuolar Transport (GO:0007034),5/46,0.4029775431041258,0.9999958087188284,0,0,1.2284453588154085,1.1165025911209057,SPTBN5;AP1G2;VPS13C;VPS41;ATP13A2
GO_Biological_Process_2023,Signal Transduction In Response To DNA Damage (GO:0042770),6/57,0.4114911956955143,0.9999958087188284,0,0,1.185093248848679,1.0523244728171846,CHEK1;SESN2;MYO6;DONSON;E2F7;RAD9A
GO_Biological_Process_2023,Positive Regulation Of Double-Strand Break Repair Via Homologous Recombination (GO:1905168),4/36,0.4117633003643803,0.9999958087188284,0,0,1.2590820854132003,1.117191854914653,MBTD1;RAD51AP1;PARP1;TIMELESS
GO_Biological_Process_2023,Regulation Of Trans-Synaptic Signaling (GO:0099177),4/36,0.4117633003643803,0.9999958087188284,0,0,1.2590820854132003,1.117191854914653,BCR;SLC4A8;NOL3;LRP8
GO_Biological_Process_2023,Substrate Adhesion-Dependent Cell Spreading (GO:0034446),4/36,0.4117633003643803,0.9999958087188284,0,0,1.2590820854132003,1.117191854914653,KIF14;RAC1;EPHA1;EPHB3
GO_Biological_Process_2023,Response To UV (GO:0009411),10/100,0.4173076602138033,0.9999958087188284,0,0,1.1193346936251778,0.9782218869137204,DDB1;FEN1;MC1R;PARP1;BMF;EIF2AK4;CDC25A;POLH;AURKB;EGFR
GO_Biological_Process_2023,Telomere Maintenance (GO:0000723),7/68,0.4177964026279818,0.9999958087188284,0,0,1.1559562841530056,1.008873608948011,RECQL4;PARP3;BLM;DCLRE1C;RAD51;PARP1;XRCC3
GO_Biological_Process_2023,Calcium-Ion Regulated Exocytosis (GO:0017156),3/26,0.4212647469857329,0.9999958087188284,0,0,1.3137472283813747,1.135726320889978,SCIN;SYT13;SYT7
GO_Biological_Process_2023,Dendritic Spine Organization (GO:0097061),3/26,0.4212647469857329,0.9999958087188284,0,0,1.3137472283813747,1.135726320889978,NOL3;EPHB2;EPHB3
GO_Biological_Process_2023,Meiosis I (GO:0007127),3/26,0.4212647469857329,0.9999958087188284,0,0,1.3137472283813747,1.135726320889978,PTTG1;HSF2BP;BRDT
GO_Biological_Process_2023,Positive Regulation Of Monooxygenase Activity (GO:0032770),3/26,0.4212647469857329,0.9999958087188284,0,0,1.3137472283813747,1.135726320889978,CYP27B1;CDH3;NOS1AP
GO_Biological_Process_2023,Positive Regulation Of Nuclear Division (GO:0051785),3/26,0.4212647469857329,0.9999958087188284,0,0,1.3137472283813747,1.135726320889978,LRP5;NUSAP1;TGFA
GO_Biological_Process_2023,Regulation Of Actin Filament Bundle Assembly (GO:0032231),3/26,0.4212647469857329,0.9999958087188284,0,0,1.3137472283813747,1.135726320889978,VIL1;LIMK1;RAC1
GO_Biological_Process_2023,Regulation Of Keratinocyte Differentiation (GO:0045616),3/26,0.4212647469857329,0.9999958087188284,0,0,1.3137472283813747,1.135726320889978,CYP27B1;ETV4;GRHL2
GO_Biological_Process_2023,Regulation Of Potassium Ion Transmembrane Transporter Activity (GO:1901016),3/26,0.4212647469857329,0.9999958087188284,0,0,1.3137472283813747,1.135726320889978,YWHAE;STK39;ATP1B1
GO_Biological_Process_2023,Regulation Of Reactive Oxygen Species Biosynthetic Process (GO:1903426),3/26,0.4212647469857329,0.9999958087188284,0,0,1.3137472283813747,1.135726320889978,SLC5A3;ABCD1;GRIN1
GO_Biological_Process_2023,Regulation Of Vascular Endothelial Growth Factor Production (GO:0010574),3/26,0.4212647469857329,0.9999958087188284,0,0,1.3137472283813747,1.135726320889978,BRCA1;SULF1;ISL1
GO_Biological_Process_2023,Regulation Of Vasoconstriction (GO:0019229),3/26,0.4212647469857329,0.9999958087188284,0,0,1.3137472283813747,1.135726320889978,FGB;ACE2;AGT
GO_Biological_Process_2023,Response To Glucocorticoid (GO:0051384),3/26,0.4212647469857329,0.9999958087188284,0,0,1.3137472283813747,1.135726320889978,IL10;SSTR2;ISL1
GO_Biological_Process_2023,Cognition (GO:0050890),5/47,0.4214089834162974,0.9999958087188284,0,0,1.1991305956344802,1.0362304547238956,NSUN5;NF1;SLC1A4;SHROOM4;STRA6
GO_Biological_Process_2023,Positive Regulation Of Epithelial To Mesenchymal Transition (GO:0010718),5/47,0.4214089834162974,0.9999958087188284,0,0,1.1991305956344802,1.0362304547238956,COL1A1;MDK;AGT;BCL9L;EZH2
GO_Biological_Process_2023,Positive Regulation Of Smooth Muscle Cell Proliferation (GO:0048661),5/47,0.4214089834162974,0.9999958087188284,0,0,1.1991305956344802,1.0362304547238956,IL10;P2RY6;STAT1;MMP9;FOXP1
GO_Biological_Process_2023,Potassium Ion Transport (GO:0006813),12/122,0.4234575657414111,0.9999958087188284,0,0,1.09899214991137,0.9443661181893008,KCNK5;KCNK6;HCN3;SLC9A5;KCNH6;SLC9A7;KCNK12;HPN;KCNQ3;KCNMB3;KCNN4;KCNK1
GO_Biological_Process_2023,Regulation Of Phosphatidylinositol 3-Kinase Signaling (GO:0014066),9/90,0.426600079321159,0.9999958087188284,0,0,1.1192683228278335,0.9535139596013286,DDR1;CEACAM1;ERBB3;SRC;LEP;F2RL1;SEMA3E;SOX9;EGFR
GO_Biological_Process_2023,Inorganic Anion Transport (GO:0015698),6/58,0.428071156563594,0.9999958087188284,0,0,1.1622389270917866,0.9861200316998152,SLC5A8;TTYH3;RACGAP1;SLC4A11;SLC25A10;XPR1
GO_Biological_Process_2023,Positive Regulation Of Mitochondrion Organization (GO:0010822),6/58,0.428071156563594,0.9999958087188284,0,0,1.1622389270917866,0.9861200316998152,BIK;HIP1R;PMAIP1;BMF;MMP9;AURKA
GO_Biological_Process_2023,Dicarboxylic Acid Catabolic Process (GO:0043649),2/16,0.4309984611957098,0.9999958087188284,0,0,1.438781163434903,1.210951258522381,ALDH1L1;GAD1
GO_Biological_Process_2023,Glycoprotein Catabolic Process (GO:0006516),2/16,0.4309984611957098,0.9999958087188284,0,0,1.438781163434903,1.210951258522381,MMP12;FBXO2
GO_Biological_Process_2023,Heart Process (GO:0003015),2/16,0.4309984611957098,0.9999958087188284,0,0,1.438781163434903,1.210951258522381,NOX4;TNNI3
GO_Biological_Process_2023,Maturation Of 5.8S rRNA (GO:0000460),2/16,0.4309984611957098,0.9999958087188284,0,0,1.438781163434903,1.210951258522381,NOL9;WDR12
GO_Biological_Process_2023,Negative Regulation Of RNA Biosynthetic Process (GO:1902679),2/16,0.4309984611957098,0.9999958087188284,0,0,1.438781163434903,1.210951258522381,SETDB1;MORC2
GO_Biological_Process_2023,Negative Regulation Of Biosynthetic Process (GO:0009890),2/16,0.4309984611957098,0.9999958087188284,0,0,1.438781163434903,1.210951258522381,CEACAM1;ABCD1
GO_Biological_Process_2023,Negative Regulation Of Chemokine Production (GO:0032682),2/16,0.4309984611957098,0.9999958087188284,0,0,1.438781163434903,1.210951258522381,IL10;F2RL1
GO_Biological_Process_2023,Negative Regulation Of Inflammatory Response To Antigenic Stimulus (GO:0002862),2/16,0.4309984611957098,0.9999958087188284,0,0,1.438781163434903,1.210951258522381,SRC;RHBDF2
GO_Biological_Process_2023,Negative Regulation Of Release Of Cytochrome C From Mitochondria (GO:0090201),2/16,0.4309984611957098,0.9999958087188284,0,0,1.438781163434903,1.210951258522381,AVP;NOL3
GO_Biological_Process_2023,Pharyngeal System Development (GO:0060037),2/16,0.4309984611957098,0.9999958087188284,0,0,1.438781163434903,1.210951258522381,SIX4;ISL1
GO_Biological_Process_2023,Positive Regulation Of Muscle Hypertrophy (GO:0014742),2/16,0.4309984611957098,0.9999958087188284,0,0,1.438781163434903,1.210951258522381,PARP1;PDE9A
GO_Biological_Process_2023,Positive Regulation Of Smooth Muscle Cell Migration (GO:0014911),2/16,0.4309984611957098,0.9999958087188284,0,0,1.438781163434903,1.210951258522381,DOCK5;MDK
GO_Biological_Process_2023,Positive Regulation Of Telomere Capping (GO:1904355),2/16,0.4309984611957098,0.9999958087188284,0,0,1.438781163434903,1.210951258522381,PKIB;NEK2
GO_Biological_Process_2023,Protein O-linked Mannosylation (GO:0035269),2/16,0.4309984611957098,0.9999958087188284,0,0,1.438781163434903,1.210951258522381,POMT2;DPM2
GO_Biological_Process_2023,"Protein Alpha-1,2-Demannosylation (GO:0036508)",2/16,0.4309984611957098,0.9999958087188284,0,0,1.438781163434903,1.210951258522381,SYVN1;TRIM13
GO_Biological_Process_2023,Protein Localization To Endoplasmic Reticulum (GO:0070972),2/16,0.4309984611957098,0.9999958087188284,0,0,1.438781163434903,1.210951258522381,MIA3;KDELR2
GO_Biological_Process_2023,Regulation Of Nucleocytoplasmic Transport (GO:0046822),2/16,0.4309984611957098,0.9999958087188284,0,0,1.438781163434903,1.210951258522381,MX2;UHMK1
GO_Biological_Process_2023,Regulation Of Osteoblast Proliferation (GO:0033688),2/16,0.4309984611957098,0.9999958087188284,0,0,1.438781163434903,1.210951258522381,CCNA2;GREM1
GO_Biological_Process_2023,Regulation Of Protein Kinase C Signaling (GO:0090036),2/16,0.4309984611957098,0.9999958087188284,0,0,1.438781163434903,1.210951258522381,MC1R;SEZ6L2
GO_Biological_Process_2023,Regulation Of Response To Cytokine Stimulus (GO:0060759),2/16,0.4309984611957098,0.9999958087188284,0,0,1.438781163434903,1.210951258522381,IRAK1;CD24
GO_Biological_Process_2023,Vasculature Development (GO:0001944),2/16,0.4309984611957098,0.9999958087188284,0,0,1.438781163434903,1.210951258522381,FBXW7;STRA6
GO_Biological_Process_2023,Negative Regulation Of Defense Response (GO:0031348),11/112,0.4325088094581821,0.9999958087188284,0,0,1.0971134975412908,0.9195485130461644,IL10;PPM1B;FNDC4;PROC;PARP1;SAA1;SMPDL3B;ISL1;ATG12;AURKB;PPARD
GO_Biological_Process_2023,Negative Regulation Of Endothelial Cell Proliferation (GO:0001937),4/37,0.432688952557301,0.9999958087188284,0,0,1.2208608548042823,1.0227592886599717,STAT1;SORD;NF1;SULF1
GO_Biological_Process_2023,Negative Regulation Of Stress-Activated MAPK Cascade (GO:0032873),4/37,0.432688952557301,0.9999958087188284,0,0,1.2208608548042823,1.0227592886599717,MARVELD3;DUSP19;F2RL1;FOXM1
GO_Biological_Process_2023,Positive Regulation Of Exocytosis (GO:0045921),4/37,0.432688952557301,0.9999958087188284,0,0,1.2208608548042823,1.0227592886599717,FGB;RAB15;ATP13A2;EXPH5
GO_Biological_Process_2023,Positive Regulation Of Receptor Signaling Pathway Via JAK-STAT (GO:0046427),4/37,0.432688952557301,0.9999958087188284,0,0,1.2208608548042823,1.0227592886599717,IL10;LEP;OCIAD1;OCIAD2
GO_Biological_Process_2023,Positive Regulation Of Receptor Signaling Pathway Via STAT (GO:1904894),4/37,0.432688952557301,0.9999958087188284,0,0,1.2208608548042823,1.0227592886599717,IL10;LEP;OCIAD1;OCIAD2
GO_Biological_Process_2023,Positive Regulation Of Signaling (GO:0023056),4/37,0.432688952557301,0.9999958087188284,0,0,1.2208608548042823,1.0227592886599717,NMU;KCTD13;SOX11;PTPN23
GO_Biological_Process_2023,Type I Interferon-Mediated Signaling Pathway (GO:0060337),4/37,0.432688952557301,0.9999958087188284,0,0,1.2208608548042823,1.0227592886599717,IFNAR2;IRAK1;STAT1;IKBKE
GO_Biological_Process_2023,Positive Regulation Of Phosphatidylinositol 3-Kinase Signaling (GO:0014068),7/69,0.4329909983852935,0.9999958087188284,0,0,1.1372491039426524,0.9519211022946982,DDR1;ERBB3;SRC;LEP;F2RL1;SEMA3E;SOX9
GO_Biological_Process_2023,CENP-A Containing Chromatin Assembly (GO:0034080),1/6,0.4334816031941485,0.9999958087188284,0,0,2.0141749723145077,1.683660786309202,OIP5
GO_Biological_Process_2023,DNA Strand Resection Involved In Replication Fork Processing (GO:0110025),1/6,0.4334816031941485,0.9999958087188284,0,0,2.0141749723145077,1.683660786309202,BRCA1
GO_Biological_Process_2023,G-quadruplex DNA Unwinding (GO:0044806),1/6,0.4334816031941485,0.9999958087188284,0,0,2.0141749723145077,1.683660786309202,DDX11
GO_Biological_Process_2023,TRAIL-activated Apoptotic Signaling Pathway (GO:0036462),1/6,0.4334816031941485,0.9999958087188284,0,0,2.0141749723145077,1.683660786309202,TNFRSF10A
GO_Biological_Process_2023,Adult Feeding Behavior (GO:0008343),1/6,0.4334816031941485,0.9999958087188284,0,0,2.0141749723145077,1.683660786309202,LEP
GO_Biological_Process_2023,Angiotensin-Activated Signaling Pathway (GO:0038166),1/6,0.4334816031941485,0.9999958087188284,0,0,2.0141749723145077,1.683660786309202,SRC
GO_Biological_Process_2023,Autophagosome Membrane Docking (GO:0016240),1/6,0.4334816031941485,0.9999958087188284,0,0,2.0141749723145077,1.683660786309202,ATP2A2
GO_Biological_Process_2023,Calcitonin Family Receptor Signaling Pathway (GO:0097646),1/6,0.4334816031941485,0.9999958087188284,0,0,2.0141749723145077,1.683660786309202,RAMP1
GO_Biological_Process_2023,Cardiac Pacemaker Cell Development (GO:0060926),1/6,0.4334816031941485,0.9999958087188284,0,0,2.0141749723145077,1.683660786309202,ISL1
GO_Biological_Process_2023,Cellular Response To Interleukin-9 (GO:0071355),1/6,0.4334816031941485,0.9999958087188284,0,0,2.0141749723145077,1.683660786309202,STAT1
GO_Biological_Process_2023,Choline Transport (GO:0015871),1/6,0.4334816031941485,0.9999958087188284,0,0,2.0141749723145077,1.683660786309202,SLC44A4
GO_Biological_Process_2023,Chromatin Remodeling At Centromere (GO:0031055),1/6,0.4334816031941485,0.9999958087188284,0,0,2.0141749723145077,1.683660786309202,OIP5
GO_Biological_Process_2023,Citrulline Metabolic Process (GO:0000052),1/6,0.4334816031941485,0.9999958087188284,0,0,2.0141749723145077,1.683660786309202,CAD
GO_Biological_Process_2023,Cleavage Furrow Formation (GO:0036089),1/6,0.4334816031941485,0.9999958087188284,0,0,2.0141749723145077,1.683660786309202,SPIRE2
GO_Biological_Process_2023,Copper Ion Import (GO:0015677),1/6,0.4334816031941485,0.9999958087188284,0,0,2.0141749723145077,1.683660786309202,STEAP3
GO_Biological_Process_2023,Exocrine System Development (GO:0035272),1/6,0.4334816031941485,0.9999958087188284,0,0,2.0141749723145077,1.683660786309202,RAB26
GO_Biological_Process_2023,"Fatty Acid Elongation, Monounsaturated Fatty Acid (GO:0034625)",1/6,0.4334816031941485,0.9999958087188284,0,0,2.0141749723145077,1.683660786309202,ELOVL6
GO_Biological_Process_2023,"Fatty Acid Elongation, Polyunsaturated Fatty Acid (GO:0034626)",1/6,0.4334816031941485,0.9999958087188284,0,0,2.0141749723145077,1.683660786309202,ELOVL6
GO_Biological_Process_2023,"Fatty Acid Elongation, Saturated Fatty Acid (GO:0019367)",1/6,0.4334816031941485,0.9999958087188284,0,0,2.0141749723145077,1.683660786309202,ELOVL6
GO_Biological_Process_2023,"Fatty Acid Elongation, Unsaturated Fatty Acid (GO:0019368)",1/6,0.4334816031941485,0.9999958087188284,0,0,2.0141749723145077,1.683660786309202,ELOVL6
GO_Biological_Process_2023,Forebrain Neuron Development (GO:0021884),1/6,0.4334816031941485,0.9999958087188284,0,0,2.0141749723145077,1.683660786309202,PLXNA3
GO_Biological_Process_2023,Galactose Metabolic Process (GO:0006012),1/6,0.4334816031941485,0.9999958087188284,0,0,2.0141749723145077,1.683660786309202,GALE
GO_Biological_Process_2023,Glutathione Biosynthetic Process (GO:0006750),1/6,0.4334816031941485,0.9999958087188284,0,0,2.0141749723145077,1.683660786309202,GCLM
GO_Biological_Process_2023,Host-Mediated Regulation Of Intestinal Microbiota Composition (GO:0048874),1/6,0.4334816031941485,0.9999958087188284,0,0,2.0141749723145077,1.683660786309202,ST6GALNAC1
GO_Biological_Process_2023,Inner Ear Receptor Cell Differentiation (GO:0060113),1/6,0.4334816031941485,0.9999958087188284,0,0,2.0141749723145077,1.683660786309202,MYO6
GO_Biological_Process_2023,Inositol Metabolic Process (GO:0006020),1/6,0.4334816031941485,0.9999958087188284,0,0,2.0141749723145077,1.683660786309202,SLC5A3
GO_Biological_Process_2023,Interleukin-9-Mediated Signaling Pathway (GO:0038113),1/6,0.4334816031941485,0.9999958087188284,0,0,2.0141749723145077,1.683660786309202,STAT1
GO_Biological_Process_2023,Leukotriene Transport (GO:0071716),1/6,0.4334816031941485,0.9999958087188284,0,0,2.0141749723145077,1.683660786309202,ABCC3
GO_Biological_Process_2023,Locomotor Rhythm (GO:0045475),1/6,0.4334816031941485,0.9999958087188284,0,0,2.0141749723145077,1.683660786309202,MTA1
GO_Biological_Process_2023,Lymphoid Progenitor Cell Differentiation (GO:0002320),1/6,0.4334816031941485,0.9999958087188284,0,0,2.0141749723145077,1.683660786309202,SOX4
GO_Biological_Process_2023,Macrophage Derived Foam Cell Differentiation (GO:0010742),1/6,0.4334816031941485,0.9999958087188284,0,0,2.0141749723145077,1.683660786309202,STAT1
GO_Biological_Process_2023,Meiotic DNA Double-Strand Break Formation (GO:0042138),1/6,0.4334816031941485,0.9999958087188284,0,0,2.0141749723145077,1.683660786309202,HORMAD1
GO_Biological_Process_2023,Membrane Biogenesis (GO:0044091),1/6,0.4334816031941485,0.9999958087188284,0,0,2.0141749723145077,1.683660786309202,TLCD1
GO_Biological_Process_2023,Metanephric Nephron Tubule Development (GO:0072234),1/6,0.4334816031941485,0.9999958087188284,0,0,2.0141749723145077,1.683660786309202,WNT7B
GO_Biological_Process_2023,Mitochondrion-Endoplasmic Reticulum Membrane Tethering (GO:1990456),1/6,0.4334816031941485,0.9999958087188284,0,0,2.0141749723145077,1.683660786309202,ATP2A2
GO_Biological_Process_2023,Mitotic Nuclear Membrane Disassembly (GO:0007077),1/6,0.4334816031941485,0.9999958087188284,0,0,2.0141749723145077,1.683660786309202,NEK6
GO_Biological_Process_2023,Negative Regulation Of Cardiocyte Differentiation (GO:1905208),1/6,0.4334816031941485,0.9999958087188284,0,0,2.0141749723145077,1.683660786309202,EGFR
GO_Biological_Process_2023,Negative Regulation Of Dendritic Spine Development (GO:0061000),1/6,0.4334816031941485,0.9999958087188284,0,0,2.0141749723145077,1.683660786309202,NGEF
GO_Biological_Process_2023,Negative Regulation Of Epidermal Cell Differentiation (GO:0045605),1/6,0.4334816031941485,0.9999958087188284,0,0,2.0141749723145077,1.683660786309202,GRHL2
GO_Biological_Process_2023,Negative Regulation Of Membrane Protein Ectodomain Proteolysis (GO:0051045),1/6,0.4334816031941485,0.9999958087188284,0,0,2.0141749723145077,1.683660786309202,TIMP1
GO_Biological_Process_2023,Negative Regulation Of Neuron Projection Regeneration (GO:0070571),1/6,0.4334816031941485,0.9999958087188284,0,0,2.0141749723145077,1.683660786309202,THY1
GO_Biological_Process_2023,Negative Regulation Of Oligodendrocyte Differentiation (GO:0048715),1/6,0.4334816031941485,0.9999958087188284,0,0,2.0141749723145077,1.683660786309202,NF1
GO_Biological_Process_2023,Negative Regulation Of Plasminogen Activation (GO:0010757),1/6,0.4334816031941485,0.9999958087188284,0,0,2.0141749723145077,1.683660786309202,PLAU
GO_Biological_Process_2023,Negative Regulation Of Response To Reactive Oxygen Species (GO:1901032),1/6,0.4334816031941485,0.9999958087188284,0,0,2.0141749723145077,1.683660786309202,PYCR1
GO_Biological_Process_2023,Negative Regulation Of Smooth Muscle Cell Apoptotic Process (GO:0034392),1/6,0.4334816031941485,0.9999958087188284,0,0,2.0141749723145077,1.683660786309202,LYPD3
GO_Biological_Process_2023,"Neurotransmitter Receptor Transport, Endosome To Postsynaptic Membrane (GO:0098887)",1/6,0.4334816031941485,0.9999958087188284,0,0,2.0141749723145077,1.683660786309202,GRIPAP1
GO_Biological_Process_2023,Peptide Transport (GO:0015833),1/6,0.4334816031941485,0.9999958087188284,0,0,2.0141749723145077,1.683660786309202,CDH17
GO_Biological_Process_2023,Polyamine Biosynthetic Process (GO:0006596),1/6,0.4334816031941485,0.9999958087188284,0,0,2.0141749723145077,1.683660786309202,SMOX
GO_Biological_Process_2023,Positive Regulation Of B Cell Receptor Signaling Pathway (GO:0050861),1/6,0.4334816031941485,0.9999958087188284,0,0,2.0141749723145077,1.683660786309202,FOXP1
GO_Biological_Process_2023,Positive Regulation Of Catecholamine Secretion (GO:0033605),1/6,0.4334816031941485,0.9999958087188284,0,0,2.0141749723145077,1.683660786309202,STX1A
GO_Biological_Process_2023,Positive Regulation Of Cysteine-Type Endopeptidase Activity Involved In Apoptotic Signaling Pathway (GO:2001269),1/6,0.4334816031941485,0.9999958087188284,0,0,2.0141749723145077,1.683660786309202,PRR7
GO_Biological_Process_2023,Positive Regulation Of Endoplasmic Reticulum Stress-Induced Intrinsic Apoptotic Signaling Pathway (GO:1902237),1/6,0.4334816031941485,0.9999958087188284,0,0,2.0141749723145077,1.683660786309202,PMAIP1
GO_Biological_Process_2023,Positive Regulation Of Hormone Metabolic Process (GO:0032352),1/6,0.4334816031941485,0.9999958087188284,0,0,2.0141749723145077,1.683660786309202,HPN
GO_Biological_Process_2023,Positive Regulation Of Kidney Development (GO:0090184),1/6,0.4334816031941485,0.9999958087188284,0,0,2.0141749723145077,1.683660786309202,SOX9
GO_Biological_Process_2023,Positive Regulation Of Lymphocyte Apoptotic Process (GO:0070230),1/6,0.4334816031941485,0.9999958087188284,0,0,2.0141749723145077,1.683660786309202,IL10
GO_Biological_Process_2023,Positive Regulation Of Neurotransmitter Secretion (GO:0001956),1/6,0.4334816031941485,0.9999958087188284,0,0,2.0141749723145077,1.683660786309202,SLC4A8
GO_Biological_Process_2023,Positive Regulation Of Toll-Like Receptor 3 Signaling Pathway (GO:0034141),1/6,0.4334816031941485,0.9999958087188284,0,0,2.0141749723145077,1.683660786309202,F2RL1
GO_Biological_Process_2023,Protein Localization To Endoplasmic Reticulum Exit Site (GO:0070973),1/6,0.4334816031941485,0.9999958087188284,0,0,2.0141749723145077,1.683660786309202,MIA3
GO_Biological_Process_2023,Pyrimidine Ribonucleotide Biosynthetic Process (GO:0009220),1/6,0.4334816031941485,0.9999958087188284,0,0,2.0141749723145077,1.683660786309202,CAD
GO_Biological_Process_2023,Regulation Of SA Node Cell Action Potential (GO:0098907),1/6,0.4334816031941485,0.9999958087188284,0,0,2.0141749723145077,1.683660786309202,HCN3
GO_Biological_Process_2023,Regulation Of T Cell Mediated Immune Response To Tumor Cell (GO:0002840),1/6,0.4334816031941485,0.9999958087188284,0,0,2.0141749723145077,1.683660786309202,IL4I1
GO_Biological_Process_2023,Regulation Of Axon Guidance (GO:1902667),1/6,0.4334816031941485,0.9999958087188284,0,0,2.0141749723145077,1.683660786309202,TUBB2B
GO_Biological_Process_2023,Regulation Of Entry Of Bacterium Into Host Cell (GO:2000535),1/6,0.4334816031941485,0.9999958087188284,0,0,2.0141749723145077,1.683660786309202,KRT6A
GO_Biological_Process_2023,Regulation Of Glucocorticoid Receptor Signaling Pathway (GO:2000322),1/6,0.4334816031941485,0.9999958087188284,0,0,2.0141749723145077,1.683660786309202,LMO3
GO_Biological_Process_2023,Regulation Of Hemoglobin Biosynthetic Process (GO:0046984),1/6,0.4334816031941485,0.9999958087188284,0,0,2.0141749723145077,1.683660786309202,SLC25A37
GO_Biological_Process_2023,Regulation Of Ketone Biosynthetic Process (GO:0010566),1/6,0.4334816031941485,0.9999958087188284,0,0,2.0141749723145077,1.683660786309202,SIRT5
GO_Biological_Process_2023,Regulation Of Male Gonad Development (GO:2000018),1/6,0.4334816031941485,0.9999958087188284,0,0,2.0141749723145077,1.683660786309202,SOX9
GO_Biological_Process_2023,Regulation Of Microtubule Binding (GO:1904526),1/6,0.4334816031941485,0.9999958087188284,0,0,2.0141749723145077,1.683660786309202,MARK2
GO_Biological_Process_2023,Regulation Of Mitochondrial mRNA Stability (GO:0044528),1/6,0.4334816031941485,0.9999958087188284,0,0,2.0141749723145077,1.683660786309202,TBRG4
GO_Biological_Process_2023,Regulation Of Norepinephrine Secretion (GO:0014061),1/6,0.4334816031941485,0.9999958087188284,0,0,2.0141749723145077,1.683660786309202,STX1A
GO_Biological_Process_2023,Regulation Of Osteoclast Development (GO:2001204),1/6,0.4334816031941485,0.9999958087188284,0,0,2.0141749723145077,1.683660786309202,FBXW7
GO_Biological_Process_2023,Regulation Of Striated Muscle Cell Differentiation (GO:0051153),1/6,0.4334816031941485,0.9999958087188284,0,0,2.0141749723145077,1.683660786309202,MESP1
GO_Biological_Process_2023,Regulation Of Striated Muscle Tissue Development (GO:0016202),1/6,0.4334816031941485,0.9999958087188284,0,0,2.0141749723145077,1.683660786309202,CENPF
GO_Biological_Process_2023,Regulation Of Transforming Growth Factor Beta1 Production (GO:0032908),1/6,0.4334816031941485,0.9999958087188284,0,0,2.0141749723145077,1.683660786309202,LAPTM4B
GO_Biological_Process_2023,Regulation Of Transforming Growth Factor Beta2 Production (GO:0032909),1/6,0.4334816031941485,0.9999958087188284,0,0,2.0141749723145077,1.683660786309202,CDH3
GO_Biological_Process_2023,Regulation Of Vascular Associated Smooth Muscle Cell Apoptotic Process (GO:1905459),1/6,0.4334816031941485,0.9999958087188284,0,0,2.0141749723145077,1.683660786309202,E2F3
GO_Biological_Process_2023,Release Of Sequestered Calcium Ion Into Cytosol By Sarcoplasmic Reticulum (GO:0014808),1/6,0.4334816031941485,0.9999958087188284,0,0,2.0141749723145077,1.683660786309202,NOL3
GO_Biological_Process_2023,Response To Cocaine (GO:0042220),1/6,0.4334816031941485,0.9999958087188284,0,0,2.0141749723145077,1.683660786309202,DRD4
GO_Biological_Process_2023,Retinal Rod Cell Differentiation (GO:0060221),1/6,0.4334816031941485,0.9999958087188284,0,0,2.0141749723145077,1.683660786309202,SOX9
GO_Biological_Process_2023,Ribose Phosphate Biosynthetic Process (GO:0046390),1/6,0.4334816031941485,0.9999958087188284,0,0,2.0141749723145077,1.683660786309202,G6PD
GO_Biological_Process_2023,Skeletal Muscle Cell Differentiation (GO:0035914),1/6,0.4334816031941485,0.9999958087188284,0,0,2.0141749723145077,1.683660786309202,SIX4
GO_Biological_Process_2023,Skeletal Muscle Thin Filament Assembly (GO:0030240),1/6,0.4334816031941485,0.9999958087188284,0,0,2.0141749723145077,1.683660786309202,LMOD3
GO_Biological_Process_2023,Smooth Muscle Cell Migration (GO:0014909),1/6,0.4334816031941485,0.9999958087188284,0,0,2.0141749723145077,1.683660786309202,DDR1
GO_Biological_Process_2023,Spinal Cord Dorsal/Ventral Patterning (GO:0021513),1/6,0.4334816031941485,0.9999958087188284,0,0,2.0141749723145077,1.683660786309202,RFX4
GO_Biological_Process_2023,Synaptic Signaling (GO:0099536),1/6,0.4334816031941485,0.9999958087188284,0,0,2.0141749723145077,1.683660786309202,DTNB
GO_Biological_Process_2023,"Synaptic Transmission, Dopaminergic (GO:0001963)",1/6,0.4334816031941485,0.9999958087188284,0,0,2.0141749723145077,1.683660786309202,SLC6A3
GO_Biological_Process_2023,Transcription-Dependent Tethering Of RNA Polymerase II Gene DNA At Nuclear Periphery (GO:0000972),1/6,0.4334816031941485,0.9999958087188284,0,0,2.0141749723145077,1.683660786309202,NUP155
GO_Biological_Process_2023,Tubulin Complex Assembly (GO:0007021),1/6,0.4334816031941485,0.9999958087188284,0,0,2.0141749723145077,1.683660786309202,TBCD
GO_Biological_Process_2023,Vascular Associated Smooth Muscle Contraction (GO:0014829),1/6,0.4334816031941485,0.9999958087188284,0,0,2.0141749723145077,1.683660786309202,EDN2
GO_Biological_Process_2023,Very Long-Chain Fatty Acid Catabolic Process (GO:0042760),1/6,0.4334816031941485,0.9999958087188284,0,0,2.0141749723145077,1.683660786309202,SLC27A2
GO_Biological_Process_2023,Oligosaccharide Metabolic Process (GO:0009311),5/48,0.4397355466021742,0.9999958087188284,0,0,1.1711793098108043,0.96221956239018,FUT6;ST6GALNAC1;FUT8;FUT2;FUT3
GO_Biological_Process_2023,Positive Regulation Of Reactive Oxygen Species Metabolic Process (GO:2000379),5/48,0.4397355466021742,0.9999958087188284,0,0,1.1711793098108043,0.96221956239018,SORD;F2RL1;SLC5A3;AGT;GRIN1
GO_Biological_Process_2023,Post-Translational Protein Modification (GO:0043687),5/48,0.4397355466021742,0.9999958087188284,0,0,1.1711793098108043,0.96221956239018,CCNA2;PARP10;PARP3;PARP1;AURKB
GO_Biological_Process_2023,Regulation Of Intrinsic Apoptotic Signaling Pathway (GO:2001242),5/48,0.4397355466021742,0.9999958087188284,0,0,1.1711793098108043,0.96221956239018,SRC;PMAIP1;P4HB;NOL3;MMP9
GO_Biological_Process_2023,Regulation Of Actin Cytoskeleton Organization (GO:0032956),9/91,0.4398261278230492,0.9999958087188284,0,0,1.1055576656990151,0.9080783057043236,BAIAP2L1;MYO3B;MDK;TAOK1;ARHGEF19;HIP1R;RAC3;SEMA3E;RAC1
GO_Biological_Process_2023,Calcium Ion Homeostasis (GO:0055074),10/102,0.4423079381120717,0.9999958087188284,0,0,1.0948803561491374,0.89314749753292,CYP27B1;EDN2;VAPB;CIB2;ATP2A2;TNNI3;ATP13A2;ATP1B1;DRD4;GRIN1
GO_Biological_Process_2023,Positive Regulation Of Cellular Component Organization (GO:0051130),11/113,0.4443772432258125,0.9999958087188284,0,0,1.0862974365692826,0.8810756786821878,CDC20;CAMK2B;CHAF1B;CLDN3;GNL3L;MMP1;BIK;MMP3;BMF;PTPN23;PROM2
GO_Biological_Process_2023,protein-DNA Complex Assembly (GO:0065004),6/59,0.4445766357048406,0.9999958087188284,0,0,1.1402470325710037,0.9243216790308012,CHAF1B;RAD51;DMC1;SOX9;BAZ1A;ASF1B
GO_Biological_Process_2023,T Cell Activation Involved In Immune Response (GO:0002286),3/27,0.4459799110764261,0.9999958087188284,0,0,1.258938470066519,1.0165693610662103,MDK;F2RL1;EIF2AK4
GO_Biological_Process_2023,Cortical Cytoskeleton Organization (GO:0030865),3/27,0.4459799110764261,0.9999958087188284,0,0,1.258938470066519,1.0165693610662103,RAC3;RAC1;LLGL2
GO_Biological_Process_2023,Establishment Of Protein Localization To Vacuole (GO:0072666),3/27,0.4459799110764261,0.9999958087188284,0,0,1.258938470066519,1.0165693610662103,VPS13C;VPS41;PTPN23
GO_Biological_Process_2023,In Utero Embryonic Development (GO:0001701),3/27,0.4459799110764261,0.9999958087188284,0,0,1.258938470066519,1.0165693610662103,FUT8;STIL;WNT7B
GO_Biological_Process_2023,Microtubule Polymerization Or Depolymerization (GO:0031109),3/27,0.4459799110764261,0.9999958087188284,0,0,1.258938470066519,1.0165693610662103,KIF14;KIF2C;MAP4
GO_Biological_Process_2023,Negative Regulation Of Neurogenesis (GO:0050768),3/27,0.4459799110764261,0.9999958087188284,0,0,1.258938470066519,1.0165693610662103,NF1;THY1;HOOK3
GO_Biological_Process_2023,Positive Regulation Of Response To Wounding (GO:1903036),3/27,0.4459799110764261,0.9999958087188284,0,0,1.258938470066519,1.0165693610662103,CLDN4;CLDN3;MDK
GO_Biological_Process_2023,Regulation Of Catecholamine Secretion (GO:0050433),3/27,0.4459799110764261,0.9999958087188284,0,0,1.258938470066519,1.0165693610662103,SYT13;SYT7;STX1A
GO_Biological_Process_2023,Regulation Of Immunoglobulin Production (GO:0002637),3/27,0.4459799110764261,0.9999958087188284,0,0,1.258938470066519,1.0165693610662103,IL10;CLCF1;EPHB2
GO_Biological_Process_2023,Regulation Of DNA Metabolic Process (GO:0051052),12/124,0.446129174923689,0.9999958087188284,0,0,1.0792479108635098,0.8711114318508306,BARD1;CCNA2;PIF1;DEPDC1B;NUCKS1;TAF6;FBXO5;BRCA1;BAZ1A;KPNA2;GRHL2;POLH
GO_Biological_Process_2023,Regulation Of Notch Signaling Pathway (GO:0008593),7/70,0.4481297603489939,0.9999958087188284,0,0,1.1191358024691358,0.8982994707090308,MESP1;POFUT1;FBXW7;SRC;TSPAN5;RFNG;LLGL2
GO_Biological_Process_2023,Positive Regulation Of Growth (GO:0045927),8/81,0.4508565635774825,0.9999958087188284,0,0,1.1038095745733931,0.8793013640850411,SLC44A4;MAPKAP1;LEP;HPN;ERBB2;AGR2;PRSS2;EGFR
GO_Biological_Process_2023,Positive Regulation Of Neuron Projection Development (GO:0010976),9/92,0.4530173913080116,0.9999958087188284,0,0,1.0921773858504094,0.8648130995166906,DDR1;CAMK2B;TUBB2B;MDK;PLXNB3;PTK6;LRP8;MARK2;PACSIN1
GO_Biological_Process_2023,Calcium-Dependent Cell-Cell Adhesion Via Plasma Membrane Cell Adhesion Molecules (GO:0016339),4/38,0.4534042819319034,0.9999958087188284,0,0,1.1848879318782422,0.9372121071861776,CDH3;CDH1;CDH17;PCDHB9
GO_Biological_Process_2023,Cellular Response To Type I Interferon (GO:0071357),4/38,0.4534042819319034,0.9999958087188284,0,0,1.1848879318782422,0.9372121071861776,IFNAR2;IRAK1;STAT1;IKBKE
GO_Biological_Process_2023,Connective Tissue Development (GO:0061448),4/38,0.4534042819319034,0.9999958087188284,0,0,1.1848879318782422,0.9372121071861776,LRP5;VPS13B;SOX9;SULF1
GO_Biological_Process_2023,Fatty Acid Transport (GO:0015908),4/38,0.4534042819319034,0.9999958087188284,0,0,1.1848879318782422,0.9372121071861776,CRABP2;SLCO3A1;CRABP1;PPARD
GO_Biological_Process_2023,Lymphocyte Proliferation (GO:0046651),4/38,0.4534042819319034,0.9999958087188284,0,0,1.1848879318782422,0.9372121071861776,IL10;CD79A;HELLS;TNFSF14
GO_Biological_Process_2023,mRNA Transcription By RNA Polymerase II (GO:0042789),4/38,0.4534042819319034,0.9999958087188284,0,0,1.1848879318782422,0.9372121071861776,CYP27B1;CREB1;TAF13;TAF6
GO_Biological_Process_2023,Maturation Of SSU-rRNA (GO:0030490),4/38,0.4534042819319034,0.9999958087188284,0,0,1.1848879318782422,0.9372121071861776,SPPL2B;NGDN;TSR1;IGF2BP3
GO_Biological_Process_2023,Positive Regulation Of Axonogenesis (GO:0050772),4/38,0.4534042819319034,0.9999958087188284,0,0,1.1848879318782422,0.9372121071861776,LIMK1;PLXNB3;MAP3K13;PLXNA3
GO_Biological_Process_2023,Response To Transforming Growth Factor Beta (GO:0071559),4/38,0.4534042819319034,0.9999958087188284,0,0,1.1848879318782422,0.9372121071861776,WNT10A;FNDC4;SOX9;MXRA5
GO_Biological_Process_2023,Organic Substance Transport (GO:0071702),19/201,0.4534497593794687,0.9999958087188284,0,0,1.0516047151953192,0.8316834621092233,ABCA2;ABCB6;ABCA4;MIA3;ABCB9;ABCA12;SLC6A3;SCAMP5;CYP27B1;CENPF;TCN1;SLC22A18;SLC29A4;AQP11;AVP;KCNN4;RAMP1;ABCD1;SLC29A2
GO_Biological_Process_2023,Intrinsic Apoptotic Signaling Pathway In Response To DNA Damage (GO:0008630),5/49,0.457922492717405,0.9999958087188284,0,0,1.144498536979114,0.8939166928580214,DYRK2;SFN;BRCA1;IKBKE;PML
GO_Biological_Process_2023,Negative Regulation Of Cysteine-Type Endopeptidase Activity Involved In Apoptotic Process (GO:0043154),5/49,0.457922492717405,0.9999958087188284,0,0,1.144498536979114,0.8939166928580214,SRC;SFN;AVP;NOL3;MMP9
GO_Biological_Process_2023,Positive Regulation Of miRNA Metabolic Process (GO:2000630),5/49,0.457922492717405,0.9999958087188284,0,0,1.144498536979114,0.8939166928580214,FOXA1;IL10;PNPT1;POU2F1;EGFR
GO_Biological_Process_2023,Regulation Of Extrinsic Apoptotic Signaling Pathway (GO:2001236),6/60,0.4609816545588696,0.9999958087188284,0,0,1.1190696526621011,0.8666042172428469,TNFRSF12A;SRC;TRAF2;NOL3;AGT;PML
GO_Biological_Process_2023,Response To Retinoic Acid (GO:0032526),6/60,0.4609816545588696,0.9999958087188284,0,0,1.1190696526621011,0.8666042172428469,CREB1;TESC;WNT7B;PTK6;SOX9;WNT3
GO_Biological_Process_2023,DNA Biosynthetic Process (GO:0071897),2/17,0.4625700959904982,0.9999958087188284,0,0,1.3427885503231765,1.035232466862759,TYMS;POLH
GO_Biological_Process_2023,"DNA Damage Response, Signal Transduction By P53 Class Mediator Resulting In Cell Cycle Arrest (GO:0006977)",2/17,0.4625700959904982,0.9999958087188284,0,0,1.3427885503231765,1.035232466862759,GTSE1;PML
GO_Biological_Process_2023,Rac Protein Signal Transduction (GO:0016601),2/17,0.4625700959904982,0.9999958087188284,0,0,1.3427885503231765,1.035232466862759,RAC3;RAC1
GO_Biological_Process_2023,Amyloid Precursor Protein Metabolic Process (GO:0042982),2/17,0.4625700959904982,0.9999958087188284,0,0,1.3427885503231765,1.035232466862759,ACHE;KLK6
GO_Biological_Process_2023,cGMP-mediated Signaling (GO:0019934),2/17,0.4625700959904982,0.9999958087188284,0,0,1.3427885503231765,1.035232466862759,GUCY1B2;PDE9A
GO_Biological_Process_2023,Cell Migration Involved In Sprouting Angiogenesis (GO:0002042),2/17,0.4625700959904982,0.9999958087188284,0,0,1.3427885503231765,1.035232466862759,GREM1;MIA3
GO_Biological_Process_2023,Cellular Response To Glucocorticoid Stimulus (GO:0071385),2/17,0.4625700959904982,0.9999958087188284,0,0,1.3427885503231765,1.035232466862759,SSTR2;ISL1
GO_Biological_Process_2023,Detection Of Visible Light (GO:0009584),2/17,0.4625700959904982,0.9999958087188284,0,0,1.3427885503231765,1.035232466862759,REEP6;CNGB1
GO_Biological_Process_2023,Embryonic Axis Specification (GO:0000578),2/17,0.4625700959904982,0.9999958087188284,0,0,1.3427885503231765,1.035232466862759,MESP1;STIL
GO_Biological_Process_2023,Membrane Lipid Metabolic Process (GO:0006643),2/17,0.4625700959904982,0.9999958087188284,0,0,1.3427885503231765,1.035232466862759,FUT2;SMPDL3B
GO_Biological_Process_2023,Microtubule Depolymerization (GO:0007019),2/17,0.4625700959904982,0.9999958087188284,0,0,1.3427885503231765,1.035232466862759,KIF14;KIF2C
GO_Biological_Process_2023,ncRNA Metabolic Process (GO:0034660),2/17,0.4625700959904982,0.9999958087188284,0,0,1.3427885503231765,1.035232466862759,DDX17;XPO5
GO_Biological_Process_2023,Negative Regulation Of Fibroblast Proliferation (GO:0048147),2/17,0.4625700959904982,0.9999958087188284,0,0,1.3427885503231765,1.035232466862759,PARP10;NF1
GO_Biological_Process_2023,Neural Tube Development (GO:0021915),2/17,0.4625700959904982,0.9999958087188284,0,0,1.3427885503231765,1.035232466862759,STIL;GRHL2
GO_Biological_Process_2023,Peptidyl-Threonine Dephosphorylation (GO:0035970),2/17,0.4625700959904982,0.9999958087188284,0,0,1.3427885503231765,1.035232466862759,PPM1B;PPM1K
GO_Biological_Process_2023,Polyol Metabolic Process (GO:0019751),2/17,0.4625700959904982,0.9999958087188284,0,0,1.3427885503231765,1.035232466862759,INPP4B;SLC5A3
GO_Biological_Process_2023,Positive Regulation By Host Of Viral Process (GO:0044794),2/17,0.4625700959904982,0.9999958087188284,0,0,1.3427885503231765,1.035232466862759,KRT17;NUCKS1
GO_Biological_Process_2023,Positive Regulation Of Cardiac Muscle Hypertrophy (GO:0010613),2/17,0.4625700959904982,0.9999958087188284,0,0,1.3427885503231765,1.035232466862759,PARP1;PDE9A
GO_Biological_Process_2023,Positive Regulation Of Cartilage Development (GO:0061036),2/17,0.4625700959904982,0.9999958087188284,0,0,1.3427885503231765,1.035232466862759,MDK;SOX9
GO_Biological_Process_2023,Positive Regulation Of Dendrite Morphogenesis (GO:0050775),2/17,0.4625700959904982,0.9999958087188284,0,0,1.3427885503231765,1.035232466862759,CUL7;LRP8
GO_Biological_Process_2023,Positive Regulation Of Glial Cell Differentiation (GO:0045687),2/17,0.4625700959904982,0.9999958087188284,0,0,1.3427885503231765,1.035232466862759,MDK;CLCF1
GO_Biological_Process_2023,Positive Regulation Of Heart Rate (GO:0010460),2/17,0.4625700959904982,0.9999958087188284,0,0,1.3427885503231765,1.035232466862759,EDN2;ATP2A2
GO_Biological_Process_2023,Positive Regulation Of Leukocyte Adhesion To Vascular Endothelial Cell (GO:1904996),2/17,0.4625700959904982,0.9999958087188284,0,0,1.3427885503231765,1.035232466862759,IRAK1;MDK
GO_Biological_Process_2023,Positive Regulation Of Lymphocyte Chemotaxis (GO:0140131),2/17,0.4625700959904982,0.9999958087188284,0,0,1.3427885503231765,1.035232466862759,STK39;CXCL13
GO_Biological_Process_2023,Positive Regulation Of Peptidyl-Lysine Acetylation (GO:2000758),2/17,0.4625700959904982,0.9999958087188284,0,0,1.3427885503231765,1.035232466862759,BRCA1;SOX4
GO_Biological_Process_2023,Prostaglandin Biosynthetic Process (GO:0001516),2/17,0.4625700959904982,0.9999958087188284,0,0,1.3427885503231765,1.035232466862759,EDN2;PTGES
GO_Biological_Process_2023,Regulation Of Brown Fat Cell Differentiation (GO:0090335),2/17,0.4625700959904982,0.9999958087188284,0,0,1.3427885503231765,1.035232466862759,LEP;SIX1
GO_Biological_Process_2023,Regulation Of Cellular Respiration (GO:0043457),2/17,0.4625700959904982,0.9999958087188284,0,0,1.3427885503231765,1.035232466862759,PNPT1;SHMT2
GO_Biological_Process_2023,Regulation Of Protein Sumoylation (GO:0033233),2/17,0.4625700959904982,0.9999958087188284,0,0,1.3427885503231765,1.035232466862759,PIAS3;GNL3L
GO_Biological_Process_2023,Regulation Of Vacuole Organization (GO:0044088),2/17,0.4625700959904982,0.9999958087188284,0,0,1.3427885503231765,1.035232466862759,LAPTM4B;EPHB2
GO_Biological_Process_2023,Regulation Of Viral Transcription (GO:0046782),2/17,0.4625700959904982,0.9999958087188284,0,0,1.3427885503231765,1.035232466862759,TRIM13;TRIM31
GO_Biological_Process_2023,Response To Interferon-Alpha (GO:0035455),2/17,0.4625700959904982,0.9999958087188284,0,0,1.3427885503231765,1.035232466862759,IFNAR2;MX2
GO_Biological_Process_2023,"Retrograde Protein Transport, ER To Cytosol (GO:0030970)",2/17,0.4625700959904982,0.9999958087188284,0,0,1.3427885503231765,1.035232466862759,HM13;SYVN1
GO_Biological_Process_2023,Negative Regulation Of Protein Binding (GO:0032091),7/71,0.463192325168405,0.9999958087188284,0,0,1.1015885416666666,0.8477967764086299,GNL3L;DDX11;ATP2A2;DISC1;PTPRF;AURKB;AURKA
GO_Biological_Process_2023,Regulation Of Double-Strand Break Repair Via Homologous Recombination (GO:0010569),7/71,0.463192325168405,0.9999958087188284,0,0,1.1015885416666666,0.8477967764086299,MBTD1;RAD51AP1;POLQ;RAD51;PARP1;CHEK1;TIMELESS
GO_Biological_Process_2023,Sodium Ion Transmembrane Transport (GO:0035725),8/82,0.4648610109537711,0.9999958087188284,0,0,1.0888331355257426,0.8340644951686997,HCN3;SLC4A8;SLC9A5;SLC6A8;SLC9A7;ATP1B1;KCNK1;SLC6A3
GO_Biological_Process_2023,Potassium Ion Transmembrane Transport (GO:0071805),13/137,0.4692921135115352,0.9999958087188284,0,0,1.0559256661991585,0.7988392975964317,KCNK5;KCNK6;HCN3;KCNH6;KCNK12;HPN;ATP1B1;SLC9A5;SLC9A7;KCNQ3;KCNN4;KCNK1;SLC12A8
GO_Biological_Process_2023,Golgi To Plasma Membrane Protein Transport (GO:0043001),3/28,0.4702613807265305,0.9999958087188284,0,0,1.2085144124168514,0.911783771455571,GGA1;RAB26;BLZF1
GO_Biological_Process_2023,Cellular Response To Osmotic Stress (GO:0071470),3/28,0.4702613807265305,0.9999958087188284,0,0,1.2085144124168514,0.911783771455571,STK39;SLC4A11;LRRC8E
GO_Biological_Process_2023,Negative Regulation Of Actin Filament Bundle Assembly (GO:0032232),3/28,0.4702613807265305,0.9999958087188284,0,0,1.2085144124168514,0.911783771455571,PPFIA1;RHPN1;RHPN2
GO_Biological_Process_2023,Negative Regulation Of Cation Channel Activity (GO:2001258),3/28,0.4702613807265305,0.9999958087188284,0,0,1.2085144124168514,0.911783771455571,GPR35;MMP9;DRD4
GO_Biological_Process_2023,Negative Regulation Of Signaling (GO:0023057),3/28,0.4702613807265305,0.9999958087188284,0,0,1.2085144124168514,0.911783771455571,ERBB3;IGFBP3;LIF
GO_Biological_Process_2023,Positive Regulation Of Protein Import Into Nucleus (GO:0042307),3/28,0.4702613807265305,0.9999958087188284,0,0,1.2085144124168514,0.911783771455571,JUP;CDH1;ECT2
GO_Biological_Process_2023,Primary Neural Tube Formation (GO:0014020),3/28,0.4702613807265305,0.9999958087188284,0,0,1.2085144124168514,0.911783771455571,STIL;DEAF1;GRHL2
GO_Biological_Process_2023,Protein Depolymerization (GO:0051261),3/28,0.4702613807265305,0.9999958087188284,0,0,1.2085144124168514,0.911783771455571,VIL1;KIF14;KIF2C
GO_Biological_Process_2023,Regulation Of Bone Resorption (GO:0045124),3/28,0.4702613807265305,0.9999958087188284,0,0,1.2085144124168514,0.911783771455571,SRC;SPP1;NF1
GO_Biological_Process_2023,Regulation Of Nitric-Oxide Synthase Activity (GO:0050999),3/28,0.4702613807265305,0.9999958087188284,0,0,1.2085144124168514,0.911783771455571,LEP;NOS1AP;EGFR
GO_Biological_Process_2023,Sterol Biosynthetic Process (GO:0016126),3/28,0.4702613807265305,0.9999958087188284,0,0,1.2085144124168514,0.911783771455571,G6PD;NPC1L1;HSD17B7
GO_Biological_Process_2023,Anterograde Axonal Transport (GO:0008089),4/39,0.47386379378093,0.9999958087188284,0,0,1.1509706045479755,0.8595855382857033,KIF4A;TRIM46;KIF1A;MAPK8IP3
GO_Biological_Process_2023,Regulation Of Mitotic Spindle Organization (GO:0060236),4/39,0.47386379378093,0.9999958087188284,0,0,1.1509706045479755,0.8595855382857033,TPX2;PARP3;STIL;TACC3
GO_Biological_Process_2023,Intracellular Iron Ion Homeostasis (GO:0006879),5/50,0.47593737272108,0.9999958087188284,0,0,1.1190035762732766,0.830825469987689,TMPRSS6;BOLA2;ATP13A2;CP;HAMP
GO_Biological_Process_2023,Positive Regulation Of Transport (GO:0051050),5/50,0.47593737272108,0.9999958087188284,0,0,1.1190035762732766,0.830825469987689,CDH3;SCIN;SPAG5;HIP1R;KCTD7
GO_Biological_Process_2023,tRNA Processing (GO:0008033),5/50,0.47593737272108,0.9999958087188284,0,0,1.1190035762732766,0.830825469987689,DTWD2;POP1;METTL1;RPP40;TSEN54
GO_Biological_Process_2023,Epigenetic Regulation Of Gene Expression (GO:0040029),8/83,0.478789597933086,0.9999958087188284,0,0,1.0742560681860294,0.7911831817914622,TFAP2C;MTA1;TDG;CHEK1;DNMT3A;MORC2;EZH2;PHF19
GO_Biological_Process_2023,Regulation Of Cell Division (GO:0051302),8/83,0.478789597933086,0.9999958087188284,0,0,1.0742560681860294,0.7911831817914622,BLM;PRC1;SFN;KIF20A;POU5F1;AURKB;RAB11FIP4;AURKA
GO_Biological_Process_2023,Peptidyl-Lysine Modification (GO:0018205),9/94,0.4792410503708523,0.9999958087188284,0,0,1.0663613164954524,0.7843637421030182,ZNF451;PIAS3;HDAC10;CBX4;BCL11A;SIRT5;PLOD2;STX1A;PML
GO_Biological_Process_2023,Sphingolipid Metabolic Process (GO:0006665),9/94,0.4792410503708523,0.9999958087188284,0,0,1.0663613164954524,0.7843637421030182,FUT6;ALDH3B2;UGT8;ABCA2;FA2H;SGPL1;ELOVL6;SGPP2;FUT3
GO_Biological_Process_2023,Protein Modification Process (GO:0036211),65/711,0.4793881928392333,0.9999958087188284,0,0,1.0135275634212837,0.7451906540946879,ST6GALNAC1;DYRK2;UBE2D2;PLOD2;PTPRH;CDC14B;CHEK1;NEK2;MAP3K9;EPHB2;IKBKE;ILKAP;EPHB3;DSP;PARP1;IGFBP3;FBXO2;ATG10;LMTK3;CSNK1D;FBXO11;ATG12;CCNA2;ERN2;PPM1B;MELK;CREB1;INCENP;MMP15;CCNE1;BIRC5;PPEF1;CAMK2B;STK39;CDCA8;DAPP1;FUT2;CSF2RA;AURKB;AURKA;FUT6;IRAK1;ERBB2;PAK6;RCE1;MARK2;PLK4;EGLN3;TAF13;NEK6;GAD1;LIMK1;BRAF;PTK6;EIF2AK4;PPP2R3A;ACVR2B;SRPK1;COL3A1;PTPRA;UBE2S;TAOK1;AQP11;TAF6;MAP3K13
GO_Biological_Process_2023,Negative Regulation Of Protein Phosphorylation (GO:0001933),14/149,0.4801485143461105,0.9999958087188284,0,0,1.0444403131519695,0.7662638901093746,IGFBP3;DUSP19;SORD;THY1;DNAJC3;GREM1;DBNDD1;CEACAM1;PIP5KL1;NF1;SFN;EPHB2;EPHA1;CDK5RAP3
GO_Biological_Process_2023,DNA Ligation (GO:0006266),1/7,0.4846818035342833,0.9999958087188284,0,0,1.6783868586194168,1.2155929618554109,TOP2A
GO_Biological_Process_2023,TRIF-dependent Toll-Like Receptor Signaling Pathway (GO:0035666),1/7,0.4846818035342833,0.9999958087188284,0,0,1.6783868586194168,1.2155929618554109,IRF3
GO_Biological_Process_2023,Anterograde Axonal Protein Transport (GO:0099641),1/7,0.4846818035342833,0.9999958087188284,0,0,1.6783868586194168,1.2155929618554109,MAPK8IP3
GO_Biological_Process_2023,Aspartate Family Amino Acid Biosynthetic Process (GO:0009067),1/7,0.4846818035342833,0.9999958087188284,0,0,1.6783868586194168,1.2155929618554109,PLOD2
GO_Biological_Process_2023,Axo-Dendritic Protein Transport (GO:0099640),1/7,0.4846818035342833,0.9999958087188284,0,0,1.6783868586194168,1.2155929618554109,MAPK8IP3
GO_Biological_Process_2023,"Blood Coagulation, Intrinsic Pathway (GO:0007597)",1/7,0.4846818035342833,0.9999958087188284,0,0,1.6783868586194168,1.2155929618554109,F12
GO_Biological_Process_2023,Cellular Biogenic Amine Catabolic Process (GO:0042402),1/7,0.4846818035342833,0.9999958087188284,0,0,1.6783868586194168,1.2155929618554109,SMOX
GO_Biological_Process_2023,Cellular Modified Amino Acid Biosynthetic Process (GO:0042398),1/7,0.4846818035342833,0.9999958087188284,0,0,1.6783868586194168,1.2155929618554109,PLOD2
GO_Biological_Process_2023,Cellular Response To Leptin Stimulus (GO:0044320),1/7,0.4846818035342833,0.9999958087188284,0,0,1.6783868586194168,1.2155929618554109,LEP
GO_Biological_Process_2023,Cellular Response To Nitric Oxide (GO:0071732),1/7,0.4846818035342833,0.9999958087188284,0,0,1.6783868586194168,1.2155929618554109,MMP3
GO_Biological_Process_2023,Cellular Response To Reactive Nitrogen Species (GO:1902170),1/7,0.4846818035342833,0.9999958087188284,0,0,1.6783868586194168,1.2155929618554109,MMP3
GO_Biological_Process_2023,Collecting Duct Development (GO:0072044),1/7,0.4846818035342833,0.9999958087188284,0,0,1.6783868586194168,1.2155929618554109,WNT7B
GO_Biological_Process_2023,Coronary Vasculature Development (GO:0060976),1/7,0.4846818035342833,0.9999958087188284,0,0,1.6783868586194168,1.2155929618554109,MESP1
GO_Biological_Process_2023,Cyclic Nucleotide Transport (GO:0070729),1/7,0.4846818035342833,0.9999958087188284,0,0,1.6783868586194168,1.2155929618554109,LRRC8E
GO_Biological_Process_2023,Cytoplasmic Sequestering Of NF-kappaB (GO:0007253),1/7,0.4846818035342833,0.9999958087188284,0,0,1.6783868586194168,1.2155929618554109,IL10
GO_Biological_Process_2023,Depyrimidination (GO:0045008),1/7,0.4846818035342833,0.9999958087188284,0,0,1.6783868586194168,1.2155929618554109,TDG
GO_Biological_Process_2023,Dermatan Sulfate Proteoglycan Biosynthetic Process (GO:0050651),1/7,0.4846818035342833,0.9999958087188284,0,0,1.6783868586194168,1.2155929618554109,DSEL
GO_Biological_Process_2023,"Endonucleolytic Cleavage In ITS1 To Separate SSU-rRNA From 5.8S rRNA And LSU-rRNA From Tricistronic rRNA Transcript (SSU-rRNA, 5.8S rRNA, LSU-rRNA) (GO:0000447)",1/7,0.4846818035342833,0.9999958087188284,0,0,1.6783868586194168,1.2155929618554109,RPP40
GO_Biological_Process_2023,Establishment Of Centrosome Localization (GO:0051660),1/7,0.4846818035342833,0.9999958087188284,0,0,1.6783868586194168,1.2155929618554109,MAD2L1
GO_Biological_Process_2023,Establishment Of Protein Localization To Peroxisome (GO:0072663),1/7,0.4846818035342833,0.9999958087188284,0,0,1.6783868586194168,1.2155929618554109,LONP2
GO_Biological_Process_2023,Fatty Acid Alpha-Oxidation (GO:0001561),1/7,0.4846818035342833,0.9999958087188284,0,0,1.6783868586194168,1.2155929618554109,SLC27A2
GO_Biological_Process_2023,Fructose Transmembrane Transport (GO:0015755),1/7,0.4846818035342833,0.9999958087188284,0,0,1.6783868586194168,1.2155929618554109,SLC2A5
GO_Biological_Process_2023,Glucocorticoid Metabolic Process (GO:0008211),1/7,0.4846818035342833,0.9999958087188284,0,0,1.6783868586194168,1.2155929618554109,CYP21A2
GO_Biological_Process_2023,Glycine Metabolic Process (GO:0006544),1/7,0.4846818035342833,0.9999958087188284,0,0,1.6783868586194168,1.2155929618554109,SHMT2
GO_Biological_Process_2023,Hair Cell Differentiation (GO:0035315),1/7,0.4846818035342833,0.9999958087188284,0,0,1.6783868586194168,1.2155929618554109,MYO6
GO_Biological_Process_2023,Inhibition Of Cysteine-Type Endopeptidase Activity (GO:0097340),1/7,0.4846818035342833,0.9999958087188284,0,0,1.6783868586194168,1.2155929618554109,NOL3
GO_Biological_Process_2023,Inhibitory Postsynaptic Potential (GO:0060080),1/7,0.4846818035342833,0.9999958087188284,0,0,1.6783868586194168,1.2155929618554109,DRD4
GO_Biological_Process_2023,Kidney Epithelium Development (GO:0072073),1/7,0.4846818035342833,0.9999958087188284,0,0,1.6783868586194168,1.2155929618554109,WNT7B
GO_Biological_Process_2023,Lens Fiber Cell Development (GO:0070307),1/7,0.4846818035342833,0.9999958087188284,0,0,1.6783868586194168,1.2155929618554109,WNT7B
GO_Biological_Process_2023,Lymphocyte Apoptotic Process (GO:0070227),1/7,0.4846818035342833,0.9999958087188284,0,0,1.6783868586194168,1.2155929618554109,TNFRSF21
GO_Biological_Process_2023,Mitochondrial Outer Membrane Permeabilization (GO:0097345),1/7,0.4846818035342833,0.9999958087188284,0,0,1.6783868586194168,1.2155929618554109,RHOT2
GO_Biological_Process_2023,Mitral Valve Development (GO:0003174),1/7,0.4846818035342833,0.9999958087188284,0,0,1.6783868586194168,1.2155929618554109,SOX4
GO_Biological_Process_2023,Multi-Ciliated Epithelial Cell Differentiation (GO:1903251),1/7,0.4846818035342833,0.9999958087188284,0,0,1.6783868586194168,1.2155929618554109,PLK4
GO_Biological_Process_2023,Myoblast Migration (GO:0051451),1/7,0.4846818035342833,0.9999958087188284,0,0,1.6783868586194168,1.2155929618554109,SIX1
GO_Biological_Process_2023,Negative Regulation Of B Cell Apoptotic Process (GO:0002903),1/7,0.4846818035342833,0.9999958087188284,0,0,1.6783868586194168,1.2155929618554109,FOXP1
GO_Biological_Process_2023,Negative Regulation Of RNA Catabolic Process (GO:1902369),1/7,0.4846818035342833,0.9999958087188284,0,0,1.6783868586194168,1.2155929618554109,PKP3
GO_Biological_Process_2023,Negative Regulation Of SMAD Protein Signal Transduction (GO:0060392),1/7,0.4846818035342833,0.9999958087188284,0,0,1.6783868586194168,1.2155929618554109,CILP
GO_Biological_Process_2023,Negative Regulation Of Appetite (GO:0032099),1/7,0.4846818035342833,0.9999958087188284,0,0,1.6783868586194168,1.2155929618554109,LEP
GO_Biological_Process_2023,Negative Regulation Of cAMP-dependent Protein Kinase Activity (GO:2000480),1/7,0.4846818035342833,0.9999958087188284,0,0,1.6783868586194168,1.2155929618554109,PKIB
GO_Biological_Process_2023,Negative Regulation Of Fatty Acid Oxidation (GO:0046322),1/7,0.4846818035342833,0.9999958087188284,0,0,1.6783868586194168,1.2155929618554109,SOX9
GO_Biological_Process_2023,Negative Regulation Of Glucose Import (GO:0046325),1/7,0.4846818035342833,0.9999958087188284,0,0,1.6783868586194168,1.2155929618554109,LEP
GO_Biological_Process_2023,Negative Regulation Of Inflammatory Response To Wounding (GO:0106015),1/7,0.4846818035342833,0.9999958087188284,0,0,1.6783868586194168,1.2155929618554109,MDK
GO_Biological_Process_2023,Negative Regulation Of Keratinocyte Proliferation (GO:0010839),1/7,0.4846818035342833,0.9999958087188284,0,0,1.6783868586194168,1.2155929618554109,CYP27B1
GO_Biological_Process_2023,Negative Regulation Of Leukocyte Proliferation (GO:0070664),1/7,0.4846818035342833,0.9999958087188284,0,0,1.6783868586194168,1.2155929618554109,GREM1
GO_Biological_Process_2023,Negative Regulation Of miRNA-mediated Gene Silencing (GO:0060965),1/7,0.4846818035342833,0.9999958087188284,0,0,1.6783868586194168,1.2155929618554109,POU5F1
GO_Biological_Process_2023,Negative Regulation Of Monooxygenase Activity (GO:0032769),1/7,0.4846818035342833,0.9999958087188284,0,0,1.6783868586194168,1.2155929618554109,CYP27B1
GO_Biological_Process_2023,Negative Regulation Of Neural Precursor Cell Proliferation (GO:2000178),1/7,0.4846818035342833,0.9999958087188284,0,0,1.6783868586194168,1.2155929618554109,NF1
GO_Biological_Process_2023,Negative Regulation Of Osteoblast Proliferation (GO:0033689),1/7,0.4846818035342833,0.9999958087188284,0,0,1.6783868586194168,1.2155929618554109,GREM1
GO_Biological_Process_2023,Negative Regulation Of Striated Muscle Cell Apoptotic Process (GO:0010664),1/7,0.4846818035342833,0.9999958087188284,0,0,1.6783868586194168,1.2155929618554109,MDK
GO_Biological_Process_2023,Neuron Fate Specification (GO:0048665),1/7,0.4846818035342833,0.9999958087188284,0,0,1.6783868586194168,1.2155929618554109,ISL1
GO_Biological_Process_2023,"Neurotransmitter Receptor Transport, Endosome To Plasma Membrane (GO:0099639)",1/7,0.4846818035342833,0.9999958087188284,0,0,1.6783868586194168,1.2155929618554109,GRIPAP1
GO_Biological_Process_2023,Nonribosomal Peptide Biosynthetic Process (GO:0019184),1/7,0.4846818035342833,0.9999958087188284,0,0,1.6783868586194168,1.2155929618554109,GCLM
GO_Biological_Process_2023,Nucleolar Chromatin Organization (GO:1990700),1/7,0.4846818035342833,0.9999958087188284,0,0,1.6783868586194168,1.2155929618554109,DDX11
GO_Biological_Process_2023,Olefinic Compound Biosynthetic Process (GO:0120255),1/7,0.4846818035342833,0.9999958087188284,0,0,1.6783868586194168,1.2155929618554109,HSD17B1
GO_Biological_Process_2023,Osteoblast Development (GO:0002076),1/7,0.4846818035342833,0.9999958087188284,0,0,1.6783868586194168,1.2155929618554109,LRP5
GO_Biological_Process_2023,Peptidyl-Lysine Hydroxylation (GO:0017185),1/7,0.4846818035342833,0.9999958087188284,0,0,1.6783868586194168,1.2155929618554109,PLOD2
GO_Biological_Process_2023,Positive Regulation By Host Of Viral Genome Replication (GO:0044829),1/7,0.4846818035342833,0.9999958087188284,0,0,1.6783868586194168,1.2155929618554109,NUCKS1
GO_Biological_Process_2023,Positive Regulation Of Astrocyte Differentiation (GO:0048711),1/7,0.4846818035342833,0.9999958087188284,0,0,1.6783868586194168,1.2155929618554109,CLCF1
GO_Biological_Process_2023,Positive Regulation Of Chromosome Condensation (GO:1905821),1/7,0.4846818035342833,0.9999958087188284,0,0,1.6783868586194168,1.2155929618554109,NCAPG2
GO_Biological_Process_2023,Positive Regulation Of Execution Phase Of Apoptosis (GO:1900119),1/7,0.4846818035342833,0.9999958087188284,0,0,1.6783868586194168,1.2155929618554109,CEL
GO_Biological_Process_2023,Positive Regulation Of Gluconeogenesis (GO:0045722),1/7,0.4846818035342833,0.9999958087188284,0,0,1.6783868586194168,1.2155929618554109,DDB1
GO_Biological_Process_2023,Positive Regulation Of Intracellular Steroid Hormone Receptor Signaling Pathway (GO:0033145),1/7,0.4846818035342833,0.9999958087188284,0,0,1.6783868586194168,1.2155929618554109,LMO3
GO_Biological_Process_2023,Positive Regulation Of Isomerase Activity (GO:0010912),1/7,0.4846818035342833,0.9999958087188284,0,0,1.6783868586194168,1.2155929618554109,UHRF1
GO_Biological_Process_2023,Positive Regulation Of Meiotic Nuclear Division (GO:0045836),1/7,0.4846818035342833,0.9999958087188284,0,0,1.6783868586194168,1.2155929618554109,RAD51AP1
GO_Biological_Process_2023,Positive Regulation Of Melanin Biosynthetic Process (GO:0048023),1/7,0.4846818035342833,0.9999958087188284,0,0,1.6783868586194168,1.2155929618554109,CDH3
GO_Biological_Process_2023,Positive Regulation Of Myeloid Cell Apoptotic Process (GO:0033034),1/7,0.4846818035342833,0.9999958087188284,0,0,1.6783868586194168,1.2155929618554109,CDKN2A
GO_Biological_Process_2023,Positive Regulation Of Neuron Projection Arborization (GO:0150012),1/7,0.4846818035342833,0.9999958087188284,0,0,1.6783868586194168,1.2155929618554109,MAP3K13
GO_Biological_Process_2023,Positive Regulation Of Oligodendrocyte Differentiation (GO:0048714),1/7,0.4846818035342833,0.9999958087188284,0,0,1.6783868586194168,1.2155929618554109,MDK
GO_Biological_Process_2023,Positive Regulation Of Secondary Metabolite Biosynthetic Process (GO:1900378),1/7,0.4846818035342833,0.9999958087188284,0,0,1.6783868586194168,1.2155929618554109,CDH3
GO_Biological_Process_2023,Positive Regulation Of Tooth Mineralization (GO:0070172),1/7,0.4846818035342833,0.9999958087188284,0,0,1.6783868586194168,1.2155929618554109,TFAP2A
GO_Biological_Process_2023,Positive Regulation Of Vascular Associated Smooth Muscle Cell Migration (GO:1904754),1/7,0.4846818035342833,0.9999958087188284,0,0,1.6783868586194168,1.2155929618554109,DOCK5
GO_Biological_Process_2023,Protein Localization To Presynapse (GO:1905383),1/7,0.4846818035342833,0.9999958087188284,0,0,1.6783868586194168,1.2155929618554109,MAPK8IP3
GO_Biological_Process_2023,Proximal/Distal Pattern Formation (GO:0009954),1/7,0.4846818035342833,0.9999958087188284,0,0,1.6783868586194168,1.2155929618554109,HOXC9
GO_Biological_Process_2023,Purine Ribonucleoside Monophosphate Catabolic Process (GO:0009169),1/7,0.4846818035342833,0.9999958087188284,0,0,1.6783868586194168,1.2155929618554109,SORD
GO_Biological_Process_2023,Regulation Of Carbohydrate Biosynthetic Process (GO:0043255),1/7,0.4846818035342833,0.9999958087188284,0,0,1.6783868586194168,1.2155929618554109,ZNF692
GO_Biological_Process_2023,Regulation Of Cardiac Muscle Cell Action Potential Involved In Regulation Of Contraction (GO:0098909),1/7,0.4846818035342833,0.9999958087188284,0,0,1.6783868586194168,1.2155929618554109,ATP2A2
GO_Biological_Process_2023,Regulation Of Chaperone-Mediated Autophagy (GO:1904714),1/7,0.4846818035342833,0.9999958087188284,0,0,1.6783868586194168,1.2155929618554109,EEF1A2
GO_Biological_Process_2023,Regulation Of Chemokine (C-C Motif) Ligand 5 Production (GO:0071649),1/7,0.4846818035342833,0.9999958087188284,0,0,1.6783868586194168,1.2155929618554109,IL10
GO_Biological_Process_2023,Regulation Of Chromosome Condensation (GO:0060623),1/7,0.4846818035342833,0.9999958087188284,0,0,1.6783868586194168,1.2155929618554109,NCAPG2
GO_Biological_Process_2023,Regulation Of Dopamine Metabolic Process (GO:0042053),1/7,0.4846818035342833,0.9999958087188284,0,0,1.6783868586194168,1.2155929618554109,DRD4
GO_Biological_Process_2023,Regulation Of Dopamine Uptake Involved In Synaptic Transmission (GO:0051584),1/7,0.4846818035342833,0.9999958087188284,0,0,1.6783868586194168,1.2155929618554109,DRD4
GO_Biological_Process_2023,Regulation Of Endodeoxyribonuclease Activity (GO:0032071),1/7,0.4846818035342833,0.9999958087188284,0,0,1.6783868586194168,1.2155929618554109,DDX11
GO_Biological_Process_2023,Regulation Of Heterochromatin Formation (GO:0031445),1/7,0.4846818035342833,0.9999958087188284,0,0,1.6783868586194168,1.2155929618554109,SAMD1
GO_Biological_Process_2023,Regulation Of Hydrogen Peroxide-Induced Cell Death (GO:1903205),1/7,0.4846818035342833,0.9999958087188284,0,0,1.6783868586194168,1.2155929618554109,PYCR1
GO_Biological_Process_2023,Regulation Of Leukocyte Proliferation (GO:0070663),1/7,0.4846818035342833,0.9999958087188284,0,0,1.6783868586194168,1.2155929618554109,CSF2RA
GO_Biological_Process_2023,Regulation Of Mammary Gland Epithelial Cell Proliferation (GO:0033599),1/7,0.4846818035342833,0.9999958087188284,0,0,1.6783868586194168,1.2155929618554109,DEAF1
GO_Biological_Process_2023,Regulation Of Meiotic Nuclear Division (GO:0040020),1/7,0.4846818035342833,0.9999958087188284,0,0,1.6783868586194168,1.2155929618554109,FBXO5
GO_Biological_Process_2023,Regulation Of Natural Killer Cell Mediated Cytotoxicity Directed Against Tumor Cell Target (GO:0002858),1/7,0.4846818035342833,0.9999958087188284,0,0,1.6783868586194168,1.2155929618554109,CEACAM1
GO_Biological_Process_2023,Regulation Of Positive Chemotaxis (GO:0050926),1/7,0.4846818035342833,0.9999958087188284,0,0,1.6783868586194168,1.2155929618554109,F2RL1
GO_Biological_Process_2023,Regulation Of Protein Glycosylation (GO:0060049),1/7,0.4846818035342833,0.9999958087188284,0,0,1.6783868586194168,1.2155929618554109,RAMP1
GO_Biological_Process_2023,Regulation Of Skeletal Muscle Fiber Development (GO:0048742),1/7,0.4846818035342833,0.9999958087188284,0,0,1.6783868586194168,1.2155929618554109,LMOD3
GO_Biological_Process_2023,Release Of Sequestered Calcium Ion Into Cytosol By Endoplasmic Reticulum (GO:1903514),1/7,0.4846818035342833,0.9999958087188284,0,0,1.6783868586194168,1.2155929618554109,NOL3
GO_Biological_Process_2023,Response To UV-C (GO:0010225),1/7,0.4846818035342833,0.9999958087188284,0,0,1.6783868586194168,1.2155929618554109,POLH
GO_Biological_Process_2023,Response To Auditory Stimulus (GO:0010996),1/7,0.4846818035342833,0.9999958087188284,0,0,1.6783868586194168,1.2155929618554109,MDK
GO_Biological_Process_2023,Response To Hydroperoxide (GO:0033194),1/7,0.4846818035342833,0.9999958087188284,0,0,1.6783868586194168,1.2155929618554109,PSG1
GO_Biological_Process_2023,Single Strand Break Repair (GO:0000012),1/7,0.4846818035342833,0.9999958087188284,0,0,1.6783868586194168,1.2155929618554109,TDP1
GO_Biological_Process_2023,Sinoatrial Node Development (GO:0003163),1/7,0.4846818035342833,0.9999958087188284,0,0,1.6783868586194168,1.2155929618554109,MESP1
GO_Biological_Process_2023,snRNA Transcription By RNA Polymerase III (GO:0042796),1/7,0.4846818035342833,0.9999958087188284,0,0,1.6783868586194168,1.2155929618554109,SNAPC1
GO_Biological_Process_2023,Somatic Hypermutation Of Immunoglobulin Genes (GO:0016446),1/7,0.4846818035342833,0.9999958087188284,0,0,1.6783868586194168,1.2155929618554109,POLQ
GO_Biological_Process_2023,Spermidine Metabolic Process (GO:0008216),1/7,0.4846818035342833,0.9999958087188284,0,0,1.6783868586194168,1.2155929618554109,HDAC10
GO_Biological_Process_2023,tRNA Aminoacylation For Mitochondrial Protein Translation (GO:0070127),1/7,0.4846818035342833,0.9999958087188284,0,0,1.6783868586194168,1.2155929618554109,DARS2
GO_Biological_Process_2023,Taurine Metabolic Process (GO:0019530),1/7,0.4846818035342833,0.9999958087188284,0,0,1.6783868586194168,1.2155929618554109,CSAD
GO_Biological_Process_2023,Telomeric D-loop Disassembly (GO:0061820),1/7,0.4846818035342833,0.9999958087188284,0,0,1.6783868586194168,1.2155929618554109,RECQL4
GO_Biological_Process_2023,Thyroid Gland Development (GO:0030878),1/7,0.4846818035342833,0.9999958087188284,0,0,1.6783868586194168,1.2155929618554109,SIX1
GO_Biological_Process_2023,Thyroid Hormone Transport (GO:0070327),1/7,0.4846818035342833,0.9999958087188284,0,0,1.6783868586194168,1.2155929618554109,SLC7A5
GO_Biological_Process_2023,Tooth Mineralization (GO:0034505),1/7,0.4846818035342833,0.9999958087188284,0,0,1.6783868586194168,1.2155929618554109,COL1A1
GO_Biological_Process_2023,Translocation Of Molecules Into Host (GO:0044417),1/7,0.4846818035342833,0.9999958087188284,0,0,1.6783868586194168,1.2155929618554109,THOC2
GO_Biological_Process_2023,Tryptophan Catabolic Process (GO:0006569),1/7,0.4846818035342833,0.9999958087188284,0,0,1.6783868586194168,1.2155929618554109,IL4I1
GO_Biological_Process_2023,Tryptophan Metabolic Process (GO:0006568),1/7,0.4846818035342833,0.9999958087188284,0,0,1.6783868586194168,1.2155929618554109,IL4I1
GO_Biological_Process_2023,Viral mRNA Export From Host Cell Nucleus (GO:0046784),1/7,0.4846818035342833,0.9999958087188284,0,0,1.6783868586194168,1.2155929618554109,THOC2
GO_Biological_Process_2023,Response To Calcium Ion (GO:0051592),10/106,0.4918763420608585,0.9999958087188284,0,0,1.0490284733815618,0.7443150026509266,FGB;CPNE4;ITPKA;KCNMB3;ANXA11;BRAF;SYT13;ECT2;SYT7;SLC25A13
GO_Biological_Process_2023,Positive Regulation Of Epithelial Cell Migration (GO:0010634),9/95,0.4922473665850291,0.9999958087188284,0,0,1.0539035620974209,0.746979349765222,VIL1;DOCK5;RAB25;SRC;RAC1;SOX9;MMP9;AGT;FOXP1
GO_Biological_Process_2023,Positive Regulation Of Secretion By Cell (GO:1903532),7/73,0.4930119931881883,0.9999958087188284,0,0,1.0680892255892256,0.7553759614846437,FGB;ACHE;SOX11;ADAM8;ATP13A2;STX1A;EXPH5
GO_Biological_Process_2023,Regulation Of Rho Protein Signal Transduction (GO:0035023),7/73,0.4930119931881883,0.9999958087188284,0,0,1.0680892255892256,0.7553759614846437,BCR;COL3A1;GPR35;KCTD13;EPS8L1;F2RL1;RAC1
GO_Biological_Process_2023,Associative Learning (GO:0008306),2/18,0.4930849577182879,0.9999958087188284,0,0,1.2587950138504156,0.8900609634883139,NF1;GRIN1
GO_Biological_Process_2023,Cardiac Atrium Morphogenesis (GO:0003209),2/18,0.4930849577182879,0.9999958087188284,0,0,1.2587950138504156,0.8900609634883139,MESP1;ISL1
GO_Biological_Process_2023,Cell Junction Maintenance (GO:0034331),2/18,0.4930849577182879,0.9999958087188284,0,0,1.2587950138504156,0.8900609634883139,CLDN3;F2RL1
GO_Biological_Process_2023,Energy Reserve Metabolic Process (GO:0006112),2/18,0.4930849577182879,0.9999958087188284,0,0,1.2587950138504156,0.8900609634883139,LEP;GFPT1
GO_Biological_Process_2023,Excitatory Postsynaptic Potential (GO:0060079),2/18,0.4930849577182879,0.9999958087188284,0,0,1.2587950138504156,0.8900609634883139,FOXM1;GRIN1
GO_Biological_Process_2023,Glucose 6-Phosphate Metabolic Process (GO:0051156),2/18,0.4930849577182879,0.9999958087188284,0,0,1.2587950138504156,0.8900609634883139,G6PD;HKDC1
GO_Biological_Process_2023,Intracellular Sodium Ion Homeostasis (GO:0006883),2/18,0.4930849577182879,0.9999958087188284,0,0,1.2587950138504156,0.8900609634883139,TMPRSS4;ATP1B1
GO_Biological_Process_2023,Maintenance Of Protein Localization In Organelle (GO:0072595),2/18,0.4930849577182879,0.9999958087188284,0,0,1.2587950138504156,0.8900609634883139,KDELR2;PML
GO_Biological_Process_2023,Maintenance Of Protein Location In Nucleus (GO:0051457),2/18,0.4930849577182879,0.9999958087188284,0,0,1.2587950138504156,0.8900609634883139,BARD1;PML
GO_Biological_Process_2023,Membrane Repolarization (GO:0086009),2/18,0.4930849577182879,0.9999958087188284,0,0,1.2587950138504156,0.8900609634883139,KCNH6;ATP1B1
GO_Biological_Process_2023,Mesenchyme Morphogenesis (GO:0072132),2/18,0.4930849577182879,0.9999958087188284,0,0,1.2587950138504156,0.8900609634883139,SOX9;ISL1
GO_Biological_Process_2023,Myoblast Fusion (GO:0007520),2/18,0.4930849577182879,0.9999958087188284,0,0,1.2587950138504156,0.8900609634883139,DOCK5;PTGFRN
GO_Biological_Process_2023,Negative Regulation Of ERBB Signaling Pathway (GO:1901185),2/18,0.4930849577182879,0.9999958087188284,0,0,1.2587950138504156,0.8900609634883139,CBLC;EGFR
GO_Biological_Process_2023,Negative Regulation Of T Cell Receptor Signaling Pathway (GO:0050860),2/18,0.4930849577182879,0.9999958087188284,0,0,1.2587950138504156,0.8900609634883139,CEACAM1;THY1
GO_Biological_Process_2023,Neutrophil Activation (GO:0042119),2/18,0.4930849577182879,0.9999958087188284,0,0,1.2587950138504156,0.8900609634883139,F2RL1;DNASE1
GO_Biological_Process_2023,Nucleosome Disassembly (GO:0006337),2/18,0.4930849577182879,0.9999958087188284,0,0,1.2587950138504156,0.8900609634883139,SMARCC2;HMGA1
GO_Biological_Process_2023,Positive Regulation Of CREB Transcription Factor Activity (GO:0032793),2/18,0.4930849577182879,0.9999958087188284,0,0,1.2587950138504156,0.8900609634883139,CRTC1;LRP8
GO_Biological_Process_2023,Positive Regulation Of Cation Transmembrane Transport (GO:1904064),2/18,0.4930849577182879,0.9999958087188284,0,0,1.2587950138504156,0.8900609634883139,NOS1AP;KCNN4
GO_Biological_Process_2023,Positive Regulation Of Chromosome Segregation (GO:0051984),2/18,0.4930849577182879,0.9999958087188284,0,0,1.2587950138504156,0.8900609634883139,CCNB1;NCAPG2
GO_Biological_Process_2023,Positive Regulation Of Focal Adhesion Assembly (GO:0051894),2/18,0.4930849577182879,0.9999958087188284,0,0,1.2587950138504156,0.8900609634883139,THY1;RAC1
GO_Biological_Process_2023,Positive Regulation Of Neuroblast Proliferation (GO:0002052),2/18,0.4930849577182879,0.9999958087188284,0,0,1.2587950138504156,0.8900609634883139,HAPLN3;DISC1
GO_Biological_Process_2023,Positive Regulation Of Neutrophil Chemotaxis (GO:0090023),2/18,0.4930849577182879,0.9999958087188284,0,0,1.2587950138504156,0.8900609634883139,MDK;RAC1
GO_Biological_Process_2023,Protein Autoprocessing (GO:0016540),2/18,0.4930849577182879,0.9999958087188284,0,0,1.2587950138504156,0.8900609634883139,F12;KLK6
GO_Biological_Process_2023,"Protein Localization To Chromosome, Centromeric Region (GO:0071459)",2/18,0.4930849577182879,0.9999958087188284,0,0,1.2587950138504156,0.8900609634883139,TTK;CENPA
GO_Biological_Process_2023,Regulation Of RIG-I Signaling Pathway (GO:0039535),2/18,0.4930849577182879,0.9999958087188284,0,0,1.2587950138504156,0.8900609634883139,TRIM15;BIRC3
GO_Biological_Process_2023,Regulation Of Lymphocyte Activation (GO:0051249),2/18,0.4930849577182879,0.9999958087188284,0,0,1.2587950138504156,0.8900609634883139,CD19;LEP
GO_Biological_Process_2023,Regulation Of Lymphocyte Proliferation (GO:0050670),2/18,0.4930849577182879,0.9999958087188284,0,0,1.2587950138504156,0.8900609634883139,LEP;SOX11
GO_Biological_Process_2023,Regulation Of Mitochondrial Outer Membrane Permeabilization Involved In Apoptotic Signaling Pathway (GO:1901028),2/18,0.4930849577182879,0.9999958087188284,0,0,1.2587950138504156,0.8900609634883139,FZD9;HIP1R
GO_Biological_Process_2023,Regulation Of Oxidative Stress-Induced Intrinsic Apoptotic Signaling Pathway (GO:1902175),2/18,0.4930849577182879,0.9999958087188284,0,0,1.2587950138504156,0.8900609634883139,P4HB;NOL3
GO_Biological_Process_2023,Regulation Of Vascular Endothelial Cell Proliferation (GO:1905562),2/18,0.4930849577182879,0.9999958087188284,0,0,1.2587950138504156,0.8900609634883139,MDK;PSG1
GO_Biological_Process_2023,Regulation Of Ventricular Cardiac Muscle Cell Membrane Repolarization (GO:0060307),2/18,0.4930849577182879,0.9999958087188284,0,0,1.2587950138504156,0.8900609634883139,KCNH6;NOS1AP
GO_Biological_Process_2023,Response To Ethanol (GO:0045471),2/18,0.4930849577182879,0.9999958087188284,0,0,1.2587950138504156,0.8900609634883139,DRD4;GRIN1
GO_Biological_Process_2023,Vesicle Transport Along Actin Filament (GO:0030050),2/18,0.4930849577182879,0.9999958087188284,0,0,1.2587950138504156,0.8900609634883139,MYO6;MYO7A
GO_Biological_Process_2023,Supramolecular Fiber Organization (GO:0097435),29/316,0.4935061632116241,0.9999958087188284,0,0,1.017613651952043,0.7186590434826687,COL11A1;KIF14;PPP1R9A;KRT86;LMOD3;MYO6;SERPINH1;RAC3;MAP4;RAC1;KRT6A;DSP;MARCKSL1;HIP1R;MYO7A;HOOK3;SHROOM4;COL1A1;GREM1;COL3A1;COL1A2;KRT17;KRT16;HOOK1;KRT15;COL5A2;NF1;KIF2C;ELMO3
GO_Biological_Process_2023,Negative Regulation Of MAP Kinase Activity (GO:0043407),5/51,0.4937500586359555,0.9999958087188284,0,0,1.0946170921198668,0.772499571204554,DUSP19;NF1;CBLC;CDK5RAP3;AGT
GO_Biological_Process_2023,Regulated Exocytosis (GO:0045055),5/51,0.4937500586359555,0.9999958087188284,0,0,1.0946170921198668,0.772499571204554,SCIN;RAB26;TMEM79;SYT13;STX1A
GO_Biological_Process_2023,Notch Signaling Pathway (GO:0007219),4/40,0.4940262334962313,0.9999958087188284,0,0,1.1189375731805016,0.7890374700654131,CRTC1;POFUT1;DTX2;DLL3
GO_Biological_Process_2023,Negative Regulation Of Secretion By Cell (GO:1903531),4/40,0.4940262334962313,0.9999958087188284,0,0,1.1189375731805016,0.7890374700654131,PNKD;RHBDF2;LIF;DRD4
GO_Biological_Process_2023,Positive Regulation Of Cell Cycle G1/S Phase Transition (GO:1902808),4/40,0.4940262334962313,0.9999958087188284,0,0,1.1189375731805016,0.7890374700654131,STIL;RRM2;EGFR;EZH2
GO_Biological_Process_2023,Protein Deacetylation (GO:0006476),4/40,0.4940262334962313,0.9999958087188284,0,0,1.1189375731805016,0.7890374700654131,MTA1;HDAC10;SIRT5;MTA3
GO_Biological_Process_2023,Protein Localization To Chromosome (GO:0034502),4/40,0.4940262334962313,0.9999958087188284,0,0,1.1189375731805016,0.7890374700654131,PARP3;PARP1;MCM8;CENPA
GO_Biological_Process_2023,Regulation Of Cytokine-Mediated Signaling Pathway (GO:0001959),4/40,0.4940262334962313,0.9999958087188284,0,0,1.1189375731805016,0.7890374700654131,IRAK1;SPPL2B;CD24;IKBKE
GO_Biological_Process_2023,Cardiac Muscle Cell Action Potential (GO:0086001),3/29,0.4940486838428016,0.9999958087188284,0,0,1.161969128432543,0.8193290852141731,YWHAE;SLC4A3;ATP1B1
GO_Biological_Process_2023,Heterotypic Cell-Cell Adhesion (GO:0034113),3/29,0.4940486838428016,0.9999958087188284,0,0,1.161969128432543,0.8193290852141731,DSP;JUP;DSG2
GO_Biological_Process_2023,Protein K11-linked Ubiquitination (GO:0070979),3/29,0.4940486838428016,0.9999958087188284,0,0,1.161969128432543,0.8193290852141731,UBE2C;UBE2S;UBE2T
GO_Biological_Process_2023,Regulation Of Neuron Migration (GO:2001222),3/29,0.4940486838428016,0.9999958087188284,0,0,1.161969128432543,0.8193290852141731,CAMK2B;COL3A1;MDK
GO_Biological_Process_2023,Tube Closure (GO:0060606),3/29,0.4940486838428016,0.9999958087188284,0,0,1.161969128432543,0.8193290852141731,STIL;DEAF1;GRHL2
GO_Biological_Process_2023,Positive Regulation Of Cell Differentiation (GO:0045597),26/283,0.4946364436336408,0.9999958087188284,0,0,1.0188304126785763,0.7171875782092123,SYAP1;LRP5;MDK;FBXO5;SOX9;ECT2;SOX4;BCL9L;SMARCC2;WNT7B;IGFBP3;LMO3;SOX11;PA2G4;ISL1;ACVR2B;AGT;COL1A1;CCNA2;CEACAM1;PCP4;CREB1;ADAM8;TCF3;EZH2;PPARD
GO_Biological_Process_2023,Apoptotic Process (GO:0006915),21/228,0.49679679871346,0.9999958087188284,0,0,1.0216498693542366,0.7147198820617788,EGLN3;TNFSF14;PARP1;BIK;ATN1;TNFRSF10A;CEL;MELK;IRF3;ERBB3;CHEK1;PAEP;PAK6;PMAIP1;BMF;TNFRSF25;PHLDA2;GAPDH;TNFRSF21;PPARD;MCM2
GO_Biological_Process_2023,Phosphate-Containing Compound Metabolic Process (GO:0006796),17/184,0.4988902919702577,0.9999958087188284,0,0,1.0251296290101362,0.7128434297561432,DUSP4;G6PD;PLA2G2D;MAPKAP1;GFPT1;MBOAT2;INPP4B;PPA2;ALPP;HKDC1;TAOK1;SLC29A4;ALDOB;TOP1;EPHB2;XYLB;PFKP
GO_Biological_Process_2023,Negative Regulation Of Translation (GO:0017148),10/107,0.5041129691197529,0.9999958087188284,0,0,1.0381563774676006,0.7110902883159645,GRB7;TRIM2;ENC1;IGF2BP3;EIF2AK4;IGF2BP2;NMNAT2;TYMS;GAPDH;TNRC6A
GO_Biological_Process_2023,Regulation Of Macroautophagy (GO:0016241),9/96,0.5051667853522741,0.9999958087188284,0,0,1.0417321928579648,0.7113641583674923,SESN2;TRIM13;ATP13A2;SUPT5H;GAPDH;WDR24;ATG12;ATP6V1C2;CDK5R1
GO_Biological_Process_2023,Negative Regulation Of Cell Cycle (GO:0045786),8/85,0.5063590052499726,0.9999958087188284,0,0,1.0462378088837232,0.7119746266767348,IL10;BARD1;CDT1;CDKN2A;TAF6;BRCA1;HOXC9;MAD2L1
GO_Biological_Process_2023,Telomere Organization (GO:0032200),6/63,0.509355167983936,0.9999958087188284,0,0,1.0599959087056898,0.7150835535231298,RECQL4;PARP3;BLM;DCLRE1C;PARP1;EZH2
GO_Biological_Process_2023,Regulation Of Protein Localization To Nucleus (GO:1900180),5/52,0.5113327530438547,0.9999958087188284,0,0,1.0712683306963893,0.7185368644550462,SESN2;LIF;ATP13A2;CDK5RAP3;BYSL
GO_Biological_Process_2023,Lipid Transport (GO:0006869),10/108,0.5162664791645407,0.9999958087188284,0,0,1.0275061610620877,0.6793174234868438,ABCC3;ABCA2;OSBPL8;CEACAM1;CRABP2;PITPNM1;CRABP1;ABCA4;ABCA12;PPARD
GO_Biological_Process_2023,"Maturation Of SSU-rRNA From Tricistronic rRNA Transcript (SSU-rRNA, 5.8S rRNA, LSU-rRNA) (GO:0000462)",3/30,0.5172901131049156,0.9999958087188284,0,0,1.1188716432618873,0.7375058264712675,NGDN;RPP40;TSR1
GO_Biological_Process_2023,Negative Regulation Of Axon Extension (GO:0030517),3/30,0.5172901131049156,0.9999958087188284,0,0,1.1188716432618873,0.7375058264712675,SEMA4B;TRIM46;SEMA3E
GO_Biological_Process_2023,Negative Regulation Of Calcium Ion Transmembrane Transporter Activity (GO:1901020),3/30,0.5172901131049156,0.9999958087188284,0,0,1.1188716432618873,0.7375058264712675,YWHAE;GPR35;DRD4
GO_Biological_Process_2023,Negative Regulation Of Epithelial To Mesenchymal Transition (GO:0010719),3/30,0.5172901131049156,0.9999958087188284,0,0,1.1188716432618873,0.7375058264712675,FOXA1;HPN;IL17RD
GO_Biological_Process_2023,Positive Regulation Of JUN Kinase Activity (GO:0043507),3/30,0.5172901131049156,0.9999958087188284,0,0,1.1188716432618873,0.7375058264712675,DUSP19;TRAF2;MAP3K13
GO_Biological_Process_2023,Regulation Of DNA Replication (GO:0006275),7/75,0.5223058759106801,0.9999958087188284,0,0,1.03656045751634,0.6732479799202153,CCNA2;CDT1;BLM;NUCKS1;FBXO5;BAZ1A;EGFR
GO_Biological_Process_2023,Chondroitin Sulfate Proteoglycan Biosynthetic Process (GO:0050650),2/19,0.5224762191618981,0.9999958087188284,0,0,1.1846830699038615,0.7690675911956645,CHPF;B3GAT3
GO_Biological_Process_2023,Embryonic Digestive Tract Development (GO:0048566),2/19,0.5224762191618981,0.9999958087188284,0,0,1.1846830699038615,0.7690675911956645,SOX11;STRA6
GO_Biological_Process_2023,Gastrulation (GO:0007369),2/19,0.5224762191618981,0.9999958087188284,0,0,1.1846830699038615,0.7690675911956645,MESP1;LRP5
GO_Biological_Process_2023,Intrinsic Apoptotic Signaling Pathway In Response To DNA Damage By P53 Class Mediator (GO:0042771),2/19,0.5224762191618981,0.9999958087188284,0,0,1.1846830699038615,0.7690675911956645,DYRK2;PML
GO_Biological_Process_2023,Negative Regulation Of Axon Extension Involved In Axon Guidance (GO:0048843),2/19,0.5224762191618981,0.9999958087188284,0,0,1.1846830699038615,0.7690675911956645,SEMA4B;SEMA3E
GO_Biological_Process_2023,Oligodendrocyte Differentiation (GO:0048709),2/19,0.5224762191618981,0.9999958087188284,0,0,1.1846830699038615,0.7690675911956645,NSUN5;SOX9
GO_Biological_Process_2023,Phosphate Ion Transport (GO:0006817),2/19,0.5224762191618981,0.9999958087188284,0,0,1.1846830699038615,0.7690675911956645,SLC25A10;XPR1
GO_Biological_Process_2023,Positive Regulation Of Axon Extension (GO:0045773),2/19,0.5224762191618981,0.9999958087188284,0,0,1.1846830699038615,0.7690675911956645,LIMK1;MAP3K13
GO_Biological_Process_2023,Positive Regulation Of Hormone Secretion (GO:0046887),2/19,0.5224762191618981,0.9999958087188284,0,0,1.1846830699038615,0.7690675911956645,FGB;SOX11
GO_Biological_Process_2023,Protein Heterooligomerization (GO:0051291),2/19,0.5224762191618981,0.9999958087188284,0,0,1.1846830699038615,0.7690675911956645,CPSF6;GRIN1
GO_Biological_Process_2023,Protein Insertion Into Membrane (GO:0051205),2/19,0.5224762191618981,0.9999958087188284,0,0,1.1846830699038615,0.7690675911956645,CCDC47;EGFR
GO_Biological_Process_2023,rRNA Catabolic Process (GO:0016075),2/19,0.5224762191618981,0.9999958087188284,0,0,1.1846830699038615,0.7690675911956645,ERN2;SLFN13
GO_Biological_Process_2023,Regulation Of Early Endosome To Late Endosome Transport (GO:2000641),2/19,0.5224762191618981,0.9999958087188284,0,0,1.1846830699038615,0.7690675911956645,SRC;PTPN23
GO_Biological_Process_2023,Regulation Of Megakaryocyte Differentiation (GO:0045652),2/19,0.5224762191618981,0.9999958087188284,0,0,1.1846830699038615,0.7690675911956645,SCIN;TESC
GO_Biological_Process_2023,Regulation Of Neuroinflammatory Response (GO:0150077),2/19,0.5224762191618981,0.9999958087188284,0,0,1.1846830699038615,0.7690675911956645,MMP3;MMP9
GO_Biological_Process_2023,Regulation Of Smooth Muscle Cell Migration (GO:0014910),2/19,0.5224762191618981,0.9999958087188284,0,0,1.1846830699038615,0.7690675911956645,PLAU;IGFBP3
GO_Biological_Process_2023,Regulation Of Transcription Involved In G1/S Transition Of Mitotic Cell Cycle (GO:0000083),2/19,0.5224762191618981,0.9999958087188284,0,0,1.1846830699038615,0.7690675911956645,E2F2;E2F7
GO_Biological_Process_2023,Release Of Cytochrome C From Mitochondria (GO:0001836),2/19,0.5224762191618981,0.9999958087188284,0,0,1.1846830699038615,0.7690675911956645,FZD9;SFN
GO_Biological_Process_2023,Superoxide Anion Generation (GO:0042554),2/19,0.5224762191618981,0.9999958087188284,0,0,1.1846830699038615,0.7690675911956645,NOXA1;NOX4
GO_Biological_Process_2023,Water Transport (GO:0006833),2/19,0.5224762191618981,0.9999958087188284,0,0,1.1846830699038615,0.7690675911956645,AQP11;AVP
GO_Biological_Process_2023,Protein N-linked Glycosylation (GO:0006487),6/64,0.5251267855466977,0.9999958087188284,0,0,1.0416626778226656,0.6709511278762863,FUT6;FUT8;ENTPD5;DERL3;GFPT1;FUT3
GO_Biological_Process_2023,Actin Polymerization Or Depolymerization (GO:0008154),5/53,0.5286599803362667,0.9999958087188284,0,0,1.0488924343322237,0.6685743304991515,VIL1;SVIL;SCIN;SPIRE2;RAC1
GO_Biological_Process_2023,Blood Vessel Morphogenesis (GO:0048514),5/53,0.5286599803362667,0.9999958087188284,0,0,1.0488924343322237,0.6685743304991515,CUL7;LRP5;NF1;TNNI3;STRA6
GO_Biological_Process_2023,Negative Regulation Of Cysteine-Type Endopeptidase Activity (GO:2000117),5/53,0.5286599803362667,0.9999958087188284,0,0,1.0488924343322237,0.6685743304991515,CST2;CST1;SRC;SFN;AVP
GO_Biological_Process_2023,Positive Regulation Of Cold-Induced Thermogenesis (GO:0120162),9/98,0.5306984161116797,0.9999958087188284,0,0,1.0182099961255326,0.6450985238394324,ACHE;LEP;MFAP2;DIO2;LCN2;EHMT1;YBX2;ELOVL6;TRPM8
GO_Biological_Process_2023,GMP Metabolic Process (GO:0046037),1/8,0.5312570041140889,0.9999958087188284,0,0,1.4385382059800664,0.9098889010251936,PAICS
GO_Biological_Process_2023,MyD88-independent Toll-Like Receptor Signaling Pathway (GO:0002756),1/8,0.5312570041140889,0.9999958087188284,0,0,1.4385382059800664,0.9098889010251936,IRF3
GO_Biological_Process_2023,Schwann Cell Development (GO:0014044),1/8,0.5312570041140889,0.9999958087188284,0,0,1.4385382059800664,0.9098889010251936,NF1
GO_Biological_Process_2023,Actin Filament Network Formation (GO:0051639),1/8,0.5312570041140889,0.9999958087188284,0,0,1.4385382059800664,0.9098889010251936,SPIRE2
GO_Biological_Process_2023,Androgen Biosynthetic Process (GO:0006702),1/8,0.5312570041140889,0.9999958087188284,0,0,1.4385382059800664,0.9098889010251936,SRD5A1
GO_Biological_Process_2023,Angiotensin Maturation (GO:0002003),1/8,0.5312570041140889,0.9999958087188284,0,0,1.4385382059800664,0.9098889010251936,ACE2
GO_Biological_Process_2023,Anoikis (GO:0043276),1/8,0.5312570041140889,0.9999958087188284,0,0,1.4385382059800664,0.9098889010251936,BMF
GO_Biological_Process_2023,Auditory Behavior (GO:0031223),1/8,0.5312570041140889,0.9999958087188284,0,0,1.4385382059800664,0.9098889010251936,STRA6
GO_Biological_Process_2023,Autophagosome-Lysosome Fusion (GO:0061909),1/8,0.5312570041140889,0.9999958087188284,0,0,1.4385382059800664,0.9098889010251936,ATP13A2
GO_Biological_Process_2023,Bone Resorption (GO:0045453),1/8,0.5312570041140889,0.9999958087188284,0,0,1.4385382059800664,0.9098889010251936,SRC
GO_Biological_Process_2023,Cellular Response To Platelet-Derived Growth Factor Stimulus (GO:0036120),1/8,0.5312570041140889,0.9999958087188284,0,0,1.4385382059800664,0.9098889010251936,SYAP1
GO_Biological_Process_2023,Cellular Response To Sterol Depletion (GO:0071501),1/8,0.5312570041140889,0.9999958087188284,0,0,1.4385382059800664,0.9098889010251936,NPC1L1
GO_Biological_Process_2023,Commissural Neuron Axon Guidance (GO:0071679),1/8,0.5312570041140889,0.9999958087188284,0,0,1.4385382059800664,0.9098889010251936,EPHB2
GO_Biological_Process_2023,Dehydroascorbic Acid Transport (GO:0070837),1/8,0.5312570041140889,0.9999958087188284,0,0,1.4385382059800664,0.9098889010251936,SLC2A1
GO_Biological_Process_2023,Embryonic Digestive Tract Morphogenesis (GO:0048557),1/8,0.5312570041140889,0.9999958087188284,0,0,1.4385382059800664,0.9098889010251936,SOX11
GO_Biological_Process_2023,Embryonic Forelimb Morphogenesis (GO:0035115),1/8,0.5312570041140889,0.9999958087188284,0,0,1.4385382059800664,0.9098889010251936,TFAP2A
GO_Biological_Process_2023,Embryonic Placenta Development (GO:0001892),1/8,0.5312570041140889,0.9999958087188284,0,0,1.4385382059800664,0.9098889010251936,WNT7B
GO_Biological_Process_2023,Glycerol Transmembrane Transport (GO:0015793),1/8,0.5312570041140889,0.9999958087188284,0,0,1.4385382059800664,0.9098889010251936,AQP11
GO_Biological_Process_2023,Interleukin-12-Mediated Signaling Pathway (GO:0035722),1/8,0.5312570041140889,0.9999958087188284,0,0,1.4385382059800664,0.9098889010251936,P4HB
GO_Biological_Process_2023,Intestinal Epithelial Cell Differentiation (GO:0060575),1/8,0.5312570041140889,0.9999958087188284,0,0,1.4385382059800664,0.9098889010251936,SRC
GO_Biological_Process_2023,Learned Vocalization Behavior Or Vocal Learning (GO:0098598),1/8,0.5312570041140889,0.9999958087188284,0,0,1.4385382059800664,0.9098889010251936,STRA6
GO_Biological_Process_2023,Leptin-Mediated Signaling Pathway (GO:0033210),1/8,0.5312570041140889,0.9999958087188284,0,0,1.4385382059800664,0.9098889010251936,LEP
GO_Biological_Process_2023,Manganese Ion Transport (GO:0006828),1/8,0.5312570041140889,0.9999958087188284,0,0,1.4385382059800664,0.9098889010251936,SLC41A2
GO_Biological_Process_2023,Modification-Dependent Macromolecule Catabolic Process (GO:0043632),1/8,0.5312570041140889,0.9999958087188284,0,0,1.4385382059800664,0.9098889010251936,ISG15
GO_Biological_Process_2023,Monocyte Activation (GO:0042117),1/8,0.5312570041140889,0.9999958087188284,0,0,1.4385382059800664,0.9098889010251936,FOXP1
GO_Biological_Process_2023,Negative Regulation By Host Of Viral Genome Replication (GO:0044828),1/8,0.5312570041140889,0.9999958087188284,0,0,1.4385382059800664,0.9098889010251936,EIF2AK4
GO_Biological_Process_2023,Negative Regulation Of cAMP-mediated Signaling (GO:0043951),1/8,0.5312570041140889,0.9999958087188284,0,0,1.4385382059800664,0.9098889010251936,MGRN1
GO_Biological_Process_2023,Negative Regulation Of Chromosome Organization (GO:2001251),1/8,0.5312570041140889,0.9999958087188284,0,0,1.4385382059800664,0.9098889010251936,TOP2A
GO_Biological_Process_2023,Negative Regulation Of Cytoplasmic Translation (GO:2000766),1/8,0.5312570041140889,0.9999958087188284,0,0,1.4385382059800664,0.9098889010251936,NMNAT2
GO_Biological_Process_2023,Negative Regulation Of Glial Cell Differentiation (GO:0045686),1/8,0.5312570041140889,0.9999958087188284,0,0,1.4385382059800664,0.9098889010251936,NF1
GO_Biological_Process_2023,Negative Regulation Of Leukocyte Degranulation (GO:0043301),1/8,0.5312570041140889,0.9999958087188284,0,0,1.4385382059800664,0.9098889010251936,CEACAM1
GO_Biological_Process_2023,Negative Regulation Of Lipase Activity (GO:0060192),1/8,0.5312570041140889,0.9999958087188284,0,0,1.4385382059800664,0.9098889010251936,ANGPTL4
GO_Biological_Process_2023,Negative Regulation Of Oxidative Stress-Induced Neuron Death (GO:1903204),1/8,0.5312570041140889,0.9999958087188284,0,0,1.4385382059800664,0.9098889010251936,IL10
GO_Biological_Process_2023,Negative Regulation Of Platelet Aggregation (GO:0090331),1/8,0.5312570041140889,0.9999958087188284,0,0,1.4385382059800664,0.9098889010251936,CEACAM1
GO_Biological_Process_2023,Negative Regulation Of Production Of Molecular Mediator Of Immune Response (GO:0002701),1/8,0.5312570041140889,0.9999958087188284,0,0,1.4385382059800664,0.9098889010251936,IL10
GO_Biological_Process_2023,"Negative Regulation Of Retrograde Protein Transport, ER To Cytosol (GO:1904153)",1/8,0.5312570041140889,0.9999958087188284,0,0,1.4385382059800664,0.9098889010251936,DERL3
GO_Biological_Process_2023,Negative Regulation Of Transporter Activity (GO:0032410),1/8,0.5312570041140889,0.9999958087188284,0,0,1.4385382059800664,0.9098889010251936,STK39
GO_Biological_Process_2023,Negative Regulation Of Triglyceride Metabolic Process (GO:0090209),1/8,0.5312570041140889,0.9999958087188284,0,0,1.4385382059800664,0.9098889010251936,FBXW7
GO_Biological_Process_2023,Neuronal Action Potential (GO:0019228),1/8,0.5312570041140889,0.9999958087188284,0,0,1.4385382059800664,0.9098889010251936,KCNMB3
GO_Biological_Process_2023,Neurotransmitter Reuptake (GO:0098810),1/8,0.5312570041140889,0.9999958087188284,0,0,1.4385382059800664,0.9098889010251936,SLC29A4
GO_Biological_Process_2023,Nicotinamide Nucleotide Biosynthetic Process (GO:0019359),1/8,0.5312570041140889,0.9999958087188284,0,0,1.4385382059800664,0.9098889010251936,NMNAT2
GO_Biological_Process_2023,Nuclear Membrane Disassembly (GO:0051081),1/8,0.5312570041140889,0.9999958087188284,0,0,1.4385382059800664,0.9098889010251936,NEK6
GO_Biological_Process_2023,Peptidyl-Lysine Monomethylation (GO:0018026),1/8,0.5312570041140889,0.9999958087188284,0,0,1.4385382059800664,0.9098889010251936,EHMT1
GO_Biological_Process_2023,Peripheral Nervous System Axon Ensheathment (GO:0032292),1/8,0.5312570041140889,0.9999958087188284,0,0,1.4385382059800664,0.9098889010251936,NF1
GO_Biological_Process_2023,Peroxisomal Transport (GO:0043574),1/8,0.5312570041140889,0.9999958087188284,0,0,1.4385382059800664,0.9098889010251936,LONP2
GO_Biological_Process_2023,Phosphatidylglycerol Acyl-Chain Remodeling (GO:0036148),1/8,0.5312570041140889,0.9999958087188284,0,0,1.4385382059800664,0.9098889010251936,MBOAT2
GO_Biological_Process_2023,Positive Regulation Of Adaptive Immune Response (GO:0002821),1/8,0.5312570041140889,0.9999958087188284,0,0,1.4385382059800664,0.9098889010251936,EIF2AK4
GO_Biological_Process_2023,Positive Regulation Of Calcium Ion Transport Into Cytosol (GO:0010524),1/8,0.5312570041140889,0.9999958087188284,0,0,1.4385382059800664,0.9098889010251936,GRIN1
GO_Biological_Process_2023,Positive Regulation Of Cell-Cell Adhesion Mediated By Cadherin (GO:2000049),1/8,0.5312570041140889,0.9999958087188284,0,0,1.4385382059800664,0.9098889010251936,FOXA1
GO_Biological_Process_2023,Positive Regulation Of Chromatin Binding (GO:0035563),1/8,0.5312570041140889,0.9999958087188284,0,0,1.4385382059800664,0.9098889010251936,DDX11
GO_Biological_Process_2023,Positive Regulation Of Dendritic Spine Morphogenesis (GO:0061003),1/8,0.5312570041140889,0.9999958087188284,0,0,1.4385382059800664,0.9098889010251936,LRP8
GO_Biological_Process_2023,Positive Regulation Of Early Endosome To Late Endosome Transport (GO:2000643),1/8,0.5312570041140889,0.9999958087188284,0,0,1.4385382059800664,0.9098889010251936,PTPN23
GO_Biological_Process_2023,Positive Regulation Of Epithelial Cell Proliferation Involved In Wound Healing (GO:0060054),1/8,0.5312570041140889,0.9999958087188284,0,0,1.4385382059800664,0.9098889010251936,MMP12
GO_Biological_Process_2023,Positive Regulation Of Inositol Phosphate Biosynthetic Process (GO:0060732),1/8,0.5312570041140889,0.9999958087188284,0,0,1.4385382059800664,0.9098889010251936,P2RY6
GO_Biological_Process_2023,Positive Regulation Of Ligase Activity (GO:0051351),1/8,0.5312570041140889,0.9999958087188284,0,0,1.4385382059800664,0.9098889010251936,GCLM
GO_Biological_Process_2023,Positive Regulation Of Membrane Invagination (GO:1905155),1/8,0.5312570041140889,0.9999958087188284,0,0,1.4385382059800664,0.9098889010251936,F2RL1
GO_Biological_Process_2023,Positive Regulation Of Mitochondrial Membrane Permeability Involved In Apoptotic Process (GO:1902110),1/8,0.5312570041140889,0.9999958087188284,0,0,1.4385382059800664,0.9098889010251936,RHOT2
GO_Biological_Process_2023,Positive Regulation Of Peptide Secretion (GO:0002793),1/8,0.5312570041140889,0.9999958087188284,0,0,1.4385382059800664,0.9098889010251936,FGB
GO_Biological_Process_2023,Positive Regulation Of Protein Kinase C Signaling (GO:0090037),1/8,0.5312570041140889,0.9999958087188284,0,0,1.4385382059800664,0.9098889010251936,MC1R
GO_Biological_Process_2023,Positive Regulation Of Smooth Muscle Cell Apoptotic Process (GO:0034393),1/8,0.5312570041140889,0.9999958087188284,0,0,1.4385382059800664,0.9098889010251936,E2F3
GO_Biological_Process_2023,Proteasome Assembly (GO:0043248),1/8,0.5312570041140889,0.9999958087188284,0,0,1.4385382059800664,0.9098889010251936,PSMD11
GO_Biological_Process_2023,Purine Nucleobase Transport (GO:0006863),1/8,0.5312570041140889,0.9999958087188284,0,0,1.4385382059800664,0.9098889010251936,SLC29A2
GO_Biological_Process_2023,Regulation Of DNA Methylation (GO:0044030),1/8,0.5312570041140889,0.9999958087188284,0,0,1.4385382059800664,0.9098889010251936,GRHL2
GO_Biological_Process_2023,Regulation Of Angiotensin Levels In Blood (GO:0002002),1/8,0.5312570041140889,0.9999958087188284,0,0,1.4385382059800664,0.9098889010251936,ACE2
GO_Biological_Process_2023,Regulation Of Cell Killing (GO:0031341),1/8,0.5312570041140889,0.9999958087188284,0,0,1.4385382059800664,0.9098889010251936,IL10
GO_Biological_Process_2023,Regulation Of Defense Response To Bacterium (GO:1900424),1/8,0.5312570041140889,0.9999958087188284,0,0,1.4385382059800664,0.9098889010251936,FOXP1
GO_Biological_Process_2023,Regulation Of Epidermis Development (GO:0045682),1/8,0.5312570041140889,0.9999958087188284,0,0,1.4385382059800664,0.9098889010251936,TMEM79
GO_Biological_Process_2023,Regulation Of Generation Of Precursor Metabolites And Energy (GO:0043467),1/8,0.5312570041140889,0.9999958087188284,0,0,1.4385382059800664,0.9098889010251936,PNPT1
GO_Biological_Process_2023,Regulation Of Glial Cell Proliferation (GO:0060251),1/8,0.5312570041140889,0.9999958087188284,0,0,1.4385382059800664,0.9098889010251936,SOX11
GO_Biological_Process_2023,Regulation Of Interleukin-18 Production (GO:0032661),1/8,0.5312570041140889,0.9999958087188284,0,0,1.4385382059800664,0.9098889010251936,IL10
GO_Biological_Process_2023,Regulation Of Interleukin-23 Production (GO:0032667),1/8,0.5312570041140889,0.9999958087188284,0,0,1.4385382059800664,0.9098889010251936,RAC1
GO_Biological_Process_2023,Regulation Of Lysosomal Protein Catabolic Process (GO:1905165),1/8,0.5312570041140889,0.9999958087188284,0,0,1.4385382059800664,0.9098889010251936,LAPTM4B
GO_Biological_Process_2023,Regulation Of Mitochondrial Gene Expression (GO:0062125),1/8,0.5312570041140889,0.9999958087188284,0,0,1.4385382059800664,0.9098889010251936,SHMT2
GO_Biological_Process_2023,Regulation Of Nuclear Cell Cycle DNA Replication (GO:0033262),1/8,0.5312570041140889,0.9999958087188284,0,0,1.4385382059800664,0.9098889010251936,CDC7
GO_Biological_Process_2023,Regulation Of Pattern Recognition Receptor Signaling Pathway (GO:0062207),1/8,0.5312570041140889,0.9999958087188284,0,0,1.4385382059800664,0.9098889010251936,BIRC3
GO_Biological_Process_2023,Regulation Of Pinocytosis (GO:0048548),1/8,0.5312570041140889,0.9999958087188284,0,0,1.4385382059800664,0.9098889010251936,PROM2
GO_Biological_Process_2023,Regulation Of Skeletal Muscle Cell Differentiation (GO:2001014),1/8,0.5312570041140889,0.9999958087188284,0,0,1.4385382059800664,0.9098889010251936,DDX17
GO_Biological_Process_2023,Regulation Of Toll-Like Receptor 3 Signaling Pathway (GO:0034139),1/8,0.5312570041140889,0.9999958087188284,0,0,1.4385382059800664,0.9098889010251936,F2RL1
GO_Biological_Process_2023,Regulation Of Tumor Necrosis Factor Superfamily Cytokine Production (GO:1903555),1/8,0.5312570041140889,0.9999958087188284,0,0,1.4385382059800664,0.9098889010251936,FOXP1
GO_Biological_Process_2023,Response To Leptin (GO:0044321),1/8,0.5312570041140889,0.9999958087188284,0,0,1.4385382059800664,0.9098889010251936,LEP
GO_Biological_Process_2023,Response To Misfolded Protein (GO:0051788),1/8,0.5312570041140889,0.9999958087188284,0,0,1.4385382059800664,0.9098889010251936,F12
GO_Biological_Process_2023,Selenocysteine Incorporation (GO:0001514),1/8,0.5312570041140889,0.9999958087188284,0,0,1.4385382059800664,0.9098889010251936,DIO2
GO_Biological_Process_2023,Serotonin Uptake (GO:0051610),1/8,0.5312570041140889,0.9999958087188284,0,0,1.4385382059800664,0.9098889010251936,SLC29A4
GO_Biological_Process_2023,Skeletal Myofibril Assembly (GO:0014866),1/8,0.5312570041140889,0.9999958087188284,0,0,1.4385382059800664,0.9098889010251936,LMOD3
GO_Biological_Process_2023,Somatic Recombination Of Immunoglobulin Gene Segments (GO:0016447),1/8,0.5312570041140889,0.9999958087188284,0,0,1.4385382059800664,0.9098889010251936,TCF3
GO_Biological_Process_2023,Somite Development (GO:0061053),1/8,0.5312570041140889,0.9999958087188284,0,0,1.4385382059800664,0.9098889010251936,PPP2R3A
GO_Biological_Process_2023,Sphingosine-1-Phosphate Receptor Signaling Pathway (GO:0003376),1/8,0.5312570041140889,0.9999958087188284,0,0,1.4385382059800664,0.9098889010251936,RAC1
GO_Biological_Process_2023,Translational Readthrough (GO:0006451),1/8,0.5312570041140889,0.9999958087188284,0,0,1.4385382059800664,0.9098889010251936,DIO2
GO_Biological_Process_2023,Tricarboxylic Acid Metabolic Process (GO:0072350),1/8,0.5312570041140889,0.9999958087188284,0,0,1.4385382059800664,0.9098889010251936,IDH2
GO_Biological_Process_2023,Vascular Associated Smooth Muscle Cell Differentiation (GO:0035886),1/8,0.5312570041140889,0.9999958087188284,0,0,1.4385382059800664,0.9098889010251936,MESP1
GO_Biological_Process_2023,Vitamin K Metabolic Process (GO:0042373),1/8,0.5312570041140889,0.9999958087188284,0,0,1.4385382059800664,0.9098889010251936,NQO1
GO_Biological_Process_2023,Cardiac Ventricle Morphogenesis (GO:0003208),4/42,0.5333155689746817,0.9999958087188284,0,0,1.059929357503576,0.6663160774005631,MESP1;TNNI3;ISL1;SOX4
GO_Biological_Process_2023,Modulation By Host Of Symbiont Process (GO:0051851),4/42,0.5333155689746817,0.9999958087188284,0,0,1.059929357503576,0.6663160774005631,ST6GALNAC1;HPN;PSG1;NUCKS1
GO_Biological_Process_2023,Positive Regulation Of Neuron Differentiation (GO:0045666),4/42,0.5333155689746817,0.9999958087188284,0,0,1.059929357503576,0.6663160774005631,PCP4;SOX11;TCF3;ECT2
GO_Biological_Process_2023,Regulation Of Ras Protein Signal Transduction (GO:0046578),7/76,0.5367149328037721,0.9999958087188284,0,0,1.0214814814814814,0.635655848760763,BCR;DENND1A;MAPKAP1;KIF14;EPS8L1;FOXM1;EPHB2
GO_Biological_Process_2023,B Cell Proliferation (GO:0042100),3/31,0.5399421513251786,0.9999958087188284,0,0,1.0788525498891353,0.6648895683413035,IL10;CD79A;CD19
GO_Biological_Process_2023,Actin Filament Polymerization (GO:0030041),3/31,0.5399421513251786,0.9999958087188284,0,0,1.0788525498891353,0.6648895683413035,VIL1;SPIRE2;RAC1
GO_Biological_Process_2023,Glutamine Family Amino Acid Metabolic Process (GO:0009064),3/31,0.5399421513251786,0.9999958087188284,0,0,1.0788525498891353,0.6648895683413035,CAD;ALDH18A1;GCLM
GO_Biological_Process_2023,Negative Regulation Of DNA Biosynthetic Process (GO:2000279),3/31,0.5399421513251786,0.9999958087188284,0,0,1.0788525498891353,0.6648895683413035,PIF1;GNL3L;SRC
GO_Biological_Process_2023,Negative Regulation Of Intracellular Steroid Hormone Receptor Signaling Pathway (GO:0033144),3/31,0.5399421513251786,0.9999958087188284,0,0,1.0788525498891353,0.6648895683413035,BRCA1;ISL1;FOXP1
GO_Biological_Process_2023,Non-Motile Cilium Assembly (GO:1905515),3/31,0.5399421513251786,0.9999958087188284,0,0,1.0788525498891353,0.6648895683413035,TMEM17;CSNK1D;DISC1
GO_Biological_Process_2023,Positive Regulation Of G1/S Transition Of Mitotic Cell Cycle (GO:1900087),3/31,0.5399421513251786,0.9999958087188284,0,0,1.0788525498891353,0.6648895683413035,STIL;RRM2;EGFR
GO_Biological_Process_2023,Positive Regulation Of Lamellipodium Organization (GO:1902745),3/31,0.5399421513251786,0.9999958087188284,0,0,1.0788525498891353,0.6648895683413035,VIL1;SRC;RAC1
GO_Biological_Process_2023,Presynaptic Endocytosis (GO:0140238),3/31,0.5399421513251786,0.9999958087188284,0,0,1.0788525498891353,0.6648895683413035,SYNJ2;STX1A;PACSIN1
GO_Biological_Process_2023,Protein Localization To Chromatin (GO:0071168),3/31,0.5399421513251786,0.9999958087188284,0,0,1.0788525498891353,0.6648895683413035,PARP1;MCM8;CENPA
GO_Biological_Process_2023,Regulation Of Centrosome Duplication (GO:0010824),3/31,0.5399421513251786,0.9999958087188284,0,0,1.0788525498891353,0.6648895683413035,STIL;CCNF;XRCC3
GO_Biological_Process_2023,Regulation Of Extrinsic Apoptotic Signaling Pathway Via Death Domain Receptors (GO:1902041),3/31,0.5399421513251786,0.9999958087188284,0,0,1.0788525498891353,0.6648895683413035,FGB;PMAIP1;BRCA1
GO_Biological_Process_2023,Regulation Of Long-Term Synaptic Potentiation (GO:1900271),3/31,0.5399421513251786,0.9999958087188284,0,0,1.0788525498891353,0.6648895683413035,EIF2AK4;NOL3;EPHB2
GO_Biological_Process_2023,Regulation Of Response To Biotic Stimulus (GO:0002831),3/31,0.5399421513251786,0.9999958087188284,0,0,1.0788525498891353,0.6648895683413035,LRP8;FOXP1;BIRC3
GO_Biological_Process_2023,Regulation Of JNK Cascade (GO:0046328),10/110,0.5402855704581735,0.9999958087188284,0,0,1.0068447412353922,0.6198714609263732,UNC5CL;TRAF4;WNT7B;TAOK1;MARVELD3;DUSP19;F2RL1;TRAF2;MAPK8IP3;EGFR
GO_Biological_Process_2023,RNA Export From Nucleus (GO:0006405),6/65,0.5406894418196749,0.9999958087188284,0,0,1.023950912393303,0.62963787021927,UPF2;FYTTD1;NUP155;XPO5;THOC2;SMG7
GO_Biological_Process_2023,Cellular Response To Light Stimulus (GO:0071482),6/65,0.5406894418196749,0.9999958087188284,0,0,1.023950912393303,0.62963787021927,DDB1;PARP1;BMF;EIF2AK4;CDC25A;AURKB
GO_Biological_Process_2023,Positive Regulation Of DNA Biosynthetic Process (GO:2000573),6/65,0.5406894418196749,0.9999958087188284,0,0,1.023950912393303,0.62963787021927,GREM1;PKIB;NEK2;CHTF18;GRHL2;AURKB
GO_Biological_Process_2023,Axon Development (GO:0061564),9/99,0.5432887360725546,0.9999958087188284,0,0,1.006840934371524,0.614288110348971,APLP1;TRIM46;NMNAT2;EPHB2;ISL1;MAPK8IP3;MARK2;EPHB3;CDK5R1
GO_Biological_Process_2023,Ras Protein Signal Transduction (GO:0007265),13/144,0.5437119312805626,0.9999958087188284,0,0,0.999114946343622,0.6087964156696926,CDKN2A;LIMK1;RHOD;RAPGEFL1;CCNA2;COL1A2;RACGAP1;NF1;RAC3;EPS8L1;TNFRSF25;RAC1;RALGPS2
GO_Biological_Process_2023,Defense Response To Virus (GO:0051607),17/189,0.5449685076831658,0.9999958087188284,0,0,0.9950532675068208,0.6040244685350101,IFNAR2;STAT1;MX2;DDX56;ISG15;ATAD3A;PML;SLFN13;AIM2;IRF3;TRIM13;IRF7;PMAIP1;F2RL1;TRIM15;TRIM31;IKBKE
GO_Biological_Process_2023,Monoatomic Anion Transmembrane Transport (GO:0098656),5/54,0.5457085612082011,0.9999958087188284,0,0,1.0274298398604724,0.6222836534692457,SLC5A6;SLC4A8;SLC1A7;SLC12A8;LRRC8E
GO_Biological_Process_2023,Peptidyl-Tyrosine Modification (GO:0018212),5/54,0.5457085612082011,0.9999958087188284,0,0,1.0274298398604724,0.6222836534692457,SRC;ERBB2;EPHB2;EPHA1;EGFR
GO_Biological_Process_2023,Regulation Of Myoblast Differentiation (GO:0045661),5/54,0.5457085612082011,0.9999958087188284,0,0,1.0274298398604724,0.6222836534692457,SMARCC2;IGFBP3;SOX9;EID2B;SOX4
GO_Biological_Process_2023,Negative Regulation Of Cell Motility (GO:2000146),12/133,0.5461982485325229,0.9999958087188284,0,0,0.9984760238495362,0.6038516165390126,FRMD5;CLDN3;CDH1;KRT16;PIP5KL1;NF1;PLXNB3;ARID4B;MIA3;THY1;EPHA1;SULF1
GO_Biological_Process_2023,Fc-gamma Receptor Signaling Pathway Involved In Phagocytosis (GO:0038096),2/20,0.5506977388026155,0.9999958087188284,0,0,1.118805786395814,0.6674450603748784,SRC;LIMK1
GO_Biological_Process_2023,Actin Filament-Based Transport (GO:0099515),2/20,0.5506977388026155,0.9999958087188284,0,0,1.118805786395814,0.6674450603748784,MYO6;MYO7A
GO_Biological_Process_2023,Cell Projection Organization (GO:0030030),2/20,0.5506977388026155,0.9999958087188284,0,0,1.118805786395814,0.6674450603748784,SCIN;RAC3
GO_Biological_Process_2023,Intracellular Monoatomic Ion Homeostasis (GO:0006873),2/20,0.5506977388026155,0.9999958087188284,0,0,1.118805786395814,0.6674450603748784,SLC4A11;SLC39A4
GO_Biological_Process_2023,Long-Term Memory (GO:0007616),2/20,0.5506977388026155,0.9999958087188284,0,0,1.118805786395814,0.6674450603748784,EIF2AK4;NOL3
GO_Biological_Process_2023,Long-Term Synaptic Potentiation (GO:0060291),2/20,0.5506977388026155,0.9999958087188284,0,0,1.118805786395814,0.6674450603748784,FOXM1;NOL3
GO_Biological_Process_2023,Negative Regulation Of Small GTPase Mediated Signal Transduction (GO:0051058),2/20,0.5506977388026155,0.9999958087188284,0,0,1.118805786395814,0.6674450603748784,MAPKAP1;EPHB2
GO_Biological_Process_2023,Negative Regulation Of Viral Life Cycle (GO:1903901),2/20,0.5506977388026155,0.9999958087188284,0,0,1.118805786395814,0.6674450603748784,TRIM15;TRIM31
GO_Biological_Process_2023,Phosphatidylserine Metabolic Process (GO:0006658),2/20,0.5506977388026155,0.9999958087188284,0,0,1.118805786395814,0.6674450603748784,OSBPL8;MBOAT2
GO_Biological_Process_2023,Positive Regulation Of Antigen Receptor-Mediated Signaling Pathway (GO:0050857),2/20,0.5506977388026155,0.9999958087188284,0,0,1.118805786395814,0.6674450603748784,KCNN4;FOXP1
GO_Biological_Process_2023,Positive Regulation Of Protein Processing (GO:0010954),2/20,0.5506977388026155,0.9999958087188284,0,0,1.118805786395814,0.6674450603748784,F12;HPN
GO_Biological_Process_2023,Protein Deacylation (GO:0035601),2/20,0.5506977388026155,0.9999958087188284,0,0,1.118805786395814,0.6674450603748784,HDAC10;SIRT5
GO_Biological_Process_2023,protein-DNA Complex Disassembly (GO:0032986),2/20,0.5506977388026155,0.9999958087188284,0,0,1.118805786395814,0.6674450603748784,SMARCC2;HMGA1
GO_Biological_Process_2023,Sensory Perception Of Pain (GO:0019233),2/20,0.5506977388026155,0.9999958087188284,0,0,1.118805786395814,0.6674450603748784,NIPSNAP1;PTGES
GO_Biological_Process_2023,Striated Muscle Cell Differentiation (GO:0051146),2/20,0.5506977388026155,0.9999958087188284,0,0,1.118805786395814,0.6674450603748784,GREM1;MESP1
GO_Biological_Process_2023,Positive Regulation Of Synaptic Transmission (GO:0050806),7/77,0.5509457099915643,0.9999958087188284,0,0,1.0068333333333332,0.6001924845095519,NMU;KCTD13;EIF2AK4;FOXM1;EPHB2;NOL3;GRIN1
GO_Biological_Process_2023,Negative Regulation Of Inflammatory Response (GO:0050728),10/111,0.5521329412243879,0.9999958087188284,0,0,0.996820884091748,0.5920781380354998,IL10;FNDC4;PROC;MDK;SRC;RHBDF2;SAA1;SMPDL3B;ISL1;PPARD
GO_Biological_Process_2023,Intracellular Glucose Homeostasis (GO:0001678),4/43,0.5523802895361724,0.9999958087188284,0,0,1.032694796421918,0.612923507413954,HKDC1;NUCKS1;SOX4;FOXA3
GO_Biological_Process_2023,Lysosome Organization (GO:0007040),4/43,0.5523802895361724,0.9999958087188284,0,0,1.032694796421918,0.612923507413954,HOOK1;ATP10B;HOOK3;MYO7A
GO_Biological_Process_2023,mRNA Transcription (GO:0009299),4/43,0.5523802895361724,0.9999958087188284,0,0,1.032694796421918,0.612923507413954,CYP27B1;CREB1;TAF13;TAF6
GO_Biological_Process_2023,Positive Regulation Of miRNA Transcription (GO:1902895),4/43,0.5523802895361724,0.9999958087188284,0,0,1.032694796421918,0.612923507413954,FOXA1;IL10;POU2F1;EGFR
GO_Biological_Process_2023,Antimicrobial Humoral Response (GO:0019730),9/100,0.555748396686921,0.9999958087188284,0,0,0.9957217421066142,0.5849263929427428,WFDC10B;CXCL13;PRSS3;CXCL14;PRSS2;GAPDH;WFDC2;KRT6A;WFDC3
GO_Biological_Process_2023,Negative Regulation Of Endopeptidase Activity (GO:0010951),6/66,0.5560258334694363,0.9999958087188284,0,0,1.0068295391449196,0.5909490560121718,CST2;CST1;SERPINH1;TIMP1;GAPDH;SERPINB5
GO_Biological_Process_2023,Negative Regulation Of Immune Response (GO:0050777),6/66,0.5560258334694363,0.9999958087188284,0,0,1.0068295391449196,0.5909490560121718,COL3A1;PARP1;SRC;RHBDF2;ATG12;AURKB
GO_Biological_Process_2023,Regulation Of Endocytosis (GO:0030100),6/66,0.5560258334694363,0.9999958087188284,0,0,1.0068295391449196,0.5909490560121718,SCAMP5;SRC;HIP1R;PACSIN3;SYT7;PACSIN1
GO_Biological_Process_2023,Positive Regulation Of Epithelial Cell Proliferation (GO:0050679),11/123,0.5601961622603031,0.9999958087188284,0,0,0.9887597438752784,0.5729548951041072,MMP12;CDH3;MDK;HPN;ERBB2;PLXNB3;TGFA;SOX11;SOX9;EGFR;NME1
GO_Biological_Process_2023,Regulation Of Translation (GO:0006417),18/202,0.5607184416921271,0.9999958087188284,0,0,0.9847680268306316,0.5697241352056697,GRB7;SHMT2;NSUN5;YBX2;EIF2AK4;MSI2;TYMS;BZW2;RBM3;TRIM2;ENC1;ERBB2;IGF2BP3;PKP3;IGF2BP2;EIF4G3;GAPDH;SOX4
GO_Biological_Process_2023,Amide Transport (GO:0042886),3/32,0.5619688824282558,0.9999958087188284,0,0,1.0415933939903663,0.6002794389432315,SLC5A6;AQP11;ABCB9
GO_Biological_Process_2023,Glycosphingolipid Metabolic Process (GO:0006687),3/32,0.5619688824282558,0.9999958087188284,0,0,1.0415933939903663,0.6002794389432315,FUT6;UGT8;ABCA2
GO_Biological_Process_2023,Negative Regulation Of Osteoblast Differentiation (GO:0045668),3/32,0.5619688824282558,0.9999958087188284,0,0,1.0415933939903663,0.6002794389432315,GREM1;LRP5;SOX9
GO_Biological_Process_2023,Neural Tube Closure (GO:0001843),3/32,0.5619688824282558,0.9999958087188284,0,0,1.0415933939903663,0.6002794389432315,STIL;DEAF1;GRHL2
GO_Biological_Process_2023,Phosphatidylinositol 3-Kinase Signaling (GO:0014065),3/32,0.5619688824282558,0.9999958087188284,0,0,1.0415933939903663,0.6002794389432315,ERBB3;ERBB2;NF1
GO_Biological_Process_2023,Positive Regulation Of Synapse Assembly (GO:0051965),3/32,0.5619688824282558,0.9999958087188284,0,0,1.0415933939903663,0.6002794389432315,SRPX2;EPHB2;EPHB3
GO_Biological_Process_2023,Positive Regulation Of Telomere Maintenance Via Telomerase (GO:0032212),3/32,0.5619688824282558,0.9999958087188284,0,0,1.0415933939903663,0.6002794389432315,PKIB;NEK2;AURKB
GO_Biological_Process_2023,Regulation Of Calcium Ion Transmembrane Transporter Activity (GO:1901019),3/32,0.5619688824282558,0.9999958087188284,0,0,1.0415933939903663,0.6002794389432315,YWHAE;JSRP1;CABP4
GO_Biological_Process_2023,Purine Ribonucleotide Biosynthetic Process (GO:0009152),5/55,0.5624575734533158,0.9999958087188284,0,0,1.0068257491675916,0.5793673789045443,SLC25A16;ATIC;PAICS;COASY;SLC25A13
GO_Biological_Process_2023,Response To Peptide Hormone (GO:0043434),5/55,0.5624575734533158,0.9999958087188284,0,0,1.0068257491675916,0.5793673789045443,CREB1;SRC;STAT1;LEP;SLC2A1
GO_Biological_Process_2023,Positive Regulation Of Protein Modification Process (GO:0031401),20/225,0.5648624875297206,0.9999958087188284,0,0,0.9820519469884122,0.5609215197545033,CDCA2;ATG10;CDCA8;CSNK1D;MMP9;EGFR;AURKB;CCNA2;CLDN3;SLCO3A1;INCENP;TAOK1;LEP;NOS1AP;ERBB2;BIRC5;SOX9;RAC1;RAMP1;PROM2
GO_Biological_Process_2023,Bone Development (GO:0060348),4/44,0.5710232967817878,0.9999958087188284,0,0,1.0068219633943427,0.5641477886724817,TFAP2A;MMP13;LRP5;SULF1
GO_Biological_Process_2023,Negative Regulation Of Immune System Process (GO:0002683),4/44,0.5710232967817878,0.9999958087188284,0,0,1.0068219633943427,0.5641477886724817,COL3A1;SOX9;SMPDL3B;LGR4
GO_Biological_Process_2023,Positive Regulation Of Leukocyte Cell-Cell Adhesion (GO:1903039),4/44,0.5710232967817878,0.9999958087188284,0,0,1.0068219633943427,0.5641477886724817,FCHO1;IRAK1;MDK;THY1
GO_Biological_Process_2023,Regulation Of B Cell Proliferation (GO:0030888),4/44,0.5710232967817878,0.9999958087188284,0,0,1.0068219633943427,0.5641477886724817,IL10;CLCF1;EPHB2;TNFRSF21
GO_Biological_Process_2023,Regulation Of Insulin Receptor Signaling Pathway (GO:0046626),4/44,0.5710232967817878,0.9999958087188284,0,0,1.0068219633943427,0.5641477886724817,GRB7;GRB14;NUCKS1;VWA2
GO_Biological_Process_2023,Regulation Of Viral Entry Into Host Cell (GO:0046596),4/44,0.5710232967817878,0.9999958087188284,0,0,1.0068219633943427,0.5641477886724817,TMPRSS4;P4HB;TRIM38;TRIM31
GO_Biological_Process_2023,Synaptic Vesicle Recycling (GO:0036465),4/44,0.5710232967817878,0.9999958087188284,0,0,1.0068219633943427,0.5641477886724817,SYNJ2;SYT7;STX1A;PACSIN1
GO_Biological_Process_2023,Transcription By RNA Polymerase II (GO:0006366),17/192,0.5719696825117087,0.9999958087188284,0,0,0.9778324022346369,0.5462849354686874,PARP1;TAF13;HSF2BP;YBX2;SUPT5H;ETV7;CYP27B1;CREB1;SNAPC1;DEAF1;NFX1;NFIC;NFE2L3;E2F2;E2F3;TAF6;TRIP13
GO_Biological_Process_2023,IMP Metabolic Process (GO:0046040),1/9,0.573624777772471,0.9999958087188284,0,0,1.2586517165005535,0.6995331913069818,SORD
GO_Biological_Process_2023,T-helper 1 Type Immune Response (GO:0042088),1/9,0.573624777772471,0.9999958087188284,0,0,1.2586517165005535,0.6995331913069818,IL18BP
GO_Biological_Process_2023,Wnt Signaling Pathway Involved In Midbrain Dopaminergic Neuron Differentiation (GO:1904953),1/9,0.573624777772471,0.9999958087188284,0,0,1.2586517165005535,0.6995331913069818,WNT3
GO_Biological_Process_2023,Adherens Junction Assembly (GO:0034333),1/9,0.573624777772471,0.9999958087188284,0,0,1.2586517165005535,0.6995331913069818,TBCD
GO_Biological_Process_2023,Amino Sugar Metabolic Process (GO:0006040),1/9,0.573624777772471,0.9999958087188284,0,0,1.2586517165005535,0.6995331913069818,GFPT1
GO_Biological_Process_2023,Arachidonate Transport (GO:1903963),1/9,0.573624777772471,0.9999958087188284,0,0,1.2586517165005535,0.6995331913069818,DRD4
GO_Biological_Process_2023,Arachidonic Acid Secretion (GO:0050482),1/9,0.573624777772471,0.9999958087188284,0,0,1.2586517165005535,0.6995331913069818,DRD4
GO_Biological_Process_2023,Axon Regeneration (GO:0031103),1/9,0.573624777772471,0.9999958087188284,0,0,1.2586517165005535,0.6995331913069818,MAPK8IP3
GO_Biological_Process_2023,Biomineral Tissue Development (GO:0031214),1/9,0.573624777772471,0.9999958087188284,0,0,1.2586517165005535,0.6995331913069818,COL1A1
GO_Biological_Process_2023,Camera-Type Eye Morphogenesis (GO:0048593),1/9,0.573624777772471,0.9999958087188284,0,0,1.2586517165005535,0.6995331913069818,NF1
GO_Biological_Process_2023,Carbohydrate Phosphorylation (GO:0046835),1/9,0.573624777772471,0.9999958087188284,0,0,1.2586517165005535,0.6995331913069818,HKDC1
GO_Biological_Process_2023,Cell Differentiation In Spinal Cord (GO:0021515),1/9,0.573624777772471,0.9999958087188284,0,0,1.2586517165005535,0.6995331913069818,ISL1
GO_Biological_Process_2023,Cell Differentiation Involved In Metanephros Development (GO:0072202),1/9,0.573624777772471,0.9999958087188284,0,0,1.2586517165005535,0.6995331913069818,STAT1
GO_Biological_Process_2023,Cellular Response To Oxidised Low-Density Lipoprotein Particle Stimulus (GO:0140052),1/9,0.573624777772471,0.9999958087188284,0,0,1.2586517165005535,0.6995331913069818,MIA3
GO_Biological_Process_2023,Cellular Response To Purine-Containing Compound (GO:0071415),1/9,0.573624777772471,0.9999958087188284,0,0,1.2586517165005535,0.6995331913069818,P2RY6
GO_Biological_Process_2023,Chloride Ion Homeostasis (GO:0055064),1/9,0.573624777772471,0.9999958087188284,0,0,1.2586517165005535,0.6995331913069818,SLC12A8
GO_Biological_Process_2023,Embryonic Eye Morphogenesis (GO:0048048),1/9,0.573624777772471,0.9999958087188284,0,0,1.2586517165005535,0.6995331913069818,MFAP2
GO_Biological_Process_2023,Endodermal Cell Fate Commitment (GO:0001711),1/9,0.573624777772471,0.9999958087188284,0,0,1.2586517165005535,0.6995331913069818,POU5F1
GO_Biological_Process_2023,Forelimb Morphogenesis (GO:0035136),1/9,0.573624777772471,0.9999958087188284,0,0,1.2586517165005535,0.6995331913069818,TFAP2A
GO_Biological_Process_2023,Glucan Biosynthetic Process (GO:0009250),1/9,0.573624777772471,0.9999958087188284,0,0,1.2586517165005535,0.6995331913069818,GYG2
GO_Biological_Process_2023,Glycogen Biosynthetic Process (GO:0005978),1/9,0.573624777772471,0.9999958087188284,0,0,1.2586517165005535,0.6995331913069818,GYG2
GO_Biological_Process_2023,Glycosphingolipid Catabolic Process (GO:0046479),1/9,0.573624777772471,0.9999958087188284,0,0,1.2586517165005535,0.6995331913069818,LCT
GO_Biological_Process_2023,Histone Ubiquitination (GO:0016574),1/9,0.573624777772471,0.9999958087188284,0,0,1.2586517165005535,0.6995331913069818,UHRF1
GO_Biological_Process_2023,Homocysteine Metabolic Process (GO:0050667),1/9,0.573624777772471,0.9999958087188284,0,0,1.2586517165005535,0.6995331913069818,NOX4
GO_Biological_Process_2023,Hormone Transport (GO:0009914),1/9,0.573624777772471,0.9999958087188284,0,0,1.2586517165005535,0.6995331913069818,SLC7A5
GO_Biological_Process_2023,Insulin Metabolic Process (GO:1901142),1/9,0.573624777772471,0.9999958087188284,0,0,1.2586517165005535,0.6995331913069818,P4HB
GO_Biological_Process_2023,Iron Ion Transmembrane Transport (GO:0034755),1/9,0.573624777772471,0.9999958087188284,0,0,1.2586517165005535,0.6995331913069818,SLC25A37
GO_Biological_Process_2023,Ketone Biosynthetic Process (GO:0042181),1/9,0.573624777772471,0.9999958087188284,0,0,1.2586517165005535,0.6995331913069818,HSD17B1
GO_Biological_Process_2023,Leucine Transport (GO:0015820),1/9,0.573624777772471,0.9999958087188284,0,0,1.2586517165005535,0.6995331913069818,SLC7A5
GO_Biological_Process_2023,Mitotic Nuclear Membrane Organization (GO:0101024),1/9,0.573624777772471,0.9999958087188284,0,0,1.2586517165005535,0.6995331913069818,RCC1
GO_Biological_Process_2023,Mitotic Nuclear Membrane Reassembly (GO:0007084),1/9,0.573624777772471,0.9999958087188284,0,0,1.2586517165005535,0.6995331913069818,RCC1
GO_Biological_Process_2023,Mitral Valve Morphogenesis (GO:0003183),1/9,0.573624777772471,0.9999958087188284,0,0,1.2586517165005535,0.6995331913069818,SOX4
GO_Biological_Process_2023,Monoatomic Anion Homeostasis (GO:0055081),1/9,0.573624777772471,0.9999958087188284,0,0,1.2586517165005535,0.6995331913069818,SLC12A8
GO_Biological_Process_2023,Morphogenesis Of An Epithelial Sheet (GO:0002011),1/9,0.573624777772471,0.9999958087188284,0,0,1.2586517165005535,0.6995331913069818,SOX11
GO_Biological_Process_2023,Negative Regulation Of Extracellular Matrix Organization (GO:1903054),1/9,0.573624777772471,0.9999958087188284,0,0,1.2586517165005535,0.6995331913069818,CEL
GO_Biological_Process_2023,Negative Regulation Of Heterotypic Cell-Cell Adhesion (GO:0034115),1/9,0.573624777772471,0.9999958087188284,0,0,1.2586517165005535,0.6995331913069818,IL10
GO_Biological_Process_2023,Negative Regulation Of Hormone Secretion (GO:0046888),1/9,0.573624777772471,0.9999958087188284,0,0,1.2586517165005535,0.6995331913069818,LIF
GO_Biological_Process_2023,Negative Regulation Of Lymphocyte Apoptotic Process (GO:0070229),1/9,0.573624777772471,0.9999958087188284,0,0,1.2586517165005535,0.6995331913069818,FOXP1
GO_Biological_Process_2023,Negative Regulation Of Muscle Cell Apoptotic Process (GO:0010656),1/9,0.573624777772471,0.9999958087188284,0,0,1.2586517165005535,0.6995331913069818,LYPD3
GO_Biological_Process_2023,Negative Regulation Of Potassium Ion Transmembrane Transporter Activity (GO:1901017),1/9,0.573624777772471,0.9999958087188284,0,0,1.2586517165005535,0.6995331913069818,STK39
GO_Biological_Process_2023,Negative Regulation Of Protein Exit From Endoplasmic Reticulum (GO:0070862),1/9,0.573624777772471,0.9999958087188284,0,0,1.2586517165005535,0.6995331913069818,DERL3
GO_Biological_Process_2023,Negative Regulation Of Sodium Ion Transmembrane Transport (GO:1902306),1/9,0.573624777772471,0.9999958087188284,0,0,1.2586517165005535,0.6995331913069818,STK39
GO_Biological_Process_2023,Negative Regulation Of Vascular Endothelial Growth Factor Signaling Pathway (GO:1900747),1/9,0.573624777772471,0.9999958087188284,0,0,1.2586517165005535,0.6995331913069818,SORD
GO_Biological_Process_2023,Neuron Projection Regeneration (GO:0031102),1/9,0.573624777772471,0.9999958087188284,0,0,1.2586517165005535,0.6995331913069818,MAPK8IP3
GO_Biological_Process_2023,Neurotransmitter Receptor Transport To Postsynaptic Membrane (GO:0098969),1/9,0.573624777772471,0.9999958087188284,0,0,1.2586517165005535,0.6995331913069818,GRIPAP1
GO_Biological_Process_2023,Nucleobase-Containing Compound Biosynthetic Process (GO:0034654),1/9,0.573624777772471,0.9999958087188284,0,0,1.2586517165005535,0.6995331913069818,TYMS
GO_Biological_Process_2023,Ornithine Metabolic Process (GO:0006591),1/9,0.573624777772471,0.9999958087188284,0,0,1.2586517165005535,0.6995331913069818,ALDH18A1
GO_Biological_Process_2023,Peptidyl-Cysteine Modification (GO:0018198),1/9,0.573624777772471,0.9999958087188284,0,0,1.2586517165005535,0.6995331913069818,HHAT
GO_Biological_Process_2023,Peptidyl-Lysine Dimethylation (GO:0018027),1/9,0.573624777772471,0.9999958087188284,0,0,1.2586517165005535,0.6995331913069818,EHMT1
GO_Biological_Process_2023,Phosphatidylethanolamine Acyl-Chain Remodeling (GO:0036152),1/9,0.573624777772471,0.9999958087188284,0,0,1.2586517165005535,0.6995331913069818,MBOAT2
GO_Biological_Process_2023,Positive Regulation Of RIG-I Signaling Pathway (GO:1900246),1/9,0.573624777772471,0.9999958087188284,0,0,1.2586517165005535,0.6995331913069818,TRIM15
GO_Biological_Process_2023,Positive Regulation Of RNA Biosynthetic Process (GO:1902680),1/9,0.573624777772471,0.9999958087188284,0,0,1.2586517165005535,0.6995331913069818,TOP2A
GO_Biological_Process_2023,Positive Regulation Of Keratinocyte Migration (GO:0051549),1/9,0.573624777772471,0.9999958087188284,0,0,1.2586517165005535,0.6995331913069818,MMP9
GO_Biological_Process_2023,Positive Regulation Of Leukocyte Apoptotic Process (GO:2000108),1/9,0.573624777772471,0.9999958087188284,0,0,1.2586517165005535,0.6995331913069818,CDKN2A
GO_Biological_Process_2023,Positive Regulation Of Mitochondrial Membrane Permeability (GO:0035794),1/9,0.573624777772471,0.9999958087188284,0,0,1.2586517165005535,0.6995331913069818,HIP1R
GO_Biological_Process_2023,"Positive Regulation Of Phagocytosis, Engulfment (GO:0060100)",1/9,0.573624777772471,0.9999958087188284,0,0,1.2586517165005535,0.6995331913069818,F2RL1
GO_Biological_Process_2023,Positive Regulation Of Protein Acetylation (GO:1901985),1/9,0.573624777772471,0.9999958087188284,0,0,1.2586517165005535,0.6995331913069818,TAOK1
GO_Biological_Process_2023,Positive Regulation Of Protein Kinase A Signaling (GO:0010739),1/9,0.573624777772471,0.9999958087188284,0,0,1.2586517165005535,0.6995331913069818,MC1R
GO_Biological_Process_2023,Positive Regulation Of Protein Sumoylation (GO:0033235),1/9,0.573624777772471,0.9999958087188284,0,0,1.2586517165005535,0.6995331913069818,PIAS3
GO_Biological_Process_2023,Positive Regulation Of Skeletal Muscle Tissue Development (GO:0048643),1/9,0.573624777772471,0.9999958087188284,0,0,1.2586517165005535,0.6995331913069818,LMOD3
GO_Biological_Process_2023,Positive Regulation Of Smooth Muscle Contraction (GO:0045987),1/9,0.573624777772471,0.9999958087188284,0,0,1.2586517165005535,0.6995331913069818,NMU
GO_Biological_Process_2023,Positive Regulation Of Sodium Ion Transmembrane Transport (GO:1902307),1/9,0.573624777772471,0.9999958087188284,0,0,1.2586517165005535,0.6995331913069818,ATP1B1
GO_Biological_Process_2023,Positive Regulation Of Vasculogenesis (GO:2001214),1/9,0.573624777772471,0.9999958087188284,0,0,1.2586517165005535,0.6995331913069818,CEACAM1
GO_Biological_Process_2023,Protein Localization To Nuclear Envelope (GO:0090435),1/9,0.573624777772471,0.9999958087188284,0,0,1.2586517165005535,0.6995331913069818,NUP155
GO_Biological_Process_2023,Regulation Of PERK-mediated Unfolded Protein Response (GO:1903897),1/9,0.573624777772471,0.9999958087188284,0,0,1.2586517165005535,0.6995331913069818,AGR2
GO_Biological_Process_2023,Regulation Of Actin Filament Length (GO:0030832),1/9,0.573624777772471,0.9999958087188284,0,0,1.2586517165005535,0.6995331913069818,MYO3B
GO_Biological_Process_2023,Regulation Of Animal Organ Morphogenesis (GO:2000027),1/9,0.573624777772471,0.9999958087188284,0,0,1.2586517165005535,0.6995331913069818,BTBD7
GO_Biological_Process_2023,Regulation Of Cell-Cell Adhesion Involved In Gastrulation (GO:0070587),1/9,0.573624777772471,0.9999958087188284,0,0,1.2586517165005535,0.6995331913069818,IL10
GO_Biological_Process_2023,Regulation Of Cell-Cell Adhesion Mediated By Integrin (GO:0033632),1/9,0.573624777772471,0.9999958087188284,0,0,1.2586517165005535,0.6995331913069818,CXCL13
GO_Biological_Process_2023,Regulation Of Cellular Extravasation (GO:0002691),1/9,0.573624777772471,0.9999958087188284,0,0,1.2586517165005535,0.6995331913069818,THY1
GO_Biological_Process_2023,Regulation Of Complement Activation (GO:0030449),1/9,0.573624777772471,0.9999958087188284,0,0,1.2586517165005535,0.6995331913069818,SUSD4
GO_Biological_Process_2023,Regulation Of Complement-Dependent Cytotoxicity (GO:1903659),1/9,0.573624777772471,0.9999958087188284,0,0,1.2586517165005535,0.6995331913069818,IL10
GO_Biological_Process_2023,Regulation Of Hair Cycle (GO:0042634),1/9,0.573624777772471,0.9999958087188284,0,0,1.2586517165005535,0.6995331913069818,CDH3
GO_Biological_Process_2023,Regulation Of High Voltage-Gated Calcium Channel Activity (GO:1901841),1/9,0.573624777772471,0.9999958087188284,0,0,1.2586517165005535,0.6995331913069818,NOS1AP
GO_Biological_Process_2023,Regulation Of Histone Methylation (GO:0031060),1/9,0.573624777772471,0.9999958087188284,0,0,1.2586517165005535,0.6995331913069818,EHMT1
GO_Biological_Process_2023,Regulation Of Inflammatory Response To Wounding (GO:0106014),1/9,0.573624777772471,0.9999958087188284,0,0,1.2586517165005535,0.6995331913069818,MDK
GO_Biological_Process_2023,Regulation Of Long-Term Synaptic Depression (GO:1900452),1/9,0.573624777772471,0.9999958087188284,0,0,1.2586517165005535,0.6995331913069818,NOL3
GO_Biological_Process_2023,Regulation Of Myeloid Leukocyte Mediated Immunity (GO:0002886),1/9,0.573624777772471,0.9999958087188284,0,0,1.2586517165005535,0.6995331913069818,DNASE1
GO_Biological_Process_2023,Regulation Of Natural Killer Cell Proliferation (GO:0032817),1/9,0.573624777772471,0.9999958087188284,0,0,1.2586517165005535,0.6995331913069818,LEP
GO_Biological_Process_2023,Regulation Of Postsynaptic Neurotransmitter Receptor Activity (GO:0098962),1/9,0.573624777772471,0.9999958087188284,0,0,1.2586517165005535,0.6995331913069818,NPTX1
GO_Biological_Process_2023,Regulation Of Protein Acetylation (GO:1901983),1/9,0.573624777772471,0.9999958087188284,0,0,1.2586517165005535,0.6995331913069818,TAOK1
GO_Biological_Process_2023,Regulation Of Viral-Induced Cytoplasmic Pattern Recognition Receptor Signaling Pathway (GO:0039531),1/9,0.573624777772471,0.9999958087188284,0,0,1.2586517165005535,0.6995331913069818,BIRC3
GO_Biological_Process_2023,Response To Histamine (GO:0034776),1/9,0.573624777772471,0.9999958087188284,0,0,1.2586517165005535,0.6995331913069818,DRD4
GO_Biological_Process_2023,Response To Platelet-Derived Growth Factor (GO:0036119),1/9,0.573624777772471,0.9999958087188284,0,0,1.2586517165005535,0.6995331913069818,SYAP1
GO_Biological_Process_2023,Sequestering Of Extracellular Ligand From Receptor (GO:0035581),1/9,0.573624777772471,0.9999958087188284,0,0,1.2586517165005535,0.6995331913069818,GREM1
GO_Biological_Process_2023,Serine Family Amino Acid Catabolic Process (GO:0009071),1/9,0.573624777772471,0.9999958087188284,0,0,1.2586517165005535,0.6995331913069818,SHMT2
GO_Biological_Process_2023,Serotonin Transport (GO:0006837),1/9,0.573624777772471,0.9999958087188284,0,0,1.2586517165005535,0.6995331913069818,SLC29A4
GO_Biological_Process_2023,Synaptic Vesicle Fusion To Presynaptic Active Zone Membrane (GO:0031629),1/9,0.573624777772471,0.9999958087188284,0,0,1.2586517165005535,0.6995331913069818,STX1A
GO_Biological_Process_2023,Tetrapyrrole Metabolic Process (GO:0033013),1/9,0.573624777772471,0.9999958087188284,0,0,1.2586517165005535,0.6995331913069818,ABCD1
GO_Biological_Process_2023,Toxin Transport (GO:1901998),1/9,0.573624777772471,0.9999958087188284,0,0,1.2586517165005535,0.6995331913069818,SLC29A4
GO_Biological_Process_2023,Transferrin Transport (GO:0033572),1/9,0.573624777772471,0.9999958087188284,0,0,1.2586517165005535,0.6995331913069818,STEAP3
GO_Biological_Process_2023,Type II Interferon-Mediated Signaling Pathway (GO:0060333),1/9,0.573624777772471,0.9999958087188284,0,0,1.2586517165005535,0.6995331913069818,STAT1
GO_Biological_Process_2023,Vasoconstriction (GO:0042310),1/9,0.573624777772471,0.9999958087188284,0,0,1.2586517165005535,0.6995331913069818,EDN2
GO_Biological_Process_2023,"Wound Healing, Spreading Of Epidermal Cells (GO:0035313)",1/9,0.573624777772471,0.9999958087188284,0,0,1.2586517165005535,0.6995331913069818,MMP12
GO_Biological_Process_2023,DNA Replication Initiation (GO:0006270),2/21,0.5777208719943456,0.9999958087188284,0,0,1.0598629537833504,0.5815091218343702,MCM10;MCM2
GO_Biological_Process_2023,Endocardial Cushion Morphogenesis (GO:0003203),2/21,0.5777208719943456,0.9999958087188284,0,0,1.0598629537833504,0.5815091218343702,SOX9;ISL1
GO_Biological_Process_2023,Positive Regulation Of Blood Coagulation (GO:0030194),2/21,0.5777208719943456,0.9999958087188284,0,0,1.0598629537833504,0.5815091218343702,PLAU;F12
GO_Biological_Process_2023,Positive Regulation Of Dendritic Spine Development (GO:0060999),2/21,0.5777208719943456,0.9999958087188284,0,0,1.0598629537833504,0.5815091218343702,CAMK2B;LRP8
GO_Biological_Process_2023,Positive Regulation Of Granulocyte Chemotaxis (GO:0071624),2/21,0.5777208719943456,0.9999958087188284,0,0,1.0598629537833504,0.5815091218343702,MDK;RAC1
GO_Biological_Process_2023,Positive Regulation Of Heart Contraction (GO:0045823),2/21,0.5777208719943456,0.9999958087188284,0,0,1.0598629537833504,0.5815091218343702,EDN2;ATP2A2
GO_Biological_Process_2023,Positive Regulation Of Signal Transduction By P53 Class Mediator (GO:1901798),2/21,0.5777208719943456,0.9999958087188284,0,0,1.0598629537833504,0.5815091218343702,PMAIP1;CDK5RAP3
GO_Biological_Process_2023,Purine Nucleotide Biosynthetic Process (GO:0006164),2/21,0.5777208719943456,0.9999958087188284,0,0,1.0598629537833504,0.5815091218343702,PPAT;NMNAT2
GO_Biological_Process_2023,Regulation Of Cardiac Conduction (GO:1903779),2/21,0.5777208719943456,0.9999958087188284,0,0,1.0598629537833504,0.5815091218343702,ATP2A2;AGT
GO_Biological_Process_2023,Regulation Of Dendritic Spine Development (GO:0060998),2/21,0.5777208719943456,0.9999958087188284,0,0,1.0598629537833504,0.5815091218343702,CAMK2B;KIF1A
GO_Biological_Process_2023,Regulation Of Lipid Storage (GO:0010883),2/21,0.5777208719943456,0.9999958087188284,0,0,1.0598629537833504,0.5815091218343702,FBXW7;IKBKE
GO_Biological_Process_2023,Response To Cadmium Ion (GO:0046686),2/21,0.5777208719943456,0.9999958087188284,0,0,1.0598629537833504,0.5815091218343702,MMP9;EGFR
GO_Biological_Process_2023,Sodium Ion Import Across Plasma Membrane (GO:0098719),2/21,0.5777208719943456,0.9999958087188284,0,0,1.0598629537833504,0.5815091218343702,SLC9A5;SLC9A7
GO_Biological_Process_2023,Positive Regulation Of Cellular Metabolic Process (GO:0031325),5/56,0.5788882996011765,0.9999958087188284,0,0,0.9870296620312942,0.5395555595439602,ACE2;CCNB1;HPN;SORD;AGT
GO_Biological_Process_2023,Regulation Of Cation Channel Activity (GO:2001257),5/56,0.5788882996011765,0.9999958087188284,0,0,0.9870296620312942,0.5395555595439602,HCN3;JSRP1;CABP4;MMP9;FGF11
GO_Biological_Process_2023,Lung Development (GO:0030324),3/33,0.5833413997522596,0.9999958087188284,0,0,1.0068181818181818,0.5426575545407567,WNT7B;SOX11;STRA6
GO_Biological_Process_2023,ncRNA Catabolic Process (GO:0034661),3/33,0.5833413997522596,0.9999958087188284,0,0,1.0068181818181818,0.5426575545407567,ERN2;SLFN13;POP1
GO_Biological_Process_2023,Negative Regulation Of Double-Strand Break Repair (GO:2000780),3/33,0.5833413997522596,0.9999958087188284,0,0,1.0068181818181818,0.5426575545407567,OTUB2;POLQ;OTUB1
GO_Biological_Process_2023,Positive Regulation Of Notch Signaling Pathway (GO:0045747),3/33,0.5833413997522596,0.9999958087188284,0,0,1.0068181818181818,0.5426575545407567,MESP1;SRC;TSPAN5
GO_Biological_Process_2023,Positive Regulation Of Cytokine Production Involved In Immune Response (GO:0002720),3/33,0.5833413997522596,0.9999958087188284,0,0,1.0068181818181818,0.5426575545407567,SLC7A5;F2RL1;TRAF2
GO_Biological_Process_2023,Positive Regulation Of Release Of Sequestered Calcium Ion Into Cytosol (GO:0051281),3/33,0.5833413997522596,0.9999958087188284,0,0,1.0068181818181818,0.5426575545407567,P2RY6;CD19;THY1
GO_Biological_Process_2023,Regulation Of Type I Interferon-Mediated Signaling Pathway (GO:0060338),3/33,0.5833413997522596,0.9999958087188284,0,0,1.0068181818181818,0.5426575545407567,ISG15;TTLL12;IKBKE
GO_Biological_Process_2023,Vasculogenesis (GO:0001570),3/33,0.5833413997522596,0.9999958087188284,0,0,1.0068181818181818,0.5426575545407567,CUL7;WNT7B;TNNI3
GO_Biological_Process_2023,Ventricular Cardiac Muscle Tissue Morphogenesis (GO:0055010),3/33,0.5833413997522596,0.9999958087188284,0,0,1.0068181818181818,0.5426575545407567,DSP;TNNI3;ISL1
GO_Biological_Process_2023,Defense Response To Symbiont (GO:0140546),13/148,0.5846265381695805,0.9999958087188284,0,0,0.969296833064949,0.5203011235700137,IFNAR2;STAT1;MX2;DDX56;ISG15;SLFN13;AIM2;IRF3;IRF7;PMAIP1;F2RL1;TRIM31;IKBKE
GO_Biological_Process_2023,Transmembrane Receptor Protein Tyrosine Kinase Signaling Pathway (GO:0007169),25/284,0.5852214979353326,0.9999958087188284,0,0,0.9714259714259714,0.5204559136309842,DDR1;GRB7;SRC;MST1R;EFNA4;EGFR;GRB14;ERBB3;ERBB2;RAC1;EPHB2;SAMD10;MPZL1;EPHB3;GALNT3;PILRB;PTK6;SULF1;MMP9;CNKSR1;EPHA1;MUC20;NGEF;FRK;CDK5R1
GO_Biological_Process_2023,B Cell Differentiation (GO:0030183),6/68,0.5859578862349712,0.9999958087188284,0,0,0.9742436997367054,0.5207404264628941,IL10;CD79A;CLCF1;SYVN1;SLC39A7;TCF3
GO_Biological_Process_2023,Intermediate Filament Organization (GO:0045109),6/68,0.5859578862349712,0.9999958087188284,0,0,0.9742436997367054,0.5207404264628941,DSP;KRT17;KRT16;KRT15;KRT86;KRT6A
GO_Biological_Process_2023,Neuropeptide Signaling Pathway (GO:0007218),6/68,0.5859578862349712,0.9999958087188284,0,0,0.9742436997367054,0.5207404264628941,GPR37;GAL;NMU;KISS1R;SSTR2;MCHR2
GO_Biological_Process_2023,Negative Regulation Of Response To Biotic Stimulus (GO:0002832),4/45,0.5892228061561594,0.9999958087188284,0,0,0.982211219782747,0.5195414970616028,PPM1B;PARP1;AURKB;ATG12
GO_Biological_Process_2023,Negative Regulation Of Protein Serine/Threonine Kinase Activity (GO:0071901),7/80,0.5924385268030943,0.9999958087188284,0,0,0.965296803652968,0.5053407569963322,PKIB;CDKN2A;LRP5;NF1;CBLC;CDK5RAP3;AGT
GO_Biological_Process_2023,Positive Regulation Of Multicellular Organismal Process (GO:0051240),34/387,0.594923711818992,0.9999958087188284,0,0,0.9691484959312572,0.503300229295804,ACHE;MESP1;UCN;EHMT1;SIX1;ARID4B;YBX2;NR2C2;SCAMP5;CYP27B1;SIX4;MDK;SPP1;SOX9;TRPM8;STRA6;BCL9L;IL10;FGB;DIO2;SOX11;ELOVL6;ETV4;AGT;COL1A1;LEP;MFAP2;LCN2;SAA1;F2RL1;ADAM8;MAP3K13;GAPDH;EZH2
GO_Biological_Process_2023,Chemokine-Mediated Signaling Pathway (GO:0070098),5/57,0.5949841647107142,0.9999958087188284,0,0,0.9679949628617776,0.5026028167297608,CCL22;GPR35;STK39;TFF2;CXCL13
GO_Biological_Process_2023,Endosome To Lysosome Transport (GO:0008333),5/57,0.5949841647107142,0.9999958087188284,0,0,0.9679949628617776,0.5026028167297608,MGRN1;HOOK1;RAB12;VPS41;HOOK3
GO_Biological_Process_2023,Membrane Lipid Biosynthetic Process (GO:0046467),5/57,0.5949841647107142,0.9999958087188284,0,0,0.9679949628617776,0.5026028167297608,ALDH3B2;FA2H;SGPL1;ELOVL6;SGPP2
GO_Biological_Process_2023,Striated Muscle Contraction (GO:0006941),5/57,0.5949841647107142,0.9999958087188284,0,0,0.9679949628617776,0.5026028167297608,JSRP1;TNNT1;TNNI3;ATP1B1;LMOD3
GO_Biological_Process_2023,Sensory Perception Of Sound (GO:0007605),8/92,0.5984569058108388,0.9999958087188284,0,0,0.9586807485640172,0.4921874251346999,TFAP2A;COL1A1;MYO3B;COL11A1;HPN;BIRC5;ATP6V0A4;MYO7A
GO_Biological_Process_2023,Cellular Response To Calcium Ion (GO:0071277),6/69,0.6005261519967361,0.9999958087188284,0,0,0.9587266333518416,0.4889017723585203,CPNE4;ITPKA;BRAF;SYT13;ECT2;SYT7
GO_Biological_Process_2023,Regulation Of Endopeptidase Activity (GO:0052548),6/69,0.6005261519967361,0.9999958087188284,0,0,0.9587266333518416,0.4889017723585203,SERPINH1;ATP13A2;TIMP1;GAPDH;SERPINB5;BIRC3
GO_Biological_Process_2023,Fc Receptor Mediated Stimulatory Signaling Pathway (GO:0002431),2/22,0.6035316889325297,0.9999958087188284,0,0,1.006814404432133,0.5083977106229899,SRC;LIMK1
GO_Biological_Process_2023,NAD Metabolic Process (GO:0019674),2/22,0.6035316889325297,0.9999958087188284,0,0,1.006814404432133,0.5083977106229899,KRT17;NMNAT2
GO_Biological_Process_2023,Acetylcholine Receptor Signaling Pathway (GO:0095500),2/22,0.6035316889325297,0.9999958087188284,0,0,1.006814404432133,0.5083977106229899,LYPD1;CDK5R1
GO_Biological_Process_2023,Blood Vessel Endothelial Cell Migration (GO:0043534),2/22,0.6035316889325297,0.9999958087188284,0,0,1.006814404432133,0.5083977106229899,GREM1;MIA3
GO_Biological_Process_2023,Cellular Response To Cadmium Ion (GO:0071276),2/22,0.6035316889325297,0.9999958087188284,0,0,1.006814404432133,0.5083977106229899,MMP9;EGFR
GO_Biological_Process_2023,Inositol Phosphate Metabolic Process (GO:0043647),2/22,0.6035316889325297,0.9999958087188284,0,0,1.006814404432133,0.5083977106229899,INPP4B;ITPKA
GO_Biological_Process_2023,Mammary Gland Development (GO:0030879),2/22,0.6035316889325297,0.9999958087188284,0,0,1.006814404432133,0.5083977106229899,WNT7B;WNT3
GO_Biological_Process_2023,Membrane Protein Ectodomain Proteolysis (GO:0006509),2/22,0.6035316889325297,0.9999958087188284,0,0,1.006814404432133,0.5083977106229899,HM13;SPPL2B
GO_Biological_Process_2023,Modulation By Host Of Viral Process (GO:0044788),2/22,0.6035316889325297,0.9999958087188284,0,0,1.006814404432133,0.5083977106229899,KRT17;NUCKS1
GO_Biological_Process_2023,Negative Regulation Of G Protein-Coupled Receptor Signaling Pathway (GO:0045744),2/22,0.6035316889325297,0.9999958087188284,0,0,1.006814404432133,0.5083977106229899,MGRN1;APLP1
GO_Biological_Process_2023,Negative Regulation Of Axonogenesis (GO:0050771),2/22,0.6035316889325297,0.9999958087188284,0,0,1.006814404432133,0.5083977106229899,TRIM46;THY1
GO_Biological_Process_2023,Oxoacid Metabolic Process (GO:0043436),2/22,0.6035316889325297,0.9999958087188284,0,0,1.006814404432133,0.5083977106229899,PPA2;BPNT1
GO_Biological_Process_2023,Regulation Of Cardiac Muscle Cell Membrane Repolarization (GO:0099623),2/22,0.6035316889325297,0.9999958087188284,0,0,1.006814404432133,0.5083977106229899,KCNH6;NOS1AP
GO_Biological_Process_2023,Regulation Of Dopamine Secretion (GO:0014059),2/22,0.6035316889325297,0.9999958087188284,0,0,1.006814404432133,0.5083977106229899,SYT13;SYT7
GO_Biological_Process_2023,Regulation Of Neural Precursor Cell Proliferation (GO:2000177),2/22,0.6035316889325297,0.9999958087188284,0,0,1.006814404432133,0.5083977106229899,MDK;FZD9
GO_Biological_Process_2023,Regulation Of Regulatory T Cell Differentiation (GO:0045589),2/22,0.6035316889325297,0.9999958087188284,0,0,1.006814404432133,0.5083977106229899,IL4I1;MDK
GO_Biological_Process_2023,ATP Metabolic Process (GO:0046034),3/34,0.6040372211285454,0.9999958087188284,0,0,0.9742865317216222,0.4911567988547958,PARP1;ATP1B1;SLC25A13
GO_Biological_Process_2023,DNA Damage Checkpoint Signaling (GO:0000077),3/34,0.6040372211285454,0.9999958087188284,0,0,0.9742865317216222,0.4911567988547958,CHEK1;DONSON;RAD9A
GO_Biological_Process_2023,Apoptotic Mitochondrial Changes (GO:0008637),3/34,0.6040372211285454,0.9999958087188284,0,0,0.9742865317216222,0.4911567988547958,BIK;FZD9;SFN
GO_Biological_Process_2023,Establishment Of Mitotic Spindle Localization (GO:0040001),3/34,0.6040372211285454,0.9999958087188284,0,0,0.9742865317216222,0.4911567988547958,NUSAP1;CENPA;MAD2L1
GO_Biological_Process_2023,Glial Cell Differentiation (GO:0010001),3/34,0.6040372211285454,0.9999958087188284,0,0,0.9742865317216222,0.4911567988547958,ERBB3;SOX9;HAPLN3
GO_Biological_Process_2023,Membrane Protein Proteolysis (GO:0033619),3/34,0.6040372211285454,0.9999958087188284,0,0,0.9742865317216222,0.4911567988547958,TMPRSS6;HM13;SPPL2B
GO_Biological_Process_2023,Negative Regulation Of JNK Cascade (GO:0046329),3/34,0.6040372211285454,0.9999958087188284,0,0,0.9742865317216222,0.4911567988547958,MARVELD3;DUSP19;F2RL1
GO_Biological_Process_2023,Negative Regulation Of Ras Protein Signal Transduction (GO:0046580),3/34,0.6040372211285454,0.9999958087188284,0,0,0.9742865317216222,0.4911567988547958,MAPKAP1;KCTD13;EPHB2
GO_Biological_Process_2023,Positive Regulation Of Immunoglobulin Production (GO:0002639),3/34,0.6040372211285454,0.9999958087188284,0,0,0.9742865317216222,0.4911567988547958,IL10;CLCF1;EPHB2
GO_Biological_Process_2023,Positive Regulation Of Neuron Death (GO:1901216),3/34,0.6040372211285454,0.9999958087188284,0,0,0.9742865317216222,0.4911567988547958,TFAP2A;NF1;CDK5R1
GO_Biological_Process_2023,Regulation Of T Cell Receptor Signaling Pathway (GO:0050856),3/34,0.6040372211285454,0.9999958087188284,0,0,0.9742865317216222,0.4911567988547958,CEACAM1;THY1;KCNN4
GO_Biological_Process_2023,Smoothened Signaling Pathway (GO:0007224),3/34,0.6040372211285454,0.9999958087188284,0,0,0.9742865317216222,0.4911567988547958,STIL;DYRK2;TMEM17
GO_Biological_Process_2023,Macromolecule Modification (GO:0043412),7/81,0.605831406797879,0.9999958087188284,0,0,0.9521996996996998,0.4771982485999722,PARP1;MMP15;UBE2S;UBE2D2;FBXO2;PLOD2;FBXO11
GO_Biological_Process_2023,Amino Acid Transport (GO:0006865),4/46,0.6069604379952414,0.9999958087188284,0,0,0.9587724163431318,0.4787070773884643,SLC7A5;SLC1A4;SLC7A10;SLC36A4
GO_Biological_Process_2023,Development Of Primary Male Sexual Characteristics (GO:0046546),4/46,0.6069604379952414,0.9999958087188284,0,0,0.9587724163431318,0.4787070773884643,TFAP2C;SIX4;BIK;SOX9
GO_Biological_Process_2023,Male Gonad Development (GO:0008584),4/46,0.6069604379952414,0.9999958087188284,0,0,0.9587724163431318,0.4787070773884643,TFAP2C;SIX4;BIK;SOX9
GO_Biological_Process_2023,Myofibril Assembly (GO:0030239),4/46,0.6069604379952414,0.9999958087188284,0,0,0.9587724163431318,0.4787070773884643,SIX4;ADPRHL1;TNNT1;LMOD3
GO_Biological_Process_2023,Negative Regulation Of Cellular Metabolic Process (GO:0031324),4/46,0.6069604379952414,0.9999958087188284,0,0,0.9587724163431318,0.4787070773884643,TFAP2A;SIRT5;BRCA1;FBXO5
GO_Biological_Process_2023,Positive Regulation Of Peptide Hormone Secretion (GO:0090277),4/46,0.6069604379952414,0.9999958087188284,0,0,0.9587724163431318,0.4787070773884643,FGB;UCN;ISL1;SOX4
GO_Biological_Process_2023,Regulation Of Nervous System Development (GO:0051960),4/46,0.6069604379952414,0.9999958087188284,0,0,0.9587724163431318,0.4787070773884643,HES6;NSUN5;KIF14;WNT3
GO_Biological_Process_2023,Glycosaminoglycan Biosynthetic Process (GO:0006024),5/58,0.6107306641990048,0.9999958087188284,0,0,0.9496785542269596,0.4682857623693185,CHST6;CHPF;B3GAT3;DSEL;HS3ST1
GO_Biological_Process_2023,mRNA Transport (GO:0051028),5/58,0.6107306641990048,0.9999958087188284,0,0,0.9496785542269596,0.4682857623693185,UPF2;FYTTD1;THOC2;SMG7;NOL3
GO_Biological_Process_2023,Regulation Of Neuron Death (GO:1901214),5/58,0.6107306641990048,0.9999958087188284,0,0,0.9496785542269596,0.4682857623693185,EGLN3;TRIM2;KIF14;TRAF2;ATP13A2
GO_Biological_Process_2023,Regulation Of Protein Phosphorylation (GO:0001932),23/265,0.6121201874324522,0.9999958087188284,0,0,0.9563266686432198,0.4693905969603175,IGFBP3;SORD;CDCA8;CSNK1D;MMP9;EGFR;C1ORF112;AURKB;CCNA2;CLDN3;SLCO3A1;INCENP;PIP5KL1;LEP;SESN2;ERBB2;BIRC5;SOX9;RAC1;EPHB2;ECT2;CDK5RAP3;PROM2
GO_Biological_Process_2023,SRP-dependent Cotranslational Protein Targeting To Membrane (GO:0006614),1/10,0.6121650155614891,0.9999958087188284,0,0,1.1187400024609326,0.5490254594134776,SEC61A2
GO_Biological_Process_2023,Actin Filament Depolymerization (GO:0030042),1/10,0.6121650155614891,0.9999958087188284,0,0,1.1187400024609326,0.5490254594134776,VIL1
GO_Biological_Process_2023,Alpha-Amino Acid Biosynthetic Process (GO:1901607),1/10,0.6121650155614891,0.9999958087188284,0,0,1.1187400024609326,0.5490254594134776,CAD
GO_Biological_Process_2023,Basement Membrane Organization (GO:0071711),1/10,0.6121650155614891,0.9999958087188284,0,0,1.1187400024609326,0.5490254594134776,HPN
GO_Biological_Process_2023,Branched-Chain Amino Acid Transport (GO:0015803),1/10,0.6121650155614891,0.9999958087188284,0,0,1.1187400024609326,0.5490254594134776,SLC7A5
GO_Biological_Process_2023,Cellular Response To Forskolin (GO:1904322),1/10,0.6121650155614891,0.9999958087188284,0,0,1.1187400024609326,0.5490254594134776,CREB1
GO_Biological_Process_2023,Cellular Response To Interleukin-12 (GO:0071349),1/10,0.6121650155614891,0.9999958087188284,0,0,1.1187400024609326,0.5490254594134776,P4HB
GO_Biological_Process_2023,Cellular Response To Leucine (GO:0071233),1/10,0.6121650155614891,0.9999958087188284,0,0,1.1187400024609326,0.5490254594134776,SESN2
GO_Biological_Process_2023,Copper Ion Transport (GO:0006825),1/10,0.6121650155614891,0.9999958087188284,0,0,1.1187400024609326,0.5490254594134776,STEAP3
GO_Biological_Process_2023,Diol Metabolic Process (GO:0034311),1/10,0.6121650155614891,0.9999958087188284,0,0,1.1187400024609326,0.5490254594134776,SGPP2
GO_Biological_Process_2023,Endosomal Vesicle Fusion (GO:0034058),1/10,0.6121650155614891,0.9999958087188284,0,0,1.1187400024609326,0.5490254594134776,VPS41
GO_Biological_Process_2023,Epithelial Cell Apoptotic Process (GO:1904019),1/10,0.6121650155614891,0.9999958087188284,0,0,1.1187400024609326,0.5490254594134776,IL10
GO_Biological_Process_2023,Inositol Phosphate Biosynthetic Process (GO:0032958),1/10,0.6121650155614891,0.9999958087188284,0,0,1.1187400024609326,0.5490254594134776,ITPKA
GO_Biological_Process_2023,Meiotic Sister Chromatid Cohesion (GO:0051177),1/10,0.6121650155614891,0.9999958087188284,0,0,1.1187400024609326,0.5490254594134776,HORMAD1
GO_Biological_Process_2023,Microtubule Anchoring At Centrosome (GO:0034454),1/10,0.6121650155614891,0.9999958087188284,0,0,1.1187400024609326,0.5490254594134776,HOOK3
GO_Biological_Process_2023,Negative Regulation Of Centrosome Duplication (GO:0010826),1/10,0.6121650155614891,0.9999958087188284,0,0,1.1187400024609326,0.5490254594134776,CCNF
GO_Biological_Process_2023,Negative Regulation Of Hemostasis (GO:1900047),1/10,0.6121650155614891,0.9999958087188284,0,0,1.1187400024609326,0.5490254594134776,PROC
GO_Biological_Process_2023,Negative Regulation Of Homotypic Cell-Cell Adhesion (GO:0034111),1/10,0.6121650155614891,0.9999958087188284,0,0,1.1187400024609326,0.5490254594134776,CEACAM1
GO_Biological_Process_2023,Negative Regulation Of Interferon-Beta Production (GO:0032688),1/10,0.6121650155614891,0.9999958087188284,0,0,1.1187400024609326,0.5490254594134776,PPM1B
GO_Biological_Process_2023,Negative Regulation Of Intracellular Estrogen Receptor Signaling Pathway (GO:0033147),1/10,0.6121650155614891,0.9999958087188284,0,0,1.1187400024609326,0.5490254594134776,ISL1
GO_Biological_Process_2023,Negative Regulation Of Lymphocyte Migration (GO:2000402),1/10,0.6121650155614891,0.9999958087188284,0,0,1.1187400024609326,0.5490254594134776,MIA3
GO_Biological_Process_2023,Negative Regulation Of Mitochondrial Outer Membrane Permeabilization Involved In Apoptotic Signaling Pathway (GO:1901029),1/10,0.6121650155614891,0.9999958087188284,0,0,1.1187400024609326,0.5490254594134776,FZD9
GO_Biological_Process_2023,Negative Regulation Of Pathway-Restricted SMAD Protein Phosphorylation (GO:0060394),1/10,0.6121650155614891,0.9999958087188284,0,0,1.1187400024609326,0.5490254594134776,GREM1
GO_Biological_Process_2023,Negative Regulation Of Sodium Ion Transmembrane Transporter Activity (GO:2000650),1/10,0.6121650155614891,0.9999958087188284,0,0,1.1187400024609326,0.5490254594134776,STK39
GO_Biological_Process_2023,Negative Regulation Of Sprouting Angiogenesis (GO:1903671),1/10,0.6121650155614891,0.9999958087188284,0,0,1.1187400024609326,0.5490254594134776,E2F2
GO_Biological_Process_2023,Oxygen Transport (GO:0015671),1/10,0.6121650155614891,0.9999958087188284,0,0,1.1187400024609326,0.5490254594134776,MB
GO_Biological_Process_2023,Positive Regulation Of B Cell Differentiation (GO:0045579),1/10,0.6121650155614891,0.9999958087188284,0,0,1.1187400024609326,0.5490254594134776,IL10
GO_Biological_Process_2023,Positive Regulation Of Actin Nucleation (GO:0051127),1/10,0.6121650155614891,0.9999958087188284,0,0,1.1187400024609326,0.5490254594134776,SCIN
GO_Biological_Process_2023,Positive Regulation Of Bone Resorption (GO:0045780),1/10,0.6121650155614891,0.9999958087188284,0,0,1.1187400024609326,0.5490254594134776,SPP1
GO_Biological_Process_2023,Positive Regulation Of Chondrocyte Differentiation (GO:0032332),1/10,0.6121650155614891,0.9999958087188284,0,0,1.1187400024609326,0.5490254594134776,SOX9
GO_Biological_Process_2023,Positive Regulation Of Lipid Localization (GO:1905954),1/10,0.6121650155614891,0.9999958087188284,0,0,1.1187400024609326,0.5490254594134776,IKBKE
GO_Biological_Process_2023,Positive Regulation Of Macrophage Differentiation (GO:0045651),1/10,0.6121650155614891,0.9999958087188284,0,0,1.1187400024609326,0.5490254594134776,LIF
GO_Biological_Process_2023,Positive Regulation Of Mitochondrial Outer Membrane Permeabilization Involved In Apoptotic Signaling Pathway (GO:1901030),1/10,0.6121650155614891,0.9999958087188284,0,0,1.1187400024609326,0.5490254594134776,HIP1R
GO_Biological_Process_2023,Positive Regulation Of Non-Canonical Wnt Signaling Pathway (GO:2000052),1/10,0.6121650155614891,0.9999958087188284,0,0,1.1187400024609326,0.5490254594134776,LBX2
GO_Biological_Process_2023,Positive Regulation Of Post-Transcriptional Gene Silencing By RNA (GO:1900370),1/10,0.6121650155614891,0.9999958087188284,0,0,1.1187400024609326,0.5490254594134776,XPO5
GO_Biological_Process_2023,Positive Regulation Of Toll-Like Receptor 4 Signaling Pathway (GO:0034145),1/10,0.6121650155614891,0.9999958087188284,0,0,1.1187400024609326,0.5490254594134776,F2RL1
GO_Biological_Process_2023,Positive Regulation Of Voltage-Gated Potassium Channel Activity (GO:1903818),1/10,0.6121650155614891,0.9999958087188284,0,0,1.1187400024609326,0.5490254594134776,NOS1AP
GO_Biological_Process_2023,Progesterone Receptor Signaling Pathway (GO:0050847),1/10,0.6121650155614891,0.9999958087188284,0,0,1.1187400024609326,0.5490254594134776,SRC
GO_Biological_Process_2023,Protein Kinase C Signaling (GO:0070528),1/10,0.6121650155614891,0.9999958087188284,0,0,1.1187400024609326,0.5490254594134776,AVP
GO_Biological_Process_2023,Protein Localization To Condensed Chromosome (GO:1903083),1/10,0.6121650155614891,0.9999958087188284,0,0,1.1187400024609326,0.5490254594134776,TTK
GO_Biological_Process_2023,Protein Prenylation (GO:0018342),1/10,0.6121650155614891,0.9999958087188284,0,0,1.1187400024609326,0.5490254594134776,RCE1
GO_Biological_Process_2023,Purine Ribonucleoside Triphosphate Biosynthetic Process (GO:0009206),1/10,0.6121650155614891,0.9999958087188284,0,0,1.1187400024609326,0.5490254594134776,SLC25A13
GO_Biological_Process_2023,rRNA Base Methylation (GO:0070475),1/10,0.6121650155614891,0.9999958087188284,0,0,1.1187400024609326,0.5490254594134776,NSUN5
GO_Biological_Process_2023,Regulation Of Calcium Ion Transmembrane Transport Via High Voltage-Gated Calcium Channel (GO:1902514),1/10,0.6121650155614891,0.9999958087188284,0,0,1.1187400024609326,0.5490254594134776,NOS1AP
GO_Biological_Process_2023,Regulation Of Cardiac Muscle Cell Apoptotic Process (GO:0010665),1/10,0.6121650155614891,0.9999958087188284,0,0,1.1187400024609326,0.5490254594134776,MDK
GO_Biological_Process_2023,Regulation Of Gene Expression By Genomic Imprinting (GO:0006349),1/10,0.6121650155614891,0.9999958087188284,0,0,1.1187400024609326,0.5490254594134776,DNMT3A
GO_Biological_Process_2023,Regulation Of Long-Term Neuronal Synaptic Plasticity (GO:0048169),1/10,0.6121650155614891,0.9999958087188284,0,0,1.1187400024609326,0.5490254594134776,CAMK2B
GO_Biological_Process_2023,Regulation Of mRNA Polyadenylation (GO:1900363),1/10,0.6121650155614891,0.9999958087188284,0,0,1.1187400024609326,0.5490254594134776,CPSF6
GO_Biological_Process_2023,Regulation Of Melanin Biosynthetic Process (GO:0048021),1/10,0.6121650155614891,0.9999958087188284,0,0,1.1187400024609326,0.5490254594134776,CDH3
GO_Biological_Process_2023,Regulation Of Opsonization (GO:1903027),1/10,0.6121650155614891,0.9999958087188284,0,0,1.1187400024609326,0.5490254594134776,C4BPB
GO_Biological_Process_2023,Regulation Of Peroxisome Proliferator Activated Receptor Signaling Pathway (GO:0035358),1/10,0.6121650155614891,0.9999958087188284,0,0,1.1187400024609326,0.5490254594134776,LMO3
GO_Biological_Process_2023,"Regulation Of Phagocytosis, Engulfment (GO:0060099)",1/10,0.6121650155614891,0.9999958087188284,0,0,1.1187400024609326,0.5490254594134776,F2RL1
GO_Biological_Process_2023,Regulation Of Programmed Necrotic Cell Death (GO:0062098),1/10,0.6121650155614891,0.9999958087188284,0,0,1.1187400024609326,0.5490254594134776,BIRC3
GO_Biological_Process_2023,Regulation Of Toll-Like Receptor 2 Signaling Pathway (GO:0034135),1/10,0.6121650155614891,0.9999958087188284,0,0,1.1187400024609326,0.5490254594134776,F2RL1
GO_Biological_Process_2023,Response To Corticosteroid (GO:0031960),1/10,0.6121650155614891,0.9999958087188284,0,0,1.1187400024609326,0.5490254594134776,IL10
GO_Biological_Process_2023,Response To Forskolin (GO:1904321),1/10,0.6121650155614891,0.9999958087188284,0,0,1.1187400024609326,0.5490254594134776,CREB1
GO_Biological_Process_2023,Response To Leucine (GO:0043201),1/10,0.6121650155614891,0.9999958087188284,0,0,1.1187400024609326,0.5490254594134776,SESN2
GO_Biological_Process_2023,Serine Family Amino Acid Biosynthetic Process (GO:0009070),1/10,0.6121650155614891,0.9999958087188284,0,0,1.1187400024609326,0.5490254594134776,PSAT1
GO_Biological_Process_2023,snRNA Transcription By RNA Polymerase II (GO:0042795),1/10,0.6121650155614891,0.9999958087188284,0,0,1.1187400024609326,0.5490254594134776,SNAPC1
GO_Biological_Process_2023,tRNA Threonylcarbamoyladenosine Metabolic Process (GO:0070525),1/10,0.6121650155614891,0.9999958087188284,0,0,1.1187400024609326,0.5490254594134776,YRDC
GO_Biological_Process_2023,Thyroid Hormone Generation (GO:0006590),1/10,0.6121650155614891,0.9999958087188284,0,0,1.1187400024609326,0.5490254594134776,DIO2
GO_Biological_Process_2023,Negative Regulation Of Multicellular Organismal Process (GO:0051241),20/231,0.6133968231872471,0.9999958087188284,0,0,0.9538080449375028,0.4661672021141825,IL10;FOXA1;PARP1;HPN;ACOT11;ARID4B;KREMEN2;PTPN23;IL17RD;GRHL2;ACVR2B;EGFR;PROC;TNNT1;MDK;MARVELD3;PAEP;SOX9;TIMP1;LGR4
GO_Biological_Process_2023,Positive Regulation Of Phosphorylation (GO:0042327),20/231,0.6133968231872471,0.9999958087188284,0,0,0.9538080449375028,0.4661672021141825,DDR1;CDCA8;CSNK1D;MST1R;MMP9;EGFR;AURKB;CCNA2;CLDN3;SLCO3A1;ERBB3;INCENP;LEP;ERBB2;BIRC5;SOX9;RAC1;EPHA1;DRD4;PROM2
GO_Biological_Process_2023,Positive Regulation Of Protein Transport (GO:0051222),6/70,0.6148133041930256,0.9999958087188284,0,0,0.9436944752915049,0.4590475581213206,FGB;ACHE;B3GAT3;ADAM8;ATP13A2;EXPH5
GO_Biological_Process_2023,Regulation Of Actin Filament-Based Process (GO:0032970),6/70,0.6148133041930256,0.9999958087188284,0,0,0.9436944752915049,0.4590475581213206,BAIAP2L1;TAOK1;ARHGEF19;HIP1R;RAC3;RAC1
GO_Biological_Process_2023,Regulation Of Cellular Biosynthetic Process (GO:0031326),6/70,0.6148133041930256,0.9999958087188284,0,0,0.9436944752915049,0.4590475581213206,RBM3;NOS1AP;SIRT5;MSI2;RAC1;PKP3
GO_Biological_Process_2023,Protein Maturation (GO:0051604),10/117,0.6204434849357949,0.9999958087188284,0,0,0.9406123393610326,0.4489737951497306,CCS;TESC;F12;XPNPEP3;BOLA2;TMPRSS4;LONP2;TSPAN5;ECE2;PCSK4
GO_Biological_Process_2023,Protein Processing (GO:0016485),10/117,0.6204434849357949,0.9999958087188284,0,0,0.9406123393610326,0.4489737951497306,HM13;F12;XPNPEP3;TMPRSS4;LONP2;RCE1;ECE2;PRSS3;PCSK4;KLK6
GO_Biological_Process_2023,Cellular Response To Organic Cyclic Compound (GO:0071407),13/152,0.6239147809394894,0.9999958087188284,0,0,0.9411948701908038,0.4440006694524613,HCN3;BLM;JUP;CIB2;BRCA1;SSTR2;EGFR;P2RY6;CREB1;RAD51;CDH1;SPP1;LCOR
GO_Biological_Process_2023,Action Potential (GO:0001508),3/35,0.6240397168827698,0.9999958087188284,0,0,0.9437881097560976,0.4450350380221182,KCNH6;KCNMB3;SLC4A3
GO_Biological_Process_2023,Dendrite Morphogenesis (GO:0048813),3/35,0.6240397168827698,0.9999958087188284,0,0,0.9437881097560976,0.4450350380221182,NOL3;EPHB2;EPHB3
GO_Biological_Process_2023,Intrinsic Apoptotic Signaling Pathway By P53 Class Mediator (GO:0072332),3/35,0.6240397168827698,0.9999958087188284,0,0,0.9437881097560976,0.4450350380221182,DYRK2;PMAIP1;PML
GO_Biological_Process_2023,Positive Regulation Of Telomere Maintenance Via Telomere Lengthening (GO:1904358),3/35,0.6240397168827698,0.9999958087188284,0,0,0.9437881097560976,0.4450350380221182,PKIB;NEK2;AURKB
GO_Biological_Process_2023,Regulation Of Axon Extension (GO:0030516),3/35,0.6240397168827698,0.9999958087188284,0,0,0.9437881097560976,0.4450350380221182,LIMK1;TRIM46;MAP3K13
GO_Biological_Process_2023,Regulation Of Cardiac Muscle Contraction (GO:0055117),3/35,0.6240397168827698,0.9999958087188284,0,0,0.9437881097560976,0.4450350380221182,ATP2A2;TNNI3;ATP1B1
GO_Biological_Process_2023,Regulation Of Cellular Senescence (GO:2000772),3/35,0.6240397168827698,0.9999958087188284,0,0,0.9437881097560976,0.4450350380221182,PNPT1;NEK6;FBXO5
GO_Biological_Process_2023,Regulation Of Postsynaptic Membrane Potential (GO:0060078),3/35,0.6240397168827698,0.9999958087188284,0,0,0.9437881097560976,0.4450350380221182,FOXM1;DRD4;GRIN1
GO_Biological_Process_2023,Regulation Of Regulated Secretory Pathway (GO:1903305),3/35,0.6240397168827698,0.9999958087188284,0,0,0.9437881097560976,0.4450350380221182,RAB15;SYT13;SYT7
GO_Biological_Process_2023,Protein Monoubiquitination (GO:0006513),4/47,0.6242210257241744,0.9999958087188284,0,0,0.9364237898076848,0.4412904277214209,MGRN1;UHRF1;UBE2T;UBE2O
GO_Biological_Process_2023,Response To Organonitrogen Compound (GO:0010243),4/47,0.6242210257241744,0.9999958087188284,0,0,0.9364237898076848,0.4412904277214209,CREB1;CCDC47;SYVN1;DRD4
GO_Biological_Process_2023,Protein Homooligomerization (GO:0051260),11/129,0.6249360798129914,0.9999958087188284,0,0,0.9381723981729644,0.441040385954488,COMP;POLQ;BLM;PNPT1;SHMT2;AQP11;TK1;ECT2;FOXM1;NOL3;SAMD1
GO_Biological_Process_2023,Regulation Of DNA Repair (GO:0006282),11/129,0.6249360798129914,0.9999958087188284,0,0,0.9381723981729644,0.441040385954488,MBTD1;BARD1;DEPDC1B;SMARCC2;PARP1;TAF6;BRCA1;NPAS2;POLH;EGFR;PML
GO_Biological_Process_2023,Anterior/Posterior Pattern Specification (GO:0009952),5/59,0.626115285459331,0.9999958087188284,0,0,0.9320405310971348,0.4364007283955708,HES6;LRP5;HOXC4;HOXC9;HOXB7
GO_Biological_Process_2023,Cellular Response To Chemokine (GO:1990869),5/59,0.626115285459331,0.9999958087188284,0,0,0.9320405310971348,0.4364007283955708,CCL22;GPR35;STK39;TFF2;CXCL13
GO_Biological_Process_2023,Phospholipid Transport (GO:0015914),5/59,0.626115285459331,0.9999958087188284,0,0,0.9320405310971348,0.4364007283955708,OSBPL8;PITPNM1;ABCA4;ATP10B;ABCA12
GO_Biological_Process_2023,Positive Regulation Of Cell Growth (GO:0030307),9/106,0.6272687580042252,0.9999958087188284,0,0,0.9338210841370136,0.4355156537442489,SLC44A4;MAPKAP1;HPN;ERBB2;LIMK1;RASAL1;MAP3K13;PRSS2;EGFR
GO_Biological_Process_2023,Actin Nucleation (GO:0045010),2/23,0.6281285520263612,0.9999958087188284,0,0,0.9588180978762696,0.4458604186539473,SCIN;LMOD3
GO_Biological_Process_2023,Artery Development (GO:0060840),2/23,0.6281285520263612,0.9999958087188284,0,0,0.9588180978762696,0.4458604186539473,NF1;STRA6
GO_Biological_Process_2023,Bile Acid And Bile Salt Transport (GO:0015721),2/23,0.6281285520263612,0.9999958087188284,0,0,0.9588180978762696,0.4458604186539473,ABCC3;CEACAM1
GO_Biological_Process_2023,Cellular Lipid Catabolic Process (GO:0044242),2/23,0.6281285520263612,0.9999958087188284,0,0,0.9588180978762696,0.4458604186539473,SMPDL3B;PPARD
GO_Biological_Process_2023,Cytosolic Pattern Recognition Receptor Signaling Pathway (GO:0002753),2/23,0.6281285520263612,0.9999958087188284,0,0,0.9588180978762696,0.4458604186539473,IRF3;IRF7
GO_Biological_Process_2023,Endocardial Cushion Development (GO:0003197),2/23,0.6281285520263612,0.9999958087188284,0,0,0.9588180978762696,0.4458604186539473,SOX9;ISL1
GO_Biological_Process_2023,Heparan Sulfate Proteoglycan Biosynthetic Process (GO:0015012),2/23,0.6281285520263612,0.9999958087188284,0,0,0.9588180978762696,0.4458604186539473,HS3ST1;HS6ST2
GO_Biological_Process_2023,Long-Chain Fatty Acid Transport (GO:0015909),2/23,0.6281285520263612,0.9999958087188284,0,0,0.9588180978762696,0.4458604186539473,SLC25A20;SLC27A2
GO_Biological_Process_2023,Negative Regulation Of Extrinsic Apoptotic Signaling Pathway Via Death Domain Receptors (GO:1902042),2/23,0.6281285520263612,0.9999958087188284,0,0,0.9588180978762696,0.4458604186539473,FGB;BRCA1
GO_Biological_Process_2023,Negative Regulation Of Neuron Differentiation (GO:0045665),2/23,0.6281285520263612,0.9999958087188284,0,0,0.9588180978762696,0.4458604186539473,EIF2AK4;SOX9
GO_Biological_Process_2023,Positive Regulation Of Cell-Substrate Junction Organization (GO:0150117),2/23,0.6281285520263612,0.9999958087188284,0,0,0.9588180978762696,0.4458604186539473,THY1;RAC1
GO_Biological_Process_2023,"Positive Regulation Of mRNA Splicing, Via Spliceosome (GO:0048026)",2/23,0.6281285520263612,0.9999958087188284,0,0,0.9588180978762696,0.4458604186539473,RBM3;WDR77
GO_Biological_Process_2023,Positive Regulation Of Neutrophil Migration (GO:1902624),2/23,0.6281285520263612,0.9999958087188284,0,0,0.9588180978762696,0.4458604186539473,MDK;RAC1
GO_Biological_Process_2023,Positive Regulation Of Oxidoreductase Activity (GO:0051353),2/23,0.6281285520263612,0.9999958087188284,0,0,0.9588180978762696,0.4458604186539473,EDN2;AGT
GO_Biological_Process_2023,Potassium Ion Homeostasis (GO:0055075),2/23,0.6281285520263612,0.9999958087188284,0,0,0.9588180978762696,0.4458604186539473,ATP1B1;SLC12A8
GO_Biological_Process_2023,Protein N-linked Glycosylation Via Asparagine (GO:0018279),2/23,0.6281285520263612,0.9999958087188284,0,0,0.9588180978762696,0.4458604186539473,FUT8;DERL3
GO_Biological_Process_2023,Protein Localization To Cell Junction (GO:1902414),2/23,0.6281285520263612,0.9999958087188284,0,0,0.9588180978762696,0.4458604186539473,DSP;MARVELD3
GO_Biological_Process_2023,Regulation Of Axon Extension Involved In Axon Guidance (GO:0048841),2/23,0.6281285520263612,0.9999958087188284,0,0,0.9588180978762696,0.4458604186539473,SEMA4B;SEMA3E
GO_Biological_Process_2023,Regulation Of Cardiac Muscle Hypertrophy (GO:0010611),2/23,0.6281285520263612,0.9999958087188284,0,0,0.9588180978762696,0.4458604186539473,PARP1;PDE9A
GO_Biological_Process_2023,Regulation Of Lipid Catabolic Process (GO:0050994),2/23,0.6281285520263612,0.9999958087188284,0,0,0.9588180978762696,0.4458604186539473,LONP2;ABCD1
GO_Biological_Process_2023,Positive Regulation Of Cell Projection Organization (GO:0031346),10/118,0.6313023468722188,0.9999958087188284,0,0,0.931851439642202,0.428624057154606,DDR1;CAMK2B;CUL7;MDK;PLXNB3;PTK6;MAP3K13;MARK2;PLXNA3;PROM2
GO_Biological_Process_2023,Regulation Of Small GTPase Mediated Signal Transduction (GO:0051056),10/118,0.6313023468722188,0.9999958087188284,0,0,0.931851439642202,0.428624057154606,BCR;RACGAP1;SRC;PLEKHG6;ARHGEF19;TNFRSF25;ECT2;FOXM1;RHOD;NGEF
GO_Biological_Process_2023,Regulation Of Cellular Component Organization (GO:0051128),13/153,0.6334476687281699,0.9999958087188284,0,0,0.9344202898550724,0.4266356435848953,SETD1A;KIF14;HIP1R;TRAF2;MKI67;ATAD3A;AGT;AURKA;CEACAM1;PACSIN3;PAK6;PACSIN1;MCM2
GO_Biological_Process_2023,Positive Regulation Of GTPase Activity (GO:0043547),20/234,0.6367507465416149,0.9999958087188284,0,0,0.9402800077402216,0.4244207621880815,CCL22;GRTP1;TBC1D3B;ARHGEF16;ARHGEF19;TBC1D3C;THY1;CXCL13;RAPGEFL1;BCR;ERBB2;NF1;F2RL1;EPHA1;AGRN;ECT2;NGEF;TBC1D10B;EZH2;RALGPS2
GO_Biological_Process_2023,Monoatomic Ion Transport (GO:0006811),9/107,0.6385789759679179,0.9999958087188284,0,0,0.9242412204036232,0.4145313570351945,PANX2;SLC5A8;SLC9A5;SLC9A7;AQP11;SLC25A10;SLC1A7;CNGB1;GRIN1
GO_Biological_Process_2023,Cellular Response To Mechanical Stimulus (GO:0071260),4/48,0.640992419768192,0.9999958087188284,0,0,0.91509100993294,0.4069754232494222,TNFSF14;CHEK1;TNFRSF10A;SOX9
GO_Biological_Process_2023,Myelination (GO:0042552),4/48,0.640992419768192,0.9999958087188284,0,0,0.91509100993294,0.4069754232494222,NF1;TNFRSF21;KLK6;BCAS1
GO_Biological_Process_2023,Regulation Of Protein-Containing Complex Assembly (GO:0043254),10/119,0.6419953144533345,0.9999958087188284,0,0,0.923251290376928,0.4091612200351646,CHAF1B;GNL3L;MMP1;SRC;BIK;MMP3;VPS41;BMF;TRAF2;ISL1
GO_Biological_Process_2023,Plasma Membrane Organization (GO:0007009),6/72,0.6425045068123337,0.9999958087188284,0,0,0.914996718994498,0.4047775732293009,FA2H;PACSIN3;TLCD1;ABCD1;SYT7;PACSIN1
GO_Biological_Process_2023,Positive Regulation Of Protein Localization To Nucleus (GO:1900182),6/72,0.6425045068123337,0.9999958087188284,0,0,0.914996718994498,0.4047775732293009,JUP;CDH1;SESN2;LIF;ECT2;CDK5RAP3
GO_Biological_Process_2023,Regulation Of Cellular Localization (GO:0060341),6/72,0.6425045068123337,0.9999958087188284,0,0,0.914996718994498,0.4047775732293009,PARP1;TRIM17;FBXW7;TRIM46;REEP6;TRIM38
GO_Biological_Process_2023,COPII-coated Vesicle Budding (GO:0090114),3/36,0.6433375570672974,0.9999958087188284,0,0,0.9151380770006048,0.4036543379439868,VAPB;MIA3;CSNK1D
GO_Biological_Process_2023,Base-Excision Repair (GO:0006284),3/36,0.6433375570672974,0.9999958087188284,0,0,0.9151380770006048,0.4036543379439868,POLQ;FEN1;TDG
GO_Biological_Process_2023,Lytic Vacuole Organization (GO:0080171),3/36,0.6433375570672974,0.9999958087188284,0,0,0.9151380770006048,0.4036543379439868,HOOK1;HOOK3;MYO7A
GO_Biological_Process_2023,Positive Regulation Of Interferon-Beta Production (GO:0032728),3/36,0.6433375570672974,0.9999958087188284,0,0,0.9151380770006048,0.4036543379439868,IRF3;IRF7;ISG15
GO_Biological_Process_2023,Positive Regulation Of Myeloid Cell Differentiation (GO:0045639),3/36,0.6433375570672974,0.9999958087188284,0,0,0.9151380770006048,0.4036543379439868,SCIN;STAT1;TESC
GO_Biological_Process_2023,Regulation Of Intracellular Protein Transport (GO:0033157),3/36,0.6433375570672974,0.9999958087188284,0,0,0.9151380770006048,0.4036543379439868,B3GAT3;ATP13A2;UHMK1
GO_Biological_Process_2023,Positive Regulation Of Supramolecular Fiber Organization (GO:1902905),8/96,0.6470147396124911,0.9999958087188284,0,0,0.914902218404164,0.3983358032329761,VIL1;BAIAP2L2;BAIAP2L1;SCIN;LIMK1;F2RL1;RAC1;CDK5R1
GO_Biological_Process_2023,AMP Metabolic Process (GO:0046033),1/11,0.6472233252362466,0.9999958087188284,0,0,1.006810631229236,0.4380269332628793,SORD
GO_Biological_Process_2023,DNA Methylation-Dependent Heterochromatin Formation (GO:0006346),1/11,0.6472233252362466,0.9999958087188284,0,0,1.006810631229236,0.4380269332628793,HELLS
GO_Biological_Process_2023,"RNA Splicing, Via Endonucleolytic Cleavage And Ligation (GO:0000394)",1/11,0.6472233252362466,0.9999958087188284,0,0,1.006810631229236,0.4380269332628793,TSEN54
GO_Biological_Process_2023,Biogenic Amine Biosynthetic Process (GO:0042401),1/11,0.6472233252362466,0.9999958087188284,0,0,1.006810631229236,0.4380269332628793,SMOX
GO_Biological_Process_2023,cGMP Metabolic Process (GO:0046068),1/11,0.6472233252362466,0.9999958087188284,0,0,1.006810631229236,0.4380269332628793,PDE9A
GO_Biological_Process_2023,Cellular Response To Acetylcholine (GO:1905145),1/11,0.6472233252362466,0.9999958087188284,0,0,1.006810631229236,0.4380269332628793,LYPD1
GO_Biological_Process_2023,Endoplasmic Reticulum Membrane Organization (GO:0090158),1/11,0.6472233252362466,0.9999958087188284,0,0,1.006810631229236,0.4380269332628793,VAPB
GO_Biological_Process_2023,Erythrocyte Development (GO:0048821),1/11,0.6472233252362466,0.9999958087188284,0,0,1.006810631229236,0.4380269332628793,G6PD
GO_Biological_Process_2023,Ganglion Development (GO:0061548),1/11,0.6472233252362466,0.9999958087188284,0,0,1.006810631229236,0.4380269332628793,TUBB3
GO_Biological_Process_2023,Heterocycle Biosynthetic Process (GO:0018130),1/11,0.6472233252362466,0.9999958087188284,0,0,1.006810631229236,0.4380269332628793,PYCR1
GO_Biological_Process_2023,Lipoprotein Transport (GO:0042953),1/11,0.6472233252362466,0.9999958087188284,0,0,1.006810631229236,0.4380269332628793,MIA3
GO_Biological_Process_2023,Lysosomal Membrane Organization (GO:0097212),1/11,0.6472233252362466,0.9999958087188284,0,0,1.006810631229236,0.4380269332628793,LAPTM4B
GO_Biological_Process_2023,Magnesium Ion Transport (GO:0015693),1/11,0.6472233252362466,0.9999958087188284,0,0,1.006810631229236,0.4380269332628793,SLC41A2
GO_Biological_Process_2023,Negative Regulation Of Bone Remodeling (GO:0046851),1/11,0.6472233252362466,0.9999958087188284,0,0,1.006810631229236,0.4380269332628793,GREM1
GO_Biological_Process_2023,Negative Regulation Of Cellular Response To Vascular Endothelial Growth Factor Stimulus (GO:1902548),1/11,0.6472233252362466,0.9999958087188284,0,0,1.006810631229236,0.4380269332628793,SORD
GO_Biological_Process_2023,Negative Regulation Of Fibrinolysis (GO:0051918),1/11,0.6472233252362466,0.9999958087188284,0,0,1.006810631229236,0.4380269332628793,PLAU
GO_Biological_Process_2023,Negative Regulation Of Glucose Transmembrane Transport (GO:0010829),1/11,0.6472233252362466,0.9999958087188284,0,0,1.006810631229236,0.4380269332628793,LEP
GO_Biological_Process_2023,Negative Regulation Of Leukocyte Apoptotic Process (GO:2000107),1/11,0.6472233252362466,0.9999958087188284,0,0,1.006810631229236,0.4380269332628793,IRF7
GO_Biological_Process_2023,Negative Regulation Of Leukocyte Chemotaxis (GO:0002689),1/11,0.6472233252362466,0.9999958087188284,0,0,1.006810631229236,0.4380269332628793,GREM1
GO_Biological_Process_2023,Negative Regulation Of Microtubule Polymerization (GO:0031115),1/11,0.6472233252362466,0.9999958087188284,0,0,1.006810631229236,0.4380269332628793,TBCD
GO_Biological_Process_2023,Negative Regulation Of Myotube Differentiation (GO:0010832),1/11,0.6472233252362466,0.9999958087188284,0,0,1.006810631229236,0.4380269332628793,CEACAM5
GO_Biological_Process_2023,Negative Regulation Of Potassium Ion Transmembrane Transport (GO:1901380),1/11,0.6472233252362466,0.9999958087188284,0,0,1.006810631229236,0.4380269332628793,STK39
GO_Biological_Process_2023,Negative Regulation Of Reactive Oxygen Species Biosynthetic Process (GO:1903427),1/11,0.6472233252362466,0.9999958087188284,0,0,1.006810631229236,0.4380269332628793,ABCD1
GO_Biological_Process_2023,Negative Regulation Of Vascular Permeability (GO:0043116),1/11,0.6472233252362466,0.9999958087188284,0,0,1.006810631229236,0.4380269332628793,CEACAM1
GO_Biological_Process_2023,Neutrophil Activation Involved In Immune Response (GO:0002283),1/11,0.6472233252362466,0.9999958087188284,0,0,1.006810631229236,0.4380269332628793,DNASE1
GO_Biological_Process_2023,Nucleoside Phosphate Biosynthetic Process (GO:1901293),1/11,0.6472233252362466,0.9999958087188284,0,0,1.006810631229236,0.4380269332628793,NMNAT2
GO_Biological_Process_2023,Pentose-Phosphate Shunt (GO:0006098),1/11,0.6472233252362466,0.9999958087188284,0,0,1.006810631229236,0.4380269332628793,G6PD
GO_Biological_Process_2023,Phagosome-Lysosome Fusion (GO:0090385),1/11,0.6472233252362466,0.9999958087188284,0,0,1.006810631229236,0.4380269332628793,SYT7
GO_Biological_Process_2023,Phospholipid Efflux (GO:0033700),1/11,0.6472233252362466,0.9999958087188284,0,0,1.006810631229236,0.4380269332628793,ABCA12
GO_Biological_Process_2023,Positive Regulation Of Coagulation (GO:0050820),1/11,0.6472233252362466,0.9999958087188284,0,0,1.006810631229236,0.4380269332628793,F12
GO_Biological_Process_2023,Positive Regulation Of Cytoplasmic Transport (GO:1903651),1/11,0.6472233252362466,0.9999958087188284,0,0,1.006810631229236,0.4380269332628793,PTPN23
GO_Biological_Process_2023,Positive Regulation Of Hemostasis (GO:1900048),1/11,0.6472233252362466,0.9999958087188284,0,0,1.006810631229236,0.4380269332628793,F12
GO_Biological_Process_2023,Positive Regulation Of Muscle Contraction (GO:0045933),1/11,0.6472233252362466,0.9999958087188284,0,0,1.006810631229236,0.4380269332628793,NMU
GO_Biological_Process_2023,"Positive Regulation Of Protein Localization To Chromosome, Telomeric Region (GO:1904816)",1/11,0.6472233252362466,0.9999958087188284,0,0,1.006810631229236,0.4380269332628793,GNL3L
GO_Biological_Process_2023,Positive Regulation Of Protein Maturation (GO:1903319),1/11,0.6472233252362466,0.9999958087188284,0,0,1.006810631229236,0.4380269332628793,SOX4
GO_Biological_Process_2023,Positive Regulation Of Pseudopodium Assembly (GO:0031274),1/11,0.6472233252362466,0.9999958087188284,0,0,1.006810631229236,0.4380269332628793,F2RL1
GO_Biological_Process_2023,Regulation Of RNA Export From Nucleus (GO:0046831),1/11,0.6472233252362466,0.9999958087188284,0,0,1.006810631229236,0.4380269332628793,CPSF6
GO_Biological_Process_2023,Regulation Of Adipose Tissue Development (GO:1904177),1/11,0.6472233252362466,0.9999958087188284,0,0,1.006810631229236,0.4380269332628793,PARP1
GO_Biological_Process_2023,Regulation Of Astrocyte Differentiation (GO:0048710),1/11,0.6472233252362466,0.9999958087188284,0,0,1.006810631229236,0.4380269332628793,CLCF1
GO_Biological_Process_2023,Regulation Of Cytoplasmic Transport (GO:1903649),1/11,0.6472233252362466,0.9999958087188284,0,0,1.006810631229236,0.4380269332628793,SRC
GO_Biological_Process_2023,Regulation Of Epithelial Cell Apoptotic Process (GO:1904035),1/11,0.6472233252362466,0.9999958087188284,0,0,1.006810631229236,0.4380269332628793,MDK
GO_Biological_Process_2023,Regulation Of Keratinocyte Migration (GO:0051547),1/11,0.6472233252362466,0.9999958087188284,0,0,1.006810631229236,0.4380269332628793,MMP9
GO_Biological_Process_2023,Regulation Of Leukocyte Tethering Or Rolling (GO:1903236),1/11,0.6472233252362466,0.9999958087188284,0,0,1.006810631229236,0.4380269332628793,ENC1
GO_Biological_Process_2023,Regulation Of Lipid Kinase Activity (GO:0043550),1/11,0.6472233252362466,0.9999958087188284,0,0,1.006810631229236,0.4380269332628793,EEF1A2
GO_Biological_Process_2023,Regulation Of mRNA 3'-End Processing (GO:0031440),1/11,0.6472233252362466,0.9999958087188284,0,0,1.006810631229236,0.4380269332628793,BARD1
GO_Biological_Process_2023,Regulation Of Protein K63-linked Ubiquitination (GO:1900044),1/11,0.6472233252362466,0.9999958087188284,0,0,1.006810631229236,0.4380269332628793,PARP10
GO_Biological_Process_2023,Regulation Of Pseudopodium Assembly (GO:0031272),1/11,0.6472233252362466,0.9999958087188284,0,0,1.006810631229236,0.4380269332628793,F2RL1
GO_Biological_Process_2023,Regulation Of Stress-Activated Protein Kinase Signaling Cascade (GO:0070302),1/11,0.6472233252362466,0.9999958087188284,0,0,1.006810631229236,0.4380269332628793,GREM1
GO_Biological_Process_2023,Response To Nitric Oxide (GO:0071731),1/11,0.6472233252362466,0.9999958087188284,0,0,1.006810631229236,0.4380269332628793,MMP3
GO_Biological_Process_2023,Self Proteolysis (GO:0097264),1/11,0.6472233252362466,0.9999958087188284,0,0,1.006810631229236,0.4380269332628793,TMPRSS6
GO_Biological_Process_2023,Sphingoid Metabolic Process (GO:0046519),1/11,0.6472233252362466,0.9999958087188284,0,0,1.006810631229236,0.4380269332628793,SGPP2
GO_Biological_Process_2023,Sulfate Transport (GO:0008272),1/11,0.6472233252362466,0.9999958087188284,0,0,1.006810631229236,0.4380269332628793,SLC25A10
GO_Biological_Process_2023,"tRNA Splicing, Via Endonucleolytic Cleavage And Ligation (GO:0006388)",1/11,0.6472233252362466,0.9999958087188284,0,0,1.006810631229236,0.4380269332628793,TSEN54
GO_Biological_Process_2023,Tyrosine Metabolic Process (GO:0006570),1/11,0.6472233252362466,0.9999958087188284,0,0,1.006810631229236,0.4380269332628793,IL4I1
GO_Biological_Process_2023,Positive Regulation Of Apoptotic Process (GO:0043065),23/270,0.6482813739766061,0.9999958087188284,0,0,0.936706849911948,0.4059972787592444,BARD1;TOP2A;FOXA1;TFAP2A;PRR7;TNFRSF12A;IGFBP3;FZD9;HIP1R;PNMA3;TNFRSF10A;CEL;UBE2Z;MELK;SCIN;PIP5KL1;NF1;PMAIP1;BMF;ECT2;SOX4;SPDEF;CDK5R1
GO_Biological_Process_2023,Positive Regulation Of DNA Metabolic Process (GO:0051054),9/108,0.6496982861329597,0.9999958087188284,0,0,0.9148548892709072,0.3945286085217035,CDT1;DEPDC1B;PARP3;RAD51;BRCA1;BAZ1A;NPAS2;EGFR;PML
GO_Biological_Process_2023,Positive Regulation Of Metabolic Process (GO:0009893),9/108,0.6496982861329597,0.9999958087188284,0,0,0.9148548892709072,0.3945286085217035,ACHE;LEP;MFAP2;DIO2;LCN2;EHMT1;YBX2;ELOVL6;TRPM8
GO_Biological_Process_2023,ERK1 And ERK2 Cascade (GO:0070371),2/24,0.6515200106498857,0.9999958087188284,0,0,0.915185091916394,0.3921084609682218,AVP;SOX9
GO_Biological_Process_2023,Fc-gamma Receptor Signaling Pathway (GO:0038094),2/24,0.6515200106498857,0.9999958087188284,0,0,0.915185091916394,0.3921084609682218,SRC;LIMK1
GO_Biological_Process_2023,Dicarboxylic Acid Transport (GO:0006835),2/24,0.6515200106498857,0.9999958087188284,0,0,0.915185091916394,0.3921084609682218,SLC25A10;SLC1A7
GO_Biological_Process_2023,Lipid Translocation (GO:0034204),2/24,0.6515200106498857,0.9999958087188284,0,0,0.915185091916394,0.3921084609682218,ABCA4;ATP10B
GO_Biological_Process_2023,mRNA Polyadenylation (GO:0006378),2/24,0.6515200106498857,0.9999958087188284,0,0,0.915185091916394,0.3921084609682218,PNPT1;CSTF3
GO_Biological_Process_2023,Multivesicular Body Sorting Pathway (GO:0071985),2/24,0.6515200106498857,0.9999958087188284,0,0,0.915185091916394,0.3921084609682218,LAPTM4B;EXPH5
GO_Biological_Process_2023,Negative Regulation Of Antigen Receptor-Mediated Signaling Pathway (GO:0050858),2/24,0.6515200106498857,0.9999958087188284,0,0,0.915185091916394,0.3921084609682218,CEACAM1;THY1
GO_Biological_Process_2023,Positive Regulation Of Lipid Metabolic Process (GO:0045834),2/24,0.6515200106498857,0.9999958087188284,0,0,0.915185091916394,0.3921084609682218,CREB1;EEF1A2
GO_Biological_Process_2023,Protein K48-linked Deubiquitination (GO:0071108),2/24,0.6515200106498857,0.9999958087188284,0,0,0.915185091916394,0.3921084609682218,OTUB2;OTUB1
GO_Biological_Process_2023,Regulation Of Actin Nucleation (GO:0051125),2/24,0.6515200106498857,0.9999958087188284,0,0,0.915185091916394,0.3921084609682218,VIL1;SCIN
GO_Biological_Process_2023,Regulation Of Endoplasmic Reticulum Stress-Induced Intrinsic Apoptotic Signaling Pathway (GO:1902235),2/24,0.6515200106498857,0.9999958087188284,0,0,0.915185091916394,0.3921084609682218,SYVN1;PMAIP1
GO_Biological_Process_2023,Regulation Of Execution Phase Of Apoptosis (GO:1900117),2/24,0.6515200106498857,0.9999958087188284,0,0,0.915185091916394,0.3921084609682218,DFFA;CEL
GO_Biological_Process_2023,Regulation Of Viral Life Cycle (GO:1903900),2/24,0.6515200106498857,0.9999958087188284,0,0,0.915185091916394,0.3921084609682218,TRIM38;KPNA2
GO_Biological_Process_2023,Stress Granule Assembly (GO:0034063),2/24,0.6515200106498857,0.9999958087188284,0,0,0.915185091916394,0.3921084609682218,ATXN2L;GRB7
GO_Biological_Process_2023,Negative Regulation Of Intrinsic Apoptotic Signaling Pathway (GO:2001243),5/61,0.6557582859725372,0.9999958087188284,0,0,0.8986542730299667,0.3791988749770596,SRC;SYVN1;HYOU1;NOL3;MMP9
GO_Biological_Process_2023,Negative Regulation Of Viral Process (GO:0048525),5/61,0.6557582859725372,0.9999958087188284,0,0,0.8986542730299667,0.3791988749770596,STAT1;TRIM13;ISG15;TRIM31;SRPK1
GO_Biological_Process_2023,Antibacterial Humoral Response (GO:0019731),4/49,0.6572652887231772,0.9999958087188284,0,0,0.8947063536081838,0.3754792269554126,FGB;WFDC10B;WFDC2;WFDC3
GO_Biological_Process_2023,Interferon-Mediated Signaling Pathway (GO:0140888),4/49,0.6572652887231772,0.9999958087188284,0,0,0.8947063536081838,0.3754792269554126,IFNAR2;IRAK1;STAT1;IKBKE
GO_Biological_Process_2023,Positive Regulation Of Nervous System Development (GO:0051962),4/49,0.6572652887231772,0.9999958087188284,0,0,0.8947063536081838,0.3754792269554126,SRPX2;SOX11;EPHB2;EPHB3
GO_Biological_Process_2023,Regulation Of GTPase Activity (GO:0043087),18/214,0.6603462770766831,0.9999958087188284,0,0,0.9238600974207458,0.383393551143733,CCL22;THY1;RAPGEFL1;FGD6;ERBB2;NF1;PLXNB3;F2RL1;EPHA1;AGRN;ECT2;NGEF;EPHB3;TBC1D10B;PROM2;EZH2;RALGPS2;PLXNA3
GO_Biological_Process_2023,Regulation Of p38MAPK Cascade (GO:1900744),3/37,0.6619241823757994,0.9999958087188284,0,0,0.8881733402895526,0.3664641018121491,LEP;STK39;SORD
GO_Biological_Process_2023,Regulation Of Vascular Associated Smooth Muscle Cell Proliferation (GO:1904705),3/37,0.6619241823757994,0.9999958087188284,0,0,0.8881733402895526,0.3664641018121491,IL10;P2RY6;MMP9
GO_Biological_Process_2023,Ventricular Septum Development (GO:0003281),3/37,0.6619241823757994,0.9999958087188284,0,0,0.8881733402895526,0.3664641018121491,SOX11;SOX4;STRA6
GO_Biological_Process_2023,Positive Regulation Of Cell Migration (GO:0030335),23/272,0.6622746927457779,0.9999958087188284,0,0,0.9290795468871,0.3828503292161356,GRB7;DOCK5;SRC;SEMA4B;MIA3;LAMC2;SEMA3E;RHOD;EGFR;COL1A1;VIL1;CCNA2;CLDN4;CLDN3;RAB25;CEACAM6;PLAU;MDK;F2RL1;FBXO5;SOX9;EPHB2;EPHA1
GO_Biological_Process_2023,Inorganic Cation Transmembrane Transport (GO:0098662),24/284,0.6655516461630937,0.9999958087188284,0,0,0.92840933603693,0.3779916849698181,KCNK5;KCNK6;HCN3;KCNH6;KCNK12;SLC41A2;HPN;SLC39A11;SLC4A11;ATP2A2;HTR3A;ATP1B1;SLC6A3;SLC4A8;SLC6A8;SLC9A5;SLC9A7;KCNQ3;ATP6V0A4;TRPM8;SLC39A7;KCNN4;KCNK1;SLC39A4
GO_Biological_Process_2023,Exocytosis (GO:0006887),7/86,0.6691046665821975,0.9999958087188284,0,0,0.8916877637130801,0.3582933215359399,RAB25;RAB26;TMEM79;RAB3IP;MIA3;STX1A;SYTL2
GO_Biological_Process_2023,Negative Regulation Of Macromolecule Biosynthetic Process (GO:0010558),8/98,0.6699828296493265,0.9999958087188284,0,0,0.8944722376628992,0.3582389884096988,IL10;GRB7;TRIM2;ENC1;IGF2BP3;IGF2BP2;TYMS;GAPDH
GO_Biological_Process_2023,Phosphatidylinositol-Mediated Signaling (GO:0048015),5/62,0.6700008111726607,0.9999958087188284,0,0,0.8828397297349924,0.3535564378012961,ERBB3;ERBB2;NF1;PLCH1;MUC5AC
GO_Biological_Process_2023,Regulation Of T Cell Activation (GO:0050863),5/62,0.6700008111726607,0.9999958087188284,0,0,0.8828397297349924,0.3535564378012961,IL4I1;FCHO1;FGL1;THY1;VTCN1
GO_Biological_Process_2023,Blood Circulation (GO:0008015),4/50,0.67303291973623,0.9999958087188284,0,0,0.8752079866888519,0.3465482607931144,ACE2;STAT1;TNNI3;GCLM
GO_Biological_Process_2023,Cell Chemotaxis (GO:0060326),4/50,0.67303291973623,0.9999958087188284,0,0,0.8752079866888519,0.3465482607931144,ENC1;ARHGEF16;PLXNB3;TNFRSF25
GO_Biological_Process_2023,Regulation Of Interferon-Beta Production (GO:0032648),4/50,0.67303291973623,0.9999958087188284,0,0,0.8752079866888519,0.3465482607931144,PPM1B;IRF3;IRF7;ISG15
GO_Biological_Process_2023,Regulation Of Interleukin-12 Production (GO:0032655),4/50,0.67303291973623,0.9999958087188284,0,0,0.8752079866888519,0.3465482607931144,IL10;MDK;ISL1;FOXP1
GO_Biological_Process_2023,Steroid Biosynthetic Process (GO:0006694),4/50,0.67303291973623,0.9999958087188284,0,0,0.8752079866888519,0.3465482607931144,CYP21A2;SRD5A1;HSD17B1;SLC27A2
GO_Biological_Process_2023,RNA Polyadenylation (GO:0043631),2/25,0.673722975450845,0.9999958087188284,0,0,0.8753462603878116,0.3457059854704369,PNPT1;CSTF3
GO_Biological_Process_2023,Cellular Response To Hexose Stimulus (GO:0071331),2/25,0.673722975450845,0.9999958087188284,0,0,0.8753462603878116,0.3457059854704369,SLC2A5;SOX4
GO_Biological_Process_2023,fatty-acyl-CoA Biosynthetic Process (GO:0046949),2/25,0.673722975450845,0.9999958087188284,0,0,0.8753462603878116,0.3457059854704369,ELOVL6;SLC27A2
GO_Biological_Process_2023,Lamellipodium Assembly (GO:0030032),2/25,0.673722975450845,0.9999958087188284,0,0,0.8753462603878116,0.3457059854704369,RAC1;RHOD
GO_Biological_Process_2023,Myotube Differentiation (GO:0014902),2/25,0.673722975450845,0.9999958087188284,0,0,0.8753462603878116,0.3457059854704369,DOCK5;SIX4
GO_Biological_Process_2023,Negative Regulation Of TORC1 Signaling (GO:1904262),2/25,0.673722975450845,0.9999958087188284,0,0,0.8753462603878116,0.3457059854704369,SESN2;WDR24
GO_Biological_Process_2023,Negative Regulation Of Intracellular Protein Transport (GO:0090317),2/25,0.673722975450845,0.9999958087188284,0,0,0.8753462603878116,0.3457059854704369,BARD1;BAG4
GO_Biological_Process_2023,Negative Regulation Of Protein Transport (GO:0051224),2/25,0.673722975450845,0.9999958087188284,0,0,0.8753462603878116,0.3457059854704369,RHBDF2;DRD4
GO_Biological_Process_2023,Negative Regulation Of Response To Endoplasmic Reticulum Stress (GO:1903573),2/25,0.673722975450845,0.9999958087188284,0,0,0.8753462603878116,0.3457059854704369,SYVN1;AQP11
GO_Biological_Process_2023,Negative Regulation Of Response To Wounding (GO:1903035),2/25,0.673722975450845,0.9999958087188284,0,0,0.8753462603878116,0.3457059854704369,CLDN3;MDK
GO_Biological_Process_2023,Negative Regulation Of Smoothened Signaling Pathway (GO:0045879),2/25,0.673722975450845,0.9999958087188284,0,0,0.8753462603878116,0.3457059854704369,MGRN1;RFX4
GO_Biological_Process_2023,Osteoclast Differentiation (GO:0030316),2/25,0.673722975450845,0.9999958087188284,0,0,0.8753462603878116,0.3457059854704369,SRC;FOXP1
GO_Biological_Process_2023,Positive Regulation Of T Cell Migration (GO:2000406),2/25,0.673722975450845,0.9999958087188284,0,0,0.8753462603878116,0.3457059854704369,STK39;CXCL13
GO_Biological_Process_2023,Positive Regulation Of Striated Muscle Cell Differentiation (GO:0051155),2/25,0.673722975450845,0.9999958087188284,0,0,0.8753462603878116,0.3457059854704369,MESP1;LMOD3
GO_Biological_Process_2023,Proteoglycan Metabolic Process (GO:0006029),2/25,0.673722975450845,0.9999958087188284,0,0,0.8753462603878116,0.3457059854704369,CANT1;SULF1
GO_Biological_Process_2023,Regulation Of Cell Cycle Phase Transition (GO:1901987),2/25,0.673722975450845,0.9999958087188284,0,0,0.8753462603878116,0.3457059854704369,DDB1;FBXW7
GO_Biological_Process_2023,Regulation Of Intracellular Estrogen Receptor Signaling Pathway (GO:0033146),2/25,0.673722975450845,0.9999958087188284,0,0,0.8753462603878116,0.3457059854704369,FOXA1;ISL1
GO_Biological_Process_2023,Regulation Of Neutrophil Chemotaxis (GO:0090022),2/25,0.673722975450845,0.9999958087188284,0,0,0.8753462603878116,0.3457059854704369,MDK;RAC1
GO_Biological_Process_2023,Regulation Of Protein Processing (GO:0070613),2/25,0.673722975450845,0.9999958087188284,0,0,0.8753462603878116,0.3457059854704369,PLAU;ADAM8
GO_Biological_Process_2023,Regulation Of Synapse Organization (GO:0050807),2/25,0.673722975450845,0.9999958087188284,0,0,0.8753462603878116,0.3457059854704369,CAMK2B;GRIPAP1
GO_Biological_Process_2023,Sodium Ion Homeostasis (GO:0055078),2/25,0.673722975450845,0.9999958087188284,0,0,0.8753462603878116,0.3457059854704369,TMPRSS4;ATP1B1
GO_Biological_Process_2023,Vesicle Cargo Loading (GO:0035459),2/25,0.673722975450845,0.9999958087188284,0,0,0.8753462603878116,0.3457059854704369,MIA3;CTAGE6
GO_Biological_Process_2023,Negative Regulation Of Response To External Stimulus (GO:0032102),12/146,0.6770130305274202,0.9999958087188284,0,0,0.9009603791626823,0.3514328929860184,IL10;PPM1B;CLDN3;FNDC4;PROC;PARP1;SAA1;SMPDL3B;ISL1;ATG12;AURKB;PPARD
GO_Biological_Process_2023,Regulation Of Cold-Induced Thermogenesis (GO:0120161),12/146,0.6770130305274202,0.9999958087188284,0,0,0.9009603791626823,0.3514328929860184,ACHE;LEP;ACOT11;MFAP2;DIO2;LCN2;EHMT1;YBX2;ELOVL6;TRPM8;ACVR2B;LGR4
GO_Biological_Process_2023,Chromatin Remodeling (GO:0006338),19/228,0.6785562921375272,0.9999958087188284,0,0,0.9143786861907668,0.3545849334482536,FOXA1;TFAP2C;SMARCC2;SETDB1;CBX3;SATB2;CHD8;BAZ1A;NPM3;DEPDC1B;MTA1;TDG;CHEK1;SOX9;TOP1;BCOR;MORC2;MTA3;BRDT
GO_Biological_Process_2023,C-terminal Protein Amino Acid Modification (GO:0018410),1/12,0.6791141236717554,0.9999958087188284,0,0,0.9152320547669384,0.3541637691695757,ATG12
GO_Biological_Process_2023,DNA Strand Elongation (GO:0022616),1/12,0.6791141236717554,0.9999958087188284,0,0,0.9152320547669384,0.3541637691695757,MCM4
GO_Biological_Process_2023,DNA Strand Elongation Involved In DNA Replication (GO:0006271),1/12,0.6791141236717554,0.9999958087188284,0,0,0.9152320547669384,0.3541637691695757,MCM4
GO_Biological_Process_2023,MyD88-dependent Toll-Like Receptor Signaling Pathway (GO:0002755),1/12,0.6791141236717554,0.9999958087188284,0,0,0.9152320547669384,0.3541637691695757,IRAK1
GO_Biological_Process_2023,NADPH Regeneration (GO:0006740),1/12,0.6791141236717554,0.9999958087188284,0,0,0.9152320547669384,0.3541637691695757,G6PD
GO_Biological_Process_2023,V(D)J Recombination (GO:0033151),1/12,0.6791141236717554,0.9999958087188284,0,0,0.9152320547669384,0.3541637691695757,TCF3
GO_Biological_Process_2023,Adult Locomotory Behavior (GO:0008344),1/12,0.6791141236717554,0.9999958087188284,0,0,0.9152320547669384,0.3541637691695757,DRD4
GO_Biological_Process_2023,Aspartate Family Amino Acid Metabolic Process (GO:0009066),1/12,0.6791141236717554,0.9999958087188284,0,0,0.9152320547669384,0.3541637691695757,SLC25A13
GO_Biological_Process_2023,"Base-Excision Repair, Gap-Filling (GO:0006287)",1/12,0.6791141236717554,0.9999958087188284,0,0,0.9152320547669384,0.3541637691695757,FEN1
GO_Biological_Process_2023,Biogenic Amine Metabolic Process (GO:0006576),1/12,0.6791141236717554,0.9999958087188284,0,0,0.9152320547669384,0.3541637691695757,SLC29A4
GO_Biological_Process_2023,Cell-Cell Junction Maintenance (GO:0045217),1/12,0.6791141236717554,0.9999958087188284,0,0,0.9152320547669384,0.3541637691695757,F2RL1
GO_Biological_Process_2023,Cellular Component Maintenance (GO:0043954),1/12,0.6791141236717554,0.9999958087188284,0,0,0.9152320547669384,0.3541637691695757,CLDN3
GO_Biological_Process_2023,Dendrite Self-Avoidance (GO:0070593),1/12,0.6791141236717554,0.9999958087188284,0,0,0.9152320547669384,0.3541637691695757,IGSF9
GO_Biological_Process_2023,Detection Of Calcium Ion (GO:0005513),1/12,0.6791141236717554,0.9999958087188284,0,0,0.9152320547669384,0.3541637691695757,KCNMB3
GO_Biological_Process_2023,Endothelium Development (GO:0003158),1/12,0.6791141236717554,0.9999958087188284,0,0,0.9152320547669384,0.3541637691695757,MESP1
GO_Biological_Process_2023,Fatty Acid Elongation (GO:0030497),1/12,0.6791141236717554,0.9999958087188284,0,0,0.9152320547669384,0.3541637691695757,ELOVL6
GO_Biological_Process_2023,Glucose Import (GO:0046323),1/12,0.6791141236717554,0.9999958087188284,0,0,0.9152320547669384,0.3541637691695757,SLC2A1
GO_Biological_Process_2023,Granulocyte Activation (GO:0036230),1/12,0.6791141236717554,0.9999958087188284,0,0,0.9152320547669384,0.3541637691695757,F2RL1
GO_Biological_Process_2023,Lipid Droplet Formation (GO:0140042),1/12,0.6791141236717554,0.9999958087188284,0,0,0.9152320547669384,0.3541637691695757,SFI1
GO_Biological_Process_2023,Lipoprotein Localization (GO:0044872),1/12,0.6791141236717554,0.9999958087188284,0,0,0.9152320547669384,0.3541637691695757,MIA3
GO_Biological_Process_2023,Low-Density Lipoprotein Particle Remodeling (GO:0034374),1/12,0.6791141236717554,0.9999958087188284,0,0,0.9152320547669384,0.3541637691695757,AGT
GO_Biological_Process_2023,Mesoderm Morphogenesis (GO:0048332),1/12,0.6791141236717554,0.9999958087188284,0,0,0.9152320547669384,0.3541637691695757,MESP1
GO_Biological_Process_2023,Microtubule Anchoring At Microtubule Organizing Center (GO:0072393),1/12,0.6791141236717554,0.9999958087188284,0,0,0.9152320547669384,0.3541637691695757,HOOK3
GO_Biological_Process_2023,Mitochondrial Transcription (GO:0006390),1/12,0.6791141236717554,0.9999958087188284,0,0,0.9152320547669384,0.3541637691695757,MRPL12
GO_Biological_Process_2023,Myelination In Peripheral Nervous System (GO:0022011),1/12,0.6791141236717554,0.9999958087188284,0,0,0.9152320547669384,0.3541637691695757,NF1
GO_Biological_Process_2023,Negative Regulation By Host Of Viral Process (GO:0044793),1/12,0.6791141236717554,0.9999958087188284,0,0,0.9152320547669384,0.3541637691695757,EIF2AK4
GO_Biological_Process_2023,Negative Regulation Of JUN Kinase Activity (GO:0043508),1/12,0.6791141236717554,0.9999958087188284,0,0,0.9152320547669384,0.3541637691695757,DUSP19
GO_Biological_Process_2023,Negative Regulation Of Alcohol Biosynthetic Process (GO:1902931),1/12,0.6791141236717554,0.9999958087188284,0,0,0.9152320547669384,0.3541637691695757,CYP27B1
GO_Biological_Process_2023,Negative Regulation Of Coagulation (GO:0050819),1/12,0.6791141236717554,0.9999958087188284,0,0,0.9152320547669384,0.3541637691695757,PROC
GO_Biological_Process_2023,Negative Regulation Of Locomotion (GO:0040013),1/12,0.6791141236717554,0.9999958087188284,0,0,0.9152320547669384,0.3541637691695757,FRMD5
GO_Biological_Process_2023,Negative Regulation Of Mitochondrial Membrane Permeability (GO:0035795),1/12,0.6791141236717554,0.9999958087188284,0,0,0.9152320547669384,0.3541637691695757,FZD9
GO_Biological_Process_2023,Negative Regulation Of Potassium Ion Transport (GO:0043267),1/12,0.6791141236717554,0.9999958087188284,0,0,0.9152320547669384,0.3541637691695757,STK39
GO_Biological_Process_2023,Nuclear Body Organization (GO:0030575),1/12,0.6791141236717554,0.9999958087188284,0,0,0.9152320547669384,0.3541637691695757,PML
GO_Biological_Process_2023,Nucleotide Metabolic Process (GO:0009117),1/12,0.6791141236717554,0.9999958087188284,0,0,0.9152320547669384,0.3541637691695757,NMNAT2
GO_Biological_Process_2023,Phosphate Ion Homeostasis (GO:0055062),1/12,0.6791141236717554,0.9999958087188284,0,0,0.9152320547669384,0.3541637691695757,XPR1
GO_Biological_Process_2023,Phospholipid Homeostasis (GO:0055091),1/12,0.6791141236717554,0.9999958087188284,0,0,0.9152320547669384,0.3541637691695757,TLCD1
GO_Biological_Process_2023,Positive Regulation Of Cell Morphogenesis Involved In Differentiation (GO:0010770),1/12,0.6791141236717554,0.9999958087188284,0,0,0.9152320547669384,0.3541637691695757,CUL7
GO_Biological_Process_2023,Positive Regulation Of Histone H3-K4 Methylation (GO:0051571),1/12,0.6791141236717554,0.9999958087188284,0,0,0.9152320547669384,0.3541637691695757,BRCA1
GO_Biological_Process_2023,Positive Regulation Of mRNA Metabolic Process (GO:1903313),1/12,0.6791141236717554,0.9999958087188284,0,0,0.9152320547669384,0.3541637691695757,PNPT1
GO_Biological_Process_2023,Positive Regulation Of Myeloid Leukocyte Mediated Immunity (GO:0002888),1/12,0.6791141236717554,0.9999958087188284,0,0,0.9152320547669384,0.3541637691695757,F2RL1
GO_Biological_Process_2023,Positive Regulation Of Neuron Migration (GO:2001224),1/12,0.6791141236717554,0.9999958087188284,0,0,0.9152320547669384,0.3541637691695757,MDK
GO_Biological_Process_2023,Positive Regulation Of Nuclear-Transcribed mRNA poly(A) Tail Shortening (GO:0060213),1/12,0.6791141236717554,0.9999958087188284,0,0,0.9152320547669384,0.3541637691695757,TNRC6A
GO_Biological_Process_2023,Positive Regulation Of Protein Export From Nucleus (GO:0046827),1/12,0.6791141236717554,0.9999958087188284,0,0,0.9152320547669384,0.3541637691695757,YWHAE
GO_Biological_Process_2023,Positive Regulation Of Ruffle Assembly (GO:1900029),1/12,0.6791141236717554,0.9999958087188284,0,0,0.9152320547669384,0.3541637691695757,EPS8L1
GO_Biological_Process_2023,Positive Regulation Of Vasoconstriction (GO:0045907),1/12,0.6791141236717554,0.9999958087188284,0,0,0.9152320547669384,0.3541637691695757,FGB
GO_Biological_Process_2023,Pseudouridine Synthesis (GO:0001522),1/12,0.6791141236717554,0.9999958087188284,0,0,0.9152320547669384,0.3541637691695757,PUSL1
GO_Biological_Process_2023,Quaternary Ammonium Group Transport (GO:0015697),1/12,0.6791141236717554,0.9999958087188284,0,0,0.9152320547669384,0.3541637691695757,SLC44A4
GO_Biological_Process_2023,Regulation Of SNARE Complex Assembly (GO:0035542),1/12,0.6791141236717554,0.9999958087188284,0,0,0.9152320547669384,0.3541637691695757,VPS41
GO_Biological_Process_2023,Regulation Of Actin Filament Organization (GO:0110053),1/12,0.6791141236717554,0.9999958087188284,0,0,0.9152320547669384,0.3541637691695757,VIL1
GO_Biological_Process_2023,Regulation Of Actomyosin Structure Organization (GO:0110020),1/12,0.6791141236717554,0.9999958087188284,0,0,0.9152320547669384,0.3541637691695757,RAC1
GO_Biological_Process_2023,Regulation Of Chromosome Separation (GO:1905818),1/12,0.6791141236717554,0.9999958087188284,0,0,0.9152320547669384,0.3541637691695757,NCAPG2
GO_Biological_Process_2023,Regulation Of Hematopoietic Stem Cell Differentiation (GO:1902036),1/12,0.6791141236717554,0.9999958087188284,0,0,0.9152320547669384,0.3541637691695757,SETD1A
GO_Biological_Process_2023,Regulation Of Interleukin-5 Production (GO:0032674),1/12,0.6791141236717554,0.9999958087188284,0,0,0.9152320547669384,0.3541637691695757,TNFRSF21
GO_Biological_Process_2023,Regulation Of Lymphocyte Migration (GO:2000401),1/12,0.6791141236717554,0.9999958087188284,0,0,0.9152320547669384,0.3541637691695757,MIA3
GO_Biological_Process_2023,Regulation Of Platelet-Derived Growth Factor Receptor Signaling Pathway (GO:0010640),1/12,0.6791141236717554,0.9999958087188284,0,0,0.9152320547669384,0.3541637691695757,CBLB
GO_Biological_Process_2023,"Regulation Of Retrograde Protein Transport, ER To Cytosol (GO:1904152)",1/12,0.6791141236717554,0.9999958087188284,0,0,0.9152320547669384,0.3541637691695757,DERL3
GO_Biological_Process_2023,Regulation Of Sensory Perception (GO:0051931),1/12,0.6791141236717554,0.9999958087188284,0,0,0.9152320547669384,0.3541637691695757,ZFHX2
GO_Biological_Process_2023,Regulation Of Vascular Associated Smooth Muscle Cell Migration (GO:1904752),1/12,0.6791141236717554,0.9999958087188284,0,0,0.9152320547669384,0.3541637691695757,DOCK5
GO_Biological_Process_2023,Relaxation Of Cardiac Muscle (GO:0055119),1/12,0.6791141236717554,0.9999958087188284,0,0,0.9152320547669384,0.3541637691695757,ATP1B1
GO_Biological_Process_2023,Response To Thyroid Hormone (GO:0097066),1/12,0.6791141236717554,0.9999958087188284,0,0,0.9152320547669384,0.3541637691695757,HPN
GO_Biological_Process_2023,Ribosome Disassembly (GO:0032790),1/12,0.6791141236717554,0.9999958087188284,0,0,0.9152320547669384,0.3541637691695757,DENR
GO_Biological_Process_2023,snRNA Transcription (GO:0009301),1/12,0.6791141236717554,0.9999958087188284,0,0,0.9152320547669384,0.3541637691695757,SNAPC1
GO_Biological_Process_2023,Sodium Ion Export Across Plasma Membrane (GO:0036376),1/12,0.6791141236717554,0.9999958087188284,0,0,0.9152320547669384,0.3541637691695757,ATP1B1
GO_Biological_Process_2023,tRNA 5'-Leader Removal (GO:0001682),1/12,0.6791141236717554,0.9999958087188284,0,0,0.9152320547669384,0.3541637691695757,RPP40
GO_Biological_Process_2023,Very Long-Chain Fatty Acid Biosynthetic Process (GO:0042761),1/12,0.6791141236717554,0.9999958087188284,0,0,0.9152320547669384,0.3541637691695757,ELOVL6
GO_Biological_Process_2023,RNA 3'-End Processing (GO:0031123),3/38,0.6797972999791665,0.9999958087188284,0,0,0.862749445676275,0.3329873053629882,CPSF6;PNPT1;CSTF3
GO_Biological_Process_2023,Establishment Of Protein Localization To Plasma Membrane (GO:0061951),3/38,0.6797972999791665,0.9999958087188284,0,0,0.862749445676275,0.3329873053629882,GGA1;RAB26;BLZF1
GO_Biological_Process_2023,Negative Regulation Of Epithelial Cell Apoptotic Process (GO:1904036),3/38,0.6797972999791665,0.9999958087188284,0,0,0.862749445676275,0.3329873053629882,FGB;IL10;MDK
GO_Biological_Process_2023,Positive Regulation Of Myoblast Differentiation (GO:0045663),3/38,0.6797972999791665,0.9999958087188284,0,0,0.862749445676275,0.3329873053629882,SMARCC2;IGFBP3;SOX4
GO_Biological_Process_2023,Regulation Of Protein Import Into Nucleus (GO:0042306),3/38,0.6797972999791665,0.9999958087188284,0,0,0.862749445676275,0.3329873053629882,JUP;CDH1;ECT2
GO_Biological_Process_2023,Response To cAMP (GO:0051591),3/38,0.6797972999791665,0.9999958087188284,0,0,0.862749445676275,0.3329873053629882,HCN3;VGF;STAT1
GO_Biological_Process_2023,Negative Regulation Of Phosphorylation (GO:0042326),6/75,0.6817176451627945,0.9999958087188284,0,0,0.8750694058856191,0.3352738444298673,CDKN2A;PIP5KL1;IGFBP3;SORD;EPHB2;CDK5RAP3
GO_Biological_Process_2023,Nucleosome Organization (GO:0034728),6/75,0.6817176451627945,0.9999958087188284,0,0,0.8750694058856191,0.3352738444298673,CHAF1B;SMARCC2;HMGA1;SOX9;BAZ1A;ASF1B
GO_Biological_Process_2023,Positive Regulation Of Neurogenesis (GO:0050769),6/75,0.6817176451627945,0.9999958087188284,0,0,0.8750694058856191,0.3352738444298673,CUL7;PLXNB3;SOX11;HAPLN3;DISC1;PLXNA3
GO_Biological_Process_2023,Regulation Of Fat Cell Differentiation (GO:0045598),6/75,0.6817176451627945,0.9999958087188284,0,0,0.8750694058856191,0.3352738444298673,CREB1;LMO3;LEP;SYAP1;LRP5;PPARD
GO_Biological_Process_2023,Regulation Of Stress Fiber Assembly (GO:0051492),6/75,0.6817176451627945,0.9999958087188284,0,0,0.8750694058856191,0.3352738444298673,LIMK1;PPFIA1;RHPN1;RAC1;RHPN2;EPHA1
GO_Biological_Process_2023,Cellular Response To Metal Ion (GO:0071248),11/135,0.6844652545562178,0.9999958087188284,0,0,0.8924806020547453,0.3383549217145125,TFAP2A;CPNE4;CDH1;ITPKA;BRAF;ATP13A2;SYT13;ECT2;MMP9;SYT7;EGFR
GO_Biological_Process_2023,Positive Regulation Of DNA Recombination (GO:0045911),4/51,0.6882910214731082,0.9999958087188284,0,0,0.856539337510768,0.3199547312802612,MBTD1;RAD51AP1;PARP1;TIMELESS
GO_Biological_Process_2023,Positive Regulation Of Ras Protein Signal Transduction (GO:0046579),4/51,0.6882910214731082,0.9999958087188284,0,0,0.856539337510768,0.3199547312802612,COL3A1;GPR35;F2RL1;RAC1
GO_Biological_Process_2023,Positive Regulation Of Actin Filament Bundle Assembly (GO:0032233),4/51,0.6882910214731082,0.9999958087188284,0,0,0.856539337510768,0.3199547312802612,VIL1;LIMK1;RAC1;EPHA1
GO_Biological_Process_2023,Positive Regulation Of Protein Localization To Plasma Membrane (GO:1903078),4/51,0.6882910214731082,0.9999958087188284,0,0,0.856539337510768,0.3199547312802612,ARHGEF16;AGR2;EPHB2;EGFR
GO_Biological_Process_2023,Regulation Of Synapse Assembly (GO:0051963),4/51,0.6882910214731082,0.9999958087188284,0,0,0.856539337510768,0.3199547312802612,SRPX2;LRFN4;EPHB2;EPHB3
GO_Biological_Process_2023,Protein Dephosphorylation (GO:0006470),10/124,0.6928182290446542,0.9999958087188284,0,0,0.8825137412256294,0.3238716086392267,PPM1B;PTPRA;DAPP1;PPM1K;PPP2R3A;PPEF1;PTPRH;PTPRF;CDC14B;ILKAP
GO_Biological_Process_2023,"Wnt Signaling Pathway, Planar Cell Polarity Pathway (GO:0060071)",2/26,0.6947611394344464,0.9999958087188284,0,0,0.8388273314866113,0.3054901576409701,RAC1;CELSR3
GO_Biological_Process_2023,Camera-Type Eye Development (GO:0043010),2/26,0.6947611394344464,0.9999958087188284,0,0,0.8388273314866113,0.3054901576409701,NF1;STRA6
GO_Biological_Process_2023,Establishment Or Maintenance Of Apical/Basal Cell Polarity (GO:0035088),2/26,0.6947611394344464,0.9999958087188284,0,0,0.8388273314866113,0.3054901576409701,MARK2;LLGL2
GO_Biological_Process_2023,miRNA-mediated Gene Silencing (GO:0035195),2/26,0.6947611394344464,0.9999958087188284,0,0,0.8388273314866113,0.3054901576409701,XPO5;TNRC6A
GO_Biological_Process_2023,Mitotic G1 DNA Damage Checkpoint Signaling (GO:0031571),2/26,0.6947611394344464,0.9999958087188284,0,0,0.8388273314866113,0.3054901576409701,GTSE1;PML
GO_Biological_Process_2023,Negative Regulation Of Endothelial Cell Apoptotic Process (GO:2000352),2/26,0.6947611394344464,0.9999958087188284,0,0,0.8388273314866113,0.3054901576409701,FGB;IL10
GO_Biological_Process_2023,Negative Regulation Of Insulin Receptor Signaling Pathway (GO:0046627),2/26,0.6947611394344464,0.9999958087188284,0,0,0.8388273314866113,0.3054901576409701,GRB7;GRB14
GO_Biological_Process_2023,Negative Regulation Of Protein Polymerization (GO:0032272),2/26,0.6947611394344464,0.9999958087188284,0,0,0.8388273314866113,0.3054901576409701,HIP1R;TBCD
GO_Biological_Process_2023,Negative Regulation Of Receptor-Mediated Endocytosis (GO:0048261),2/26,0.6947611394344464,0.9999958087188284,0,0,0.8388273314866113,0.3054901576409701,ANKRD13D;RAC1
GO_Biological_Process_2023,Nucleic Acid Phosphodiester Bond Hydrolysis (GO:0090305),2/26,0.6947611394344464,0.9999958087188284,0,0,0.8388273314866113,0.3054901576409701,FEN1;HORMAD1
GO_Biological_Process_2023,Plasma Membrane Invagination (GO:0099024),2/26,0.6947611394344464,0.9999958087188284,0,0,0.8388273314866113,0.3054901576409701,SPIRE2;AURKB
GO_Biological_Process_2023,Positive Regulation Of Microtubule Polymerization Or Depolymerization (GO:0031112),2/26,0.6947611394344464,0.9999958087188284,0,0,0.8388273314866113,0.3054901576409701,RAC1;CDK5R1
GO_Biological_Process_2023,Protein Export From Nucleus (GO:0006611),2/26,0.6947611394344464,0.9999958087188284,0,0,0.8388273314866113,0.3054901576409701,CSE1L;XPO5
GO_Biological_Process_2023,Regulation Of Fatty Acid Biosynthetic Process (GO:0042304),2/26,0.6947611394344464,0.9999958087188284,0,0,0.8388273314866113,0.3054901576409701,CEACAM1;BRCA1
GO_Biological_Process_2023,Telomere Maintenance Via Telomere Lengthening (GO:0010833),2/26,0.6947611394344464,0.9999958087188284,0,0,0.8388273314866113,0.3054901576409701,PIF1;RAD51
GO_Biological_Process_2023,RNA Transport (GO:0050658),3/39,0.6969584084002077,0.9999958087188284,0,0,0.8387379896526238,0.3028091925237035,NUP155;XPO5;NOL3
GO_Biological_Process_2023,Axonal Transport (GO:0098930),3/39,0.6969584084002077,0.9999958087188284,0,0,0.8387379896526238,0.3028091925237035,DST;KIF4A;KIF1A
GO_Biological_Process_2023,Digestive Tract Development (GO:0048565),3/39,0.6969584084002077,0.9999958087188284,0,0,0.8387379896526238,0.3028091925237035,CHD8;EPHB3;STRA6
GO_Biological_Process_2023,Negative Regulation Of Cell-Substrate Adhesion (GO:0010812),3/39,0.6969584084002077,0.9999958087188284,0,0,0.8387379896526238,0.3028091925237035,CDKN2A;TBCD;SEMA3E
GO_Biological_Process_2023,Negative Regulation Of Mitochondrion Organization (GO:0010823),3/39,0.6969584084002077,0.9999958087188284,0,0,0.8387379896526238,0.3028091925237035,FZD9;AVP;NOL3
GO_Biological_Process_2023,Nuclear Transport (GO:0051169),3/39,0.6969584084002077,0.9999958087188284,0,0,0.8387379896526238,0.3028091925237035,NUP155;NUP210;NUP43
GO_Biological_Process_2023,Positive Regulation Of ATP-dependent Activity (GO:0032781),3/39,0.6969584084002077,0.9999958087188284,0,0,0.8387379896526238,0.3028091925237035,UHRF1;ALDOB;ATP1B1
GO_Biological_Process_2023,Regulation Of Receptor-Mediated Endocytosis (GO:0048259),3/39,0.6969584084002077,0.9999958087188284,0,0,0.8387379896526238,0.3028091925237035,HIP1R;RAC1;PROM2
GO_Biological_Process_2023,Retina Homeostasis (GO:0001895),3/39,0.6969584084002077,0.9999958087188284,0,0,0.8387379896526238,0.3028091925237035,CDH3;ALB;CNGB1
GO_Biological_Process_2023,Vesicle Cytoskeletal Trafficking (GO:0099518),3/39,0.6969584084002077,0.9999958087188284,0,0,0.8387379896526238,0.3028091925237035,MYO6;KIF1A;MYO7A
GO_Biological_Process_2023,Positive Regulation Of T Cell Differentiation (GO:0045582),5/64,0.6973006315988204,0.9999958087188284,0,0,0.8528189017852104,0.307474166144215,IL4I1;SMARCC2;MDK;ADAM8;SOX4
GO_Biological_Process_2023,Response To Metal Ion (GO:0010038),5/64,0.6973006315988204,0.9999958087188284,0,0,0.8528189017852104,0.307474166144215,FGB;ITPKA;ANXA11;HAMP;SLC25A13
GO_Biological_Process_2023,Negative Regulation Of Gene Expression (GO:0010629),28/336,0.7020755076269606,0.9999958087188284,0,0,0.9139455260871788,0.3232756202937849,GRB7;TYMS;AURKA;TRIM2;CHEK1;ENC1;IGF2BP3;IGF2BP2;MORC2;IL10;PNPT1;SETDB1;FBXW7;SFMBT2;ZNF281;SORD;SOX11;FOXP1;PARP10;TDRD1;SLC7A5;CLDN3;KRT17;CILP;GAPDH;LGR4;EZH2;PHF19
GO_Biological_Process_2023,Visual Perception (GO:0007601),8/101,0.7026854715085179,0.9999958087188284,0,0,0.8654748456430394,0.3053792475825327,COL1A1;ZIC2;CABP4;COL11A1;MYO7A;FSCN2;REEP6;CNGB1
GO_Biological_Process_2023,Protein Localization To Plasma Membrane (GO:0072659),11/137,0.7029990192241713,0.9999958087188284,0,0,0.8782170254887404,0.309483488595832,JUP;CDH1;PACS1;TESC;RAB12;TSPAN5;WDR72;PKP3;ATP1B1;RAMP1;PACSIN1
GO_Biological_Process_2023,Neurotransmitter Transport (GO:0006836),4/52,0.7030375293524526,0.9999958087188284,0,0,0.8386485487151044,0.2954936262740463,SLC29A4;SLC1A7;SLC6A3;SLC29A2
GO_Biological_Process_2023,Positive Regulation Of Telomere Maintenance (GO:0032206),4/52,0.7030375293524526,0.9999958087188284,0,0,0.8386485487151044,0.2954936262740463,PKIB;NEK2;AURKB;PML
GO_Biological_Process_2023,Sprouting Angiogenesis (GO:0002040),4/52,0.7030375293524526,0.9999958087188284,0,0,0.8386485487151044,0.2954936262740463,GREM1;MIA3;SEMA3E;E2F7
GO_Biological_Process_2023,Axon Guidance (GO:0007411),12/149,0.7038771720025804,0.9999958087188284,0,0,0.8810849277189273,0.3093942143751347,TUBB3;SEMA4B;PLXNB3;RAC3;SEMA3E;RAC1;EPHB2;EFNA4;IGSF9;EPHB3;PLXNA3;CDK5R1
GO_Biological_Process_2023,Organic Anion Transport (GO:0015711),7/89,0.7038907774532449,0.9999958087188284,0,0,0.8589227642276422,0.3015953372121895,SLC4A8;SLC44A4;SLCO3A1;SLC2A1;SLC4A11;SLC4A3;LRRC8E
GO_Biological_Process_2023,Regulation Of Vesicle-Mediated Transport (GO:0060627),7/89,0.7038907774532449,0.9999958087188284,0,0,0.8589227642276422,0.3015953372121895,RAB25;SRC;RAB26;RAB12;HIP1R;PACSIN3;PACSIN1
GO_Biological_Process_2023,Sensory Perception Of Mechanical Stimulus (GO:0050954),7/89,0.7038907774532449,0.9999958087188284,0,0,0.8589227642276422,0.3015953372121895,TFAP2A;COL1A1;MYO3B;COL11A1;BIRC5;ATP6V0A4;MYO7A
GO_Biological_Process_2023,Actomyosin Structure Organization (GO:0031032),6/77,0.7062478969168938,0.9999958087188284,0,0,0.8503257188885673,0.2957339096294803,FRMD5;SIX4;TNNT1;SRC;KCTD13;LMOD3
GO_Biological_Process_2023,Regulation Of T Cell Proliferation (GO:0042129),6/77,0.7062478969168938,0.9999958087188284,0,0,0.8503257188885673,0.2957339096294803,IL10;IL4I1;PLA2G2D;LEP;VTCN1;TNFRSF21
GO_Biological_Process_2023,Sphingolipid Biosynthetic Process (GO:0030148),6/77,0.7062478969168938,0.9999958087188284,0,0,0.8503257188885673,0.2957339096294803,FUT6;ALDH3B2;FA2H;SGPL1;ELOVL6;SGPP2
GO_Biological_Process_2023,acyl-CoA Biosynthetic Process (GO:0071616),1/13,0.7081234503258592,0.9999958087188284,0,0,0.8389165743816906,0.2895410118322495,SLC27A2
GO_Biological_Process_2023,Atrial Septum Development (GO:0003283),1/13,0.7081234503258592,0.9999958087188284,0,0,0.8389165743816906,0.2895410118322495,ISL1
GO_Biological_Process_2023,Branching Involved In Blood Vessel Morphogenesis (GO:0001569),1/13,0.7081234503258592,0.9999958087188284,0,0,0.8389165743816906,0.2895410118322495,SEMA3E
GO_Biological_Process_2023,Catecholamine Metabolic Process (GO:0006584),1/13,0.7081234503258592,0.9999958087188284,0,0,0.8389165743816906,0.2895410118322495,DRD4
GO_Biological_Process_2023,Cytoplasmic Sequestering Of Transcription Factor (GO:0042994),1/13,0.7081234503258592,0.9999958087188284,0,0,0.8389165743816906,0.2895410118322495,IL10
GO_Biological_Process_2023,Endolysosomal Toll-Like Receptor Signaling Pathway (GO:0140894),1/13,0.7081234503258592,0.9999958087188284,0,0,0.8389165743816906,0.2895410118322495,IRAK1
GO_Biological_Process_2023,Endothelial Cell Differentiation (GO:0045446),1/13,0.7081234503258592,0.9999958087188284,0,0,0.8389165743816906,0.2895410118322495,MESP1
GO_Biological_Process_2023,Ether Lipid Metabolic Process (GO:0046485),1/13,0.7081234503258592,0.9999958087188284,0,0,0.8389165743816906,0.2895410118322495,TMEM86B
GO_Biological_Process_2023,Extracellular Transport (GO:0006858),1/13,0.7081234503258592,0.9999958087188284,0,0,0.8389165743816906,0.2895410118322495,CABYR
GO_Biological_Process_2023,Glutamine Metabolic Process (GO:0006541),1/13,0.7081234503258592,0.9999958087188284,0,0,0.8389165743816906,0.2895410118322495,CAD
GO_Biological_Process_2023,Immune Response-Regulating Cell Surface Receptor Signaling Pathway (GO:0002768),1/13,0.7081234503258592,0.9999958087188284,0,0,0.8389165743816906,0.2895410118322495,CD24
GO_Biological_Process_2023,Interleukin-6-Mediated Signaling Pathway (GO:0070102),1/13,0.7081234503258592,0.9999958087188284,0,0,0.8389165743816906,0.2895410118322495,SRC
GO_Biological_Process_2023,Intracellular Potassium Ion Homeostasis (GO:0030007),1/13,0.7081234503258592,0.9999958087188284,0,0,0.8389165743816906,0.2895410118322495,ATP1B1
GO_Biological_Process_2023,Killing By Host Of Symbiont Cells (GO:0051873),1/13,0.7081234503258592,0.9999958087188284,0,0,0.8389165743816906,0.2895410118322495,GAPDH
GO_Biological_Process_2023,Lipid Oxidation (GO:0034440),1/13,0.7081234503258592,0.9999958087188284,0,0,0.8389165743816906,0.2895410118322495,SAMD1
GO_Biological_Process_2023,Mature B Cell Differentiation Involved In Immune Response (GO:0002313),1/13,0.7081234503258592,0.9999958087188284,0,0,0.8389165743816906,0.2895410118322495,POU2AF1
GO_Biological_Process_2023,Membrane Depolarization (GO:0051899),1/13,0.7081234503258592,0.9999958087188284,0,0,0.8389165743816906,0.2895410118322495,CNGB1
GO_Biological_Process_2023,Microtubule-Based Transport (GO:0099111),1/13,0.7081234503258592,0.9999958087188284,0,0,0.8389165743816906,0.2895410118322495,CABYR
GO_Biological_Process_2023,Mitochondrial Fission (GO:0000266),1/13,0.7081234503258592,0.9999958087188284,0,0,0.8389165743816906,0.2895410118322495,MTFR1
GO_Biological_Process_2023,Negative Regulation Of NLRP3 Inflammasome Complex Assembly (GO:1900226),1/13,0.7081234503258592,0.9999958087188284,0,0,0.8389165743816906,0.2895410118322495,TRIM31
GO_Biological_Process_2023,Negative Regulation Of T Cell Differentiation (GO:0045581),1/13,0.7081234503258592,0.9999958087188284,0,0,0.8389165743816906,0.2895410118322495,MDK
GO_Biological_Process_2023,Negative Regulation Of Fibroblast Growth Factor Receptor Signaling Pathway (GO:0040037),1/13,0.7081234503258592,0.9999958087188284,0,0,0.8389165743816906,0.2895410118322495,SULF1
GO_Biological_Process_2023,Negative Regulation Of Interleukin-12 Production (GO:0032695),1/13,0.7081234503258592,0.9999958087188284,0,0,0.8389165743816906,0.2895410118322495,IL10
GO_Biological_Process_2023,Negative Regulation Of Receptor Internalization (GO:0002091),1/13,0.7081234503258592,0.9999958087188284,0,0,0.8389165743816906,0.2895410118322495,ANKRD13D
GO_Biological_Process_2023,Negative Regulation Of Translational Initiation (GO:0045947),1/13,0.7081234503258592,0.9999958087188284,0,0,0.8389165743816906,0.2895410118322495,EIF2AK4
GO_Biological_Process_2023,Neuromuscular Process Controlling Balance (GO:0050885),1/13,0.7081234503258592,0.9999958087188284,0,0,0.8389165743816906,0.2895410118322495,MYO7A
GO_Biological_Process_2023,Positive Regulation Of T Cell Receptor Signaling Pathway (GO:0050862),1/13,0.7081234503258592,0.9999958087188284,0,0,0.8389165743816906,0.2895410118322495,KCNN4
GO_Biological_Process_2023,Positive Regulation Of Brown Fat Cell Differentiation (GO:0090336),1/13,0.7081234503258592,0.9999958087188284,0,0,0.8389165743816906,0.2895410118322495,SIX1
GO_Biological_Process_2023,Positive Regulation Of Cyclase Activity (GO:0031281),1/13,0.7081234503258592,0.9999958087188284,0,0,0.8389165743816906,0.2895410118322495,NF1
GO_Biological_Process_2023,Positive Regulation Of Double-Strand Break Repair Via Nonhomologous End Joining (GO:2001034),1/13,0.7081234503258592,0.9999958087188284,0,0,0.8389165743816906,0.2895410118322495,PARP3
GO_Biological_Process_2023,Positive Regulation Of Glycogen Biosynthetic Process (GO:0045725),1/13,0.7081234503258592,0.9999958087188284,0,0,0.8389165743816906,0.2895410118322495,DYRK2
GO_Biological_Process_2023,Positive Regulation Of Glycoprotein Biosynthetic Process (GO:0010560),1/13,0.7081234503258592,0.9999958087188284,0,0,0.8389165743816906,0.2895410118322495,RAMP1
GO_Biological_Process_2023,Positive Regulation Of Keratinocyte Differentiation (GO:0045618),1/13,0.7081234503258592,0.9999958087188284,0,0,0.8389165743816906,0.2895410118322495,ETV4
GO_Biological_Process_2023,Positive Regulation Of Leukocyte Degranulation (GO:0043302),1/13,0.7081234503258592,0.9999958087188284,0,0,0.8389165743816906,0.2895410118322495,F2RL1
GO_Biological_Process_2023,Positive Regulation Of Macrophage Chemotaxis (GO:0010759),1/13,0.7081234503258592,0.9999958087188284,0,0,0.8389165743816906,0.2895410118322495,MDK
GO_Biological_Process_2023,Positive Regulation Of Superoxide Anion Generation (GO:0032930),1/13,0.7081234503258592,0.9999958087188284,0,0,0.8389165743816906,0.2895410118322495,F2RL1
GO_Biological_Process_2023,Potassium Ion Export Across Plasma Membrane (GO:0097623),1/13,0.7081234503258592,0.9999958087188284,0,0,0.8389165743816906,0.2895410118322495,KCNK5
GO_Biological_Process_2023,Purine Ribonucleoside Bisphosphate Metabolic Process (GO:0034035),1/13,0.7081234503258592,0.9999958087188284,0,0,0.8389165743816906,0.2895410118322495,BPNT1
GO_Biological_Process_2023,Regulation Of cAMP-dependent Protein Kinase Activity (GO:2000479),1/13,0.7081234503258592,0.9999958087188284,0,0,0.8389165743816906,0.2895410118322495,PKIB
GO_Biological_Process_2023,Regulation Of Cell Projection Organization (GO:0031344),1/13,0.7081234503258592,0.9999958087188284,0,0,0.8389165743816906,0.2895410118322495,PROM2
GO_Biological_Process_2023,Regulation Of Cellular Ketone Metabolic Process (GO:0010565),1/13,0.7081234503258592,0.9999958087188284,0,0,0.8389165743816906,0.2895410118322495,SIRT5
GO_Biological_Process_2023,Regulation Of Leukocyte Migration (GO:0002685),1/13,0.7081234503258592,0.9999958087188284,0,0,0.8389165743816906,0.2895410118322495,MIA3
GO_Biological_Process_2023,Regulation Of Response To Endoplasmic Reticulum Stress (GO:1905897),1/13,0.7081234503258592,0.9999958087188284,0,0,0.8389165743816906,0.2895410118322495,AQP11
GO_Biological_Process_2023,Regulation Of Response To Stress (GO:0080134),1/13,0.7081234503258592,0.9999958087188284,0,0,0.8389165743816906,0.2895410118322495,IL10
GO_Biological_Process_2023,Regulation Of Short-Term Neuronal Synaptic Plasticity (GO:0048172),1/13,0.7081234503258592,0.9999958087188284,0,0,0.8389165743816906,0.2895410118322495,SYAP1
GO_Biological_Process_2023,Regulation Of Trophoblast Cell Migration (GO:1901163),1/13,0.7081234503258592,0.9999958087188284,0,0,0.8389165743816906,0.2895410118322495,TIMP1
GO_Biological_Process_2023,Relaxation Of Muscle (GO:0090075),1/13,0.7081234503258592,0.9999958087188284,0,0,0.8389165743816906,0.2895410118322495,ATP1B1
GO_Biological_Process_2023,Response To Chemokine (GO:1990868),1/13,0.7081234503258592,0.9999958087188284,0,0,0.8389165743816906,0.2895410118322495,STK39
GO_Biological_Process_2023,Response To Progesterone (GO:0032570),1/13,0.7081234503258592,0.9999958087188284,0,0,0.8389165743816906,0.2895410118322495,SRC
GO_Biological_Process_2023,Signal Peptide Processing (GO:0006465),1/13,0.7081234503258592,0.9999958087188284,0,0,0.8389165743816906,0.2895410118322495,HM13
GO_Biological_Process_2023,Sodium-Independent Organic Anion Transport (GO:0043252),1/13,0.7081234503258592,0.9999958087188284,0,0,0.8389165743816906,0.2895410118322495,SLCO3A1
GO_Biological_Process_2023,Regulation Of Translational Initiation (GO:0006446),5/65,0.710351551465831,0.9999958087188284,0,0,0.838559008509064,0.2867832301063793,DNAJC3;EIF2AK4;BZW2;EIF4G3;UHMK1
GO_Biological_Process_2023,Protein Catabolic Process (GO:0030163),8/102,0.7131065091000115,0.9999958087188284,0,0,0.8562203588281906,0.2895090705272006,DDB1;CEACAM1;FBXO2;RAB12;PMAIP1;CEL;SLC16A3;SFI1
GO_Biological_Process_2023,mRNA 3'-End Processing (GO:0031124),3/40,0.7134123510126504,0.9999958087188284,0,0,0.8160244501707916,0.2755679424677403,CPSF6;CSTF3;CSTF2
GO_Biological_Process_2023,Negative Regulation Of Cell-Cell Adhesion (GO:0022408),3/40,0.7134123510126504,0.9999958087188284,0,0,0.8160244501707916,0.2755679424677403,IL10;CDH1;MIA3
GO_Biological_Process_2023,Positive Regulation Of Wound Healing (GO:0090303),3/40,0.7134123510126504,0.9999958087188284,0,0,0.8160244501707916,0.2755679424677403,CLDN4;CLDN3;F12
GO_Biological_Process_2023,Regulation Of Microtubule Polymerization (GO:0031113),3/40,0.7134123510126504,0.9999958087188284,0,0,0.8160244501707916,0.2755679424677403,TBCD;RAC1;CDK5R1
GO_Biological_Process_2023,Retinoid Metabolic Process (GO:0001523),3/40,0.7134123510126504,0.9999958087188284,0,0,0.8160244501707916,0.2755679424677403,AKR1B10;RDH13;LRP8
GO_Biological_Process_2023,Synaptic Vesicle Endocytosis (GO:0048488),3/40,0.7134123510126504,0.9999958087188284,0,0,0.8160244501707916,0.2755679424677403,SYNJ2;STX1A;PACSIN1
GO_Biological_Process_2023,Positive Regulation Of Developmental Process (GO:0051094),19/233,0.7142809511168731,0.9999958087188284,0,0,0.8927664178636392,0.3003970667747946,CAMK2B;SMARCC2;SRC;ARID4B;PA2G4;NR2C2;ISL1;LRP8;AURKA;CDC20;VIL1;MDK;LEP;TMEM79;AGR2;FBXO5;SOX9;MAP3K13;PACSIN1
GO_Biological_Process_2023,DNA Synthesis Involved In DNA Repair (GO:0000731),2/27,0.7146636155314828,0.9999958087188284,0,0,0.8052299168975069,0.2705116074433442,PARP10;POLH
GO_Biological_Process_2023,Activation Of Phospholipase C Activity (GO:0007202),2/27,0.7146636155314828,0.9999958087188284,0,0,0.8052299168975069,0.2705116074433442,P2RY6;EGFR
GO_Biological_Process_2023,Amino Acid Import Across Plasma Membrane (GO:0089718),2/27,0.7146636155314828,0.9999958087188284,0,0,0.8052299168975069,0.2705116074433442,SLC7A5;SLC1A4
GO_Biological_Process_2023,Cardiac Muscle Cell Differentiation (GO:0055007),2/27,0.7146636155314828,0.9999958087188284,0,0,0.8052299168975069,0.2705116074433442,GREM1;MESP1
GO_Biological_Process_2023,Iron-Sulfur Cluster Assembly (GO:0016226),2/27,0.7146636155314828,0.9999958087188284,0,0,0.8052299168975069,0.2705116074433442,NUBPL;BOLA2
GO_Biological_Process_2023,Metallo-Sulfur Cluster Assembly (GO:0031163),2/27,0.7146636155314828,0.9999958087188284,0,0,0.8052299168975069,0.2705116074433442,NUBPL;BOLA2
GO_Biological_Process_2023,Myeloid Cell Development (GO:0061515),2/27,0.7146636155314828,0.9999958087188284,0,0,0.8052299168975069,0.2705116074433442,SRC;FOXP1
GO_Biological_Process_2023,Negative Regulation Of NIK/NF-kappaB Signaling (GO:1901223),2/27,0.7146636155314828,0.9999958087188284,0,0,0.8052299168975069,0.2705116074433442,PPM1B;TRIM15
GO_Biological_Process_2023,Negative Regulation Of Cellular Response To Insulin Stimulus (GO:1900077),2/27,0.7146636155314828,0.9999958087188284,0,0,0.8052299168975069,0.2705116074433442,GRB7;GRB14
GO_Biological_Process_2023,Peptide Cross-Linking (GO:0018149),2/27,0.7146636155314828,0.9999958087188284,0,0,0.8052299168975069,0.2705116074433442,DSP;COL3A1
GO_Biological_Process_2023,Positive Regulation Of TORC1 Signaling (GO:1904263),2/27,0.7146636155314828,0.9999958087188284,0,0,0.8052299168975069,0.2705116074433442,SESN2;WDR24
GO_Biological_Process_2023,Positive Regulation Of Calcium Ion Transmembrane Transporter Activity (GO:1901021),2/27,0.7146636155314828,0.9999958087188284,0,0,0.8052299168975069,0.2705116074433442,P2RY6;ATP1B1
GO_Biological_Process_2023,Positive Regulation Of Cytosolic Calcium Ion Concentration Involved In Phospholipase C-activating G Protein-Coupled Signaling Pathway (GO:0051482),2/27,0.7146636155314828,0.9999958087188284,0,0,0.8052299168975069,0.2705116074433442,GPR35;F2RL1
GO_Biological_Process_2023,Regulation Of Chromatin Organization (GO:1902275),2/27,0.7146636155314828,0.9999958087188284,0,0,0.8052299168975069,0.2705116074433442,SETD1A;MKI67
GO_Biological_Process_2023,Regulation Of Peptidase Activity (GO:0052547),2/27,0.7146636155314828,0.9999958087188284,0,0,0.8052299168975069,0.2705116074433442,ATP13A2;PRSS22
GO_Biological_Process_2023,Respiratory Tube Development (GO:0030323),2/27,0.7146636155314828,0.9999958087188284,0,0,0.8052299168975069,0.2705116074433442,WNT7B;STRA6
GO_Biological_Process_2023,Ventricular Septum Morphogenesis (GO:0060412),2/27,0.7146636155314828,0.9999958087188284,0,0,0.8052299168975069,0.2705116074433442,SOX11;SOX4
GO_Biological_Process_2023,Positive Regulation Of Programmed Cell Death (GO:0043068),20/245,0.7160526365032154,0.9999958087188284,0,0,0.893763601318162,0.2985184729105302,BARD1;TOP2A;FOXA1;PRR7;TNFRSF12A;IGFBP3;FZD9;HIP1R;PNMA3;TNFRSF10A;UBE2Z;MELK;SCIN;PIP5KL1;NF1;PMAIP1;BMF;ECT2;SOX4;SPDEF
GO_Biological_Process_2023,Gonad Development (GO:0008406),4/53,0.7172724166053689,0.9999958087188284,0,0,0.8214879961968148,0.2729801087702139,TFAP2C;SIX4;BIK;SOX9
GO_Biological_Process_2023,Mitochondrial Transport (GO:0006839),4/53,0.7172724166053689,0.9999958087188284,0,0,0.8214879961968148,0.2729801087702139,SLC25A16;PMAIP1;SLC25A20;SLC25A13
GO_Biological_Process_2023,Negative Regulation Of Viral Genome Replication (GO:0045071),4/53,0.7172724166053689,0.9999958087188284,0,0,0.8214879961968148,0.2729801087702139,SETDB1;ISG15;MORC2;SRPK1
GO_Biological_Process_2023,Regulation Of Receptor Signaling Pathway Via JAK-STAT (GO:0046425),4/53,0.7172724166053689,0.9999958087188284,0,0,0.8214879961968148,0.2729801087702139,IL10;LEP;OCIAD1;OCIAD2
GO_Biological_Process_2023,Negative Regulation Of Protein Modification Process (GO:0031400),6/78,0.7180198173924469,0.9999958087188284,0,0,0.8384693688691468,0.2777497779965934,G6PD;PIP5KL1;IGFBP3;SORD;EPHB2;CDK5RAP3
GO_Biological_Process_2023,Proteolysis Involved In Protein Catabolic Process (GO:0051603),6/78,0.7180198173924469,0.9999958087188284,0,0,0.8384693688691468,0.2777497779965934,DDB1;HM13;PMAIP1;ISG15;CEL;ANKZF1
GO_Biological_Process_2023,Regulation Of Innate Immune Response (GO:0045088),6/78,0.7180198173924469,0.9999958087188284,0,0,0.8384693688691468,0.2777497779965934,PARP1;ADAM8;LRP8;ATG12;AURKB;BIRC3
GO_Biological_Process_2023,Intracellular Calcium Ion Homeostasis (GO:0006874),11/139,0.7208426809087124,0.9999958087188284,0,0,0.8643991856904232,0.2829475552642969,YWHAE;EDN2;VAPB;CCDC47;FZD9;ATP2A2;TNNI3;ATP13A2;ATP1B1;DRD4;PML
GO_Biological_Process_2023,Cytosolic Transport (GO:0016482),10/127,0.7210784285638401,0.9999958087188284,0,0,0.859742495802596,0.2811421325431074,GGA1;TMEM87B;HOOK1;VPS13C;ANKFY1;UBE2O;HOOK3;PTPN23;SYT7;TBC1D10B
GO_Biological_Process_2023,Positive Regulation Of I-kappaB kinase/NF-kappaB Signaling (GO:0043123),14/175,0.722170474543859,0.9999958087188284,0,0,0.8745119910764082,0.2846484529263333,UNC5CL;CANT1;PARP1;NEK6;TRAF2;IRAK1;TRIM13;F2RL1;TNFRSF25;TRIM38;ECT2;IKBKE;GAPDH;BIRC3
GO_Biological_Process_2023,Lymphocyte Differentiation (GO:0030098),7/91,0.7256918864997697,0.9999958087188284,0,0,0.8383796296296296,0.2688094535689087,IL10;CD79A;CLCF1;LEP;SLC39A7;TCF3;SOX4
GO_Biological_Process_2023,rRNA Metabolic Process (GO:0016072),7/91,0.7256918864997697,0.9999958087188284,0,0,0.8383796296296296,0.2688094535689087,ERN2;SLFN13;DDX27;SPPL2B;WDR74;IGF2BP3;BYSL
GO_Biological_Process_2023,Double-Strand Break Repair Via Nonhomologous End Joining (GO:0006303),3/41,0.7291668998166034,0.9999958087188284,0,0,0.7945063601353717,0.2509469231383319,POLQ;DCLRE1C;POLM
GO_Biological_Process_2023,Negative Regulation Of DNA Recombination (GO:0045910),3/41,0.7291668998166034,0.9999958087188284,0,0,0.7945063601353717,0.2509469231383319,POLQ;BLM;PARP3
GO_Biological_Process_2023,Non-Canonical Wnt Signaling Pathway (GO:0035567),3/41,0.7291668998166034,0.9999958087188284,0,0,0.7945063601353717,0.2509469231383319,FZD9;RAC1;CELSR3
GO_Biological_Process_2023,Regulation Of Amide Metabolic Process (GO:0034248),3/41,0.7291668998166034,0.9999958087188284,0,0,0.7945063601353717,0.2509469231383319,RBM3;MSI2;PKP3
GO_Biological_Process_2023,Regulation Of Dendrite Development (GO:0050773),3/41,0.7291668998166034,0.9999958087188284,0,0,0.7945063601353717,0.2509469231383319,BCL11A;LRP8;PACSIN1
GO_Biological_Process_2023,Response To Amino Acid Starvation (GO:1990928),3/41,0.7291668998166034,0.9999958087188284,0,0,0.7945063601353717,0.2509469231383319,SESN2;EIF2AK4;WDR24
GO_Biological_Process_2023,Endoplasmic Reticulum Organization (GO:0007029),4/54,0.7309975100228744,0.9999958087188284,0,0,0.8050138657792568,0.2522472513029201,VAPB;CCDC47;MIA3;REEP6
GO_Biological_Process_2023,Epidermal Cell Differentiation (GO:0009913),4/54,0.7309975100228744,0.9999958087188284,0,0,0.8050138657792568,0.2522472513029201,DSP;BCR;ST14;KRT16
GO_Biological_Process_2023,Mesenchymal Cell Differentiation (GO:0048762),4/54,0.7309975100228744,0.9999958087188284,0,0,0.8050138657792568,0.2522472513029201,DDX17;CUL7;SOX9;ISL1
GO_Biological_Process_2023,Negative Regulation Of Protein Modification By Small Protein Conjugation Or Removal (GO:1903321),4/54,0.7309975100228744,0.9999958087188284,0,0,0.8050138657792568,0.2522472513029201,PIAS3;GNL3L;ISG15;SOX4
GO_Biological_Process_2023,Nucleosome Assembly (GO:0006334),4/54,0.7309975100228744,0.9999958087188284,0,0,0.8050138657792568,0.2522472513029201,CHAF1B;SOX9;BAZ1A;ASF1B
GO_Biological_Process_2023,Regulation Of Exocytosis (GO:0017157),4/54,0.7309975100228744,0.9999958087188284,0,0,0.8050138657792568,0.2522472513029201,FGB;RAB26;RAB12;EXPH5
GO_Biological_Process_2023,Regulation Of Focal Adhesion Assembly (GO:0051893),4/54,0.7309975100228744,0.9999958087188284,0,0,0.8050138657792568,0.2522472513029201,SRC;PTPRA;RAC1;THY1
GO_Biological_Process_2023,Ribosomal Large Subunit Biogenesis (GO:0042273),4/54,0.7309975100228744,0.9999958087188284,0,0,0.8050138657792568,0.2522472513029201,PAK1IP1;PPAN;WDR74;WDR12
GO_Biological_Process_2023,RNA Phosphodiester Bond Hydrolysis (GO:0090501),2/28,0.7334637647411475,0.9999958087188284,0,0,0.7742169188152568,0.2399895021876641,POP1;CSTF3
GO_Biological_Process_2023,Apoptotic Cell Clearance (GO:0043277),2/28,0.7334637647411475,0.9999958087188284,0,0,0.7742169188152568,0.2399895021876641,RAC3;RAC1
GO_Biological_Process_2023,Diterpenoid Metabolic Process (GO:0016101),2/28,0.7334637647411475,0.9999958087188284,0,0,0.7742169188152568,0.2399895021876641,AKR1B10;LRP8
GO_Biological_Process_2023,Establishment Of Endothelial Barrier (GO:0061028),2/28,0.7334637647411475,0.9999958087188284,0,0,0.7742169188152568,0.2399895021876641,CLDN3;F2RL1
GO_Biological_Process_2023,Glycosaminoglycan Metabolic Process (GO:0030203),2/28,0.7334637647411475,0.9999958087188284,0,0,0.7742169188152568,0.2399895021876641,B3GAT3;HS3ST1
GO_Biological_Process_2023,Negative Regulation Of Wound Healing (GO:0061045),2/28,0.7334637647411475,0.9999958087188284,0,0,0.7742169188152568,0.2399895021876641,CLDN3;PROC
GO_Biological_Process_2023,"Nuclear-Transcribed mRNA Catabolic Process, Nonsense-Mediated Decay (GO:0000184)",2/28,0.7334637647411475,0.9999958087188284,0,0,0.7742169188152568,0.2399895021876641,UPF2;SMG7
GO_Biological_Process_2023,Positive Regulation Of Defense Response To Virus By Host (GO:0002230),2/28,0.7334637647411475,0.9999958087188284,0,0,0.7742169188152568,0.2399895021876641,STAT1;EIF2AK4
GO_Biological_Process_2023,Positive Regulation Of mRNA Processing (GO:0050685),2/28,0.7334637647411475,0.9999958087188284,0,0,0.7742169188152568,0.2399895021876641,RBM3;WDR77
GO_Biological_Process_2023,Protein Localization To Golgi Apparatus (GO:0034067),2/28,0.7334637647411475,0.9999958087188284,0,0,0.7742169188152568,0.2399895021876641,VPS13C;CSNK1D
GO_Biological_Process_2023,"Regulation Of DNA Damage Response, Signal Transduction By P53 Class Mediator (GO:0043516)",2/28,0.7334637647411475,0.9999958087188284,0,0,0.7742169188152568,0.2399895021876641,PMAIP1;SOX4
GO_Biological_Process_2023,Regulation Of Glucose Metabolic Process (GO:0010906),2/28,0.7334637647411475,0.9999958087188284,0,0,0.7742169188152568,0.2399895021876641,ZNF692;PMAIP1
GO_Biological_Process_2023,Regulation Of Lipid Biosynthetic Process (GO:0046890),2/28,0.7334637647411475,0.9999958087188284,0,0,0.7742169188152568,0.2399895021876641,CEACAM1;CREB1
GO_Biological_Process_2023,Vascular Endothelial Growth Factor Receptor Signaling Pathway (GO:0048010),2/28,0.7334637647411475,0.9999958087188284,0,0,0.7742169188152568,0.2399895021876641,SRC;SULF1
GO_Biological_Process_2023,COPII-coated Vesicle Cargo Loading (GO:0090110),1/14,0.7345115270580045,0.9999958087188284,0,0,0.7743419371326348,0.238922887023242,MIA3
GO_Biological_Process_2023,T Cell Proliferation (GO:0042098),1/14,0.7345115270580045,0.9999958087188284,0,0,0.7743419371326348,0.238922887023242,TNFSF14
GO_Biological_Process_2023,Calcium Ion-Regulated Exocytosis Of Neurotransmitter (GO:0048791),1/14,0.7345115270580045,0.9999958087188284,0,0,0.7743419371326348,0.238922887023242,SYT7
GO_Biological_Process_2023,Ceramide Transport (GO:0035627),1/14,0.7345115270580045,0.9999958087188284,0,0,0.7743419371326348,0.238922887023242,ABCA2
GO_Biological_Process_2023,Dolichol Metabolic Process (GO:0019348),1/14,0.7345115270580045,0.9999958087188284,0,0,0.7743419371326348,0.238922887023242,DPM2
GO_Biological_Process_2023,Endoderm Development (GO:0007492),1/14,0.7345115270580045,0.9999958087188284,0,0,0.7743419371326348,0.238922887023242,DUSP4
GO_Biological_Process_2023,Genitalia Development (GO:0048806),1/14,0.7345115270580045,0.9999958087188284,0,0,0.7743419371326348,0.238922887023242,STRA6
GO_Biological_Process_2023,Glucosamine-Containing Compound Metabolic Process (GO:1901071),1/14,0.7345115270580045,0.9999958087188284,0,0,0.7743419371326348,0.238922887023242,CHST6
GO_Biological_Process_2023,Membrane Raft Organization (GO:0031579),1/14,0.7345115270580045,0.9999958087188284,0,0,0.7743419371326348,0.238922887023242,FA2H
GO_Biological_Process_2023,miRNA-mediated Gene Silencing By Inhibition Of Translation (GO:0035278),1/14,0.7345115270580045,0.9999958087188284,0,0,0.7743419371326348,0.238922887023242,TNRC6A
GO_Biological_Process_2023,Mitochondrion Transport Along Microtubule (GO:0047497),1/14,0.7345115270580045,0.9999958087188284,0,0,0.7743419371326348,0.238922887023242,RHOT2
GO_Biological_Process_2023,Monosaccharide Transmembrane Transport (GO:0015749),1/14,0.7345115270580045,0.9999958087188284,0,0,0.7743419371326348,0.238922887023242,SLC5A3
GO_Biological_Process_2023,Negative Regulation Of Androgen Receptor Signaling Pathway (GO:0060766),1/14,0.7345115270580045,0.9999958087188284,0,0,0.7743419371326348,0.238922887023242,FOXP1
GO_Biological_Process_2023,Negative Regulation Of Cilium Assembly (GO:1902018),1/14,0.7345115270580045,0.9999958087188284,0,0,0.7743419371326348,0.238922887023242,MAP4
GO_Biological_Process_2023,Negative Regulation Of Defense Response To Virus (GO:0050687),1/14,0.7345115270580045,0.9999958087188284,0,0,0.7743419371326348,0.238922887023242,PPM1B
GO_Biological_Process_2023,Negative Regulation Of Leukocyte Mediated Cytotoxicity (GO:0001911),1/14,0.7345115270580045,0.9999958087188284,0,0,0.7743419371326348,0.238922887023242,CEACAM1
GO_Biological_Process_2023,Negative Regulation Of Nucleocytoplasmic Transport (GO:0046823),1/14,0.7345115270580045,0.9999958087188284,0,0,0.7743419371326348,0.238922887023242,BARD1
GO_Biological_Process_2023,Negative Regulation Of Smooth Muscle Cell Migration (GO:0014912),1/14,0.7345115270580045,0.9999958087188284,0,0,0.7743419371326348,0.238922887023242,IGFBP3
GO_Biological_Process_2023,Negative Regulation Of Transcription Regulatory Region DNA Binding (GO:2000678),1/14,0.7345115270580045,0.9999958087188284,0,0,0.7743419371326348,0.238922887023242,SOX11
GO_Biological_Process_2023,Neuron Cell-Cell Adhesion (GO:0007158),1/14,0.7345115270580045,0.9999958087188284,0,0,0.7743419371326348,0.238922887023242,CDK5R1
GO_Biological_Process_2023,Pancreas Development (GO:0031016),1/14,0.7345115270580045,0.9999958087188284,0,0,0.7743419371326348,0.238922887023242,ISL1
GO_Biological_Process_2023,Phagolysosome Assembly (GO:0001845),1/14,0.7345115270580045,0.9999958087188284,0,0,0.7743419371326348,0.238922887023242,SYT7
GO_Biological_Process_2023,Photoreceptor Cell Development (GO:0042461),1/14,0.7345115270580045,0.9999958087188284,0,0,0.7743419371326348,0.238922887023242,MYO7A
GO_Biological_Process_2023,Positive Regulation Of Acute Inflammatory Response (GO:0002675),1/14,0.7345115270580045,0.9999958087188284,0,0,0.7743419371326348,0.238922887023242,PTGER3
GO_Biological_Process_2023,Positive Regulation Of Glycogen Metabolic Process (GO:0070875),1/14,0.7345115270580045,0.9999958087188284,0,0,0.7743419371326348,0.238922887023242,DYRK2
GO_Biological_Process_2023,Positive Regulation Of Histone Acetylation (GO:0035066),1/14,0.7345115270580045,0.9999958087188284,0,0,0.7743419371326348,0.238922887023242,BRCA1
GO_Biological_Process_2023,Positive Regulation Of Lyase Activity (GO:0051349),1/14,0.7345115270580045,0.9999958087188284,0,0,0.7743419371326348,0.238922887023242,NF1
GO_Biological_Process_2023,Positive Regulation Of Membrane Protein Ectodomain Proteolysis (GO:0051044),1/14,0.7345115270580045,0.9999958087188284,0,0,0.7743419371326348,0.238922887023242,PACSIN3
GO_Biological_Process_2023,Positive Regulation Of Type I Interferon-Mediated Signaling Pathway (GO:0060340),1/14,0.7345115270580045,0.9999958087188284,0,0,0.7743419371326348,0.238922887023242,IKBKE
GO_Biological_Process_2023,Primary Alcohol Metabolic Process (GO:0034308),1/14,0.7345115270580045,0.9999958087188284,0,0,0.7743419371326348,0.238922887023242,GDPD1
GO_Biological_Process_2023,Protein Homotrimerization (GO:0070207),1/14,0.7345115270580045,0.9999958087188284,0,0,0.7743419371326348,0.238922887023242,PNPT1
GO_Biological_Process_2023,Protein Transport To Vacuole Involved In Ubiquitin-Dependent Protein Catabolic Process Via The Multivesicular Body Sorting Pathway (GO:0043328),1/14,0.7345115270580045,0.9999958087188284,0,0,0.7743419371326348,0.238922887023242,PTPN23
GO_Biological_Process_2023,Protein Trimerization (GO:0070206),1/14,0.7345115270580045,0.9999958087188284,0,0,0.7743419371326348,0.238922887023242,PNPT1
GO_Biological_Process_2023,Regulation Of ATP Biosynthetic Process (GO:2001169),1/14,0.7345115270580045,0.9999958087188284,0,0,0.7743419371326348,0.238922887023242,PARP1
GO_Biological_Process_2023,Regulation Of MHC Class II Biosynthetic Process (GO:0045346),1/14,0.7345115270580045,0.9999958087188284,0,0,0.7743419371326348,0.238922887023242,IL10
GO_Biological_Process_2023,Regulation Of Histone H3-K4 Methylation (GO:0051569),1/14,0.7345115270580045,0.9999958087188284,0,0,0.7743419371326348,0.238922887023242,BRCA1
GO_Biological_Process_2023,Regulation Of Macrophage Differentiation (GO:0045649),1/14,0.7345115270580045,0.9999958087188284,0,0,0.7743419371326348,0.238922887023242,LIF
GO_Biological_Process_2023,Regulation Of Neuron Projection Arborization (GO:0150011),1/14,0.7345115270580045,0.9999958087188284,0,0,0.7743419371326348,0.238922887023242,MAP3K13
GO_Biological_Process_2023,Regulation Of Non-Canonical Wnt Signaling Pathway (GO:2000050),1/14,0.7345115270580045,0.9999958087188284,0,0,0.7743419371326348,0.238922887023242,LBX2
GO_Biological_Process_2023,Regulation Of Nuclear-Transcribed mRNA poly(A) Tail Shortening (GO:0060211),1/14,0.7345115270580045,0.9999958087188284,0,0,0.7743419371326348,0.238922887023242,TNRC6A
GO_Biological_Process_2023,Regulation Of Sensory Perception Of Pain (GO:0051930),1/14,0.7345115270580045,0.9999958087188284,0,0,0.7743419371326348,0.238922887023242,ZFHX2
GO_Biological_Process_2023,Regulation Of Sequestering Of Triglyceride (GO:0010889),1/14,0.7345115270580045,0.9999958087188284,0,0,0.7743419371326348,0.238922887023242,OSBPL8
GO_Biological_Process_2023,Regulation Of Superoxide Anion Generation (GO:0032928),1/14,0.7345115270580045,0.9999958087188284,0,0,0.7743419371326348,0.238922887023242,F2RL1
GO_Biological_Process_2023,Resolution Of Meiotic Recombination Intermediates (GO:0000712),1/14,0.7345115270580045,0.9999958087188284,0,0,0.7743419371326348,0.238922887023242,TOP2A
GO_Biological_Process_2023,Respiratory Electron Transport Chain (GO:0022904),1/14,0.7345115270580045,0.9999958087188284,0,0,0.7743419371326348,0.238922887023242,SLC25A13
GO_Biological_Process_2023,Serine Family Amino Acid Metabolic Process (GO:0009069),1/14,0.7345115270580045,0.9999958087188284,0,0,0.7743419371326348,0.238922887023242,SHMT2
GO_Biological_Process_2023,Striated Muscle Cell Development (GO:0055002),1/14,0.7345115270580045,0.9999958087188284,0,0,0.7743419371326348,0.238922887023242,LMOD3
GO_Biological_Process_2023,Synaptic Vesicle Membrane Organization (GO:0048499),1/14,0.7345115270580045,0.9999958087188284,0,0,0.7743419371326348,0.238922887023242,STX1A
GO_Biological_Process_2023,Ubiquinone Metabolic Process (GO:0006743),1/14,0.7345115270580045,0.9999958087188284,0,0,0.7743419371326348,0.238922887023242,NQO1
GO_Biological_Process_2023,Negative Regulation Of Cellular Catabolic Process (GO:0031330),5/67,0.7352496479900478,0.9999958087188284,0,0,0.8114192116286564,0.2495480677476642,IL10;LEP;BMF;TIMP1;EIF4G3
GO_Biological_Process_2023,tRNA Modification (GO:0006400),5/67,0.7352496479900478,0.9999958087188284,0,0,0.8114192116286564,0.2495480677476642,DTWD2;YRDC;METTL1;DUS1L;PUSL1
GO_Biological_Process_2023,Cellular Response To Organonitrogen Compound (GO:0071417),8/105,0.742901912460439,0.9999958087188284,0,0,0.8296017833504296,0.2465503980562476,HCN3;P2RY6;JUP;CDH1;SESN2;CIB2;SOX9;BRCA1
GO_Biological_Process_2023,Intrinsic Apoptotic Signaling Pathway (GO:0097193),8/105,0.742901912460439,0.9999958087188284,0,0,0.8296017833504296,0.2465503980562476,ERN2;PMAIP1;SFN;TRAF2;BRCA1;CD24;IKBKE;PML
GO_Biological_Process_2023,Lysosomal Transport (GO:0007041),8/105,0.742901912460439,0.9999958087188284,0,0,0.8296017833504296,0.2465503980562476,SPTBN5;HOOK1;MGRN1;RAB12;VPS41;ANKFY1;ATP13A2;HOOK3
GO_Biological_Process_2023,Negative Regulation Of MAPK Cascade (GO:0043409),8/105,0.742901912460439,0.9999958087188284,0,0,0.8296017833504296,0.2465503980562476,DUSP4;LMO3;NF1;CBLC;EPHB2;FOXM1;CDK5RAP3;AGT
GO_Biological_Process_2023,Phosphatidylcholine Metabolic Process (GO:0046470),4/55,0.7442163133725835,0.9999958087188284,0,0,0.789185779691799,0.2331440588269867,PLA2G2D;SLC44A4;TMEM86B;MBOAT2
GO_Biological_Process_2023,Positive Regulation Of Tyrosine Phosphorylation Of STAT Protein (GO:0042531),4/55,0.7442163133725835,0.9999958087188284,0,0,0.789185779691799,0.2331440588269867,CLCF1;LIF;PTK6;CRLF1
GO_Biological_Process_2023,Branching Morphogenesis Of An Epithelial Tube (GO:0048754),3/42,0.7442323687019926,0.9999958087188284,0,0,0.77409176189664,0.2286682309510624,LRP5;SIX1;SEMA3E
GO_Biological_Process_2023,Cellular Response To Amino Acid Starvation (GO:0034198),3/42,0.7442323687019926,0.9999958087188284,0,0,0.77409176189664,0.2286682309510624,SESN2;EIF2AK4;WDR24
GO_Biological_Process_2023,Organic Hydroxy Compound Biosynthetic Process (GO:1901617),3/42,0.7442323687019926,0.9999958087188284,0,0,0.77409176189664,0.2286682309510624,PSAT1;HSD17B1;SLC27A2
GO_Biological_Process_2023,Positive Regulation Of Calcium Ion Transmembrane Transport (GO:1904427),3/42,0.7442323687019926,0.9999958087188284,0,0,0.77409176189664,0.2286682309510624,CD19;THY1;GRIN1
GO_Biological_Process_2023,Regulation Of Ubiquitin-Dependent Protein Catabolic Process (GO:2000058),3/42,0.7442323687019926,0.9999958087188284,0,0,0.77409176189664,0.2286682309510624,FBXW7;CDK5RAP3;PML
GO_Biological_Process_2023,Substantia Nigra Development (GO:0021762),3/42,0.7442323687019926,0.9999958087188284,0,0,0.77409176189664,0.2286682309510624,YWHAE;G6PD;MAPKAP1
GO_Biological_Process_2023,Intracellular Monoatomic Cation Homeostasis (GO:0030003),15/190,0.7451329237800267,0.9999958087188284,0,0,0.8618303571428572,0.2535441612174609,EDN2;TMPRSS6;TMPRSS4;SLC4A11;ATP2A2;ATP1B1;CP;VAPB;BOLA2;TNNI3;ATP13A2;SLC39A7;HAMP;SLC39A4;DRD4
GO_Biological_Process_2023,Protein Localization To Cell Periphery (GO:1990778),11/142,0.7462859951882836,0.9999958087188284,0,0,0.8444635236913243,0.2471291938248956,JUP;CDH1;PACS1;TESC;RAB12;TSPAN5;WDR72;PKP3;ATP1B1;RAMP1;PACSIN1
GO_Biological_Process_2023,Negative Regulation Of Amide Metabolic Process (GO:0034249),7/93,0.7463657592917188,0.9999958087188284,0,0,0.8187919896640827,0.2395290033350199,GRB7;TRIM2;ENC1;IGF2BP3;IGF2BP2;TYMS;GAPDH
GO_Biological_Process_2023,Regulation Of Endothelial Cell Proliferation (GO:0001936),7/93,0.7463657592917188,0.9999958087188284,0,0,0.8187919896640827,0.2395290033350199,STAT1;LEP;SORD;NF1;PLXNB3;FUT2;SULF1
GO_Biological_Process_2023,Protein Polyubiquitination (GO:0000209),18/226,0.746724149206539,0.9999958087188284,0,0,0.8699800060196929,0.2540858735606379,BARD1;WSB1;UBE2C;UBE2D2;SYVN1;ZFP91;TRAF2;BRCA1;TRAF4;RUSC1;UBE2S;TRIM2;UBE2T;UBE2O;PRAME;TRIM38;TRIM31;THOP1
GO_Biological_Process_2023,Positive Regulation Of Peptidyl-Tyrosine Phosphorylation (GO:0050731),10/130,0.747592517202809,0.9999958087188284,0,0,0.8381098126507142,0.2438038083048916,GREM1;ERBB3;SRC;CLCF1;LIF;NOX4;PTK6;LRP8;AGT;CRLF1
GO_Biological_Process_2023,RNA Biosynthetic Process (GO:0032774),2/29,0.7511981921771814,0.9999958087188284,0,0,0.7455011798502104,0.2132772698819799,TAF13;TAF6
GO_Biological_Process_2023,TOR Signaling (GO:0031929),2/29,0.7511981921771814,0.9999958087188284,0,0,0.7455011798502104,0.2132772698819799,MAPKAP1;SYAP1
GO_Biological_Process_2023,Alpha-Amino Acid Metabolic Process (GO:1901605),2/29,0.7511981921771814,0.9999958087188284,0,0,0.7455011798502104,0.2132772698819799,NOX4;SLC25A13
GO_Biological_Process_2023,Carbohydrate Derivative Biosynthetic Process (GO:1901137),2/29,0.7511981921771814,0.9999958087188284,0,0,0.7455011798502104,0.2132772698819799,G6PD;RRM2
GO_Biological_Process_2023,Chondrocyte Differentiation (GO:0002062),2/29,0.7511981921771814,0.9999958087188284,0,0,0.7455011798502104,0.2132772698819799,SOX9;SULF1
GO_Biological_Process_2023,Establishment Of Mitotic Spindle Orientation (GO:0000132),2/29,0.7511981921771814,0.9999958087188284,0,0,0.7455011798502104,0.2132772698819799,CENPA;MAD2L1
GO_Biological_Process_2023,Integrated Stress Response Signaling (GO:0140467),2/29,0.7511981921771814,0.9999958087188284,0,0,0.7455011798502104,0.2132772698819799,NFE2L3;EIF2AK4
GO_Biological_Process_2023,Maintenance Of Blood-Brain Barrier (GO:0035633),2/29,0.7511981921771814,0.9999958087188284,0,0,0.7455011798502104,0.2132772698819799,CLDN3;LSR
GO_Biological_Process_2023,Positive Regulation Of B Cell Proliferation (GO:0030890),2/29,0.7511981921771814,0.9999958087188284,0,0,0.7455011798502104,0.2132772698819799,CLCF1;EPHB2
GO_Biological_Process_2023,Positive Regulation Of Dephosphorylation (GO:0035306),2/29,0.7511981921771814,0.9999958087188284,0,0,0.7455011798502104,0.2132772698819799,CDCA2;SRC
GO_Biological_Process_2023,Positive Regulation Of Endopeptidase Activity (GO:0010950),2/29,0.7511981921771814,0.9999958087188284,0,0,0.7455011798502104,0.2132772698819799,AIM2;GRIN1
GO_Biological_Process_2023,Positive Regulation Of Microtubule Polymerization (GO:0031116),2/29,0.7511981921771814,0.9999958087188284,0,0,0.7455011798502104,0.2132772698819799,RAC1;CDK5R1
GO_Biological_Process_2023,Regulation Of Establishment Of Planar Polarity (GO:0090175),2/29,0.7511981921771814,0.9999958087188284,0,0,0.7455011798502104,0.2132772698819799,RAC1;CELSR3
GO_Biological_Process_2023,Regulation Of Muscle Contraction (GO:0006937),2/29,0.7511981921771814,0.9999958087188284,0,0,0.7455011798502104,0.2132772698819799,TNNT1;MYBPH
GO_Biological_Process_2023,Regulation Of Spindle Assembly (GO:0090169),2/29,0.7511981921771814,0.9999958087188284,0,0,0.7455011798502104,0.2132772698819799,STIL;SPAG5
GO_Biological_Process_2023,Sarcomere Organization (GO:0045214),2/29,0.7511981921771814,0.9999958087188284,0,0,0.7455011798502104,0.2132772698819799,SIX4;TNNT1
GO_Biological_Process_2023,Negative Regulation Of NF-kappaB Transcription Factor Activity (GO:0032088),6/81,0.7513499857583734,0.9999958087188284,0,0,0.8047973348139922,0.2300784474442652,IL10;PARP10;AIM2;IRAK1;CDKN2A;CDK5RAP3
GO_Biological_Process_2023,Regulation Of Cytokine Production (GO:0001817),13/167,0.7526347588285232,0.9999958087188284,0,0,0.8488142292490118,0.2412119676983506,IL10;ISG15;VTCN1;AGT;FOXP1;SCAMP5;LEP;IRF7;SAA1;IGF2BP3;IGF2BP2;GAPDH;LGR4
GO_Biological_Process_2023,Synapse Organization (GO:0050808),10/131,0.7560375861595364,0.9999958087188284,0,0,0.8311372949406035,0.2324393357886845,PPFIBP1;LRFN4;CDH1;WNT7B;PPFIA1;SEMA3E;AGRN;PPFIA4;PCDHB9;PTPRF
GO_Biological_Process_2023,Cellular Response To Peptide (GO:1901653),4/56,0.7569338374468599,0.9999958087188284,0,0,0.7739664661461666,0.2155337406095685,SRC;DDX11;TIMELESS;GRIN1
GO_Biological_Process_2023,Cellular Response To Tumor Necrosis Factor (GO:0071356),9/119,0.7583429391014861,0.9999958087188284,0,0,0.8228688441702903,0.2276216253457501,BAG4;AIM2;CCL22;TRAF4;STAT1;TRAF2;BRCA1;TNFRSF21;BIRC3
GO_Biological_Process_2023,3'-Phosphoadenosine 5'-Phosphosulfate Metabolic Process (GO:0050427),1/15,0.758515087399717,0.9999958087188284,0,0,0.7189922480620154,0.1987241291219394,BPNT1
GO_Biological_Process_2023,B Cell Mediated Immunity (GO:0019724),1/15,0.758515087399717,0.9999958087188284,0,0,0.7189922480620154,0.1987241291219394,CD19
GO_Biological_Process_2023,Golgi To Endosome Transport (GO:0006895),1/15,0.758515087399717,0.9999958087188284,0,0,0.7189922480620154,0.1987241291219394,VPS13C
GO_Biological_Process_2023,N-acetylglucosamine Metabolic Process (GO:0006044),1/15,0.758515087399717,0.9999958087188284,0,0,0.7189922480620154,0.1987241291219394,CHST6
GO_Biological_Process_2023,Anterograde Synaptic Vesicle Transport (GO:0048490),1/15,0.758515087399717,0.9999958087188284,0,0,0.7189922480620154,0.1987241291219394,TRIM46
GO_Biological_Process_2023,Astrocyte Development (GO:0014002),1/15,0.758515087399717,0.9999958087188284,0,0,0.7189922480620154,0.1987241291219394,NF1
GO_Biological_Process_2023,Cardiac Myofibril Assembly (GO:0055003),1/15,0.758515087399717,0.9999958087188284,0,0,0.7189922480620154,0.1987241291219394,ADPRHL1
GO_Biological_Process_2023,Cellular Response To Estrogen Stimulus (GO:0071391),1/15,0.758515087399717,0.9999958087188284,0,0,0.7189922480620154,0.1987241291219394,SOX9
GO_Biological_Process_2023,Endoplasmic Reticulum To Cytosol Transport (GO:1903513),1/15,0.758515087399717,0.9999958087188284,0,0,0.7189922480620154,0.1987241291219394,SYVN1
GO_Biological_Process_2023,Gas Transport (GO:0015669),1/15,0.758515087399717,0.9999958087188284,0,0,0.7189922480620154,0.1987241291219394,MB
GO_Biological_Process_2023,Glutamine Family Amino Acid Catabolic Process (GO:0009065),1/15,0.758515087399717,0.9999958087188284,0,0,0.7189922480620154,0.1987241291219394,GAD1
GO_Biological_Process_2023,Keratan Sulfate Biosynthetic Process (GO:0018146),1/15,0.758515087399717,0.9999958087188284,0,0,0.7189922480620154,0.1987241291219394,CHST6
GO_Biological_Process_2023,Midbody Abscission (GO:0061952),1/15,0.758515087399717,0.9999958087188284,0,0,0.7189922480620154,0.1987241291219394,KIF20A
GO_Biological_Process_2023,Negative Regulation Of DNA Replication (GO:0008156),1/15,0.758515087399717,0.9999958087188284,0,0,0.7189922480620154,0.1987241291219394,CDT1
GO_Biological_Process_2023,Negative Regulation Of Cell-Substrate Junction Organization (GO:0150118),1/15,0.758515087399717,0.9999958087188284,0,0,0.7189922480620154,0.1987241291219394,SRC
GO_Biological_Process_2023,Negative Regulation Of Endoplasmic Reticulum Stress-Induced Intrinsic Apoptotic Signaling Pathway (GO:1902236),1/15,0.758515087399717,0.9999958087188284,0,0,0.7189922480620154,0.1987241291219394,SYVN1
GO_Biological_Process_2023,Negative Regulation Of Focal Adhesion Assembly (GO:0051895),1/15,0.758515087399717,0.9999958087188284,0,0,0.7189922480620154,0.1987241291219394,SRC
GO_Biological_Process_2023,Negative Regulation Of Platelet Activation (GO:0010544),1/15,0.758515087399717,0.9999958087188284,0,0,0.7189922480620154,0.1987241291219394,CEACAM1
GO_Biological_Process_2023,Negative Regulation Of Protein Processing (GO:0010955),1/15,0.758515087399717,0.9999958087188284,0,0,0.7189922480620154,0.1987241291219394,PLAU
GO_Biological_Process_2023,Negative Regulation Of Telomere Maintenance (GO:0032205),1/15,0.758515087399717,0.9999958087188284,0,0,0.7189922480620154,0.1987241291219394,PARP1
GO_Biological_Process_2023,Nitric Oxide Biosynthetic Process (GO:0006809),1/15,0.758515087399717,0.9999958087188284,0,0,0.7189922480620154,0.1987241291219394,NQO1
GO_Biological_Process_2023,"Positive Regulation Of DNA Damage Response, Signal Transduction By P53 Class Mediator (GO:0043517)",1/15,0.758515087399717,0.9999958087188284,0,0,0.7189922480620154,0.1987241291219394,PMAIP1
GO_Biological_Process_2023,Positive Regulation Of Cyclin-Dependent Protein Serine/Threonine Kinase Activity (GO:0045737),1/15,0.758515087399717,0.9999958087188284,0,0,0.7189922480620154,0.1987241291219394,EGFR
GO_Biological_Process_2023,Positive Regulation Of Isotype Switching (GO:0045830),1/15,0.758515087399717,0.9999958087188284,0,0,0.7189922480620154,0.1987241291219394,CLCF1
GO_Biological_Process_2023,Positive Regulation Of Muscle Cell Differentiation (GO:0051149),1/15,0.758515087399717,0.9999958087188284,0,0,0.7189922480620154,0.1987241291219394,MESP1
GO_Biological_Process_2023,Positive Regulation Of Secretion (GO:0051047),1/15,0.758515087399717,0.9999958087188284,0,0,0.7189922480620154,0.1987241291219394,SCIN
GO_Biological_Process_2023,Positive Regulation Of Transcription By RNA Polymerase III (GO:0045945),1/15,0.758515087399717,0.9999958087188284,0,0,0.7189922480620154,0.1987241291219394,CHD8
GO_Biological_Process_2023,Positive Regulation Of Transmembrane Transport (GO:0034764),1/15,0.758515087399717,0.9999958087188284,0,0,0.7189922480620154,0.1987241291219394,BRAF
GO_Biological_Process_2023,Receptor Catabolic Process (GO:0032801),1/15,0.758515087399717,0.9999958087188284,0,0,0.7189922480620154,0.1987241291219394,RNF43
GO_Biological_Process_2023,Regulation Of Activin Receptor Signaling Pathway (GO:0032925),1/15,0.758515087399717,0.9999958087188284,0,0,0.7189922480620154,0.1987241291219394,ACVR2B
GO_Biological_Process_2023,Regulation Of Interleukin-13 Production (GO:0032656),1/15,0.758515087399717,0.9999958087188284,0,0,0.7189922480620154,0.1987241291219394,TNFRSF21
GO_Biological_Process_2023,Regulation Of Lipoprotein Lipase Activity (GO:0051004),1/15,0.758515087399717,0.9999958087188284,0,0,0.7189922480620154,0.1987241291219394,ANGPTL4
GO_Biological_Process_2023,Regulation Of miRNA-mediated Gene Silencing (GO:0060964),1/15,0.758515087399717,0.9999958087188284,0,0,0.7189922480620154,0.1987241291219394,POU5F1
GO_Biological_Process_2023,Regulation Of Systemic Arterial Blood Pressure (GO:0003073),1/15,0.758515087399717,0.9999958087188284,0,0,0.7189922480620154,0.1987241291219394,SLC2A5
GO_Biological_Process_2023,Synaptic Vesicle Transport Along Microtubule (GO:0099517),1/15,0.758515087399717,0.9999958087188284,0,0,0.7189922480620154,0.1987241291219394,TRIM46
GO_Biological_Process_2023,Vasodilation (GO:0042311),1/15,0.758515087399717,0.9999958087188284,0,0,0.7189922480620154,0.1987241291219394,F2RL1
GO_Biological_Process_2023,Response To Molecule Of Bacterial Origin (GO:0002237),5/69,0.7585491140241959,0.9999958087188284,0,0,0.7859756520532741,0.2172025878891258,IL10;CYP27B1;IRAK1;CD24;FOXP1
GO_Biological_Process_2023,Energy Derivation By Oxidation Of Organic Compounds (GO:0015980),3/43,0.7586212562220797,0.9999958087188284,0,0,0.7546978935698447,0.2084872777958251,LEP;GFPT1;SLC25A13
GO_Biological_Process_2023,Learning (GO:0007612),3/43,0.7586212562220797,0.9999958087188284,0,0,0.7546978935698447,0.2084872777958251,EIF2AK4;EPHB2;STRA6
GO_Biological_Process_2023,Positive Regulation Of Stress Fiber Assembly (GO:0051496),3/43,0.7586212562220797,0.9999958087188284,0,0,0.7546978935698447,0.2084872777958251,LIMK1;RAC1;EPHA1
GO_Biological_Process_2023,Regulation Of JUN Kinase Activity (GO:0043506),3/43,0.7586212562220797,0.9999958087188284,0,0,0.7546978935698447,0.2084872777958251,DUSP19;TRAF2;MAP3K13
GO_Biological_Process_2023,Regulation Of Cellular Component Size (GO:0032535),3/43,0.7586212562220797,0.9999958087188284,0,0,0.7546978935698447,0.2084872777958251,MYO3B;ATP13A2;RAC1
GO_Biological_Process_2023,Neuron Projection Development (GO:0031175),15/192,0.759192675213754,0.9999958087188284,0,0,0.8519975786924939,0.2347250600906992,VPS13B;NMNAT2;PPP1R9A;NOL3;MAPK8IP3;UHMK1;TBC1D24;MAP4;NCDN;EPHB2;MARK2;EPHB3;PACSIN1;PLXNA3;CDK5R1
GO_Biological_Process_2023,Protein Localization To Membrane (GO:0072657),15/192,0.759192675213754,0.9999958087188284,0,0,0.8519975786924939,0.2347250600906992,JUP;NUP155;TESC;WDR72;BRAF;THY1;ATP1B1;CDH1;PACS1;RAB12;TSPAN5;PKP3;AGRN;RAMP1;PACSIN1
GO_Biological_Process_2023,Regulation Of Phosphorylation (GO:0042325),6/82,0.7617995540309571,0.9999958087188284,0,0,0.7941640609018381,0.2160696537665896,BARD1;SRPX2;CDKN2A;SESN2;CD24;EGFR
GO_Biological_Process_2023,Circulatory System Development (GO:0072359),10/132,0.7642855137760877,0.9999958087188284,0,0,0.8242790807995111,0.221577633593413,COL3A1;ERBB3;FBXW7;NF1;TNNI3;SOX9;BCOR;ISL1;SOX4;STRA6
GO_Biological_Process_2023,Epithelial Cell Differentiation (GO:0030855),10/132,0.7642855137760877,0.9999958087188284,0,0,0.8242790807995111,0.221577633593413,VIL1;MESP1;DLX3;KRT17;KRT16;KRT15;HSF4;SIX1;GRHL2;E2F7
GO_Biological_Process_2023,Regulation Of Angiogenesis (GO:0045765),16/205,0.7657905927256909,0.9999958087188284,0,0,0.8510039911491615,0.2270874571684576,JUP;STAT1;PSG1;SEMA3E;BRCA1;SULF1;CXCL13;THBS2;ISL1;PML;CEACAM1;LEP;ERBB2;NF1;ANGPTL4;EPHA1
GO_Biological_Process_2023,Cell Junction Assembly (GO:0034329),7/95,0.7659108941856638,0.9999958087188284,0,0,0.8000946969696969,0.2133768083910851,CDH3;CDH1;CTNND1;PKP3;CDH17;GRHL2;PCDHB9
GO_Biological_Process_2023,Positive Regulation Of Transmembrane Receptor Protein Serine/Threonine Kinase Signaling Pathway (GO:0090100),7/95,0.7659108941856638,0.9999958087188284,0,0,0.8000946969696969,0.2133768083910851,CCNA2;BMP8B;UBE2O;SOX11;TTK;SULF1;ACVR2B
GO_Biological_Process_2023,Artery Morphogenesis (GO:0048844),2/30,0.7679058887149157,0.9999958087188284,0,0,0.7188365650969529,0.1898361784307357,NF1;STRA6
GO_Biological_Process_2023,Intrinsic Apoptotic Signaling Pathway In Response To Endoplasmic Reticulum Stress (GO:0070059),2/30,0.7679058887149157,0.9999958087188284,0,0,0.7188365650969529,0.1898361784307357,ERN2;TRAF2
GO_Biological_Process_2023,Lamellipodium Organization (GO:0097581),2/30,0.7679058887149157,0.9999958087188284,0,0,0.7188365650969529,0.1898361784307357,RAC1;RHOD
GO_Biological_Process_2023,Negative Regulation Of Interleukin-1 Production (GO:0032692),2/30,0.7679058887149157,0.9999958087188284,0,0,0.7188365650969529,0.1898361784307357,IL10;CEACAM1
GO_Biological_Process_2023,Negative Regulation Of Peptidyl-Tyrosine Phosphorylation (GO:0050732),2/30,0.7679058887149157,0.9999958087188284,0,0,0.7188365650969529,0.1898361784307357,PTK6;THY1
GO_Biological_Process_2023,"Phagocytosis, Engulfment (GO:0006911)",2/30,0.7679058887149157,0.9999958087188284,0,0,0.7188365650969529,0.1898361784307357,RAC3;RAC1
GO_Biological_Process_2023,Phospholipid Dephosphorylation (GO:0046839),2/30,0.7679058887149157,0.9999958087188284,0,0,0.7188365650969529,0.1898361784307357,SYNJ2;SGPP2
GO_Biological_Process_2023,Positive Regulation Of Interleukin-10 Production (GO:0032733),2/30,0.7679058887149157,0.9999958087188284,0,0,0.7188365650969529,0.1898361784307357,F2RL1;ISG15
GO_Biological_Process_2023,Positive Regulation Of Lipid Kinase Activity (GO:0090218),2/30,0.7679058887149157,0.9999958087188284,0,0,0.7188365650969529,0.1898361784307357,CD19;EEF1A2
GO_Biological_Process_2023,Positive Regulation Of Phosphate Metabolic Process (GO:0045937),2/30,0.7679058887149157,0.9999958087188284,0,0,0.7188365650969529,0.1898361784307357,SRC;EGFR
GO_Biological_Process_2023,Prostaglandin Metabolic Process (GO:0006693),2/30,0.7679058887149157,0.9999958087188284,0,0,0.7188365650969529,0.1898361784307357,EDN2;PTGES
GO_Biological_Process_2023,Response To Amino Acid (GO:0043200),2/30,0.7679058887149157,0.9999958087188284,0,0,0.7188365650969529,0.1898361784307357,SESN2;GRIN1
GO_Biological_Process_2023,Regulation Of Transcription Initiation By RNA Polymerase II (GO:0060260),4/57,0.7691564386875048,0.9999958087188284,0,0,0.7593214663192374,0.199292194560693,ZNF451;TAF13;MED8;TAF6
GO_Biological_Process_2023,Protein K48-linked Ubiquitination (GO:0070936),5/70,0.7696057011625983,0.9999958087188284,0,0,0.7738410313327072,0.2026511458645642,UBE2C;UBE2D2;UBE2T;SYVN1;TRIM31
GO_Biological_Process_2023,Sensory Organ Development (GO:0007423),5/70,0.7696057011625983,0.9999958087188284,0,0,0.7738410313327072,0.2026511458645642,WNT10A;SIX4;SMOC1;MYO7A;STRA6
GO_Biological_Process_2023,Cellular Response To Ketone (GO:1901655),3/44,0.7723479176257162,0.9999958087188284,0,0,0.7362500676004543,0.1901882352472295,CREB1;SRC;SPP1
GO_Biological_Process_2023,Lymphocyte Chemotaxis (GO:0048247),3/44,0.7723479176257162,0.9999958087188284,0,0,0.7362500676004543,0.1901882352472295,CCL22;SAA1;CXCL13
GO_Biological_Process_2023,Nucleobase-Containing Compound Catabolic Process (GO:0034655),3/44,0.7723479176257162,0.9999958087188284,0,0,0.7362500676004543,0.1901882352472295,PNPT1;ENTPD4;DNASE1
GO_Biological_Process_2023,Positive Regulation Of Biosynthetic Process (GO:0009891),3/44,0.7723479176257162,0.9999958087188284,0,0,0.7362500676004543,0.1901882352472295,CREB1;SLC5A3;GRIN1
GO_Biological_Process_2023,Positive Regulation Of Chemotaxis (GO:0050921),3/44,0.7723479176257162,0.9999958087188284,0,0,0.7362500676004543,0.1901882352472295,EDN2;MDK;F2RL1
GO_Biological_Process_2023,Cellular Response To Salt (GO:1902075),8/109,0.7791828472441967,0.9999958087188284,0,0,0.796570151734462,0.1987518522854842,CPNE4;CDH1;ITPKA;CIB2;BRAF;SYT13;ECT2;SYT7
GO_Biological_Process_2023,Negative Regulation Of Developmental Process (GO:0051093),8/109,0.7791828472441967,0.9999958087188284,0,0,0.796570151734462,0.1987518522854842,GREM1;PARP3;PARP1;BCL11A;ARID4B;PRAME;SOX9;THY1
GO_Biological_Process_2023,Myeloid Leukocyte Differentiation (GO:0002573),5/71,0.7802720983157749,0.9999958087188284,0,0,0.7620741263915515,0.1890801747054744,PARP1;LIF;F2RL1;MMP9;FOXP1
GO_Biological_Process_2023,Negative Regulation Of Supramolecular Fiber Organization (GO:1902904),5/71,0.7802720983157749,0.9999958087188284,0,0,0.7620741263915515,0.1890801747054744,TPX2;TAOK1;HIP1R;TBCD;TRIM54
GO_Biological_Process_2023,B Cell Activation Involved In Immune Response (GO:0002312),1/16,0.7803494954246433,0.9999958087188284,0,0,0.6710225175341454,0.1664225683972749,CD19
GO_Biological_Process_2023,DNA Repair-Dependent Chromatin Remodeling (GO:0140861),1/16,0.7803494954246433,0.9999958087188284,0,0,0.6710225175341454,0.1664225683972749,DEPDC1B
GO_Biological_Process_2023,Activation Of Cysteine-Type Endopeptidase Activity (GO:0097202),1/16,0.7803494954246433,0.9999958087188284,0,0,0.6710225175341454,0.1664225683972749,PERP
GO_Biological_Process_2023,Activin Receptor Signaling Pathway (GO:0032924),1/16,0.7803494954246433,0.9999958087188284,0,0,0.6710225175341454,0.1664225683972749,ACVR2B
GO_Biological_Process_2023,"Alternative mRNA Splicing, Via Spliceosome (GO:0000380)",1/16,0.7803494954246433,0.9999958087188284,0,0,0.6710225175341454,0.1664225683972749,DDX17
GO_Biological_Process_2023,Cell Communication By Electrical Coupling Involved In Cardiac Conduction (GO:0086064),1/16,0.7803494954246433,0.9999958087188284,0,0,0.6710225175341454,0.1664225683972749,ATP1B1
GO_Biological_Process_2023,Cell Surface Toll-Like Receptor Signaling Pathway (GO:0140895),1/16,0.7803494954246433,0.9999958087188284,0,0,0.6710225175341454,0.1664225683972749,IRAK1
GO_Biological_Process_2023,Chondroitin Sulfate Metabolic Process (GO:0030204),1/16,0.7803494954246433,0.9999958087188284,0,0,0.6710225175341454,0.1664225683972749,DSEL
GO_Biological_Process_2023,Extrinsic Apoptotic Signaling Pathway In Absence Of Ligand (GO:0097192),1/16,0.7803494954246433,0.9999958087188284,0,0,0.6710225175341454,0.1664225683972749,ERBB3
GO_Biological_Process_2023,Intracellular Cholesterol Transport (GO:0032367),1/16,0.7803494954246433,0.9999958087188284,0,0,0.6710225175341454,0.1664225683972749,SYT7
GO_Biological_Process_2023,Late Endosome To Lysosome Transport (GO:1902774),1/16,0.7803494954246433,0.9999958087188284,0,0,0.6710225175341454,0.1664225683972749,VPS41
GO_Biological_Process_2023,Male Meiosis I (GO:0007141),1/16,0.7803494954246433,0.9999958087188284,0,0,0.6710225175341454,0.1664225683972749,HSF2BP
GO_Biological_Process_2023,Mesonephric Tubule Development (GO:0072164),1/16,0.7803494954246433,0.9999958087188284,0,0,0.6710225175341454,0.1664225683972749,SIX1
GO_Biological_Process_2023,Negative Regulation Of ATP-dependent Activity (GO:0032780),1/16,0.7803494954246433,0.9999958087188284,0,0,0.6710225175341454,0.1664225683972749,TNNI3
GO_Biological_Process_2023,Negative Regulation Of Cytokine Production Involved In Immune Response (GO:0002719),1/16,0.7803494954246433,0.9999958087188284,0,0,0.6710225175341454,0.1664225683972749,IL10
GO_Biological_Process_2023,Negative Regulation Of Interleukin-10 Production (GO:0032693),1/16,0.7803494954246433,0.9999958087188284,0,0,0.6710225175341454,0.1664225683972749,TNFRSF21
GO_Biological_Process_2023,Negative Regulation Of Natural Killer Cell Mediated Cytotoxicity (GO:0045953),1/16,0.7803494954246433,0.9999958087188284,0,0,0.6710225175341454,0.1664225683972749,CEACAM1
GO_Biological_Process_2023,Negative Regulation Of Viral-Induced Cytoplasmic Pattern Recognition Receptor Signaling Pathway (GO:0039532),1/16,0.7803494954246433,0.9999958087188284,0,0,0.6710225175341454,0.1664225683972749,F2RL1
GO_Biological_Process_2023,Nitric Oxide Metabolic Process (GO:0046209),1/16,0.7803494954246433,0.9999958087188284,0,0,0.6710225175341454,0.1664225683972749,NQO1
GO_Biological_Process_2023,Nuclear Migration (GO:0007097),1/16,0.7803494954246433,0.9999958087188284,0,0,0.6710225175341454,0.1664225683972749,HOOK3
GO_Biological_Process_2023,Oligodendrocyte Development (GO:0014003),1/16,0.7803494954246433,0.9999958087188284,0,0,0.6710225175341454,0.1664225683972749,NSUN5
GO_Biological_Process_2023,Phosphatidylinositol Dephosphorylation (GO:0046856),1/16,0.7803494954246433,0.9999958087188284,0,0,0.6710225175341454,0.1664225683972749,SYNJ2
GO_Biological_Process_2023,Positive Regulation Of Cell Migration Involved In Sprouting Angiogenesis (GO:0090050),1/16,0.7803494954246433,0.9999958087188284,0,0,0.6710225175341454,0.1664225683972749,SRPX2
GO_Biological_Process_2023,Positive Regulation Of Positive Chemotaxis (GO:0050927),1/16,0.7803494954246433,0.9999958087188284,0,0,0.6710225175341454,0.1664225683972749,F2RL1
GO_Biological_Process_2023,Positive Regulation Of Stem Cell Proliferation (GO:2000648),1/16,0.7803494954246433,0.9999958087188284,0,0,0.6710225175341454,0.1664225683972749,SOX11
GO_Biological_Process_2023,Prostanoid Metabolic Process (GO:0006692),1/16,0.7803494954246433,0.9999958087188284,0,0,0.6710225175341454,0.1664225683972749,PTGES
GO_Biological_Process_2023,Protein Kinase A Signaling (GO:0010737),1/16,0.7803494954246433,0.9999958087188284,0,0,0.6710225175341454,0.1664225683972749,GAL
GO_Biological_Process_2023,Protein Localization To Mitochondrion (GO:0070585),1/16,0.7803494954246433,0.9999958087188284,0,0,0.6710225175341454,0.1664225683972749,ISG15
GO_Biological_Process_2023,Protein Targeting To Peroxisome (GO:0006625),1/16,0.7803494954246433,0.9999958087188284,0,0,0.6710225175341454,0.1664225683972749,LONP2
GO_Biological_Process_2023,Regulation Of B Cell Receptor Signaling Pathway (GO:0050855),1/16,0.7803494954246433,0.9999958087188284,0,0,0.6710225175341454,0.1664225683972749,FOXP1
GO_Biological_Process_2023,Regulation Of DNA Strand Elongation (GO:0060382),1/16,0.7803494954246433,0.9999958087188284,0,0,0.6710225175341454,0.1664225683972749,NUCKS1
GO_Biological_Process_2023,Regulation Of NMDA Receptor Activity (GO:2000310),1/16,0.7803494954246433,0.9999958087188284,0,0,0.6710225175341454,0.1664225683972749,EPHB2
GO_Biological_Process_2023,Regulation Of Autophagosome Maturation (GO:1901096),1/16,0.7803494954246433,0.9999958087188284,0,0,0.6710225175341454,0.1664225683972749,ATG12
GO_Biological_Process_2023,Regulation Of Establishment Of Endothelial Barrier (GO:1903140),1/16,0.7803494954246433,0.9999958087188284,0,0,0.6710225175341454,0.1664225683972749,PROC
GO_Biological_Process_2023,Regulation Of Natural Killer Cell Activation (GO:0032814),1/16,0.7803494954246433,0.9999958087188284,0,0,0.6710225175341454,0.1664225683972749,LEP
GO_Biological_Process_2023,Regulation Of Presynapse Assembly (GO:1905606),1/16,0.7803494954246433,0.9999958087188284,0,0,0.6710225175341454,0.1664225683972749,LRFN4
GO_Biological_Process_2023,Regulation Of Presynapse Organization (GO:0099174),1/16,0.7803494954246433,0.9999958087188284,0,0,0.6710225175341454,0.1664225683972749,LRFN4
GO_Biological_Process_2023,Regulation Of Protein Kinase A Signaling (GO:0010738),1/16,0.7803494954246433,0.9999958087188284,0,0,0.6710225175341454,0.1664225683972749,MC1R
GO_Biological_Process_2023,Regulation Of Stem Cell Proliferation (GO:0072091),1/16,0.7803494954246433,0.9999958087188284,0,0,0.6710225175341454,0.1664225683972749,SOX11
GO_Biological_Process_2023,Regulation Of Triglyceride Biosynthetic Process (GO:0010866),1/16,0.7803494954246433,0.9999958087188284,0,0,0.6710225175341454,0.1664225683972749,FBXW7
GO_Biological_Process_2023,Retinal Metabolic Process (GO:0042574),1/16,0.7803494954246433,0.9999958087188284,0,0,0.6710225175341454,0.1664225683972749,RDH13
GO_Biological_Process_2023,Ruffle Organization (GO:0031529),1/16,0.7803494954246433,0.9999958087188284,0,0,0.6710225175341454,0.1664225683972749,RAC1
GO_Biological_Process_2023,"Synaptic Transmission, Cholinergic (GO:0007271)",1/16,0.7803494954246433,0.9999958087188284,0,0,0.6710225175341454,0.1664225683972749,NQO1
GO_Biological_Process_2023,Positive Regulation Of Type II Interferon Production (GO:0032729),4/58,0.7808916654001097,0.9999958087188284,0,0,0.7452188738933054,0.1843066759625981,SLC7A5;F2RL1;ISG15;ISL1
GO_Biological_Process_2023,Regulation Of Protein Catabolic Process (GO:0042176),9/122,0.7834291954932893,0.9999958087188284,0,0,0.8008898776418243,0.1954768691405058,BARD1;DDB1;NQO1;EEF1A2;ATP13A2;C4BPB;CDK5RAP3;EGFR;MAD2L1
GO_Biological_Process_2023,Cardiac Muscle Tissue Morphogenesis (GO:0055008),2/31,0.7836275021180545,0.9999958087188284,0,0,0.694010889292196,0.1692147735372934,TNNI3;ISL1
GO_Biological_Process_2023,Central Nervous System Neuron Differentiation (GO:0021953),2/31,0.7836275021180545,0.9999958087188284,0,0,0.694010889292196,0.1692147735372934,TAOK1;ISL1
GO_Biological_Process_2023,Negative Chemotaxis (GO:0050919),2/31,0.7836275021180545,0.9999958087188284,0,0,0.694010889292196,0.1692147735372934,SEMA4B;SEMA3E
GO_Biological_Process_2023,Negative Regulation Of Chemotaxis (GO:0050922),2/31,0.7836275021180545,0.9999958087188284,0,0,0.694010889292196,0.1692147735372934,SEMA4B;SEMA3E
GO_Biological_Process_2023,Phospholipid Translocation (GO:0045332),2/31,0.7836275021180545,0.9999958087188284,0,0,0.694010889292196,0.1692147735372934,ABCA4;ATP10B
GO_Biological_Process_2023,Positive Regulation Of Glucose Transmembrane Transport (GO:0010828),2/31,0.7836275021180545,0.9999958087188284,0,0,0.694010889292196,0.1692147735372934,OSBPL8;BRAF
GO_Biological_Process_2023,Positive Regulation Of Proteolysis Involved In Protein Catabolic Process (GO:1903052),2/31,0.7836275021180545,0.9999958087188284,0,0,0.694010889292196,0.1692147735372934,FBXW7;CDK5RAP3
GO_Biological_Process_2023,Regulation Of Gluconeogenesis (GO:0006111),2/31,0.7836275021180545,0.9999958087188284,0,0,0.694010889292196,0.1692147735372934,DDB1;ZNF692
GO_Biological_Process_2023,Monocarboxylic Acid Metabolic Process (GO:0032787),7/97,0.7843350004739497,0.9999958087188284,0,0,0.7822283950617284,0.1900181812506553,FA2H;LDHA;SGPL1;SLC6A8;KRT17;DSEL;ACOT11
GO_Biological_Process_2023,Regulation Of Protein Localization (GO:0032880),7/97,0.7843350004739497,0.9999958087188284,0,0,0.7822283950617284,0.1900181812506553,ABCA2;TRIM17;PARP1;FBXW7;TRIM46;ATP13A2;TRIM38
GO_Biological_Process_2023,Dephosphorylation (GO:0016311),11/147,0.7851158323490394,0.9999958087188284,0,0,0.813191897026071,0.1967306486555312,DUSP4;PPM1B;ALPP;PTPRA;DAPP1;PPP2R3A;PPEF1;PTPRH;SGPP2;CDC14B;ILKAP
GO_Biological_Process_2023,Negative Regulation Of Protein Metabolic Process (GO:0051248),11/147,0.7851158323490394,0.9999958087188284,0,0,0.813191897026071,0.1967306486555312,GRB7;NQO1;TRIM2;ENC1;IGF2BP3;IGF2BP2;TYMS;GAPDH;CDK5RAP3;EGFR;MAD2L1
GO_Biological_Process_2023,Negative Regulation Of DNA-templated Transcription (GO:0045892),86/1025,0.7852773201967927,0.9999958087188284,0,0,0.918209501249676,0.2219480850916565,MESP1;ZNF692;HDAC10;CHD8;ATN1;FHL2;EHMT1;ARID4B;BRCA1;FOXM1;ZIC2;SIX4;SCMH1;DNMT3B;LRRFIP1;SOX9;EID2B;ZNF641;SOX4;KLF12;SMARCC2;ZGPAT;PARP1;ZNF281;DNMT3A;SOX11;ZNF12;ISL1;POU5F1;FOXP1;ETV7;ERN2;CREB1;ELF3;NFX1;DEPDC1;IRF7;TIMELESS;ZNF239;BIRC5;LCOR;ZNF557;BCORL1;PPARD;UHRF1;TMPRSS6;NR2C2;ZNF69;AURKB;CYP27B1;MTA1;DEAF1;ZNF669;HSF4;PRAME;SAMD1;MTA3;E2F7;SPDEF;TFAP2A;CBX8;CBX5;POU2F1;CBX4;STAT1;CDKN2A;BCL11A;CBX3;PHF12;CBX2;HMGA1;PA2G4;SUPT5H;ACVR2B;PML;NR2F6;CENPF;NFIC;GTF2IRD1;TCF3;BCOR;HAMP;RCOR2;FRK;EZH2;CDK5R1
GO_Biological_Process_2023,Chromosome Organization (GO:0051276),3/45,0.7854282638335676,0.9999958087188284,0,0,0.718680709534368,0.1735801855281582,TOP2A;NUP155;CDCA8
GO_Biological_Process_2023,Regulation Of Cellular Metabolic Process (GO:0031323),3/45,0.7854282638335676,0.9999958087188284,0,0,0.718680709534368,0.1735801855281582,PNPT1;NEK6;FOXM1
GO_Biological_Process_2023,Positive Regulation Of Protein Metabolic Process (GO:0051247),15/196,0.7857288550749165,0.9999958087188284,0,0,0.8329839187056038,0.2008686694005874,BARD1;NSUN5;UHRF1;ATG10;C4BPB;ISL1;AGT;DDB1;RBM3;SLC25A37;PERP;ERBB2;PAEP;EIF4G3;SOX4
GO_Biological_Process_2023,Positive Regulation Of Cell Motility (GO:2000147),17/221,0.7904376657593889,0.9999958087188284,0,0,0.8374767225325884,0.196948127568602,GRB7;SEMA4B;LAMC2;SEMA3E;RHOD;EGFR;COL1A1;VIL1;CCNA2;CLDN4;CLDN3;CEACAM6;PLAU;MDK;F2RL1;EPHB2;EPHA1
GO_Biological_Process_2023,Cellular Response To Hypoxia (GO:0071456),5/72,0.7905532479207534,0.9999958087188284,0,0,0.7506584723441615,0.1764214542636073,EGLN3;PMAIP1;ADAM8;HYOU1;P4HB
GO_Biological_Process_2023,Negative Regulation Of Catabolic Process (GO:0009895),5/72,0.7905532479207534,0.9999958087188284,0,0,0.7506584723441615,0.1764214542636073,NQO1;CDK5RAP3;EGFR;PML;MAD2L1
GO_Biological_Process_2023,mRNA Metabolic Process (GO:0016071),6/85,0.7911930909395293,0.9999958087188284,0,0,0.7638794200127917,0.1789106671270631,ATXN2L;CPSF6;PNPT1;CSTF3;FBXO11;TBRG4
GO_Biological_Process_2023,Positive Regulation Of Amide Metabolic Process (GO:0034250),6/85,0.7911930909395293,0.9999958087188284,0,0,0.7638794200127917,0.1789106671270631,RBM3;NSUN5;ERBB2;PSG1;EIF4G3;SOX4
GO_Biological_Process_2023,DNA-templated Transcription Initiation (GO:0006352),4/59,0.7921481134237724,0.9999958087188284,0,0,0.7316291030101346,0.1704746239404612,TAF13;E2F2;E2F3;TAF6
GO_Biological_Process_2023,Negative Regulation Of Protein-Containing Complex Assembly (GO:0031333),4/59,0.7921481134237724,0.9999958087188284,0,0,0.7316291030101346,0.1704746239404612,SRC;KIF14;TRIM31;ISL1
GO_Biological_Process_2023,Regulation Of Multicellular Organismal Development (GO:2000026),4/59,0.7921481134237724,0.9999958087188284,0,0,0.7316291030101346,0.1704746239404612,RACGAP1;TDG;EHMT1;CD24
GO_Biological_Process_2023,MAPK Cascade (GO:0000165),7/98,0.7931313100654176,0.9999958087188284,0,0,0.7735897435897436,0.179292175388135,YWHAE;NF1;BRAF;SOX9;RCE1;AVP;MAP3K13
GO_Biological_Process_2023,Positive Regulation Of Cell Population Proliferation (GO:0008284),39/483,0.7936588403606172,0.9999958087188284,0,0,0.8818064387917329,0.2037868631640034,LRP5;KIF14;TGFA;TTK;LAMC2;MST1R;FOXM1;CSF2RA;EGFR;TBRG4;RAB25;ERBB3;MDK;ERBB2;PRAME;TIMP1;FBXO5;SOX9;SOX4;KRT6A;EDN2;STAT1;FZD9;LIF;SOX11;CDC7;AGT;FOXP1;NME1;CCNA2;GREM1;PRC1;CEACAM6;CLCF1;BIRC5;AQP11;EPHA1;CRLF1;EZH2
GO_Biological_Process_2023,Negative Regulation Of Transcription By RNA Polymerase II (GO:0000122),63/763,0.7949838200011811,0.9999958087188284,0,0,0.9027350917431192,0.2071176867784334,ZNF451;ZNF692;HDAC10;CHD8;ATN1;FHL2;EHMT1;ARID4B;FOXM1;DNMT3B;SOX9;LRRFIP1;ZNF641;SOX4;KLF12;ZGPAT;PARP1;ZNF281;DNMT3A;SOX11;ISL1;POU5F1;ETV7;NFX1;IRF7;ZNF239;LCOR;ZNF557;BCORL1;PPARD;UHRF1;TMPRSS6;NR2C2;ZNF69;AURKB;CYP27B1;MTA1;DEAF1;ZNF669;HSF4;SAMD1;MTA3;E2F7;SPDEF;CBX8;TFAP2A;CBX5;CBX4;STAT1;BCL11A;CBX3;CBX2;PHF12;SUPT5H;ACVR2B;NR2F6;NFIC;GTF2IRD1;BCOR;TCF3;HAMP;FRK;EZH2
GO_Biological_Process_2023,Positive Regulation Of DNA-binding Transcription Factor Activity (GO:0051091),19/246,0.7953250397635326,0.9999958087188284,0,0,0.8410302654012556,0.1925996252864174,IL10;FOXA1;JUP;CRTC1;TRAF2;LRP8;AGT;AIM2;SLCO3A1;IRAK1;ZIC2;TRIM13;TRIM15;ADAM8;TCF3;TRIM38;MAP3K13;TRIM31;IKBKE
GO_Biological_Process_2023,Homotypic Cell-Cell Adhesion (GO:0034109),3/46,0.7978794884708459,0.9999958087188284,0,0,0.7019285309132162,0.1584938547869116,FGB;FGL1;CEACAM5
GO_Biological_Process_2023,Negative Regulation Of Cold-Induced Thermogenesis (GO:0120163),3/46,0.7978794884708459,0.9999958087188284,0,0,0.7019285309132162,0.1584938547869116,ACOT11;ACVR2B;LGR4
GO_Biological_Process_2023,Regulation Of Interleukin-10 Production (GO:0032653),3/46,0.7978794884708459,0.9999958087188284,0,0,0.7019285309132162,0.1584938547869116,F2RL1;ISG15;TNFRSF21
GO_Biological_Process_2023,Histone Lysine Methylation (GO:0034968),2/32,0.7984047195696793,0.9999958087188284,0,0,0.6708402585410895,0.1510327361285809,SETDB1;SETD1A
GO_Biological_Process_2023,Mesenchymal Cell Migration (GO:0090497),2/32,0.7984047195696793,0.9999958087188284,0,0,0.6708402585410895,0.1510327361285809,SEMA4B;SEMA3E
GO_Biological_Process_2023,Proteoglycan Biosynthetic Process (GO:0030166),2/32,0.7984047195696793,0.9999958087188284,0,0,0.6708402585410895,0.1510327361285809,CANT1;B3GAT3
GO_Biological_Process_2023,Regulation Of Transcription By RNA Polymerase I (GO:0006356),2/32,0.7984047195696793,0.9999958087188284,0,0,0.6708402585410895,0.1510327361285809,PRR7;ERBB2
GO_Biological_Process_2023,Respiratory System Development (GO:0060541),2/32,0.7984047195696793,0.9999958087188284,0,0,0.6708402585410895,0.1510327361285809,WNT7B;STRA6
GO_Biological_Process_2023,Transition Metal Ion Transport (GO:0000041),2/32,0.7984047195696793,0.9999958087188284,0,0,0.6708402585410895,0.1510327361285809,SLC41A2;CP
GO_Biological_Process_2023,Very Long-Chain Fatty Acid Metabolic Process (GO:0000038),2/32,0.7984047195696793,0.9999958087188284,0,0,0.6708402585410895,0.1510327361285809,ELOVL6;SLC27A2
GO_Biological_Process_2023,Neuron Projection Guidance (GO:0097485),9/124,0.7990680255112397,0.9999958087188284,0,0,0.7868743047830923,0.1765031446481594,TUBB3;SEMA4B;SEMA3E;EPHB2;EFNA4;IGSF9;EPHB3;PLXNA3;CDK5R1
GO_Biological_Process_2023,Skeletal System Development (GO:0001501),11/149,0.7993969763189223,0.9999958087188284,0,0,0.801317743132888,0.1794131316650287,COMP;COL1A1;COL1A2;DEAF1;COL10A1;BMP8B;SOX9;COL9A2;SULF1;PITX1;DLL3
GO_Biological_Process_2023,G Protein-Coupled Acetylcholine Receptor Signaling Pathway (GO:0007213),1/17,0.8002106739328114,0.9999958087188284,0,0,0.6290490033222591,0.1402025950758695,CDK5R1
GO_Biological_Process_2023,Golgi To Vacuole Transport (GO:0006896),1/17,0.8002106739328114,0.9999958087188284,0,0,0.6290490033222591,0.1402025950758695,AP1G2
GO_Biological_Process_2023,NLS-bearing Protein Import Into Nucleus (GO:0006607),1/17,0.8002106739328114,0.9999958087188284,0,0,0.6290490033222591,0.1402025950758695,KPNA2
GO_Biological_Process_2023,Androgen Receptor Signaling Pathway (GO:0030521),1/17,0.8002106739328114,0.9999958087188284,0,0,0.6290490033222591,0.1402025950758695,DDX17
GO_Biological_Process_2023,Carbohydrate Derivative Catabolic Process (GO:1901136),1/17,0.8002106739328114,0.9999958087188284,0,0,0.6290490033222591,0.1402025950758695,FBXO2
GO_Biological_Process_2023,Carbohydrate Derivative Transport (GO:1901264),1/17,0.8002106739328114,0.9999958087188284,0,0,0.6290490033222591,0.1402025950758695,SLC29A2
GO_Biological_Process_2023,Carboxylic Acid Catabolic Process (GO:0046395),1/17,0.8002106739328114,0.9999958087188284,0,0,0.6290490033222591,0.1402025950758695,IL4I1
GO_Biological_Process_2023,Cellular Response To Alkaloid (GO:0071312),1/17,0.8002106739328114,0.9999958087188284,0,0,0.6290490033222591,0.1402025950758695,RAD51
GO_Biological_Process_2023,Central Nervous System Neuron Development (GO:0021954),1/17,0.8002106739328114,0.9999958087188284,0,0,0.6290490033222591,0.1402025950758695,TAOK1
GO_Biological_Process_2023,Embryonic Heart Tube Development (GO:0035050),1/17,0.8002106739328114,0.9999958087188284,0,0,0.6290490033222591,0.1402025950758695,MESP1
GO_Biological_Process_2023,Facultative Heterochromatin Formation (GO:0140718),1/17,0.8002106739328114,0.9999958087188284,0,0,0.6290490033222591,0.1402025950758695,HELLS
GO_Biological_Process_2023,Filopodium Assembly (GO:0046847),1/17,0.8002106739328114,0.9999958087188284,0,0,0.6290490033222591,0.1402025950758695,FGD6
GO_Biological_Process_2023,Intracellular Estrogen Receptor Signaling Pathway (GO:0030520),1/17,0.8002106739328114,0.9999958087188284,0,0,0.6290490033222591,0.1402025950758695,DDX17
GO_Biological_Process_2023,Intracellular Zinc Ion Homeostasis (GO:0006882),1/17,0.8002106739328114,0.9999958087188284,0,0,0.6290490033222591,0.1402025950758695,SLC39A7
GO_Biological_Process_2023,Keratan Sulfate Metabolic Process (GO:0042339),1/17,0.8002106739328114,0.9999958087188284,0,0,0.6290490033222591,0.1402025950758695,CHST6
GO_Biological_Process_2023,Leukocyte Tethering Or Rolling (GO:0050901),1/17,0.8002106739328114,0.9999958087188284,0,0,0.6290490033222591,0.1402025950758695,PODXL2
GO_Biological_Process_2023,Long-Chain fatty-acyl-CoA Biosynthetic Process (GO:0035338),1/17,0.8002106739328114,0.9999958087188284,0,0,0.6290490033222591,0.1402025950758695,ELOVL6
GO_Biological_Process_2023,Negative Regulation Of Rho Protein Signal Transduction (GO:0035024),1/17,0.8002106739328114,0.9999958087188284,0,0,0.6290490033222591,0.1402025950758695,KCTD13
GO_Biological_Process_2023,Negative Regulation Of Calcium Ion Transport (GO:0051926),1/17,0.8002106739328114,0.9999958087188284,0,0,0.6290490033222591,0.1402025950758695,PACSIN3
GO_Biological_Process_2023,Negative Regulation Of Cellular Senescence (GO:2000773),1/17,0.8002106739328114,0.9999958087188284,0,0,0.6290490033222591,0.1402025950758695,FBXO5
GO_Biological_Process_2023,Negative Regulation Of Interleukin-8 Production (GO:0032717),1/17,0.8002106739328114,0.9999958087188284,0,0,0.6290490033222591,0.1402025950758695,IL10
GO_Biological_Process_2023,Negative Regulation Of Oxidative Stress-Induced Intrinsic Apoptotic Signaling Pathway (GO:1902176),1/17,0.8002106739328114,0.9999958087188284,0,0,0.6290490033222591,0.1402025950758695,NOL3
GO_Biological_Process_2023,Negative Regulation Of Striated Muscle Cell Differentiation (GO:0051154),1/17,0.8002106739328114,0.9999958087188284,0,0,0.6290490033222591,0.1402025950758695,CEACAM5
GO_Biological_Process_2023,Negative Regulation Of Vascular Associated Smooth Muscle Cell Proliferation (GO:1904706),1/17,0.8002106739328114,0.9999958087188284,0,0,0.6290490033222591,0.1402025950758695,IL10
GO_Biological_Process_2023,Nuclear Envelope Organization (GO:0006998),1/17,0.8002106739328114,0.9999958087188284,0,0,0.6290490033222591,0.1402025950758695,NUP155
GO_Biological_Process_2023,Positive Chemotaxis (GO:0050918),1/17,0.8002106739328114,0.9999958087188284,0,0,0.6290490033222591,0.1402025950758695,PLXNB3
GO_Biological_Process_2023,Positive Regulation Of Amyloid-Beta Formation (GO:1902004),1/17,0.8002106739328114,0.9999958087188284,0,0,0.6290490033222591,0.1402025950758695,PSG1
GO_Biological_Process_2023,Positive Regulation Of Cell Cycle Phase Transition (GO:1901989),1/17,0.8002106739328114,0.9999958087188284,0,0,0.6290490033222591,0.1402025950758695,EZH2
GO_Biological_Process_2023,Positive Regulation Of Dendrite Extension (GO:1903861),1/17,0.8002106739328114,0.9999958087188284,0,0,0.6290490033222591,0.1402025950758695,RASAL1
GO_Biological_Process_2023,Positive Regulation Of Leukocyte Proliferation (GO:0070665),1/17,0.8002106739328114,0.9999958087188284,0,0,0.6290490033222591,0.1402025950758695,CSF2RA
GO_Biological_Process_2023,Positive Regulation Of Nitric-Oxide Synthase Activity (GO:0051000),1/17,0.8002106739328114,0.9999958087188284,0,0,0.6290490033222591,0.1402025950758695,NOS1AP
GO_Biological_Process_2023,Positive Regulation Of Peptidyl-Serine Phosphorylation Of STAT Protein (GO:0033141),1/17,0.8002106739328114,0.9999958087188284,0,0,0.6290490033222591,0.1402025950758695,LIF
GO_Biological_Process_2023,Positive Regulation Of Regulatory T Cell Differentiation (GO:0045591),1/17,0.8002106739328114,0.9999958087188284,0,0,0.6290490033222591,0.1402025950758695,IL4I1
GO_Biological_Process_2023,Positive Regulation Of Small GTPase Mediated Signal Transduction (GO:0051057),1/17,0.8002106739328114,0.9999958087188284,0,0,0.6290490033222591,0.1402025950758695,SRC
GO_Biological_Process_2023,Positive Regulation Of Stem Cell Differentiation (GO:2000738),1/17,0.8002106739328114,0.9999958087188284,0,0,0.6290490033222591,0.1402025950758695,SOX9
GO_Biological_Process_2023,Regulation Of Adenylate Cyclase Activity (GO:0045761),1/17,0.8002106739328114,0.9999958087188284,0,0,0.6290490033222591,0.1402025950758695,NF1
GO_Biological_Process_2023,Regulation Of Aerobic Respiration (GO:1903715),1/17,0.8002106739328114,0.9999958087188284,0,0,0.6290490033222591,0.1402025950758695,SHMT2
GO_Biological_Process_2023,Regulation Of Delayed Rectifier Potassium Channel Activity (GO:1902259),1/17,0.8002106739328114,0.9999958087188284,0,0,0.6290490033222591,0.1402025950758695,NOS1AP
GO_Biological_Process_2023,Regulation Of Glucose Transmembrane Transport (GO:0010827),1/17,0.8002106739328114,0.9999958087188284,0,0,0.6290490033222591,0.1402025950758695,BRAF
GO_Biological_Process_2023,Regulation Of Hematopoietic Progenitor Cell Differentiation (GO:1901532),1/17,0.8002106739328114,0.9999958087188284,0,0,0.6290490033222591,0.1402025950758695,SETD1A
GO_Biological_Process_2023,Regulation Of Oxidative Phosphorylation (GO:0002082),1/17,0.8002106739328114,0.9999958087188284,0,0,0.6290490033222591,0.1402025950758695,SHMT2
GO_Biological_Process_2023,Regulation Of Telomere Maintenance Via Telomere Lengthening (GO:1904356),1/17,0.8002106739328114,0.9999958087188284,0,0,0.6290490033222591,0.1402025950758695,PARP1
GO_Biological_Process_2023,Sulfur Amino Acid Metabolic Process (GO:0000096),1/17,0.8002106739328114,0.9999958087188284,0,0,0.6290490033222591,0.1402025950758695,NOX4
GO_Biological_Process_2023,Toll-Like Receptor 4 Signaling Pathway (GO:0034142),1/17,0.8002106739328114,0.9999958087188284,0,0,0.6290490033222591,0.1402025950758695,IRAK1
GO_Biological_Process_2023,Negative Regulation Of Angiogenesis (GO:0016525),6/86,0.8003497102801668,0.9999958087188284,0,0,0.7542892837312604,0.1679851331415048,STAT1;E2F2;SEMA3E;THBS2;SULF1;PML
GO_Biological_Process_2023,Cellular Response To Decreased Oxygen Levels (GO:0036294),5/73,0.8004548046737745,0.9999958087188284,0,0,0.7395785728275772,0.164611853947419,EGLN3;PMAIP1;ADAM8;HYOU1;P4HB
GO_Biological_Process_2023,Sterol Homeostasis (GO:0055092),5/73,0.8004548046737745,0.9999958087188284,0,0,0.7395785728275772,0.164611853947419,ABCA2;NPC1L1;LRP5;CD24;ABCD1
GO_Biological_Process_2023,Ubiquitin-Dependent ERAD Pathway (GO:0030433),5/73,0.8004548046737745,0.9999958087188284,0,0,0.7395785728275772,0.164611853947419,FBXO2;DERL3;TRIM13;SYVN1;ANKZF1
GO_Biological_Process_2023,Negative Regulation Of Cellular Biosynthetic Process (GO:0031327),10/137,0.8025799418966659,0.9999958087188284,0,0,0.7916080606785587,0.1740934630020303,GRB7;CEACAM1;FBXW7;TRIM2;ENC1;IGF2BP3;BRCA1;IGF2BP2;TYMS;GAPDH
GO_Biological_Process_2023,Negative Regulation Of Peptidase Activity (GO:0010466),4/60,0.8029352895130376,0.9999958087188284,0,0,0.7185246810870771,0.1577026263219602,SERPINH1;TIMP1;GAPDH;SERPINB5
GO_Biological_Process_2023,Protein Deubiquitination (GO:0016579),8/112,0.8038319795628572,0.9999958087188284,0,0,0.7734638901954077,0.168897451885205,OTUB2;DEPDC1B;USP48;USP49;USP42;SHMT2;JOSD2;OTUB1
GO_Biological_Process_2023,Neuron Development (GO:0048666),11/150,0.8062721852670467,0.9999958087188284,0,0,0.7955088045376616,0.1713000091018546,SLC44A4;TAOK1;TBC1D24;TBCD;VPS13B;THOC2;MAP4;NCDN;PPP1R9A;UHMK1;CDK5R1
GO_Biological_Process_2023,Regulation Of Insulin Secretion (GO:0050796),6/87,0.8091923194575269,0.9999958087188284,0,0,0.744935940938162,0.1577168431189884,LRP5;ABCA12;ISL1;SOX4;STX1A;SYT7
GO_Biological_Process_2023,Golgi To Plasma Membrane Transport (GO:0006893),3/47,0.8097198190070414,0.9999958087188284,0,0,0.685937814956662,0.1447788324091621,GGA1;RAB26;BLZF1
GO_Biological_Process_2023,Epithelial To Mesenchymal Transition (GO:0001837),3/47,0.8097198190070414,0.9999958087188284,0,0,0.685937814956662,0.1447788324091621,DDX17;CUL7;SOX9
GO_Biological_Process_2023,Positive Regulation Of TOR Signaling (GO:0032008),3/47,0.8097198190070414,0.9999958087188284,0,0,0.685937814956662,0.1447788324091621,LEP;SESN2;WDR24
GO_Biological_Process_2023,ncRNA Processing (GO:0034470),7/100,0.8099056353024753,0.9999958087188284,0,0,0.7568697729988052,0.1595765593204503,DDX27;POP1;SPPL2B;WDR74;IGF2BP3;TSEN54;BYSL
GO_Biological_Process_2023,Regulation Of Cell Cycle G1/S Phase Transition (GO:1902806),5/74,0.8099830579739,0.9999958087188284,0,0,0.72881982981872,0.15359291039716,SMARCC2;FBXW7;CDKN2A;KIF14;EZH2
GO_Biological_Process_2023,Cardiac Muscle Contraction (GO:0060048),2/33,0.8122797483446114,0.9999958087188284,0,0,0.6491645071932803,0.1349681046058338,TNNI3;ATP1B1
GO_Biological_Process_2023,Glycolipid Metabolic Process (GO:0006664),2/33,0.8122797483446114,0.9999958087188284,0,0,0.6491645071932803,0.1349681046058338,UGT8;FUT2
GO_Biological_Process_2023,Inositol Lipid-Mediated Signaling (GO:0048017),2/33,0.8122797483446114,0.9999958087188284,0,0,0.6491645071932803,0.1349681046058338,PLCH1;MUC5AC
GO_Biological_Process_2023,Negative Regulation Of Epithelial Cell Migration (GO:0010633),2/33,0.8122797483446114,0.9999958087188284,0,0,0.6491645071932803,0.1349681046058338,MARVELD3;PTPN23
GO_Biological_Process_2023,Positive Regulation Of DNA Binding (GO:0043388),2/33,0.8122797483446114,0.9999958087188284,0,0,0.6491645071932803,0.1349681046058338,MMP9;NME1
GO_Biological_Process_2023,Positive Regulation Of Interleukin-12 Production (GO:0032735),2/33,0.8122797483446114,0.9999958087188284,0,0,0.6491645071932803,0.1349681046058338,MDK;ISL1
GO_Biological_Process_2023,Positive Regulation Of Nitrogen Compound Metabolic Process (GO:0051173),2/33,0.8122797483446114,0.9999958087188284,0,0,0.6491645071932803,0.1349681046058338,UHRF1;HPN
GO_Biological_Process_2023,Regulation Of G0 To G1 Transition (GO:0070316),2/33,0.8122797483446114,0.9999958087188284,0,0,0.6491645071932803,0.1349681046058338,SMARCC2;CHEK1
GO_Biological_Process_2023,Regulation Of NLRP3 Inflammasome Complex Assembly (GO:1900225),2/33,0.8122797483446114,0.9999958087188284,0,0,0.6491645071932803,0.1349681046058338,DEPDC1B;TRIM31
GO_Biological_Process_2023,Regulation Of Lamellipodium Assembly (GO:0010591),2/33,0.8122797483446114,0.9999958087188284,0,0,0.6491645071932803,0.1349681046058338,PLXNB3;RAC1
GO_Biological_Process_2023,Regulation Of Sprouting Angiogenesis (GO:1903670),2/33,0.8122797483446114,0.9999958087188284,0,0,0.6491645071932803,0.1349681046058338,CEACAM1;E2F2
GO_Biological_Process_2023,Negative Regulation Of Autophagy (GO:0010507),4/61,0.8132634840283216,0.9999958087188284,0,0,0.7058800634420216,0.1459055032383158,IL10;LEP;BMF;EIF4G3
GO_Biological_Process_2023,Organelle Organization (GO:0006996),33/418,0.8171283374635507,0.9999958087188284,0,0,0.8604284103720405,0.1737713582660079,CUL7;SPTBN5;MAPKAP1;CDCA8;MIA3;THY1;NOL3;RHOT2;FGD6;MDK;LONP2;PAK6;PACSIN3;ABCD1;CEP55;PACSIN1;PTCD2;DST;PARP1;VPS13C;SIRT5;VPS13B;CSNK1D;ATAD3A;KISS1;VAPB;KRT16;KIF4A;MTFR1;REEP6;BRWD1;GOLGA8A;BLZF1
GO_Biological_Process_2023,Positive Regulation Of Plasma Membrane Bounded Cell Projection Assembly (GO:0120034),6/88,0.8177255897665756,0.9999958087188284,0,0,0.7358107284570903,0.1480660623093365,ANLN;MYO3B;EPS8L1;F2RL1;RAC1;AGRN
GO_Biological_Process_2023,T-helper Cell Differentiation (GO:0042093),1/18,0.8182768583326261,0.9999958087188284,0,0,0.5920135496058889,0.1187310063131537,FOXP1
GO_Biological_Process_2023,Branching Involved In Ureteric Bud Morphogenesis (GO:0001658),1/18,0.8182768583326261,0.9999958087188284,0,0,0.5920135496058889,0.1187310063131537,SIX1
GO_Biological_Process_2023,Detection Of Mechanical Stimulus (GO:0050982),1/18,0.8182768583326261,0.9999958087188284,0,0,0.5920135496058889,0.1187310063131537,JUP
GO_Biological_Process_2023,fatty-acyl-CoA Metabolic Process (GO:0035337),1/18,0.8182768583326261,0.9999958087188284,0,0,0.5920135496058889,0.1187310063131537,SLC27A2
GO_Biological_Process_2023,Glycerolipid Catabolic Process (GO:0046503),1/18,0.8182768583326261,0.9999958087188284,0,0,0.5920135496058889,0.1187310063131537,GDPD1
GO_Biological_Process_2023,Intracellular Lipid Transport (GO:0032365),1/18,0.8182768583326261,0.9999958087188284,0,0,0.5920135496058889,0.1187310063131537,SLC25A20
GO_Biological_Process_2023,Melanosome Assembly (GO:1903232),1/18,0.8182768583326261,0.9999958087188284,0,0,0.5920135496058889,0.1187310063131537,AP1B1
GO_Biological_Process_2023,Mitotic Cytokinetic Process (GO:1902410),1/18,0.8182768583326261,0.9999958087188284,0,0,0.5920135496058889,0.1187310063131537,KIF20A
GO_Biological_Process_2023,ncRNA-mediated Post-Transcriptional Gene Silencing (GO:0035194),1/18,0.8182768583326261,0.9999958087188284,0,0,0.5920135496058889,0.1187310063131537,TNRC6A
GO_Biological_Process_2023,Negative Regulation Of Lipid Storage (GO:0010888),1/18,0.8182768583326261,0.9999958087188284,0,0,0.5920135496058889,0.1187310063131537,OSBPL8
GO_Biological_Process_2023,Negative Regulation Of Monoatomic Ion Transport (GO:0043271),1/18,0.8182768583326261,0.9999958087188284,0,0,0.5920135496058889,0.1187310063131537,PACSIN3
GO_Biological_Process_2023,Negative Regulation Of Nervous System Development (GO:0051961),1/18,0.8182768583326261,0.9999958087188284,0,0,0.5920135496058889,0.1187310063131537,HOOK3
GO_Biological_Process_2023,Negative Regulation Of Viral Entry Into Host Cell (GO:0046597),1/18,0.8182768583326261,0.9999958087188284,0,0,0.5920135496058889,0.1187310063131537,TRIM31
GO_Biological_Process_2023,Neuromuscular Process (GO:0050905),1/18,0.8182768583326261,0.9999958087188284,0,0,0.5920135496058889,0.1187310063131537,STRA6
GO_Biological_Process_2023,Neuron Fate Commitment (GO:0048663),1/18,0.8182768583326261,0.9999958087188284,0,0,0.5920135496058889,0.1187310063131537,ISL1
GO_Biological_Process_2023,Positive Regulation Of G Protein-Coupled Receptor Signaling Pathway (GO:0045745),1/18,0.8182768583326261,0.9999958087188284,0,0,0.5920135496058889,0.1187310063131537,KLK6
GO_Biological_Process_2023,Positive Regulation Of NLRP3 Inflammasome Complex Assembly (GO:1900227),1/18,0.8182768583326261,0.9999958087188284,0,0,0.5920135496058889,0.1187310063131537,DEPDC1B
GO_Biological_Process_2023,Positive Regulation Of Cyclin-Dependent Protein Kinase Activity (GO:1904031),1/18,0.8182768583326261,0.9999958087188284,0,0,0.5920135496058889,0.1187310063131537,EGFR
GO_Biological_Process_2023,Positive Regulation Of Interleukin-4 Production (GO:0032753),1/18,0.8182768583326261,0.9999958087188284,0,0,0.5920135496058889,0.1187310063131537,SLC7A5
GO_Biological_Process_2023,Positive Regulation Of Macrophage Migration (GO:1905523),1/18,0.8182768583326261,0.9999958087188284,0,0,0.5920135496058889,0.1187310063131537,MDK
GO_Biological_Process_2023,Positive Regulation Of Phosphoprotein Phosphatase Activity (GO:0032516),1/18,0.8182768583326261,0.9999958087188284,0,0,0.5920135496058889,0.1187310063131537,PPP1R14D
GO_Biological_Process_2023,Positive Regulation Of Response To Endoplasmic Reticulum Stress (GO:1905898),1/18,0.8182768583326261,0.9999958087188284,0,0,0.5920135496058889,0.1187310063131537,PMAIP1
GO_Biological_Process_2023,Positive Regulation Of Stress-Activated Protein Kinase Signaling Cascade (GO:0070304),1/18,0.8182768583326261,0.9999958087188284,0,0,0.5920135496058889,0.1187310063131537,TAOK1
GO_Biological_Process_2023,Pulmonary Valve Morphogenesis (GO:0003184),1/18,0.8182768583326261,0.9999958087188284,0,0,0.5920135496058889,0.1187310063131537,STRA6
GO_Biological_Process_2023,Regulation Of T Cell Cytokine Production (GO:0002724),1/18,0.8182768583326261,0.9999958087188284,0,0,0.5920135496058889,0.1187310063131537,TRAF2
GO_Biological_Process_2023,Regulation Of cAMP-mediated Signaling (GO:0043949),1/18,0.8182768583326261,0.9999958087188284,0,0,0.5920135496058889,0.1187310063131537,MGRN1
GO_Biological_Process_2023,Regulation Of Cell-Cell Adhesion Mediated By Cadherin (GO:2000047),1/18,0.8182768583326261,0.9999958087188284,0,0,0.5920135496058889,0.1187310063131537,FOXA1
GO_Biological_Process_2023,Regulation Of Defense Response To Virus (GO:0050688),1/18,0.8182768583326261,0.9999958087188284,0,0,0.5920135496058889,0.1187310063131537,PPM1B
GO_Biological_Process_2023,Regulation Of Dendrite Extension (GO:1903859),1/18,0.8182768583326261,0.9999958087188284,0,0,0.5920135496058889,0.1187310063131537,RASAL1
GO_Biological_Process_2023,Regulation Of Epidermal Cell Differentiation (GO:0045604),1/18,0.8182768583326261,0.9999958087188284,0,0,0.5920135496058889,0.1187310063131537,SFN
GO_Biological_Process_2023,Regulation Of Establishment Or Maintenance Of Cell Polarity (GO:0032878),1/18,0.8182768583326261,0.9999958087188284,0,0,0.5920135496058889,0.1187310063131537,LLGL2
GO_Biological_Process_2023,Regulation Of Mitochondrial Membrane Permeability (GO:0046902),1/18,0.8182768583326261,0.9999958087188284,0,0,0.5920135496058889,0.1187310063131537,PMAIP1
GO_Biological_Process_2023,Regulation Of Nervous System Process (GO:0031644),1/18,0.8182768583326261,0.9999958087188284,0,0,0.5920135496058889,0.1187310063131537,NPTX1
GO_Biological_Process_2023,Regulation Of Peptidyl-Serine Phosphorylation Of STAT Protein (GO:0033139),1/18,0.8182768583326261,0.9999958087188284,0,0,0.5920135496058889,0.1187310063131537,LIF
GO_Biological_Process_2023,Regulation Of Synaptic Vesicle Exocytosis (GO:2000300),1/18,0.8182768583326261,0.9999958087188284,0,0,0.5920135496058889,0.1187310063131537,SLC4A8
GO_Biological_Process_2023,Renal Absorption (GO:0070293),1/18,0.8182768583326261,0.9999958087188284,0,0,0.5920135496058889,0.1187310063131537,CLDN4
GO_Biological_Process_2023,Response To Axon Injury (GO:0048678),1/18,0.8182768583326261,0.9999958087188284,0,0,0.5920135496058889,0.1187310063131537,MAPK8IP3
GO_Biological_Process_2023,Ureteric Bud Development (GO:0001657),1/18,0.8182768583326261,0.9999958087188284,0,0,0.5920135496058889,0.1187310063131537,SIX1
GO_Biological_Process_2023,Ureteric Bud Morphogenesis (GO:0060675),1/18,0.8182768583326261,0.9999958087188284,0,0,0.5920135496058889,0.1187310063131537,SIX1
GO_Biological_Process_2023,Vesicle-Mediated Transport In Synapse (GO:0099003),1/18,0.8182768583326261,0.9999958087188284,0,0,0.5920135496058889,0.1187310063131537,STX1A
GO_Biological_Process_2023,Regulation Of Cytoskeleton Organization (GO:0051493),8/114,0.81907218855303,0.9999958087188284,0,0,0.7587863278341217,0.1514408946928054,BAIAP2L1;TAOK1;ARHGEF19;HIP1R;RAC3;RAC1;MARK2;PLXNA3
GO_Biological_Process_2023,Regulation Of BMP Signaling Pathway (GO:0030510),5/75,0.8191448589716019,0.9999958087188284,0,0,0.7183684794672586,0.1433104440991293,CCNA2;GREM1;UBE2O;SOX11;SULF1
GO_Biological_Process_2023,Chloride Transmembrane Transport (GO:1902476),3/48,0.8209682928948583,0.9999958087188284,0,0,0.6706577974870658,0.1323011937842396,SLC4A8;SLC1A7;SLC12A8
GO_Biological_Process_2023,Negative Regulation Of ERK1 And ERK2 Cascade (GO:0070373),3/48,0.8209682928948583,0.9999958087188284,0,0,0.6706577974870658,0.1323011937842396,DUSP4;LMO3;EPHB2
GO_Biological_Process_2023,Regulation Of DNA Binding (GO:0051101),3/48,0.8209682928948583,0.9999958087188284,0,0,0.6706577974870658,0.1323011937842396,CDT1;MMP9;NME1
GO_Biological_Process_2023,Regulation Of Tumor Necrosis Factor-Mediated Signaling Pathway (GO:0010803),3/48,0.8209682928948583,0.9999958087188284,0,0,0.6706577974870658,0.1323011937842396,SPPL2B;F2RL1;IKBKE
GO_Biological_Process_2023,"Retrograde Vesicle-Mediated Transport, Golgi To Endoplasmic Reticulum (GO:0006890)",3/48,0.8209682928948583,0.9999958087188284,0,0,0.6706577974870658,0.1323011937842396,KDELR2;KDELR3;ERGIC1
GO_Biological_Process_2023,mRNA Export From Nucleus (GO:0006406),4/62,0.823143652024407,0.9999958087188284,0,0,0.6936714670950714,0.1350054948607344,UPF2;FYTTD1;THOC2;SMG7
GO_Biological_Process_2023,Positive Regulation Of Apoptotic Signaling Pathway (GO:2001235),4/62,0.823143652024407,0.9999958087188284,0,0,0.6936714670950714,0.1350054948607344,TNFRSF12A;PMAIP1;TRAF2;PML
GO_Biological_Process_2023,Protein Lipidation (GO:0006497),4/62,0.823143652024407,0.9999958087188284,0,0,0.6936714670950714,0.1350054948607344,DPM2;HHAT;ATG10;ATG12
GO_Biological_Process_2023,Regulation Of Embryonic Development (GO:0045995),4/62,0.823143652024407,0.9999958087188284,0,0,0.6936714670950714,0.1350054948607344,RACGAP1;TDG;EHMT1;NR2C2
GO_Biological_Process_2023,Regulation Of Cell Growth (GO:0001558),17/227,0.8239428640760097,0.9999958087188284,0,0,0.8132774674115456,0.1574945088371763,SLC44A4;CDKN2A;MAPKAP1;HPN;KIF14;BRCA1;ATAD3A;EGFR;AGT;PML;CYP27B1;CEACAM1;GNG4;SESN2;ERBB2;PAK6;PRSS2
GO_Biological_Process_2023,Cellular Response To Hydrogen Peroxide (GO:0070301),2/34,0.8252948820506425,0.9999958087188284,0,0,0.6288434903047091,0.1207470832869665,ECT2;ANKZF1
GO_Biological_Process_2023,Organophosphate Biosynthetic Process (GO:0090407),2/34,0.8252948820506425,0.9999958087188284,0,0,0.6288434903047091,0.1207470832869665,G6PD;ITPKA
GO_Biological_Process_2023,Positive Regulation Of Transcription By RNA Polymerase I (GO:0045943),2/34,0.8252948820506425,0.9999958087188284,0,0,0.6288434903047091,0.1207470832869665,DDX11;ERBB2
GO_Biological_Process_2023,Protein Targeting To Vacuole (GO:0006623),2/34,0.8252948820506425,0.9999958087188284,0,0,0.6288434903047091,0.1207470832869665,VPS13C;VPS41
GO_Biological_Process_2023,Regulation Of Blood Circulation (GO:1903522),2/34,0.8252948820506425,0.9999958087188284,0,0,0.6288434903047091,0.1207470832869665,ACE2;AGT
GO_Biological_Process_2023,Regulation Of calcineurin-NFAT Signaling Cascade (GO:0070884),2/34,0.8252948820506425,0.9999958087188284,0,0,0.6288434903047091,0.1207470832869665,DYRK2;FHL2
GO_Biological_Process_2023,Sensory Perception Of Light Stimulus (GO:0050953),7/102,0.8256109889901163,0.9999958087188284,0,0,0.7408538011695907,0.141970980048404,COL1A1;ZIC2;CABP4;COL11A1;MYO7A;FSCN2;CNGB1
GO_Biological_Process_2023,ERAD Pathway (GO:0036503),6/89,0.8259545995543456,0.9999958087188284,0,0,0.7269054006141167,0.1389955586901962,CCDC47;FBXO2;DERL3;TRIM13;SYVN1;ANKZF1
GO_Biological_Process_2023,Regulation Of Inflammatory Response (GO:0050727),18/240,0.8278397340308564,0.9999958087188284,0,0,0.8144818938558458,0.153884707783609,IL10;MMP3;ISL1;MMP9;AGT;FOXP1;ACE2;NLRP8;FNDC4;PROC;AIM2;MDK;SAA1;DNASE1;SMPDL3B;PTGES;PPARD;BIRC3
GO_Biological_Process_2023,Transcription Initiation At RNA Polymerase II Promoter (GO:0006367),5/76,0.8279475503275749,0.9999958087188284,0,0,0.7082115333510497,0.1337142125598386,TAF13;MED8;E2F2;E2F3;TAF6
GO_Biological_Process_2023,Nuclear Export (GO:0051168),3/49,0.8316445563320223,0.9999958087188284,0,0,0.6560421286031042,0.1209414617904387,NUP155;CSE1L;XPO5
GO_Biological_Process_2023,Proton Transmembrane Transport (GO:1902600),3/49,0.8316445563320223,0.9999958087188284,0,0,0.6560421286031042,0.1209414617904387,SLC4A11;ATP6V0A4;ATP1B1
GO_Biological_Process_2023,Regulation Of Cell Migration (GO:0030334),34/434,0.8329987480221239,0.9999958087188284,0,0,0.853020304568528,0.1558665483562919,CAMK2B;GRB7;SRC;KIF14;SEMA3E;MIA3;ARID4B;LAMC2;THY1;EGFR;FUT3;CDH1;MDK;PLAU;PIP5KL1;RAC1;EPHB2;PLXNA3;SEMA4B;SULF1;RHOD;COL1A1;VIL1;CCNA2;CLDN4;FRMD5;CEACAM1;CLDN3;CEACAM6;KRT16;NF1;PLXNB3;F2RL1;EPHA1
GO_Biological_Process_2023,Modification-Dependent Protein Catabolic Process (GO:0019941),14/192,0.8346720294265814,0.9999958087188284,0,0,0.7902454614386785,0.1428103231411448,RNF43;PSMD11;UBE2C;UHRF1;UBE2D2;SYVN1;CBLC;ISG15;FBXO11;DDB1;SPSB1;UBE2S;MARVELD3;TRIM31
GO_Biological_Process_2023,DNA Catabolic Process (GO:0006308),1/19,0.8347101929505414,0.9999958087188284,0,0,0.5590931463024487,0.1010117437822195,DNASE1
GO_Biological_Process_2023,N-glycan Processing (GO:0006491),1/19,0.8347101929505414,0.9999958087188284,0,0,0.5590931463024487,0.1010117437822195,PRKCSH
GO_Biological_Process_2023,RNA-templated DNA Biosynthetic Process (GO:0006278),1/19,0.8347101929505414,0.9999958087188284,0,0,0.5590931463024487,0.1010117437822195,PIF1
GO_Biological_Process_2023,Atrioventricular Valve Morphogenesis (GO:0003181),1/19,0.8347101929505414,0.9999958087188284,0,0,0.5590931463024487,0.1010117437822195,SOX4
GO_Biological_Process_2023,Cardiac Ventricle Development (GO:0003231),1/19,0.8347101929505414,0.9999958087188284,0,0,0.5590931463024487,0.1010117437822195,STRA6
GO_Biological_Process_2023,Cellular Response To Catecholamine Stimulus (GO:0071870),1/19,0.8347101929505414,0.9999958087188284,0,0,0.5590931463024487,0.1010117437822195,APLP1
GO_Biological_Process_2023,Cellular Response To Lectin (GO:1990858),1/19,0.8347101929505414,0.9999958087188284,0,0,0.5590931463024487,0.1010117437822195,SRC
GO_Biological_Process_2023,Cortical Actin Cytoskeleton Organization (GO:0030866),1/19,0.8347101929505414,0.9999958087188284,0,0,0.5590931463024487,0.1010117437822195,LLGL2
GO_Biological_Process_2023,Dopamine Metabolic Process (GO:0042417),1/19,0.8347101929505414,0.9999958087188284,0,0,0.5590931463024487,0.1010117437822195,DRD4
GO_Biological_Process_2023,Dopaminergic Neuron Differentiation (GO:0071542),1/19,0.8347101929505414,0.9999958087188284,0,0,0.5590931463024487,0.1010117437822195,FOXA1
GO_Biological_Process_2023,Glycogen Metabolic Process (GO:0005977),1/19,0.8347101929505414,0.9999958087188284,0,0,0.5590931463024487,0.1010117437822195,GYG2
GO_Biological_Process_2023,Glycosphingolipid Biosynthetic Process (GO:0006688),1/19,0.8347101929505414,0.9999958087188284,0,0,0.5590931463024487,0.1010117437822195,FUT6
GO_Biological_Process_2023,Heme Biosynthetic Process (GO:0006783),1/19,0.8347101929505414,0.9999958087188284,0,0,0.5590931463024487,0.1010117437822195,ABCB6
GO_Biological_Process_2023,Inositol Phosphate-Mediated Signaling (GO:0048016),1/19,0.8347101929505414,0.9999958087188284,0,0,0.5590931463024487,0.1010117437822195,EDN2
GO_Biological_Process_2023,Insulin Secretion (GO:0030073),1/19,0.8347101929505414,0.9999958087188284,0,0,0.5590931463024487,0.1010117437822195,GAL
GO_Biological_Process_2023,Interleukin-1-Mediated Signaling Pathway (GO:0070498),1/19,0.8347101929505414,0.9999958087188284,0,0,0.5590931463024487,0.1010117437822195,IRAK1
GO_Biological_Process_2023,Leukocyte Adhesion To Vascular Endothelial Cell (GO:0061756),1/19,0.8347101929505414,0.9999958087188284,0,0,0.5590931463024487,0.1010117437822195,PODXL2
GO_Biological_Process_2023,Mesoderm Development (GO:0007498),1/19,0.8347101929505414,0.9999958087188284,0,0,0.5590931463024487,0.1010117437822195,MESP1
GO_Biological_Process_2023,Mitotic Sister Chromatid Cohesion (GO:0007064),1/19,0.8347101929505414,0.9999958087188284,0,0,0.5590931463024487,0.1010117437822195,CDCA5
GO_Biological_Process_2023,Negative Regulation Of Calcium Ion Transmembrane Transport (GO:1903170),1/19,0.8347101929505414,0.9999958087188284,0,0,0.5590931463024487,0.1010117437822195,YWHAE
GO_Biological_Process_2023,Negative Regulation Of Cyclin-Dependent Protein Serine/Threonine Kinase Activity (GO:0045736),1/19,0.8347101929505414,0.9999958087188284,0,0,0.5590931463024487,0.1010117437822195,CDKN2A
GO_Biological_Process_2023,Negative Regulation Of Execution Phase Of Apoptosis (GO:1900118),1/19,0.8347101929505414,0.9999958087188284,0,0,0.5590931463024487,0.1010117437822195,DFFA
GO_Biological_Process_2023,Negative Regulation Of Protein Dephosphorylation (GO:0035308),1/19,0.8347101929505414,0.9999958087188284,0,0,0.5590931463024487,0.1010117437822195,YWHAE
GO_Biological_Process_2023,Phosphatidylcholine Biosynthetic Process (GO:0006656),1/19,0.8347101929505414,0.9999958087188284,0,0,0.5590931463024487,0.1010117437822195,SLC44A4
GO_Biological_Process_2023,piRNA Processing (GO:0034587),1/19,0.8347101929505414,0.9999958087188284,0,0,0.5590931463024487,0.1010117437822195,TDRD1
GO_Biological_Process_2023,Positive Regulation Of Activated T Cell Proliferation (GO:0042104),1/19,0.8347101929505414,0.9999958087188284,0,0,0.5590931463024487,0.1010117437822195,CD24
GO_Biological_Process_2023,Positive Regulation Of Histone Methylation (GO:0031062),1/19,0.8347101929505414,0.9999958087188284,0,0,0.5590931463024487,0.1010117437822195,BRCA1
GO_Biological_Process_2023,Purine Ribonucleotide Transport (GO:0015868),1/19,0.8347101929505414,0.9999958087188284,0,0,0.5590931463024487,0.1010117437822195,LRRC8E
GO_Biological_Process_2023,Receptor Clustering (GO:0043113),1/19,0.8347101929505414,0.9999958087188284,0,0,0.5590931463024487,0.1010117437822195,THY1
GO_Biological_Process_2023,Regulation Of B Cell Differentiation (GO:0045577),1/19,0.8347101929505414,0.9999958087188284,0,0,0.5590931463024487,0.1010117437822195,IL4I1
GO_Biological_Process_2023,Regulation Of Autophagy Of Mitochondrion (GO:1903146),1/19,0.8347101929505414,0.9999958087188284,0,0,0.5590931463024487,0.1010117437822195,FBXW7
GO_Biological_Process_2023,Regulation Of Cellular Response To Growth Factor Stimulus (GO:0090287),1/19,0.8347101929505414,0.9999958087188284,0,0,0.5590931463024487,0.1010117437822195,SULF1
GO_Biological_Process_2023,Regulation Of Fibroblast Growth Factor Receptor Signaling Pathway (GO:0040036),1/19,0.8347101929505414,0.9999958087188284,0,0,0.5590931463024487,0.1010117437822195,SULF1
GO_Biological_Process_2023,Regulation Of Granulocyte Chemotaxis (GO:0071622),1/19,0.8347101929505414,0.9999958087188284,0,0,0.5590931463024487,0.1010117437822195,MDK
GO_Biological_Process_2023,Regulation Of Integrin-Mediated Signaling Pathway (GO:2001044),1/19,0.8347101929505414,0.9999958087188284,0,0,0.5590931463024487,0.1010117437822195,TIMP1
GO_Biological_Process_2023,Regulation Of Lymphocyte Differentiation (GO:0045619),1/19,0.8347101929505414,0.9999958087188284,0,0,0.5590931463024487,0.1010117437822195,IL4I1
GO_Biological_Process_2023,Regulation Of Vascular Endothelial Growth Factor Signaling Pathway (GO:1900746),1/19,0.8347101929505414,0.9999958087188284,0,0,0.5590931463024487,0.1010117437822195,SORD
GO_Biological_Process_2023,Response To Fatty Acid (GO:0070542),1/19,0.8347101929505414,0.9999958087188284,0,0,0.5590931463024487,0.1010117437822195,SOX9
GO_Biological_Process_2023,Sphingosine Metabolic Process (GO:0006670),1/19,0.8347101929505414,0.9999958087188284,0,0,0.5590931463024487,0.1010117437822195,SGPP2
GO_Biological_Process_2023,Stimulatory C-type Lectin Receptor Signaling Pathway (GO:0002223),1/19,0.8347101929505414,0.9999958087188284,0,0,0.5590931463024487,0.1010117437822195,SRC
GO_Biological_Process_2023,Telomere Maintenance Via Telomerase (GO:0007004),1/19,0.8347101929505414,0.9999958087188284,0,0,0.5590931463024487,0.1010117437822195,PIF1
GO_Biological_Process_2023,Vesicle Docking (GO:0048278),1/19,0.8347101929505414,0.9999958087188284,0,0,0.5590931463024487,0.1010117437822195,STX1A
GO_Biological_Process_2023,Vesicle-Mediated Transport (GO:0016192),32/411,0.8362633849443173,0.9999958087188284,0,0,0.8473715113902411,0.1515199080757934,MGRN1;DENND1A;RASEF;MIA3;LRP8;AP1G2;RAB25;MYO6;ANKFY1;KIF1A;AP1M2;EXPH5;SPTBN2;ARL14;RAB3IP;HIP1R;AP1B1;VPS13B;CSNK1D;HOOK3;MAPK8IP3;SYT7;SYTL2;EPN3;HOOK1;RAB12;VPS41;SPIRE2;OCIAD1;CTAGE6;OCIAD2;STX1A
GO_Biological_Process_2023,Chloride Transport (GO:0006821),5/77,0.8363989007292235,0.9999958087188284,0,0,0.6983367246269577,0.1247575944789529,SLC4A8;SLC5A8;TTYH3;SLC1A7;SLC12A8
GO_Biological_Process_2023,Negative Regulation Of Blood Vessel Morphogenesis (GO:2000181),5/77,0.8363989007292235,0.9999958087188284,0,0,0.6983367246269577,0.1247575944789529,STAT1;SEMA3E;THBS2;SULF1;PML
GO_Biological_Process_2023,Negative Regulation Of Transforming Growth Factor Beta Receptor Signaling Pathway (GO:0030512),5/77,0.8363989007292235,0.9999958087188284,0,0,0.6983367246269577,0.1247575944789529,ZNF451;CILP;ARID4B;IL17RD;BCL9L
GO_Biological_Process_2023,Glutamate Receptor Signaling Pathway (GO:0007215),2/35,0.8374921404850216,0.9999958087188284,0,0,0.6097540501972635,0.1081358563174895,GRIN1;CDK5R1
GO_Biological_Process_2023,Macrophage Activation (GO:0042116),2/35,0.8374921404850216,0.9999958087188284,0,0,0.6097540501972635,0.1081358563174895,EDN2;FOXP1
GO_Biological_Process_2023,Platelet Aggregation (GO:0070527),2/35,0.8374921404850216,0.9999958087188284,0,0,0.6097540501972635,0.1081358563174895,FGB;FGL1
GO_Biological_Process_2023,Positive Regulation Of Cell Development (GO:0010720),2/35,0.8374921404850216,0.9999958087188284,0,0,0.6097540501972635,0.1081358563174895,SOX11;LMOD3
GO_Biological_Process_2023,Regulation Of mRNA Processing (GO:0050684),2/35,0.8374921404850216,0.9999958087188284,0,0,0.6097540501972635,0.1081358563174895,PTCD2;SRPK1
GO_Biological_Process_2023,Response To Nutrient Levels (GO:0031667),2/35,0.8374921404850216,0.9999958087188284,0,0,0.6097540501972635,0.1081358563174895,MAPKAP1;PPARD
GO_Biological_Process_2023,Endocytic Recycling (GO:0032456),4/64,0.84160639759859,0.9999958087188284,0,0,0.6704751340358661,0.1156186331235172,DENND1A;VPS13B;PTPN23;RAB11FIP4
GO_Biological_Process_2023,Negative Regulation Of Cell Death (GO:0060548),4/64,0.84160639759859,0.9999958087188284,0,0,0.6704751340358661,0.1156186331235172,DPP9;ALB;TRAF2;ATP13A2
GO_Biological_Process_2023,Positive Regulation Of Cysteine-Type Endopeptidase Activity (GO:2001056),4/64,0.84160639759859,0.9999958087188284,0,0,0.6704751340358661,0.1156186331235172,AIM2;PERP;PMAIP1;GRIN1
GO_Biological_Process_2023,Positive Regulation Of Interleukin-1 Production (GO:0032732),4/64,0.84160639759859,0.9999958087188284,0,0,0.6704751340358661,0.1156186331235172,AIM2;SAA1;F2RL1;ISL1
GO_Biological_Process_2023,Positive Regulation Of Macroautophagy (GO:0016239),4/64,0.84160639759859,0.9999958087188284,0,0,0.6704751340358661,0.1156186331235172,SESN2;TRIM13;SUPT5H;WDR24
GO_Biological_Process_2023,"G Protein-Coupled Receptor Signaling Pathway, Coupled To Cyclic Nucleotide Second Messenger (GO:0007187)",3/50,0.8417686837762647,0.9999958087188284,0,0,0.6420484030759069,0.1105928533775944,MC1R;DRD4;AGT
GO_Biological_Process_2023,Nucleocytoplasmic Transport (GO:0006913),3/50,0.8417686837762647,0.9999958087188284,0,0,0.6420484030759069,0.1105928533775944,NUP210;NUP155;NUP43
GO_Biological_Process_2023,Organonitrogen Compound Catabolic Process (GO:1901565),5/78,0.8445070426925486,0.9999958087188284,0,0,0.6887324586076353,0.1163973029800014,ACHE;IL4I1;SGPL1;RAB12;SLC16A3
GO_Biological_Process_2023,Ribonucleoprotein Complex Biogenesis (GO:0022613),8/118,0.8467918004805146,0.9999958087188284,0,0,0.7310323917327808,0.1215709957637138,BOP1;SPPL2B;PAK1IP1;NGDN;WDR74;IGF2BP3;WDR12;BYSL
GO_Biological_Process_2023,Regulation Of I-kappaB kinase/NF-kappaB Signaling (GO:0043122),17/232,0.8487227868412597,0.9999958087188284,0,0,0.7941431726646746,0.1302574781862737,UNC5CL;CANT1;PARP1;STAT1;NEK6;TRAF2;PPM1B;IRAK1;TRAF4;TRIM13;F2RL1;TNFRSF25;TRIM38;ECT2;IKBKE;GAPDH;BIRC3
GO_Biological_Process_2023,B Cell Activation (GO:0042113),6/92,0.8488720412214928,0.9999958087188284,0,0,0.701432020970262,0.114927406842045,IL10;CD79A;CLCF1;SLC39A7;TCF3;EPHB2
GO_Biological_Process_2023,Positive Regulation Of Protein Catabolic Process (GO:0045732),6/92,0.8488720412214928,0.9999958087188284,0,0,0.701432020970262,0.114927406842045,DDB1;BARD1;FBXW7;PACSIN3;ADAM8;C4BPB
GO_Biological_Process_2023,Steroid Metabolic Process (GO:0008202),6/92,0.8488720412214928,0.9999958087188284,0,0,0.701432020970262,0.114927406842045,CYP27B1;CYP24A1;CYP21A2;SRD5A1;HSD17B1;CEL
GO_Biological_Process_2023,Histone Deacetylation (GO:0016575),2/36,0.8489129737794607,0.9999958087188284,0,0,0.5917875183314323,0.096933968365407,MTA1;MTA3
GO_Biological_Process_2023,Neural Crest Cell Migration (GO:0001755),2/36,0.8489129737794607,0.9999958087188284,0,0,0.5917875183314323,0.096933968365407,SEMA4B;SEMA3E
GO_Biological_Process_2023,Positive Regulation Of RNA Splicing (GO:0033120),2/36,0.8489129737794607,0.9999958087188284,0,0,0.5917875183314323,0.096933968365407,RBM3;WDR77
GO_Biological_Process_2023,Positive Regulation Of Phospholipase C Activity (GO:0010863),2/36,0.8489129737794607,0.9999958087188284,0,0,0.5917875183314323,0.096933968365407,P2RY6;EGFR
GO_Biological_Process_2023,Regulation Of Glucose Import (GO:0046324),2/36,0.8489129737794607,0.9999958087188284,0,0,0.5917875183314323,0.096933968365407,OSBPL8;LEP
GO_Biological_Process_2023,Regulation Of Receptor Internalization (GO:0002090),2/36,0.8489129737794607,0.9999958087188284,0,0,0.5917875183314323,0.096933968365407,GREM1;ANKRD13D
GO_Biological_Process_2023,Adenine Nucleotide Transport (GO:0051503),1/20,0.8496581825270758,0.9999958087188284,0,0,0.5296380486098968,0.0862892392114412,LRRC8E
GO_Biological_Process_2023,Anterior/Posterior Axis Specification (GO:0009948),1/20,0.8496581825270758,0.9999958087188284,0,0,0.5296380486098968,0.0862892392114412,MESP1
GO_Biological_Process_2023,Endothelial Cell Development (GO:0001885),1/20,0.8496581825270758,0.9999958087188284,0,0,0.5296380486098968,0.0862892392114412,F2RL1
GO_Biological_Process_2023,Epithelial Cilium Movement Involved In Extracellular Fluid Movement (GO:0003351),1/20,0.8496581825270758,0.9999958087188284,0,0,0.5296380486098968,0.0862892392114412,CABYR
GO_Biological_Process_2023,Lipopolysaccharide-Mediated Signaling Pathway (GO:0031663),1/20,0.8496581825270758,0.9999958087188284,0,0,0.5296380486098968,0.0862892392114412,IRAK1
GO_Biological_Process_2023,Maturation Of LSU-rRNA (GO:0000470),1/20,0.8496581825270758,0.9999958087188284,0,0,0.5296380486098968,0.0862892392114412,WDR12
GO_Biological_Process_2023,Monocarboxylic Acid Catabolic Process (GO:0072329),1/20,0.8496581825270758,0.9999958087188284,0,0,0.5296380486098968,0.0862892392114412,PPARD
GO_Biological_Process_2023,Negative Regulation Of Cyclin-Dependent Protein Kinase Activity (GO:1904030),1/20,0.8496581825270758,0.9999958087188284,0,0,0.5296380486098968,0.0862892392114412,CDKN2A
GO_Biological_Process_2023,Negative Regulation Of Phosphate Metabolic Process (GO:0045936),1/20,0.8496581825270758,0.9999958087188284,0,0,0.5296380486098968,0.0862892392114412,CDKN2A
GO_Biological_Process_2023,Negative Regulation Of Phosphoprotein Phosphatase Activity (GO:0032515),1/20,0.8496581825270758,0.9999958087188284,0,0,0.5296380486098968,0.0862892392114412,PPP1R14D
GO_Biological_Process_2023,Negative Regulation Of Protein Localization To Cell Periphery (GO:1904376),1/20,0.8496581825270758,0.9999958087188284,0,0,0.5296380486098968,0.0862892392114412,PPFIA1
GO_Biological_Process_2023,Negative Regulation Of Protein Localization To Plasma Membrane (GO:1903077),1/20,0.8496581825270758,0.9999958087188284,0,0,0.5296380486098968,0.0862892392114412,PPFIA1
GO_Biological_Process_2023,Negative Regulation Of Stem Cell Population Maintenance (GO:1902455),1/20,0.8496581825270758,0.9999958087188284,0,0,0.5296380486098968,0.0862892392114412,ARID4B
GO_Biological_Process_2023,Nuclear-Transcribed mRNA poly(A) Tail Shortening (GO:0000289),1/20,0.8496581825270758,0.9999958087188284,0,0,0.5296380486098968,0.0862892392114412,SAMD4B
GO_Biological_Process_2023,Phosphatidylglycerol Metabolic Process (GO:0046471),1/20,0.8496581825270758,0.9999958087188284,0,0,0.5296380486098968,0.0862892392114412,MBOAT2
GO_Biological_Process_2023,Positive Regulation Of Embryonic Development (GO:0040019),1/20,0.8496581825270758,0.9999958087188284,0,0,0.5296380486098968,0.0862892392114412,NR2C2
GO_Biological_Process_2023,Positive Regulation Of Lipid Catabolic Process (GO:0050996),1/20,0.8496581825270758,0.9999958087188284,0,0,0.5296380486098968,0.0862892392114412,ABCD1
GO_Biological_Process_2023,Positive Regulation Of Lipid Storage (GO:0010884),1/20,0.8496581825270758,0.9999958087188284,0,0,0.5296380486098968,0.0862892392114412,IKBKE
GO_Biological_Process_2023,Pulmonary Valve Development (GO:0003177),1/20,0.8496581825270758,0.9999958087188284,0,0,0.5296380486098968,0.0862892392114412,STRA6
GO_Biological_Process_2023,Regulation Of Calcium Ion Transmembrane Transport (GO:1903169),1/20,0.8496581825270758,0.9999958087188284,0,0,0.5296380486098968,0.0862892392114412,NOS1AP
GO_Biological_Process_2023,Regulation Of Fibroblast Migration (GO:0010762),1/20,0.8496581825270758,0.9999958087188284,0,0,0.5296380486098968,0.0862892392114412,RAC1
GO_Biological_Process_2023,Regulation Of Macrophage Chemotaxis (GO:0010758),1/20,0.8496581825270758,0.9999958087188284,0,0,0.5296380486098968,0.0862892392114412,MDK
GO_Biological_Process_2023,Regulation Of Meiotic Cell Cycle (GO:0051445),1/20,0.8496581825270758,0.9999958087188284,0,0,0.5296380486098968,0.0862892392114412,CDC20
GO_Biological_Process_2023,Regulation Of Membrane Depolarization (GO:0003254),1/20,0.8496581825270758,0.9999958087188284,0,0,0.5296380486098968,0.0862892392114412,HCN3
GO_Biological_Process_2023,Regulation Of Phosphatase Activity (GO:0010921),1/20,0.8496581825270758,0.9999958087188284,0,0,0.5296380486098968,0.0862892392114412,CDK5RAP3
GO_Biological_Process_2023,Regulation Of Smooth Muscle Contraction (GO:0006940),1/20,0.8496581825270758,0.9999958087188284,0,0,0.5296380486098968,0.0862892392114412,NMU
GO_Biological_Process_2023,Response To ATP (GO:0033198),1/20,0.8496581825270758,0.9999958087188284,0,0,0.5296380486098968,0.0862892392114412,CIB2
GO_Biological_Process_2023,Stress-Activated Protein Kinase Signaling Cascade (GO:0031098),1/20,0.8496581825270758,0.9999958087188284,0,0,0.5296380486098968,0.0862892392114412,MAP3K13
GO_Biological_Process_2023,Cytokine-Mediated Signaling Pathway (GO:0019221),19/257,0.8501669562208813,0.9999958087188284,0,0,0.8016679826292933,0.1301287749215561,EDN2;CCL22;GPR35;STAT1;SRC;TRAF2;CXCL13;CSF2RA;LRP8;CEACAM1;AIM2;IRAK1;TRAF4;CLCF1;LEP;TFF2;P4HB;CRLF1;BIRC3
GO_Biological_Process_2023,Antimicrobial Humoral Immune Response Mediated By Antimicrobial Peptide (GO:0061844),4/65,0.850213256184532,0.9999958087188284,0,0,0.6594473691388669,0.1070072527380622,CXCL13;CXCL14;GAPDH;KRT6A
GO_Biological_Process_2023,Regulation Of Tyrosine Phosphorylation Of STAT Protein (GO:0042509),4/65,0.850213256184532,0.9999958087188284,0,0,0.6594473691388669,0.1070072527380622,CLCF1;LIF;PTK6;CRLF1
GO_Biological_Process_2023,Proteasomal Protein Catabolic Process (GO:0010498),16/220,0.850617487917185,0.9999958087188284,0,0,0.7877732891034694,0.1274559964742359,PSMD11;FBXW7;CCDC47;KIF14;SYVN1;PML;DDB1;SPSB1;MTA1;TRIM2;PSME4;ENC1;KCTD13;TRIM13;PMAIP1;PRAME
GO_Biological_Process_2023,Positive Regulation Of Protein Localization To Cell Periphery (GO:1904377),3/51,0.8513610180735203,0.9999958087188284,0,0,0.6286377494456763,0.101159765744441,ARHGEF16;EPHB2;EGFR
GO_Biological_Process_2023,Regulation Of Release Of Sequestered Calcium Ion Into Cytosol (GO:0051279),3/51,0.8513610180735203,0.9999958087188284,0,0,0.6286377494456763,0.101159765744441,JSRP1;CD19;THY1
GO_Biological_Process_2023,Sensory Perception (GO:0007600),3/51,0.8513610180735203,0.9999958087188284,0,0,0.6286377494456763,0.101159765744441,MYO7A;NIPSNAP1;PTGES
GO_Biological_Process_2023,Positive Regulation Of Cellular Process (GO:0048522),47/594,0.8516805633971513,0.9999958087188284,0,0,0.8614778959614425,0.1383048902757351,SLC44A4;MAPKAP1;HPN;LRP5;KIF14;TGFA;TTK;LAMC2;MST1R;FOXM1;EGFR;TBRG4;CDH3;RAB25;ERBB3;MDK;CHEK1;ERBB2;PRAME;TIMP1;FBXO5;SOX9;PRSS2;SOX4;KRT6A;SMARCC2;EDN2;SPAG5;LIF;CDC7;PTK6;PA2G4;ISL1;RHOD;GREM1;FRMD5;PRC1;CEACAM6;CLCF1;SAA1;BIRC5;AQP11;ADAM8;P4HB;EPHA1;CRLF1;EZH2
GO_Biological_Process_2023,Negative Regulation Of Cellular Component Organization (GO:0051129),5/79,0.8522804141462275,0.9999958087188284,0,0,0.679387767345592,0.1085931244953927,SCAMP5;SRC;PACSIN3;CEL;ISL1
GO_Biological_Process_2023,Positive Regulation Of Catabolic Process (GO:0009896),5/79,0.8522804141462275,0.9999958087188284,0,0,0.679387767345592,0.1085931244953927,DDB1;BARD1;FBXW7;C4BPB;CDK5RAP3
GO_Biological_Process_2023,Positive Regulation Of Protein Localization To Membrane (GO:1905477),5/79,0.8522804141462275,0.9999958087188284,0,0,0.679387767345592,0.1085931244953927,ARHGEF16;ERBB2;EPHB2;SLC5A3;EGFR
GO_Biological_Process_2023,Positive Regulation Of Protein Modification By Small Protein Conjugation Or Removal (GO:1903322),5/79,0.8522804141462275,0.9999958087188284,0,0,0.679387767345592,0.1085931244953927,PIAS3;FBXW7;BRCA1;CDK5RAP3;BIRC3
GO_Biological_Process_2023,Response To Insulin (GO:0032868),5/79,0.8522804141462275,0.9999958087188284,0,0,0.679387767345592,0.1085931244953927,CEACAM1;PARP1;LEP;SYAP1;SLC2A1
GO_Biological_Process_2023,Protein Stabilization (GO:0050821),15/208,0.8528127615956378,0.9999958087188284,0,0,0.7806717246484086,0.1242948526566762,FBXW7;MCM8;TESC;CTNND1;SYVN1;HIP1R;ATP1B1;MAPK8IP3;NAPG;HYPK;BAG4;CREB1;SPAG1;GAPDH;SOX4
GO_Biological_Process_2023,Plasma Membrane Bounded Cell Projection Organization (GO:0120036),9/132,0.85324789157892,0.9999958087188284,0,0,0.735369923220923,0.1167070029753404,RAB25;TBC1D24;VPS13B;MAP4;RAC1;NCDN;PPP1R9A;UHMK1;CDK5R1
GO_Biological_Process_2023,Regulation Of G1/S Transition Of Mitotic Cell Cycle (GO:2000045),7/106,0.8539434745640518,0.9999958087188284,0,0,0.7107631874298541,0.1122225961319099,STIL;SMARCC2;RRM2;CDKN2A;KIF14;EGFR;E2F7
GO_Biological_Process_2023,Endomembrane System Organization (GO:0010256),14/196,0.8553536249090006,0.9999958087188284,0,0,0.7727058217855763,0.1207277887646255,SPTBN5;CUL7;NUP155;VPS13B;CSNK1D;MIA3;HOOK3;LAPTM4B;HOOK1;VAPB;TLCD1;REEP6;BLZF1;GOLGA8A
GO_Biological_Process_2023,Positive Regulation Of Protein Kinase B Signaling (GO:0051897),6/93,0.855941426958271,0.9999958087188284,0,0,0.6933312910452047,0.1078499922469425,OSBPL8;MC1R;SRC;LEP;MST1R;EGFR
GO_Biological_Process_2023,Mitochondrion Disassembly (GO:0061726),2/37,0.8595980230611763,0.9999958087188284,0,0,0.5748476454293628,0.0869689382939356,MARK2;ATG12
GO_Biological_Process_2023,Negative Regulation Of Smooth Muscle Cell Proliferation (GO:0048662),2/37,0.8595980230611763,0.9999958087188284,0,0,0.5748476454293628,0.0869689382939356,IL10;IGFBP3
GO_Biological_Process_2023,Regulation Of Defense Response To Virus By Host (GO:0050691),2/37,0.8595980230611763,0.9999958087188284,0,0,0.5748476454293628,0.0869689382939356,STAT1;EIF2AK4
GO_Biological_Process_2023,Regulation Of Sodium Ion Transmembrane Transporter Activity (GO:2000649),2/37,0.8595980230611763,0.9999958087188284,0,0,0.5748476454293628,0.0869689382939356,STK39;FGF11
GO_Biological_Process_2023,Synaptic Vesicle Cycle (GO:0099504),2/37,0.8595980230611763,0.9999958087188284,0,0,0.5748476454293628,0.0869689382939356,SYT7;STX1A
GO_Biological_Process_2023,Glycoprotein Biosynthetic Process (GO:0009101),5/80,0.8597277043760281,0.9999958087188284,0,0,0.6702922678505364,0.101307680236576,FUT6;ST6GALNAC1;CANT1;AQP11;FUT2
GO_Biological_Process_2023,Regulation Of Protein Localization To Plasma Membrane (GO:1903076),5/80,0.8597277043760281,0.9999958087188284,0,0,0.6702922678505364,0.101307680236576,ARHGEF16;PPFIA1;AGR2;EPHB2;EGFR
GO_Biological_Process_2023,Regulation Of Cellular Response To Stress (GO:0080135),7/107,0.8604121083103365,0.9999958087188284,0,0,0.7036166666666667,0.1057844096035774,BARD1;DEPDC1B;RAD51;TAF6;BRCA1;SOX4;POLH
GO_Biological_Process_2023,Positive Regulation Of Transcription Initiation By RNA Polymerase II (GO:0060261),3/52,0.8604420282486686,0.9999958087188284,0,0,0.6157744694330061,0.0925564665519191,TAF13;MED8;TAF6
GO_Biological_Process_2023,Regulation Of Peptide Hormone Secretion (GO:0090276),3/52,0.8604420282486686,0.9999958087188284,0,0,0.6157744694330061,0.0925564665519191,FGB;STX1A;SYT7
GO_Biological_Process_2023,Cellular Component Assembly (GO:0022607),19/260,0.8630085989821817,0.9999958087188284,0,0,0.7915564343200869,0.1166205033126821,FGB;SLC2A1;TRAF2;ESPN;RHOD;GRHL2;NAPG;PML;VIL1;BAIAP2L2;BAIAP2L1;SCIN;RAC3;KNTC1;SOX9;TLCD1;TRIP13;FSCN2;HORMAD1
GO_Biological_Process_2023,Regulation Of Intracellular Signal Transduction (GO:1902531),22/297,0.8630966402485476,0.9999958087188284,0,0,0.803047619047619,0.1182315866597019,NEK8;DYRK2;PAK1IP1;PLEKHG6;ARHGEF19;SEZ6L2;RHOD;EGFR;AURKB;AURKA;BCR;BOP1;CEACAM1;RACGAP1;TRAF4;CHEK1;PAK6;F2RL1;TNFRSF25;CD24;ECT2;NGEF
GO_Biological_Process_2023,Histone H2A Acetylation (GO:0043968),1/21,0.8632550137180973,0.9999958087188284,0,0,0.5031284606866002,0.0739825923096967,MBTD1
GO_Biological_Process_2023,Modulation By Symbiont Of Entry Into Host (GO:0052372),1/21,0.8632550137180973,0.9999958087188284,0,0,0.5031284606866002,0.0739825923096967,TRIM38
GO_Biological_Process_2023,Negative Regulation Of GTPase Activity (GO:0034260),1/21,0.8632550137180973,0.9999958087188284,0,0,0.5031284606866002,0.0739825923096967,PLXNB3
GO_Biological_Process_2023,Negative Regulation Of Double-Strand Break Repair Via Homologous Recombination (GO:2000042),1/21,0.8632550137180973,0.9999958087188284,0,0,0.5031284606866002,0.0739825923096967,POLQ
GO_Biological_Process_2023,Negative Regulation Of Osteoclast Differentiation (GO:0045671),1/21,0.8632550137180973,0.9999958087188284,0,0,0.5031284606866002,0.0739825923096967,FBXW7
GO_Biological_Process_2023,Negative Regulation Of Tumor Necrosis Factor-Mediated Signaling Pathway (GO:0010804),1/21,0.8632550137180973,0.9999958087188284,0,0,0.5031284606866002,0.0739825923096967,F2RL1
GO_Biological_Process_2023,Plasma Membrane Repair (GO:0001778),1/21,0.8632550137180973,0.9999958087188284,0,0,0.5031284606866002,0.0739825923096967,SYT7
GO_Biological_Process_2023,poly(A)+ mRNA Export From Nucleus (GO:0016973),1/21,0.8632550137180973,0.9999958087188284,0,0,0.5031284606866002,0.0739825923096967,THOC2
GO_Biological_Process_2023,Porphyrin-Containing Compound Biosynthetic Process (GO:0006779),1/21,0.8632550137180973,0.9999958087188284,0,0,0.5031284606866002,0.0739825923096967,ABCB6
GO_Biological_Process_2023,Positive Regulation Of T Cell Cytokine Production (GO:0002726),1/21,0.8632550137180973,0.9999958087188284,0,0,0.5031284606866002,0.0739825923096967,TRAF2
GO_Biological_Process_2023,Positive Regulation Of Amyloid Precursor Protein Catabolic Process (GO:1902993),1/21,0.8632550137180973,0.9999958087188284,0,0,0.5031284606866002,0.0739825923096967,PSG1
GO_Biological_Process_2023,Positive Regulation Of Translational Initiation (GO:0045948),1/21,0.8632550137180973,0.9999958087188284,0,0,0.5031284606866002,0.0739825923096967,UHMK1
GO_Biological_Process_2023,Regulation Of Cell-Substrate Junction Assembly (GO:0090109),1/21,0.8632550137180973,0.9999958087188284,0,0,0.5031284606866002,0.0739825923096967,PTPRA
GO_Biological_Process_2023,Regulation Of Neurotransmitter Transport (GO:0051588),1/21,0.8632550137180973,0.9999958087188284,0,0,0.5031284606866002,0.0739825923096967,FER1L4
GO_Biological_Process_2023,Retrotransposon Silencing (GO:0010526),1/21,0.8632550137180973,0.9999958087188284,0,0,0.5031284606866002,0.0739825923096967,ZNF93
GO_Biological_Process_2023,Activation Of Cysteine-Type Endopeptidase Activity Involved In Apoptotic Process (GO:0006919),4/67,0.8662408226774002,0.9999958087188284,0,0,0.6384421026683922,0.0916753845248054,EGLN3;TNFSF15;SORD;HIP1R
GO_Biological_Process_2023,Cholesterol Metabolic Process (GO:0008203),4/67,0.8662408226774002,0.9999958087188284,0,0,0.6384421026683922,0.0916753845248054,G6PD;NPC1L1;HSD17B7;PPARD
GO_Biological_Process_2023,Regulation Of Neurogenesis (GO:0050767),4/67,0.8662408226774002,0.9999958087188284,0,0,0.6384421026683922,0.0916753845248054,HES6;SOX11;HOOK3;WNT3
GO_Biological_Process_2023,Regulation Of Viral Genome Replication (GO:0045069),4/67,0.8662408226774002,0.9999958087188284,0,0,0.6384421026683922,0.0916753845248054,DDB1;VAPB;ISG15;SRPK1
GO_Biological_Process_2023,Glycerophospholipid Biosynthetic Process (GO:0046474),7/108,0.8666449372402382,0.9999958087188284,0,0,0.6966116611661166,0.099703182358499,INPP4B;SLC44A4;PITPNM1;ETNK2;MBOAT2;SYNJ2;SFI1
GO_Biological_Process_2023,Negative Regulation Of Macromolecule Metabolic Process (GO:0010605),13/186,0.8679902647846364,0.9999958087188284,0,0,0.7547960123984251,0.1068600794534623,SETDB1;FBXW7;SFMBT2;ZNF281;SORD;SOX11;FOXP1;AURKA;PARP10;SLC7A5;CLDN3;KRT17;CILP
GO_Biological_Process_2023,Endosome Organization (GO:0007032),3/53,0.8690321852442143,0.9999958087188284,0,0,0.6034257206208425,0.0847059563125618,LAPTM4B;HOOK1;HOOK3
GO_Biological_Process_2023,Glycoprotein Metabolic Process (GO:0009100),3/53,0.8690321852442143,0.9999958087188284,0,0,0.6034257206208425,0.0847059563125618,FUT8;PRKCSH;FBXO2
GO_Biological_Process_2023,Negative Regulation Of Metabolic Process (GO:0009892),3/53,0.8690321852442143,0.9999958087188284,0,0,0.6034257206208425,0.0847059563125618,ACOT11;ACVR2B;LGR4
GO_Biological_Process_2023,Positive Regulation Of NIK/NF-kappaB Signaling (GO:1901224),3/53,0.8690321852442143,0.9999958087188284,0,0,0.6034257206208425,0.0847059563125618,IRAK1;TNFSF14;EGFR
GO_Biological_Process_2023,Regulation Of Macromolecule Biosynthetic Process (GO:0010556),3/53,0.8690321852442143,0.9999958087188284,0,0,0.6034257206208425,0.0847059563125618,RBM3;MSI2;PKP3
GO_Biological_Process_2023,Heart Looping (GO:0001947),2/38,0.8695869275627045,0.9999958087188284,0,0,0.5588488765774084,0.0780918520481744,MESP1;STIL
GO_Biological_Process_2023,Positive Regulation Of Cation Channel Activity (GO:2001259),2/38,0.8695869275627045,0.9999958087188284,0,0,0.5588488765774084,0.0780918520481744,P2RY6;GAL
GO_Biological_Process_2023,Regulation Of Neurotransmitter Secretion (GO:0046928),2/38,0.8695869275627045,0.9999958087188284,0,0,0.5588488765774084,0.0780918520481744,PNKD;FER1L4
GO_Biological_Process_2023,Regulation Of Telomere Maintenance (GO:0032204),2/38,0.8695869275627045,0.9999958087188284,0,0,0.5588488765774084,0.0780918520481744,PIF1;PML
GO_Biological_Process_2023,Negative Regulation Of Apoptotic Signaling Pathway (GO:2001234),5/82,0.8736797523525303,0.9999958087188284,0,0,0.6528100090808193,0.0881563687773764,SRC;FZD9;AVP;NOL3;MMP9
GO_Biological_Process_2023,Mitochondrion Organization (GO:0007005),11/162,0.8755886836567492,0.9999958087188284,0,0,0.7318028289502795,0.0972264731470254,RHOT2;PNPT1;PTCD2;PARP1;BIK;NUBPL;VPS13C;SIRT5;MTFR1;ATAD3A;SFI1
GO_Biological_Process_2023,Regulation Of Macromolecule Metabolic Process (GO:0060255),11/162,0.8755886836567492,0.9999958087188284,0,0,0.7318028289502795,0.0972264731470254,IL10;TRIM51;TRIM17;CDH1;TMPRSS4;YBX2;IGF2BP3;IGF2BP2;ATP1B1;POU5F1;FOXP1
GO_Biological_Process_2023,Cellular Response To Low-Density Lipoprotein Particle Stimulus (GO:0071404),1/22,0.8756227568308531,0.9999958087188284,0,0,0.4791435954226652,0.0636398157787592,MIA3
GO_Biological_Process_2023,Dendritic Cell Differentiation (GO:0097028),1/22,0.8756227568308531,0.9999958087188284,0,0,0.4791435954226652,0.0636398157787592,F2RL1
GO_Biological_Process_2023,Negative Regulation Of Cell Development (GO:0010721),1/22,0.8756227568308531,0.9999958087188284,0,0,0.4791435954226652,0.0636398157787592,HOOK3
GO_Biological_Process_2023,Organelle Fission (GO:0048285),1/22,0.8756227568308531,0.9999958087188284,0,0,0.4791435954226652,0.0636398157787592,MTFR1
GO_Biological_Process_2023,Platelet Dense Granule Organization (GO:0060155),1/22,0.8756227568308531,0.9999958087188284,0,0,0.4791435954226652,0.0636398157787592,AP1B1
GO_Biological_Process_2023,Positive Regulation Of Excitatory Postsynaptic Potential (GO:2000463),1/22,0.8756227568308531,0.9999958087188284,0,0,0.4791435954226652,0.0636398157787592,GRIN1
GO_Biological_Process_2023,Positive Regulation Of Protein Autophosphorylation (GO:0031954),1/22,0.8756227568308531,0.9999958087188284,0,0,0.4791435954226652,0.0636398157787592,GREM1
GO_Biological_Process_2023,Positive Regulation Of Receptor Internalization (GO:0002092),1/22,0.8756227568308531,0.9999958087188284,0,0,0.4791435954226652,0.0636398157787592,GREM1
GO_Biological_Process_2023,"Positive Regulation Of Synaptic Transmission, Glutamatergic (GO:0051968)",1/22,0.8756227568308531,0.9999958087188284,0,0,0.4791435954226652,0.0636398157787592,GRIN1
GO_Biological_Process_2023,Postreplication Repair (GO:0006301),1/22,0.8756227568308531,0.9999958087188284,0,0,0.4791435954226652,0.0636398157787592,PARP10
GO_Biological_Process_2023,Protein Peptidyl-Prolyl Isomerization (GO:0000413),1/22,0.8756227568308531,0.9999958087188284,0,0,0.4791435954226652,0.0636398157787592,PPIL3
GO_Biological_Process_2023,rRNA Methylation (GO:0031167),1/22,0.8756227568308531,0.9999958087188284,0,0,0.4791435954226652,0.0636398157787592,NSUN5
GO_Biological_Process_2023,Regulation Of Histone Acetylation (GO:0035065),1/22,0.8756227568308531,0.9999958087188284,0,0,0.4791435954226652,0.0636398157787592,BRCA1
GO_Biological_Process_2023,Regulation Of Mitochondrial Translation (GO:0070129),1/22,0.8756227568308531,0.9999958087188284,0,0,0.4791435954226652,0.0636398157787592,SHMT2
GO_Biological_Process_2023,Regulation Of Mononuclear Cell Migration (GO:0071675),1/22,0.8756227568308531,0.9999958087188284,0,0,0.4791435954226652,0.0636398157787592,MDK
GO_Biological_Process_2023,Response To Gamma Radiation (GO:0010332),1/22,0.8756227568308531,0.9999958087188284,0,0,0.4791435954226652,0.0636398157787592,FANCD2
GO_Biological_Process_2023,Ribosomal Large Subunit Assembly (GO:0000027),1/22,0.8756227568308531,0.9999958087188284,0,0,0.4791435954226652,0.0636398157787592,PPAN
GO_Biological_Process_2023,tRNA Aminoacylation (GO:0043039),1/22,0.8756227568308531,0.9999958087188284,0,0,0.4791435954226652,0.0636398157787592,DARS2
GO_Biological_Process_2023,Vesicle Transport Along Microtubule (GO:0047496),1/22,0.8756227568308531,0.9999958087188284,0,0,0.4791435954226652,0.0636398157787592,KIF1A
GO_Biological_Process_2023,Modulation Of Chemical Synaptic Transmission (GO:0050804),8/123,0.8765620049289503,0.9999958087188284,0,0,0.6990550305725403,0.0920989872558894,BCR;SLC4A8;FER1L4;NMU;KCTD13;NPTX1;NOL3;LRP8
GO_Biological_Process_2023,Negative Regulation Of Neuron Projection Development (GO:0010977),3/54,0.8771518522585445,0.9999958087188284,0,0,0.5915612364679796,0.0775389789465069,BCL11A;THY1;NGEF
GO_Biological_Process_2023,Organelle Disassembly (GO:1903008),3/54,0.8771518522585445,0.9999958087188284,0,0,0.5915612364679796,0.0775389789465069,DENR;MAP4;AURKA
GO_Biological_Process_2023,Positive Regulation Of Leukocyte Chemotaxis (GO:0002690),3/54,0.8771518522585445,0.9999958087188284,0,0,0.5915612364679796,0.0775389789465069,EDN2;MDK;F2RL1
GO_Biological_Process_2023,Regulation Of Blood Vessel Endothelial Cell Migration (GO:0043535),3/54,0.8771518522585445,0.9999958087188284,0,0,0.5915612364679796,0.0775389789465069,JUP;PSG1;NF1
GO_Biological_Process_2023,Regulation Of Smooth Muscle Cell Proliferation (GO:0048660),3/54,0.8771518522585445,0.9999958087188284,0,0,0.5915612364679796,0.0775389789465069,STAT1;IGFBP3;FOXP1
GO_Biological_Process_2023,Response To Lipid (GO:0033993),7/110,0.8784243542235711,0.9999958087188284,0,0,0.683009708737864,0.0885354633525419,FOXA1;CYP27B1;CYP24A1;IRAK1;SPP1;SOX9;FOXP1
GO_Biological_Process_2023,Negative Regulation Of Protein Secretion (GO:0050709),2/39,0.8789181743577121,0.9999958087188284,0,0,0.5437149060417759,0.0701737352363111,RHBDF2;DRD4
GO_Biological_Process_2023,Positive Regulation Of Intracellular Transport (GO:0032388),2/39,0.8789181743577121,0.9999958087188284,0,0,0.5437149060417759,0.0701737352363111,SPAG5;B3GAT3
GO_Biological_Process_2023,Positive Regulation Of Lymphocyte Differentiation (GO:0045621),2/39,0.8789181743577121,0.9999958087188284,0,0,0.5437149060417759,0.0701737352363111,SMARCC2;MDK
GO_Biological_Process_2023,Positive Regulation Of Pattern Recognition Receptor Signaling Pathway (GO:0062208),2/39,0.8789181743577121,0.9999958087188284,0,0,0.5437149060417759,0.0701737352363111,F2RL1;TRIM15
GO_Biological_Process_2023,Regulation Of Monoatomic Cation Transmembrane Transport (GO:1904062),2/39,0.8789181743577121,0.9999958087188284,0,0,0.5437149060417759,0.0701737352363111,HCN3;GRIN1
GO_Biological_Process_2023,Regulation Of Nitric Oxide Biosynthetic Process (GO:0045428),2/39,0.8789181743577121,0.9999958087188284,0,0,0.5437149060417759,0.0701737352363111,NOS1AP;RAC1
GO_Biological_Process_2023,Regulation Of Protein Targeting To Mitochondrion (GO:1903214),2/39,0.8789181743577121,0.9999958087188284,0,0,0.5437149060417759,0.0701737352363111,BAG4;FBXW7
GO_Biological_Process_2023,Phospholipase C-activating G Protein-Coupled Receptor Signaling Pathway (GO:0007200),5/83,0.8802027056565219,0.9999958087188284,0,0,0.6444050769799937,0.0822280537084439,P2RY6;GPR35;PTGER3;F2RL1;AGT
GO_Biological_Process_2023,Regulation Of NIK/NF-kappaB Signaling (GO:1901222),5/83,0.8802027056565219,0.9999958087188284,0,0,0.6444050769799937,0.0822280537084439,PPM1B;IRAK1;TNFSF14;TRIM15;EGFR
GO_Biological_Process_2023,Establishment Of Protein Localization To Membrane (GO:0090150),4/69,0.880772625834165,0.9999958087188284,0,0,0.6187294679807159,0.0785512777677129,RAB3IP;AQP11;BRAF;EGFR
GO_Biological_Process_2023,Phagocytosis (GO:0006909),4/69,0.880772625834165,0.9999958087188284,0,0,0.6187294679807159,0.0785512777677129,P2RY6;ANXA11;MST1R;SYT7
GO_Biological_Process_2023,Regulation Of Heart Contraction (GO:0008016),4/69,0.880772625834165,0.9999958087188284,0,0,0.6187294679807159,0.0785512777677129,ACE2;ATP2A2;SLC4A3;AGT
GO_Biological_Process_2023,Negative Regulation Of Growth (GO:0045926),8/124,0.8819064063854685,0.9999958087188284,0,0,0.6929903586283568,0.0870876436390734,CYP27B1;PNPT1;GNG4;CDKN2A;SESN2;TMPRSS4;BRCA1;PML
GO_Biological_Process_2023,RNA Metabolic Process (GO:0016070),7/111,0.8839817982835482,0.9999958087188284,0,0,0.6764049145299146,0.0834134469284743,DDX17;ATXN2L;RBM3;PNPT1;WDR74;NOL9;TBRG4
GO_Biological_Process_2023,Regulation Of Transforming Growth Factor Beta Receptor Signaling Pathway (GO:0017015),7/111,0.8839817982835482,0.9999958087188284,0,0,0.6764049145299146,0.0834134469284743,ZNF451;BCL9;CILP;ARID4B;SOX11;IL17RD;BCL9L
GO_Biological_Process_2023,Positive Regulation Of Protein Ubiquitination (GO:0031398),5/84,0.8864358847707874,0.9999958087188284,0,0,0.6362129279703284,0.0766932290526705,MTA1;FBXW7;BRCA1;CDK5RAP3;BIRC3
GO_Biological_Process_2023,Adaptive Immune Response Based On Somatic Recombination Of Immune Receptors Built From Immunoglobulin Superfamily Domains (GO:0002460),1/23,0.8868724592727668,0.9999958087188284,0,0,0.4573391724554515,0.0549054408599453,IL18BP
GO_Biological_Process_2023,Cellular Response To Interleukin-6 (GO:0071354),1/23,0.8868724592727668,0.9999958087188284,0,0,0.4573391724554515,0.0549054408599453,SRC
GO_Biological_Process_2023,Immune Response-Activating Cell Surface Receptor Signaling Pathway (GO:0002429),1/23,0.8868724592727668,0.9999958087188284,0,0,0.4573391724554515,0.0549054408599453,CD19
GO_Biological_Process_2023,Long-Chain fatty-acyl-CoA Metabolic Process (GO:0035336),1/23,0.8868724592727668,0.9999958087188284,0,0,0.4573391724554515,0.0549054408599453,ELOVL6
GO_Biological_Process_2023,Nuclear Membrane Reassembly (GO:0031468),1/23,0.8868724592727668,0.9999958087188284,0,0,0.4573391724554515,0.0549054408599453,RCC1
GO_Biological_Process_2023,Positive Regulation Of Lamellipodium Assembly (GO:0010592),1/23,0.8868724592727668,0.9999958087188284,0,0,0.4573391724554515,0.0549054408599453,RAC1
GO_Biological_Process_2023,Positive Regulation Of Protein Targeting To Membrane (GO:0090314),1/23,0.8868724592727668,0.9999958087188284,0,0,0.4573391724554515,0.0549054408599453,ERBB2
GO_Biological_Process_2023,Regulation Of Cell Junction Assembly (GO:1901888),1/23,0.8868724592727668,0.9999958087188284,0,0,0.4573391724554515,0.0549054408599453,CLDN3
GO_Biological_Process_2023,Regulation Of Cellular Response To Transforming Growth Factor Beta Stimulus (GO:1903844),1/23,0.8868724592727668,0.9999958087188284,0,0,0.4573391724554515,0.0549054408599453,SOX11
GO_Biological_Process_2023,Regulation Of Cholesterol Transport (GO:0032374),1/23,0.8868724592727668,0.9999958087188284,0,0,0.4573391724554515,0.0549054408599453,ABCA2
GO_Biological_Process_2023,Regulation Of Interleukin-4 Production (GO:0032673),1/23,0.8868724592727668,0.9999958087188284,0,0,0.4573391724554515,0.0549054408599453,SLC7A5
GO_Biological_Process_2023,Regulation Of Myotube Differentiation (GO:0010830),1/23,0.8868724592727668,0.9999958087188284,0,0,0.4573391724554515,0.0549054408599453,CEACAM5
GO_Biological_Process_2023,Regulation Of Toll-Like Receptor 4 Signaling Pathway (GO:0034143),1/23,0.8868724592727668,0.9999958087188284,0,0,0.4573391724554515,0.0549054408599453,F2RL1
GO_Biological_Process_2023,Rescue Of Stalled Ribosome (GO:0072344),1/23,0.8868724592727668,0.9999958087188284,0,0,0.4573391724554515,0.0549054408599453,ANKZF1
GO_Biological_Process_2023,Response To BMP (GO:0071772),1/23,0.8868724592727668,0.9999958087188284,0,0,0.4573391724554515,0.0549054408599453,SOX9
GO_Biological_Process_2023,Negative Regulation Of Extrinsic Apoptotic Signaling Pathway (GO:2001237),4/70,0.887509998473596,0.9999958087188284,0,0,0.6093211650615977,0.0727136409030408,FGB;SRC;BRCA1;NOL3
GO_Biological_Process_2023,Neutrophil Chemotaxis (GO:0030593),4/70,0.887509998473596,0.9999958087188284,0,0,0.6093211650615977,0.0727136409030408,EDN2;CCL22;SAA1;CXCL13
GO_Biological_Process_2023,Positive Regulation Of Protein Polymerization (GO:0032273),4/70,0.887509998473596,0.9999958087188284,0,0,0.6093211650615977,0.0727136409030408,BAIAP2L2;BAIAP2L1;RAC1;CDK5R1
GO_Biological_Process_2023,Sulfur Compound Biosynthetic Process (GO:0044272),4/70,0.887509998473596,0.9999958087188284,0,0,0.6093211650615977,0.0727136409030408,CHST6;CHPF;B3GAT3;DSEL
GO_Biological_Process_2023,Establishment Or Maintenance Of Epithelial Cell Apical/Basal Polarity (GO:0045197),2/40,0.887628982611778,0.9999958087188284,0,0,0.5293774602711766,0.0631025532767216,MARK2;LLGL2
GO_Biological_Process_2023,Negative Regulation Of Mitotic Cell Cycle Phase Transition (GO:1901991),2/40,0.887628982611778,0.9999958087188284,0,0,0.5293774602711766,0.0631025532767216,FBXO5;E2F7
GO_Biological_Process_2023,Positive Regulation Of Catalytic Activity (GO:0043085),2/40,0.887628982611778,0.9999958087188284,0,0,0.5293774602711766,0.0631025532767216,B3GAT3;SLC5A3
GO_Biological_Process_2023,Positive Regulation Of Insulin Secretion (GO:0032024),2/40,0.887628982611778,0.9999958087188284,0,0,0.5293774602711766,0.0631025532767216,ISL1;SOX4
GO_Biological_Process_2023,Positive Regulation Of Myeloid Leukocyte Differentiation (GO:0002763),2/40,0.887628982611778,0.9999958087188284,0,0,0.5293774602711766,0.0631025532767216,TESC;LIF
GO_Biological_Process_2023,Regulation Of Cytosolic Calcium Ion Concentration (GO:0051480),2/40,0.887628982611778,0.9999958087188284,0,0,0.5293774602711766,0.0631025532767216,YWHAE;FZD9
GO_Biological_Process_2023,Regulation Of Microtubule Cytoskeleton Organization (GO:0070507),2/40,0.887628982611778,0.9999958087188284,0,0,0.5293774602711766,0.0631025532767216,TAOK1;MARK2
GO_Biological_Process_2023,Small GTPase Mediated Signal Transduction (GO:0007264),7/112,0.8893251076317614,0.9999958087188284,0,0,0.6699259259259259,0.0785772263379149,BCR;CCNA2;CDKN2A;NF1;RAC1;RAPGEFL1;RALGPS2
GO_Biological_Process_2023,Cellular Response To Starvation (GO:0009267),8/126,0.8920210151350032,0.9999958087188284,0,0,0.681169387889694,0.0778342200294339,SESN2;ALB;VPS41;PMAIP1;ASNS;EIF2AK4;WDR24;XPR1
GO_Biological_Process_2023,Protein-Containing Complex Organization (GO:0043933),8/126,0.8920210151350032,0.9999958087188284,0,0,0.681169387889694,0.0778342200294339,VIL1;FGB;SLC2A1;KNTC1;TRAF2;SOX9;NAPG;PML
GO_Biological_Process_2023,RNA Polymerase II Preinitiation Complex Assembly (GO:0051123),3/56,0.8920600776092809,0.9999958087188284,0,0,0.5691754173116346,0.0650122390249177,TAF13;MED8;TAF6
GO_Biological_Process_2023,Positive Regulation Of DNA-templated Transcription Initiation (GO:2000144),3/56,0.8920600776092809,0.9999958087188284,0,0,0.5691754173116346,0.0650122390249177,TAF13;MED8;TAF6
GO_Biological_Process_2023,"Positive Regulation Of DNA-templated Transcription, Elongation (GO:0032786)",3/56,0.8920600776092809,0.9999958087188284,0,0,0.5691754173116346,0.0650122390249177,PARP1;MED8;SUPT5H
GO_Biological_Process_2023,post-Golgi Vesicle-Mediated Transport (GO:0006892),3/56,0.8920600776092809,0.9999958087188284,0,0,0.5691754173116346,0.0650122390249177,GGA1;AP1G2;VPS13C
GO_Biological_Process_2023,Calcium-Mediated Signaling (GO:0019722),5/85,0.8923885447693107,0.9999958087188284,0,0,0.6282255826859046,0.0715257774571221,EDN2;ATP2A2;TNNI3;PPP1R9A;ATP1B1
GO_Biological_Process_2023,Positive Regulation Of Protein Localization (GO:1903829),5/85,0.8923885447693107,0.9999958087188284,0,0,0.6282255826859046,0.0715257774571221,GNL3L;SESN2;LIF;SLC5A3;CDK5RAP3
GO_Biological_Process_2023,Regulation Of Protein Ubiquitination (GO:0031396),7/113,0.8944598877158786,0.9999958087188284,0,0,0.6635691823899371,0.0740113349325266,GNL3L;FBXW7;ISG15;BRCA1;CDK5RAP3;SOX4;BIRC3
GO_Biological_Process_2023,Detection Of Chemical Stimulus Involved In Sensory Perception Of Bitter Taste (GO:0001580),2/41,0.8957552187727311,0.9999958087188284,0,0,0.5157752681298388,0.0567807175754532,CST2;CST1
GO_Biological_Process_2023,Heart Contraction (GO:0060047),2/41,0.8957552187727311,0.9999958087188284,0,0,0.5157752681298388,0.0567807175754532,TNNI3;ATP1B1
GO_Biological_Process_2023,Lymphocyte Migration (GO:0072676),2/41,0.8957552187727311,0.9999958087188284,0,0,0.5157752681298388,0.0567807175754532,CCL22;SAA1
GO_Biological_Process_2023,Negative Regulation Of Proteolysis (GO:0045861),2/41,0.8957552187727311,0.9999958087188284,0,0,0.5157752681298388,0.0567807175754532,IL10;TIMP1
GO_Biological_Process_2023,Positive Regulation Of Actin Filament Polymerization (GO:0030838),2/41,0.8957552187727311,0.9999958087188284,0,0,0.5157752681298388,0.0567807175754532,BAIAP2L2;BAIAP2L1
GO_Biological_Process_2023,Regulation Of Chemokine Production (GO:0032642),2/41,0.8957552187727311,0.9999958087188284,0,0,0.5157752681298388,0.0567807175754532,F2RL1;FOXP1
GO_Biological_Process_2023,Stem Cell Differentiation (GO:0048863),2/41,0.8957552187727311,0.9999958087188284,0,0,0.5157752681298388,0.0567807175754532,PSMD11;ZNF281
GO_Biological_Process_2023,Synaptic Vesicle Exocytosis (GO:0016079),2/41,0.8957552187727311,0.9999958087188284,0,0,0.5157752681298388,0.0567807175754532,SYT7;STX1A
GO_Biological_Process_2023,Acylglycerol Homeostasis (GO:0055090),1/24,0.8971051404944951,0.9999958087188284,0,0,0.4374307862679956,0.0474972016301969,ANGPTL4
GO_Biological_Process_2023,Endosome Transport Via Multivesicular Body Sorting Pathway (GO:0032509),1/24,0.8971051404944951,0.9999958087188284,0,0,0.4374307862679956,0.0474972016301969,LAPTM4B
GO_Biological_Process_2023,Eosinophil Chemotaxis (GO:0048245),1/24,0.8971051404944951,0.9999958087188284,0,0,0.4374307862679956,0.0474972016301969,CCL22
GO_Biological_Process_2023,Eosinophil Migration (GO:0072677),1/24,0.8971051404944951,0.9999958087188284,0,0,0.4374307862679956,0.0474972016301969,CCL22
GO_Biological_Process_2023,Gliogenesis (GO:0042063),1/24,0.8971051404944951,0.9999958087188284,0,0,0.4374307862679956,0.0474972016301969,HAPLN3
GO_Biological_Process_2023,Negative Regulation Of Cell Junction Assembly (GO:1901889),1/24,0.8971051404944951,0.9999958087188284,0,0,0.4374307862679956,0.0474972016301969,SRC
GO_Biological_Process_2023,Neuromuscular Junction Development (GO:0007528),1/24,0.8971051404944951,0.9999958087188284,0,0,0.4374307862679956,0.0474972016301969,PPFIBP1
GO_Biological_Process_2023,Outflow Tract Septum Morphogenesis (GO:0003148),1/24,0.8971051404944951,0.9999958087188284,0,0,0.4374307862679956,0.0474972016301969,ISL1
GO_Biological_Process_2023,Peroxisome Organization (GO:0007031),1/24,0.8971051404944951,0.9999958087188284,0,0,0.4374307862679956,0.0474972016301969,LONP2
GO_Biological_Process_2023,Positive Regulation Of Interleukin-17 Production (GO:0032740),1/24,0.8971051404944951,0.9999958087188284,0,0,0.4374307862679956,0.0474972016301969,SLC7A5
GO_Biological_Process_2023,Protein Exit From Endoplasmic Reticulum (GO:0032527),1/24,0.8971051404944951,0.9999958087188284,0,0,0.4374307862679956,0.0474972016301969,SYVN1
GO_Biological_Process_2023,Regulation Of AMPA Receptor Activity (GO:2000311),1/24,0.8971051404944951,0.9999958087188284,0,0,0.4374307862679956,0.0474972016301969,NOL3
GO_Biological_Process_2023,Regulation Of Cytoplasmic Translation (GO:2000765),1/24,0.8971051404944951,0.9999958087188284,0,0,0.4374307862679956,0.0474972016301969,NMNAT2
GO_Biological_Process_2023,Regulation Of Ruffle Assembly (GO:1900027),1/24,0.8971051404944951,0.9999958087188284,0,0,0.4374307862679956,0.0474972016301969,EPS8L1
GO_Biological_Process_2023,Regulation Of Ryanodine-Sensitive Calcium-Release Channel Activity (GO:0060314),1/24,0.8971051404944951,0.9999958087188284,0,0,0.4374307862679956,0.0474972016301969,JSRP1
GO_Biological_Process_2023,Response To Hexose (GO:0009746),1/24,0.8971051404944951,0.9999958087188284,0,0,0.4374307862679956,0.0474972016301969,SLC2A5
GO_Biological_Process_2023,Regulation Of Signal Transduction (GO:0009966),13/193,0.8978465487763343,0.9999958087188284,0,0,0.7251610305958132,0.0781405291534616,SRC;IGFBP3;NUCKS1;RFNG;SULF1;IRAK1;ERBB3;POFUT1;GNG4;VWA2;TIMP1;CD24;LLGL2
GO_Biological_Process_2023,Membrane Organization (GO:0061024),11/167,0.8978514709741362,0.9999958087188284,0,0,0.7081513048940666,0.0763037451063584,ACE2;BAIAP2L2;NUP155;VAPB;ATP10B;KIF20A;SYNJ2;TLCD1;CEP55;EGFR;NAPG
GO_Biological_Process_2023,Negative Regulation Of Binding (GO:0051100),5/86,0.8980699396558242,0.9999958087188284,0,0,0.6204354558035653,0.066701359234259,GNL3L;DDX11;DISC1;AURKB;AURKA
GO_Biological_Process_2023,Monoatomic Anion Transport (GO:0006820),3/57,0.8988880379368713,0.9999958087188284,0,0,0.5586043360433605,0.0595454307430576,SLC5A8;TTYH3;LRRC8E
GO_Biological_Process_2023,Positive Regulation Of Interleukin-1 Beta Production (GO:0032731),3/57,0.8988880379368713,0.9999958087188284,0,0,0.5586043360433605,0.0595454307430576,AIM2;F2RL1;ISL1
GO_Biological_Process_2023,Post-Transcriptional Regulation Of Gene Expression (GO:0010608),3/57,0.8988880379368713,0.9999958087188284,0,0,0.5586043360433605,0.0595454307430576,RBM3;MSI2;PKP3
GO_Biological_Process_2023,Cholesterol Homeostasis (GO:0042632),4/72,0.8999921686528561,0.9999958087188284,0,0,0.5913347035985775,0.0623084748169476,ABCA2;NPC1L1;LRP5;CD24
GO_Biological_Process_2023,Regulation Of Canonical Wnt Signaling Pathway (GO:0060828),14/207,0.9019326606626314,0.9999958087188284,0,0,0.7282205699192889,0.0751635900041427,JUP;CHD8;CTNND1;FZD9;CSNK1D;EGFR;COL1A1;GREM1;PPM1B;CDH3;MDK;SOX9;SOX4;LGR4
GO_Biological_Process_2023,Ribosome Biogenesis (GO:0042254),10/155,0.902610303102397,0.9999958087188284,0,0,0.692648667319095,0.0709718139961267,BOP1;DDX27;SPPL2B;PAK1IP1;NGDN;WDR74;VCX;IGF2BP3;WDR12;BYSL
GO_Biological_Process_2023,Cellular Response To Glucose Starvation (GO:0042149),2/42,0.9033313369056484,0.9999958087188284,0,0,0.5028531855955679,0.0511230035015328,SESN2;PMAIP1
GO_Biological_Process_2023,Determination Of Heart Left/Right Asymmetry (GO:0061371),2/42,0.9033313369056484,0.9999958087188284,0,0,0.5028531855955679,0.0511230035015328,MESP1;STIL
GO_Biological_Process_2023,Embryonic Heart Tube Morphogenesis (GO:0003143),2/42,0.9033313369056484,0.9999958087188284,0,0,0.5028531855955679,0.0511230035015328,MESP1;STIL
GO_Biological_Process_2023,Lipid Modification (GO:0030258),2/42,0.9033313369056484,0.9999958087188284,0,0,0.5028531855955679,0.0511230035015328,MBOAT2;SGPP2
GO_Biological_Process_2023,Negative Regulation Of I-kappaB kinase/NF-kappaB Signaling (GO:0043124),2/42,0.9033313369056484,0.9999958087188284,0,0,0.5028531855955679,0.0511230035015328,PPM1B;STAT1
GO_Biological_Process_2023,Potassium Ion Import Across Plasma Membrane (GO:1990573),2/42,0.9033313369056484,0.9999958087188284,0,0,0.5028531855955679,0.0511230035015328,ATP1B1;SLC12A8
GO_Biological_Process_2023,Sensory Perception Of Bitter Taste (GO:0050913),2/42,0.9033313369056484,0.9999958087188284,0,0,0.5028531855955679,0.0511230035015328,CST2;CST1
GO_Biological_Process_2023,Translational Elongation (GO:0006414),2/42,0.9033313369056484,0.9999958087188284,0,0,0.5028531855955679,0.0511230035015328,EEF1A2;ANKZF1
GO_Biological_Process_2023,Endoplasmic Reticulum To Golgi Vesicle-Mediated Transport (GO:0006888),7/115,0.9041264525130044,0.9999958087188284,0,0,0.6512088477366255,0.0656327657131999,VAPB;KDELR2;HYOU1;MIA3;CTAGE6;KDELR3;ERGIC1
GO_Biological_Process_2023,Eye Development (GO:0001654),3/58,0.905324184044968,0.9999958087188284,0,0,0.5484176577302963,0.0545468185366605,SMOC1;COL5A2;STRA6
GO_Biological_Process_2023,Cellular Response To Reactive Oxygen Species (GO:0034614),4/73,0.9057624339813276,0.9999958087188284,0,0,0.5827324828988723,0.0576778247512601,ECT2;MMP9;EGFR;ANKZF1
GO_Biological_Process_2023,Granulocyte Chemotaxis (GO:0071621),4/73,0.9057624339813276,0.9999958087188284,0,0,0.5827324828988723,0.0576778247512601,EDN2;CCL22;SAA1;CXCL13
GO_Biological_Process_2023,Protein Tetramerization (GO:0051262),4/73,0.9057624339813276,0.9999958087188284,0,0,0.5827324828988723,0.0576778247512601,CPSF6;SHMT2;TK1;GRIN1
GO_Biological_Process_2023,ATP Biosynthetic Process (GO:0006754),1/25,0.9064126968815146,0.9999958087188284,0,0,0.4191814322628276,0.0411890028345193,SLC25A13
GO_Biological_Process_2023,Activation Of Protein Kinase B Activity (GO:0032148),1/25,0.9064126968815146,0.9999958087188284,0,0,0.4191814322628276,0.0411890028345193,OSBPL8
GO_Biological_Process_2023,Bile Acid Biosynthetic Process (GO:0006699),1/25,0.9064126968815146,0.9999958087188284,0,0,0.4191814322628276,0.0411890028345193,SLC27A2
GO_Biological_Process_2023,Cellular Response To Steroid Hormone Stimulus (GO:0071383),1/25,0.9064126968815146,0.9999958087188284,0,0,0.4191814322628276,0.0411890028345193,SRC
GO_Biological_Process_2023,Late Endosome To Vacuole Transport Via Multivesicular Body Sorting Pathway (GO:0032511),1/25,0.9064126968815146,0.9999958087188284,0,0,0.4191814322628276,0.0411890028345193,PTPN23
GO_Biological_Process_2023,Long-Chain Fatty Acid Biosynthetic Process (GO:0042759),1/25,0.9064126968815146,0.9999958087188284,0,0,0.4191814322628276,0.0411890028345193,ELOVL6
GO_Biological_Process_2023,Negative Regulation Of Protein Localization To Membrane (GO:1905476),1/25,0.9064126968815146,0.9999958087188284,0,0,0.4191814322628276,0.0411890028345193,PPFIA1
GO_Biological_Process_2023,Negative Regulation Of Proteolysis Involved In Protein Catabolic Process (GO:1903051),1/25,0.9064126968815146,0.9999958087188284,0,0,0.4191814322628276,0.0411890028345193,PML
GO_Biological_Process_2023,Negative Regulation Of Transposition (GO:0010529),1/25,0.9064126968815146,0.9999958087188284,0,0,0.4191814322628276,0.0411890028345193,ZNF93
GO_Biological_Process_2023,Peptide Hormone Secretion (GO:0030072),1/25,0.9064126968815146,0.9999958087188284,0,0,0.4191814322628276,0.0411890028345193,GAL
GO_Biological_Process_2023,Positive Regulation Of Glucose Import (GO:0046326),1/25,0.9064126968815146,0.9999958087188284,0,0,0.4191814322628276,0.0411890028345193,OSBPL8
GO_Biological_Process_2023,Positive Regulation Of Interleukin-2 Production (GO:0032743),1/25,0.9064126968815146,0.9999958087188284,0,0,0.4191814322628276,0.0411890028345193,TRAF2
GO_Biological_Process_2023,Regulation Of Cell Size (GO:0008361),1/25,0.9064126968815146,0.9999958087188284,0,0,0.4191814322628276,0.0411890028345193,RAC1
GO_Biological_Process_2023,Regulation Of Double-Strand Break Repair Via Nonhomologous End Joining (GO:2001032),1/25,0.9064126968815146,0.9999958087188284,0,0,0.4191814322628276,0.0411890028345193,PARP3
GO_Biological_Process_2023,Regulation Of Glycogen Biosynthetic Process (GO:0005979),1/25,0.9064126968815146,0.9999958087188284,0,0,0.4191814322628276,0.0411890028345193,DYRK2
GO_Biological_Process_2023,Regulation Of Monocyte Chemotaxis (GO:0090025),1/25,0.9064126968815146,0.9999958087188284,0,0,0.4191814322628276,0.0411890028345193,GREM1
GO_Biological_Process_2023,Regulation Of Platelet Aggregation (GO:0090330),1/25,0.9064126968815146,0.9999958087188284,0,0,0.4191814322628276,0.0411890028345193,CEACAM1
GO_Biological_Process_2023,Response To dsRNA (GO:0043331),1/25,0.9064126968815146,0.9999958087188284,0,0,0.4191814322628276,0.0411890028345193,PMAIP1
GO_Biological_Process_2023,Secretory Granule Organization (GO:0033363),1/25,0.9064126968815146,0.9999958087188284,0,0,0.4191814322628276,0.0411890028345193,AP1B1
GO_Biological_Process_2023,Sterol Transport (GO:0015918),1/25,0.9064126968815146,0.9999958087188284,0,0,0.4191814322628276,0.0411890028345193,NPC1L1
GO_Biological_Process_2023,Regulation Of Endothelial Cell Migration (GO:0010594),5/88,0.9086557655818666,0.9999958087188284,0,0,0.6054183437412246,0.0579923888244512,CEACAM1;NF1;RAC1;AGT;FOXP1
GO_Biological_Process_2023,Glycolipid Biosynthetic Process (GO:0009247),2/43,0.9103903409292295,0.9999958087188284,0,0,0.4905614485507736,0.0460548042442502,FUT6;DPM2
GO_Biological_Process_2023,Intracellular Steroid Hormone Receptor Signaling Pathway (GO:0030518),2/43,0.9103903409292295,0.9999958087188284,0,0,0.4905614485507736,0.0460548042442502,DDX17;SRC
GO_Biological_Process_2023,Regulation Of Chromosome Organization (GO:0033044),2/43,0.9103903409292295,0.9999958087188284,0,0,0.4905614485507736,0.0460548042442502,PIF1;BUB1
GO_Biological_Process_2023,Regulation Of Endothelial Cell Apoptotic Process (GO:2000351),2/43,0.9103903409292295,0.9999958087188284,0,0,0.4905614485507736,0.0460548042442502,FGB;IL10
GO_Biological_Process_2023,Regulation Of Filopodium Assembly (GO:0051489),2/43,0.9103903409292295,0.9999958087188284,0,0,0.4905614485507736,0.0460548042442502,MYO3B;AGRN
GO_Biological_Process_2023,Heart Morphogenesis (GO:0003007),3/59,0.9113871682690292,0.9999958087188284,0,0,0.5385947893569845,0.0499748529194525,MESP1;SOX9;ISL1
GO_Biological_Process_2023,Negative Regulation Of Cytokine-Mediated Signaling Pathway (GO:0001960),3/59,0.9113871682690292,0.9999958087188284,0,0,0.5385947893569845,0.0499748529194525,F2RL1;ISG15;TTLL12
GO_Biological_Process_2023,Positive Regulation Of Proteolysis (GO:0045862),3/59,0.9113871682690292,0.9999958087188284,0,0,0.5385947893569845,0.0499748529194525,PERP;PACSIN3;PRSS22
GO_Biological_Process_2023,Transcription Preinitiation Complex Assembly (GO:0070897),3/59,0.9113871682690292,0.9999958087188284,0,0,0.5385947893569845,0.0499748529194525,TAF13;MED8;TAF6
GO_Biological_Process_2023,Metal Ion Transport (GO:0030001),11/171,0.913196451603015,0.9999958087188284,0,0,0.6902944042316258,0.0626816656606167,SLC5A6;KCNK5;CYP27B1;KCNK6;SLC5A8;SLC41A2;KCNMB3;SLC4A11;KCNN4;KCNK1;RAMP1
GO_Biological_Process_2023,Positive Regulation Of Peptidyl-Serine Phosphorylation (GO:0033138),5/89,0.9135784394282752,0.9999958087188284,0,0,0.5981779504254532,0.0540669361147161,TCL1B;LIF;BRAF;AVP;EGFR
GO_Biological_Process_2023,DNA-templated Transcription Elongation (GO:0006354),1/26,0.9148787256485972,0.9999958087188284,0,0,0.4023920265780731,0.0357983087912652,SUPT5H
GO_Biological_Process_2023,Cardiac Muscle Cell Development (GO:0055013),1/26,0.9148787256485972,0.9999958087188284,0,0,0.4023920265780731,0.0357983087912652,ADPRHL1
GO_Biological_Process_2023,Cellular Response To Xenobiotic Stimulus (GO:0071466),1/26,0.9148787256485972,0.9999958087188284,0,0,0.4023920265780731,0.0357983087912652,AIM2
GO_Biological_Process_2023,Histone H3-K4 Methylation (GO:0051568),1/26,0.9148787256485972,0.9999958087188284,0,0,0.4023920265780731,0.0357983087912652,SETD1A
GO_Biological_Process_2023,Negative Regulation Of Catalytic Activity (GO:0043086),1/26,0.9148787256485972,0.9999958087188284,0,0,0.4023920265780731,0.0357983087912652,TIMP1
GO_Biological_Process_2023,Negative Regulation Of Lipid Metabolic Process (GO:0045833),1/26,0.9148787256485972,0.9999958087188284,0,0,0.4023920265780731,0.0357983087912652,CEACAM1
GO_Biological_Process_2023,Organelle Membrane Fusion (GO:0090174),1/26,0.9148787256485972,0.9999958087188284,0,0,0.4023920265780731,0.0357983087912652,SYT7
GO_Biological_Process_2023,Positive Regulation Of Adenylate Cyclase Activity (GO:0045762),1/26,0.9148787256485972,0.9999958087188284,0,0,0.4023920265780731,0.0357983087912652,NF1
GO_Biological_Process_2023,Positive Regulation Of Erythrocyte Differentiation (GO:0045648),1/26,0.9148787256485972,0.9999958087188284,0,0,0.4023920265780731,0.0357983087912652,STAT1
GO_Biological_Process_2023,Positive Regulation Of Phosphatidylinositol 3-Kinase Activity (GO:0043552),1/26,0.9148787256485972,0.9999958087188284,0,0,0.4023920265780731,0.0357983087912652,CD19
GO_Biological_Process_2023,Protein Localization To Cell Surface (GO:0034394),1/26,0.9148787256485972,0.9999958087188284,0,0,0.4023920265780731,0.0357983087912652,GGA1
GO_Biological_Process_2023,Regulation Of Nucleotide-Excision Repair (GO:2000819),1/26,0.9148787256485972,0.9999958087188284,0,0,0.4023920265780731,0.0357983087912652,SMARCC2
GO_Biological_Process_2023,Regulation Of Transcription By RNA Polymerase III (GO:0006359),1/26,0.9148787256485972,0.9999958087188284,0,0,0.4023920265780731,0.0357983087912652,CHD8
GO_Biological_Process_2023,Neural Crest Cell Development (GO:0014032),2/44,0.9169637656096342,0.9999958087188284,0,0,0.4788550323176362,0.0415106601688088,SEMA4B;SEMA3E
GO_Biological_Process_2023,Nucleus Organization (GO:0006997),2/44,0.9169637656096342,0.9999958087188284,0,0,0.4788550323176362,0.0415106601688088,NUP155;CEP55
GO_Biological_Process_2023,Regulation Of DNA-templated Transcription Elongation (GO:0032784),2/44,0.9169637656096342,0.9999958087188284,0,0,0.4788550323176362,0.0415106601688088,PARP1;SUPT5H
GO_Biological_Process_2023,Sterol Metabolic Process (GO:0016125),3/60,0.9170951423827808,0.9999958087188284,0,0,0.529116583031859,0.0457918963280009,CYP21A2;CEL;PPARD
GO_Biological_Process_2023,Macroautophagy (GO:0016236),6/104,0.917116803536712,0.9999958087188284,0,0,0.6151344491155707,0.0532217026526521,HDAC10;SRC;VPS41;ATG10;ATP13A2;ATG12
GO_Biological_Process_2023,Positive Regulation Of Vasculature Development (GO:1904018),6/104,0.917116803536712,0.9999958087188284,0,0,0.6151344491155707,0.0532217026526521,JUP;PSG1;BRCA1;ANGPTL4;EPHA1;ISL1
GO_Biological_Process_2023,Regulation Of Protein Binding (GO:0043393),7/118,0.9172037649348924,0.9999958087188284,0,0,0.6335035035035035,0.0547509350854713,GNL3L;DDX11;HIP1R;DISC1;MARK2;AURKB;AURKA
GO_Biological_Process_2023,Regulation Of Peptidyl-Tyrosine Phosphorylation (GO:0050730),5/90,0.9182662866603272,0.9999958087188284,0,0,0.591107919305347,0.0504025060135975,SRC;LIF;LRP8;EGFR;AGT
GO_Biological_Process_2023,Positive Regulation Of Protein Phosphorylation (GO:0001934),27/377,0.9186455849892172,0.9999958087188284,0,0,0.7732921348314606,0.0656176143257383,SRC;DUSP19;CDCA8;TTK;LRP8;EGFR;AURKB;TCL1B;ERBB2;SOX9;RAC1;PROM2;LIF;BMP8B;CSNK1D;BRAF;MMP9;AGT;CCNA2;CENPE;CLDN3;SLCO3A1;TRAF4;INCENP;LEP;BIRC5;AVP
GO_Biological_Process_2023,Neuron Projection Morphogenesis (GO:0048812),9/146,0.9195469771521846,0.9999958087188284,0,0,0.6597111145392691,0.0553327065726373,APLP1;TRIM46;EIF2AK4;EPHB2;NOL3;ISL1;EPHB3;PACSIN1;PLXNA3
GO_Biological_Process_2023,Neuron Differentiation (GO:0030182),11/173,0.9201120168217116,0.9999958087188284,0,0,0.6816966372460063,0.0567579658542341,FOXA1;WNT10A;DTNB;WNT7B;ERBB2;SOX11;MYO7A;THOC2;SOX4;WNT3;CDK5R1
GO_Biological_Process_2023,Positive Regulation Of Angiogenesis (GO:0045766),7/119,0.9212060832909812,0.9999958087188284,0,0,0.6278125,0.0515255182383532,JUP;MDK;PSG1;BRCA1;ANGPTL4;EPHA1;ISL1
GO_Biological_Process_2023,Protein-Containing Complex Assembly (GO:0065003),23/328,0.9212414990371904,0.9999958087188284,0,0,0.7561273248548115,0.0620274405972542,FGB;BLM;PSMD11;SRC;TBCD;SLC2A1;HIP1R;CSNK1D;PILRB;TRAF2;NOL3;CENPA;NAPG;PML;VIL1;ANLN;CENPE;CENPF;AIM2;FCHO1;SPAG1;KNTC1;SOX9
GO_Biological_Process_2023,Positive Regulation Of Interleukin-6 Production (GO:0032755),4/76,0.9213390403470976,0.9999958087188284,0,0,0.5583595242497073,0.0457448259846428,LEP;POU2AF1;F2RL1;ISL1
GO_Biological_Process_2023,Autophagosome Organization (GO:1905037),3/61,0.9224657259896072,0.9999958087188284,0,0,0.5199652114076,0.0419638221060206,ATP2A2;ATP13A2;ATG12
GO_Biological_Process_2023,Positive Regulation Of Organelle Assembly (GO:1902117),3/61,0.9224657259896072,0.9999958087188284,0,0,0.5199652114076,0.0419638221060206,PLK4;STIL;SPAG5
GO_Biological_Process_2023,Regulation Of Pathway-Restricted SMAD Protein Phosphorylation (GO:0060393),3/61,0.9224657259896072,0.9999958087188284,0,0,0.5199652114076,0.0419638221060206,GREM1;BMP8B;TTK
GO_Biological_Process_2023,GPI Anchor Metabolic Process (GO:0006505),1/27,0.9225792736267096,0.9999958087188284,0,0,0.3868941136382997,0.0311766911308093,DPM2
GO_Biological_Process_2023,Cellular Response To Acid Chemical (GO:0071229),1/27,0.9225792736267096,0.9999958087188284,0,0,0.3868941136382997,0.0311766911308093,SESN2
GO_Biological_Process_2023,Clathrin-Dependent Endocytosis (GO:0072583),1/27,0.9225792736267096,0.9999958087188284,0,0,0.3868941136382997,0.0311766911308093,FCHO1
GO_Biological_Process_2023,Dorsal/Ventral Pattern Formation (GO:0009953),1/27,0.9225792736267096,0.9999958087188284,0,0,0.3868941136382997,0.0311766911308093,GREM1
GO_Biological_Process_2023,Glycerophospholipid Catabolic Process (GO:0046475),1/27,0.9225792736267096,0.9999958087188284,0,0,0.3868941136382997,0.0311766911308093,GDPD1
GO_Biological_Process_2023,Monoubiquitinated Histone H2A Deubiquitination (GO:0035522),1/27,0.9225792736267096,0.9999958087188284,0,0,0.3868941136382997,0.0311766911308093,TAF6
GO_Biological_Process_2023,Monoubiquitinated Histone Deubiquitination (GO:0035521),1/27,0.9225792736267096,0.9999958087188284,0,0,0.3868941136382997,0.0311766911308093,TAF6
GO_Biological_Process_2023,Negative Regulation Of Notch Signaling Pathway (GO:0045746),1/27,0.9225792736267096,0.9999958087188284,0,0,0.3868941136382997,0.0311766911308093,FBXW7
GO_Biological_Process_2023,Peptidyl-Lysine Methylation (GO:0018022),1/27,0.9225792736267096,0.9999958087188284,0,0,0.3868941136382997,0.0311766911308093,EHMT1
GO_Biological_Process_2023,Peptidyl-Proline Modification (GO:0018208),1/27,0.9225792736267096,0.9999958087188284,0,0,0.3868941136382997,0.0311766911308093,PPIL3
GO_Biological_Process_2023,Positive Regulation Of Filopodium Assembly (GO:0051491),1/27,0.9225792736267096,0.9999958087188284,0,0,0.3868941136382997,0.0311766911308093,MYO3B
GO_Biological_Process_2023,Positive Regulation Of Immune System Process (GO:0002684),1/27,0.9225792736267096,0.9999958087188284,0,0,0.3868941136382997,0.0311766911308093,MIA3
GO_Biological_Process_2023,Positive Regulation Of Nitric Oxide Biosynthetic Process (GO:0045429),1/27,0.9225792736267096,0.9999958087188284,0,0,0.3868941136382997,0.0311766911308093,NOS1AP
GO_Biological_Process_2023,Protein Quality Control For Misfolded Or Incompletely Synthesized Proteins (GO:0006515),1/27,0.9225792736267096,0.9999958087188284,0,0,0.3868941136382997,0.0311766911308093,ANKZF1
GO_Biological_Process_2023,Regulation Of SMAD Protein Signal Transduction (GO:0060390),1/27,0.9225792736267096,0.9999958087188284,0,0,0.3868941136382997,0.0311766911308093,CILP
GO_Biological_Process_2023,Regulation Of Androgen Receptor Signaling Pathway (GO:0060765),1/27,0.9225792736267096,0.9999958087188284,0,0,0.3868941136382997,0.0311766911308093,FOXP1
GO_Biological_Process_2023,Regulation Of Insulin Secretion Involved In Cellular Response To Glucose Stimulus (GO:0061178),1/27,0.9225792736267096,0.9999958087188284,0,0,0.3868941136382997,0.0311766911308093,LRP5
GO_Biological_Process_2023,Regulation Of Transcription Regulatory Region DNA Binding (GO:2000677),1/27,0.9225792736267096,0.9999958087188284,0,0,0.3868941136382997,0.0311766911308093,SOX11
GO_Biological_Process_2023,"Synaptic Transmission, Glutamatergic (GO:0035249)",1/27,0.9225792736267096,0.9999958087188284,0,0,0.3868941136382997,0.0311766911308093,SLC1A4
GO_Biological_Process_2023,Positive Regulation Of Binding (GO:0051099),5/91,0.922728153711493,0.9999958087188284,0,0,0.5842023075136153,0.0469819074232551,CDT1;DDX11;HIP1R;MMP9;NME1
GO_Biological_Process_2023,Detection Of Chemical Stimulus Involved In Sensory Perception Of Taste (GO:0050912),2/45,0.9230816718799878,0.9999958087188284,0,0,0.4676931005604586,0.0374330160709812,CST2;CST1
GO_Biological_Process_2023,Positive Regulation Of mRNA Catabolic Process (GO:0061014),2/45,0.9230816718799878,0.9999958087188284,0,0,0.4676931005604586,0.0374330160709812,PNPT1;TNRC6A
GO_Biological_Process_2023,Regulation Of Protein Modification Process (GO:0031399),2/45,0.9230816718799878,0.9999958087188284,0,0,0.4676931005604586,0.0374330160709812,SESN2;ATG10
GO_Biological_Process_2023,Axonogenesis (GO:0007409),12/188,0.9255823665469052,0.9999958087188284,0,0,0.6843631299063054,0.0529232750355329,TUBB3;SEMA4B;APLP1;TRIM46;SEMA3E;EPHB2;ISL1;EFNA4;IGSF9;EPHB3;PLXNA3;CDK5R1
GO_Biological_Process_2023,Positive Regulation Of Transcription By RNA Polymerase II (GO:0045944),73/938,0.92582803411891,0.9999958087188284,0,0,0.8433466007960477,0.0649939984099236,FOXA1;MESP1;CRTC1;CHD8;HNF4G;SIX1;NUCKS1;BRCA1;FOXM1;HOXA10;IL4I1;CREB3L4;NFATC2IP;SOX9;SOX4;DDX17;FOXD2;PARP1;LMO3;MED8;PSG1;SOX11;ISL1;ETV4;POU5F1;MMP12;CCNA2;GREM1;GAL;CREB1;ELF3;IRF3;RFX4;IRF7;HOXB7;PPARD;UHRF1;TMPRSS6;SATB2;LRP5;NR2C2;BARX2;EGFR;CYP27B1;E2F2;HOXC4;E2F3;OTX1;E2F7;BCL9L;TFAP2A;TFAP2C;POU2F1;JUP;STAT1;TAF13;ATAD2;ANKRD23;HMGA1;LIF;SUPT5H;GRHL2;GRIN1;BCL9;MC1R;POU2AF1;NFIC;F2RL1;TAF6;TCF3;AGRN;SSBP3;FOXA3
GO_Biological_Process_2023,Cell Morphogenesis Involved In Neuron Differentiation (GO:0048667),4/77,0.9259932780915764,0.9999958087188284,0,0,0.5506803728944909,0.0423408796110375,APLP1;TRIM46;TBCD;ISL1
GO_Biological_Process_2023,Embryonic Organ Development (GO:0048568),4/77,0.9259932780915764,0.9999958087188284,0,0,0.5506803728944909,0.0423408796110375,STIL;WNT7B;HOXB7;STRA6
GO_Biological_Process_2023,Neutrophil Migration (GO:1990266),4/77,0.9259932780915764,0.9999958087188284,0,0,0.5506803728944909,0.0423408796110375,EDN2;CCL22;SAA1;CXCL13
GO_Biological_Process_2023,Positive Regulation Of Response To Stimulus (GO:0048584),4/77,0.9259932780915764,0.9999958087188284,0,0,0.5506803728944909,0.0423408796110375,DEPDC1B;BRCA1;EGFR;NPAS2
GO_Biological_Process_2023,Regulation Of Transcription Elongation By RNA Polymerase II (GO:0034243),4/77,0.9259932780915764,0.9999958087188284,0,0,0.5506803728944909,0.0423408796110375,RECQL5;PARP1;MED8;SUPT5H
GO_Biological_Process_2023,Endocytosis (GO:0006897),12/189,0.9285681430019224,0.9999958087188284,0,0,0.680458901845994,0.0504298370255725,EPN3;P2RY6;DENND1A;MYO6;HIP1R;OCIAD1;ANXA11;CSNK1D;MST1R;OCIAD2;LRP8;SYT7
GO_Biological_Process_2023,B Cell Receptor Signaling Pathway (GO:0050853),2/46,0.9287726563837908,0.9999958087188284,0,0,0.4570385293376983,0.0337711659440982,CD79A;CD19
GO_Biological_Process_2023,T Cell Differentiation (GO:0030217),2/46,0.9287726563837908,0.9999958087188284,0,0,0.4570385293376983,0.0337711659440982,LEP;SOX4
GO_Biological_Process_2023,Antiviral Innate Immune Response (GO:0140374),2/46,0.9287726563837908,0.9999958087188284,0,0,0.4570385293376983,0.0337711659440982,TRIM31;ATAD3A
GO_Biological_Process_2023,Intracellular Protein Transmembrane Transport (GO:0065002),2/46,0.9287726563837908,0.9999958087188284,0,0,0.4570385293376983,0.0337711659440982,SEC61A2;HYOU1
GO_Biological_Process_2023,Positive Regulation Of Blood Vessel Endothelial Cell Migration (GO:0043536),2/46,0.9287726563837908,0.9999958087188284,0,0,0.4570385293376983,0.0337711659440982,SRPX2;PSG1
GO_Biological_Process_2023,Regulation Of Fibroblast Proliferation (GO:0048145),2/46,0.9287726563837908,0.9999958087188284,0,0,0.4570385293376983,0.0337711659440982,PARP10;NF1
GO_Biological_Process_2023,Regulation Of mRNA Catabolic Process (GO:0061013),2/46,0.9287726563837908,0.9999958087188284,0,0,0.4570385293376983,0.0337711659440982,PNPT1;PKP3
GO_Biological_Process_2023,Response To Hydrogen Peroxide (GO:0042542),2/46,0.9287726563837908,0.9999958087188284,0,0,0.4570385293376983,0.0337711659440982,ECT2;ANKZF1
GO_Biological_Process_2023,Determination Of Bilateral Symmetry (GO:0009855),1/28,0.9295835187525374,0.9999958087188284,0,0,0.3725441942496206,0.0272026638616316,STIL
GO_Biological_Process_2023,Fatty Acid Derivative Biosynthetic Process (GO:1901570),1/28,0.9295835187525374,0.9999958087188284,0,0,0.3725441942496206,0.0272026638616316,SLC27A2
GO_Biological_Process_2023,Membrane Fusion (GO:0061025),1/28,0.9295835187525374,0.9999958087188284,0,0,0.3725441942496206,0.0272026638616316,NAPG
GO_Biological_Process_2023,Negative Regulation Of Cytoskeleton Organization (GO:0051494),1/28,0.9295835187525374,0.9999958087188284,0,0,0.3725441942496206,0.0272026638616316,HIP1R
GO_Biological_Process_2023,Phospholipid Catabolic Process (GO:0009395),1/28,0.9295835187525374,0.9999958087188284,0,0,0.3725441942496206,0.0272026638616316,GDPD1
GO_Biological_Process_2023,Positive Regulation Of Nitric Oxide Metabolic Process (GO:1904407),1/28,0.9295835187525374,0.9999958087188284,0,0,0.3725441942496206,0.0272026638616316,NOS1AP
GO_Biological_Process_2023,Pyroptosis (GO:0070269),1/28,0.9295835187525374,0.9999958087188284,0,0,0.3725441942496206,0.0272026638616316,DPP9
GO_Biological_Process_2023,Regulation Of Chemotaxis (GO:0050920),1/28,0.9295835187525374,0.9999958087188284,0,0,0.3725441942496206,0.0272026638616316,F2RL1
GO_Biological_Process_2023,Regulation Of Monoatomic Ion Transport (GO:0043269),1/28,0.9295835187525374,0.9999958087188284,0,0,0.3725441942496206,0.0272026638616316,CLDN10
GO_Biological_Process_2023,Regulation Of Protein Localization To Membrane (GO:1905475),1/28,0.9295835187525374,0.9999958087188284,0,0,0.3725441942496206,0.0272026638616316,SLC5A3
GO_Biological_Process_2023,Regulation Of Protein Targeting To Membrane (GO:0090313),1/28,0.9295835187525374,0.9999958087188284,0,0,0.3725441942496206,0.0272026638616316,ERBB2
GO_Biological_Process_2023,Transcription By RNA Polymerase III (GO:0006383),1/28,0.9295835187525374,0.9999958087188284,0,0,0.3725441942496206,0.0272026638616316,SNAPC1
GO_Biological_Process_2023,Transcription Elongation By RNA Polymerase II (GO:0006368),1/28,0.9295835187525374,0.9999958087188284,0,0,0.3725441942496206,0.0272026638616316,SUPT5H
GO_Biological_Process_2023,Vesicle Coating (GO:0006901),1/28,0.9295835187525374,0.9999958087188284,0,0,0.3725441942496206,0.0272026638616316,CSNK1D
GO_Biological_Process_2023,Positive Regulation Of Hydrolase Activity (GO:0051345),11/176,0.9296063501369682,0.9999958087188284,0,0,0.6691907943578322,0.04884695424316,CCL22;ERBB2;NF1;F2RL1;THY1;ECT2;PRSS22;AGRN;RAPGEFL1;EZH2;RALGPS2
GO_Biological_Process_2023,Proteasome-Mediated Ubiquitin-Dependent Protein Catabolic Process (GO:0043161),22/319,0.9298510873589908,0.9999958087188284,0,0,0.7426496524535741,0.0540135232270815,PSMD11;FBXW7;UBE2C;FBXO2;DERL3;CCNF;KIF14;SYVN1;FBXL16;PML;CDC20;DDB1;FBXL20;SPSB1;MTA1;UBE2S;TRIM2;KCTD13;TRIM13;PRAME;ANKZF1;FBXL6
GO_Biological_Process_2023,Cellular Response To Nutrient Levels (GO:0031669),4/78,0.9303979231122648,0.9999958087188284,0,0,0.5432087661704966,0.0391886611468033,MAPKAP1;ALB;VPS41;PPARD
GO_Biological_Process_2023,Regulation Of Peptidyl-Serine Phosphorylation (GO:0033135),5/93,0.9310085993298368,0.9999958087188284,0,0,0.5708619210977701,0.0408090720514274,TCL1B;LIF;BRAF;AVP;EGFR
GO_Biological_Process_2023,Positive Regulation Of Cytokine Production (GO:0001819),22/320,0.9320915304138844,0.9999958087188284,0,0,0.7401161807004681,0.0520481231067258,IL10;ISG15;TRAF2;BRCA1;SULF1;ISL1;AGT;FOXP1;SCAMP5;SLC7A5;IRAK1;IRF3;MDK;LEP;POU2AF1;SAA1;IRF7;PAEP;F2RL1;TRIM15;IKBKE;GAPDH
GO_Biological_Process_2023,Positive Regulation Of Macromolecule Biosynthetic Process (GO:0010557),7/122,0.9322204188317988,0.9999958087188284,0,0,0.6113333333333333,0.0429070360550724,RBM3;SLC25A37;DYRK2;NSUN5;ERBB2;EIF4G3;SOX4
GO_Biological_Process_2023,Phosphatidylinositol Metabolic Process (GO:0046488),3/63,0.9322623963899268,0.9999958087188284,0,0,0.5025776053215077,0.0352512770842513,INPP4B;PITPNM1;SYNJ2
GO_Biological_Process_2023,Regulation Of Cellular Catabolic Process (GO:0031329),3/63,0.9322623963899268,0.9999958087188284,0,0,0.5025776053215077,0.0352512770842513,LONP2;ABCD1;WDR24
GO_Biological_Process_2023,Regulation Of Protein Kinase B Signaling (GO:0051896),8/136,0.93231599105935,0.9999958087188284,0,0,0.6276056142301278,0.0439847827254011,OSBPL8;MC1R;AIM2;SRC;LEP;SORD;MST1R;EGFR
GO_Biological_Process_2023,Positive Regulation Of Translation (GO:0045727),6/108,0.9329401304146356,0.9999958087188284,0,0,0.590880883169481,0.041015552810089,RBM3;NSUN5;ERBB2;EIF4G3;SOX4;UHMK1
GO_Biological_Process_2023,Regulation Of MAPK Cascade (GO:0043408),13/204,0.93340833340645,0.9999958087188284,0,0,0.6829804992791563,0.0470659056047883,DUSP4;GPR37;LIF;DUSP19;EGFR;CCNA2;GREM1;CEACAM1;LEP;ERBB2;NF1;PAK6;CD24
GO_Biological_Process_2023,Insulin Receptor Signaling Pathway (GO:0008286),2/47,0.9340638699295922,0.9999958087188284,0,0,0.4468574946137273,0.0304803552035378,GRB7;GRB14
GO_Biological_Process_2023,Negative Regulation Of Tumor Necrosis Factor Production (GO:0032720),2/47,0.9340638699295922,0.9999958087188284,0,0,0.4468574946137273,0.0304803552035378,IL10;MC1R
GO_Biological_Process_2023,Positive Regulation Of Lymphocyte Activation (GO:0051251),2/47,0.9340638699295922,0.9999958087188284,0,0,0.4468574946137273,0.0304803552035378,FCHO1;THY1
GO_Biological_Process_2023,Regulation Of T Cell Differentiation (GO:0045580),2/47,0.9340638699295922,0.9999958087188284,0,0,0.4468574946137273,0.0304803552035378,SMARCC2;MDK
GO_Biological_Process_2023,Secondary Alcohol Metabolic Process (GO:1902652),2/47,0.9340638699295922,0.9999958087188284,0,0,0.4468574946137273,0.0304803552035378,IDH2;PPARD
GO_Biological_Process_2023,Vesicle Fusion (GO:0006906),4/79,0.9345641739179592,0.9999958087188284,0,0,0.5359364022924755,0.0362694866542942,RAB12;VPS41;ATP13A2;SYT7
GO_Biological_Process_2023,Protein Localization To Organelle (GO:0033365),8/137,0.9355138956873172,0.9999958087188284,0,0,0.6227059822209582,0.0415091321922969,COL1A1;YWHAE;SIX4;CCDC47;SIX1;CSNK1D;ISG15;IPO4
GO_Biological_Process_2023,Organonitrogen Compound Biosynthetic Process (GO:1901566),7/123,0.9355791045792566,0.9999958087188284,0,0,0.6060296934865901,0.0403552616861258,ALDH3B2;FA2H;SGPL1;SLC44A4;ELOVL6;CSAD;SGPP2
GO_Biological_Process_2023,JNK Cascade (GO:0007254),1/29,0.935954390742876,0.9999958087188284,0,0,0.35921926910299,0.0237761959194195,MAP3K13
GO_Biological_Process_2023,RNA-mediated Gene Silencing (GO:0031047),1/29,0.935954390742876,0.9999958087188284,0,0,0.35921926910299,0.0237761959194195,TDRD1
GO_Biological_Process_2023,Alpha-Amino Acid Catabolic Process (GO:1901606),1/29,0.935954390742876,0.9999958087188284,0,0,0.35921926910299,0.0237761959194195,IL4I1
GO_Biological_Process_2023,Defense Response To Fungus (GO:0050832),1/29,0.935954390742876,0.9999958087188284,0,0,0.35921926910299,0.0237761959194195,GAPDH
GO_Biological_Process_2023,Lipid Droplet Organization (GO:0034389),1/29,0.935954390742876,0.9999958087188284,0,0,0.35921926910299,0.0237761959194195,SFI1
GO_Biological_Process_2023,mRNA Splice Site Recognition (GO:0006376),1/29,0.935954390742876,0.9999958087188284,0,0,0.35921926910299,0.0237761959194195,NOL3
GO_Biological_Process_2023,Negative Regulation Of DNA Binding (GO:0043392),1/29,0.935954390742876,0.9999958087188284,0,0,0.35921926910299,0.0237761959194195,SOX11
GO_Biological_Process_2023,Negative Regulation Of Plasma Membrane Bounded Cell Projection Assembly (GO:0120033),1/29,0.935954390742876,0.9999958087188284,0,0,0.35921926910299,0.0237761959194195,PLXNB3
GO_Biological_Process_2023,Peptidyl-Tyrosine Dephosphorylation (GO:0035335),1/29,0.935954390742876,0.9999958087188284,0,0,0.35921926910299,0.0237761959194195,PTPRF
GO_Biological_Process_2023,Phosphatidic Acid Biosynthetic Process (GO:0006654),1/29,0.935954390742876,0.9999958087188284,0,0,0.35921926910299,0.0237761959194195,MBOAT2
GO_Biological_Process_2023,Protein Insertion Into ER Membrane (GO:0045048),1/29,0.935954390742876,0.9999958087188284,0,0,0.35921926910299,0.0237761959194195,CCDC47
GO_Biological_Process_2023,Regulation Of Monoatomic Ion Transmembrane Transport (GO:0034765),1/29,0.935954390742876,0.9999958087188284,0,0,0.35921926910299,0.0237761959194195,GRIN1
GO_Biological_Process_2023,Regulation Of Striated Muscle Contraction (GO:0006942),1/29,0.935954390742876,0.9999958087188284,0,0,0.35921926910299,0.0237761959194195,MYBPH
GO_Biological_Process_2023,Response To Alcohol (GO:0097305),1/29,0.935954390742876,0.9999958087188284,0,0,0.35921926910299,0.0237761959194195,GRIN1
GO_Biological_Process_2023,Vacuolar Acidification (GO:0007035),1/29,0.935954390742876,0.9999958087188284,0,0,0.35921926910299,0.0237761959194195,ATP6V0A4
GO_Biological_Process_2023,Positive Regulation Of Cysteine-Type Endopeptidase Activity Involved In Apoptotic Process (GO:0043280),6/109,0.9364523256537542,0.9999958087188284,0,0,0.5851118310755082,0.0384164916738546,PRR7;EGLN3;TNFSF15;SORD;HIP1R;PMAIP1
GO_Biological_Process_2023,Cellular Response To Virus (GO:0098586),3/64,0.9367208690519097,0.9999958087188284,0,0,0.4943113663625459,0.0323131042029983,IFNAR2;IRF3;POU2AF1
GO_Biological_Process_2023,Positive Regulation Of MAPK Cascade (GO:0043410),21/310,0.9380224632477514,0.9999958087188284,0,0,0.7284337620167625,0.0466061989621783,DDR1;FGB;GPR37;CCL22;FBXW7;LIF;DUSP19;TGFA;BRAF;MST1R;EGFR;P2RY6;IRAK1;TAOK1;LEP;ERBB2;F2RL1;ADAM8;CD24;DRD4;EZH2
GO_Biological_Process_2023,Regulation Of Organelle Assembly (GO:1902115),4/80,0.938502919298219,0.9999958087188284,0,0,0.5288554164112445,0.0335660896176336,STIL;TBC1D24;EPHB2;TBC1D10B
GO_Biological_Process_2023,Response To Type II Interferon (GO:0034341),4/80,0.938502919298219,0.9999958087188284,0,0,0.5288554164112445,0.0335660896176336,CYP27B1;CCL22;STAT1;GAPDH
GO_Biological_Process_2023,Positive Regulation Of NF-kappaB Transcription Factor Activity (GO:0051092),9/152,0.9389346489630432,0.9999958087188284,0,0,0.6318209043459322,0.0398106552147814,AIM2;IRAK1;SLCO3A1;TRIM13;TRIM15;TRAF2;TRIM38;MAP3K13;AGT
GO_Biological_Process_2023,Cytoplasmic Microtubule Organization (GO:0031122),2/48,0.938981045417294,0.9999958087188284,0,0,0.4371191135734072,0.0275210132279397,HOOK1;HOOK3
GO_Biological_Process_2023,Negative Regulation Of Cell Differentiation (GO:0045596),13/207,0.941041282744316,0.9999958087188284,0,0,0.6723068877932168,0.0408549259541259,FOXA1;HPN;SORD;LRP5;EIF2AK4;IL17RD;EGFR;GREM1;COL5A2;PRAME;SOX9;SOX4;EID2B
GO_Biological_Process_2023,GPI Anchor Biosynthetic Process (GO:0006506),1/30,0.941749134446513,0.9999958087188284,0,0,0.3468133043112995,0.0208144691767418,DPM2
GO_Biological_Process_2023,Extrinsic Apoptotic Signaling Pathway Via Death Domain Receptors (GO:0008625),1/30,0.941749134446513,0.9999958087188284,0,0,0.3468133043112995,0.0208144691767418,TNFRSF10A
GO_Biological_Process_2023,Immunoglobulin Mediated Immune Response (GO:0016064),1/30,0.941749134446513,0.9999958087188284,0,0,0.3468133043112995,0.0208144691767418,CD19
GO_Biological_Process_2023,Innate Immune Response Activating Cell Surface Receptor Signaling Pathway (GO:0002220),1/30,0.941749134446513,0.9999958087188284,0,0,0.3468133043112995,0.0208144691767418,SRC
GO_Biological_Process_2023,Negative Regulation Of Myeloid Leukocyte Differentiation (GO:0002762),1/30,0.941749134446513,0.9999958087188284,0,0,0.3468133043112995,0.0208144691767418,CEACAM1
GO_Biological_Process_2023,Positive Regulation Of Locomotion (GO:0040017),1/30,0.941749134446513,0.9999958087188284,0,0,0.3468133043112995,0.0208144691767418,F2RL1
GO_Biological_Process_2023,Positive Regulation Of Protein Targeting To Mitochondrion (GO:1903955),1/30,0.941749134446513,0.9999958087188284,0,0,0.3468133043112995,0.0208144691767418,FBXW7
GO_Biological_Process_2023,Protein Palmitoylation (GO:0018345),1/30,0.941749134446513,0.9999958087188284,0,0,0.3468133043112995,0.0208144691767418,HHAT
GO_Biological_Process_2023,Regulation Of Cell Migration Involved In Sprouting Angiogenesis (GO:0090049),1/30,0.941749134446513,0.9999958087188284,0,0,0.3468133043112995,0.0208144691767418,SRPX2
GO_Biological_Process_2023,Regulation Of Macrophage Derived Foam Cell Differentiation (GO:0010743),1/30,0.941749134446513,0.9999958087188284,0,0,0.3468133043112995,0.0208144691767418,AGT
GO_Biological_Process_2023,Negative Regulation Of Cell Growth (GO:0030308),7/125,0.941859139119968,0.9999958087188284,0,0,0.5956920903954802,0.0356816878137012,CYP27B1;GNG4;CDKN2A;SESN2;TRIM46;BRCA1;PML
GO_Biological_Process_2023,Cellular Response To Transforming Growth Factor Beta Stimulus (GO:0071560),5/96,0.9419465434259336,0.9999958087188284,0,0,0.5519508238709127,0.0330103871276059,WNT10A;COL3A1;COL1A2;SRC;SOX9
GO_Biological_Process_2023,Regulation Of Protein Metabolic Process (GO:0051246),5/96,0.9419465434259336,0.9999958087188284,0,0,0.5519508238709127,0.0330103871276059,RBM3;UHRF1;MSI2;PKP3;AGT
GO_Biological_Process_2023,Histone Modification (GO:0016570),4/81,0.9422247273835578,0.9999958087188284,0,0,0.5219583522412141,0.0310625081714525,MBTD1;MTA1;MTA3;AURKB
GO_Biological_Process_2023,T Cell Activation (GO:0042110),6/111,0.9429896839787064,0.9999958087188284,0,0,0.5739033870072182,0.0336880920793062,TNFSF14;MDK;LEP;F2RL1;EIF2AK4;SOX4
GO_Biological_Process_2023,Negative Regulation Of Transmembrane Receptor Protein Serine/Threonine Kinase Signaling Pathway (GO:0090101),6/111,0.9429896839787064,0.9999958087188284,0,0,0.5739033870072182,0.0336880920793062,GREM1;ZNF451;CILP;ARID4B;IL17RD;BCL9L
GO_Biological_Process_2023,Autophagy Of Mitochondrion (GO:0000422),2/49,0.9435485323330396,0.9999958087188284,0,0,0.4277951317262922,0.0248580957268799,ATG12;MARK2
GO_Biological_Process_2023,Erythrocyte Differentiation (GO:0030218),2/49,0.9435485323330396,0.9999958087188284,0,0,0.4277951317262922,0.0248580957268799,RACGAP1;CDK5RAP3
GO_Biological_Process_2023,Fatty Acid Beta-Oxidation (GO:0006635),2/49,0.9435485323330396,0.9999958087188284,0,0,0.4277951317262922,0.0248580957268799,SLC27A2;PPARD
GO_Biological_Process_2023,Heterophilic Cell-Cell Adhesion Via Plasma Membrane Cell Adhesion Molecules (GO:0007157),2/49,0.9435485323330396,0.9999958087188284,0,0,0.4277951317262922,0.0248580957268799,CEACAM6;CEACAM5
GO_Biological_Process_2023,Negative Regulation Of DNA Metabolic Process (GO:0051053),2/49,0.9435485323330396,0.9999958087188284,0,0,0.4277951317262922,0.0248580957268799,DFFA;BLM
GO_Biological_Process_2023,Negative Regulation Of Tumor Necrosis Factor Superfamily Cytokine Production (GO:1903556),2/49,0.9435485323330396,0.9999958087188284,0,0,0.4277951317262922,0.0248580957268799,IL10;MC1R
GO_Biological_Process_2023,Positive Regulation Of Pathway-Restricted SMAD Protein Phosphorylation (GO:0010862),2/49,0.9435485323330396,0.9999958087188284,0,0,0.4277951317262922,0.0248580957268799,BMP8B;TTK
GO_Biological_Process_2023,Regulation Of Cell Communication (GO:0010646),2/49,0.9435485323330396,0.9999958087188284,0,0,0.4277951317262922,0.0248580957268799,HCN3;SCG5
GO_Biological_Process_2023,Positive Regulation Of Intracellular Protein Transport (GO:0090316),7/126,0.9447907819708548,0.9999958087188284,0,0,0.5906535947712418,0.0335442635408066,YWHAE;JUP;CDH1;FBXW7;B3GAT3;ERBB2;ECT2
GO_Biological_Process_2023,Cellular Response To Type II Interferon (GO:0071346),3/66,0.9448345993432528,0.9999958087188284,0,0,0.4785661492978566,0.0271564246765973,CCL22;STAT1;GAPDH
GO_Biological_Process_2023,Regulation Of Defense Response (GO:0031347),5/97,0.9452292865074542,0.9999958087188284,0,0,0.5459211986681465,0.0307505126311024,NLRP8;LRP8;FOXP1;PTGES;BIRC3
GO_Biological_Process_2023,Bile Acid Metabolic Process (GO:0008206),1/31,0.9470198237245702,0.9999958087188284,0,0,0.335234403839055,0.0182485695309203,SLC27A2
GO_Biological_Process_2023,Cellular Response To cAMP (GO:0071320),1/31,0.9470198237245702,0.9999958087188284,0,0,0.335234403839055,0.0182485695309203,HCN3
GO_Biological_Process_2023,Modulation Of Excitatory Postsynaptic Potential (GO:0098815),1/31,0.9470198237245702,0.9999958087188284,0,0,0.335234403839055,0.0182485695309203,GRIN1
GO_Biological_Process_2023,Negative Regulation Of Developmental Growth (GO:0048640),1/31,0.9470198237245702,0.9999958087188284,0,0,0.335234403839055,0.0182485695309203,TRIM46
GO_Biological_Process_2023,Regulation Of Dendrite Morphogenesis (GO:0048814),1/31,0.9470198237245702,0.9999958087188284,0,0,0.335234403839055,0.0182485695309203,CUL7
GO_Biological_Process_2023,Regulation Of Transmembrane Receptor Protein Serine/Threonine Kinase Signaling Pathway (GO:0090092),1/31,0.9470198237245702,0.9999958087188284,0,0,0.335234403839055,0.0182485695309203,SOX11
GO_Biological_Process_2023,Toll-Like Receptor Signaling Pathway (GO:0002224),1/31,0.9470198237245702,0.9999958087188284,0,0,0.335234403839055,0.0182485695309203,IRAK1
GO_Biological_Process_2023,Triglyceride Homeostasis (GO:0070328),1/31,0.9470198237245702,0.9999958087188284,0,0,0.335234403839055,0.0182485695309203,ANGPTL4
GO_Biological_Process_2023,Regulation Of Response To External Stimulus (GO:0032101),7/127,0.9475902095521892,0.9999958087188284,0,0,0.5856990740740741,0.0315300194248477,NLRP8;F2RL1;EPHB2;LRP8;FOXP1;PTGES;BIRC3
GO_Biological_Process_2023,Regulation Of TORC1 Signaling (GO:1903432),2/50,0.9477893362742812,0.9999958087188284,0,0,0.418859649122807,0.0224605195688754,SESN2;WDR24
GO_Biological_Process_2023,Regulation Of Mitochondrion Organization (GO:0010821),2/50,0.9477893362742812,0.9999958087188284,0,0,0.418859649122807,0.0224605195688754,FBXW7;SFI1
GO_Biological_Process_2023,Ribosome Assembly (GO:0042255),2/50,0.9477893362742812,0.9999958087188284,0,0,0.418859649122807,0.0224605195688754,PPAN;VCX
GO_Biological_Process_2023,Phosphatidylinositol Biosynthetic Process (GO:0006661),5/98,0.9483432216107835,0.9999958087188284,0,0,0.5400212428245796,0.0286420755283616,DPM2;INPP4B;PITPNM1;ITPKA;SYNJ2
GO_Biological_Process_2023,Vesicle-Mediated Transport To The Plasma Membrane (GO:0098876),4/83,0.9490581581597456,0.9999958087188284,0,0,0.5086880515596369,0.0265968558141498,GGA1;DENND1A;PTPN23;RAB11FIP4
GO_Biological_Process_2023,Cellular Response To Insulin Stimulus (GO:0032869),5/99,0.9512957187958966,0.9999958087188284,0,0,0.5342468179564078,0.0266751087840803,GRB7;CEACAM1;GRB14;PARP1;SYAP1
GO_Biological_Process_2023,Negative Regulation Of Canonical Wnt Signaling Pathway (GO:0090090),6/114,0.9516704006664995,0.9999958087188284,0,0,0.5578690850761923,0.0276348941643111,GREM1;MESP1;MDK;CHD8;CTNND1;SOX9
GO_Biological_Process_2023,Protein Modification By Small Protein Removal (GO:0070646),6/114,0.9516704006664995,0.9999958087188284,0,0,0.5578690850761923,0.0276348941643111,OTUB2;DEPDC1B;USP48;USP49;USP42;JOSD2
GO_Biological_Process_2023,RNA Modification (GO:0009451),2/51,0.951725163203013,0.9999958087188284,0,0,0.4102888800949743,0.0203006752864603,DTWD2;METTL1
GO_Biological_Process_2023,Cholesterol Transport (GO:0030301),2/51,0.951725163203013,0.9999958087188284,0,0,0.4102888800949743,0.0203006752864603,NPC1L1;CEL
GO_Biological_Process_2023,Microtubule Bundle Formation (GO:0001578),2/51,0.951725163203013,0.9999958087188284,0,0,0.4102888800949743,0.0203006752864603,TRIM46;KIF20A
GO_Biological_Process_2023,Receptor Internalization (GO:0031623),2/51,0.951725163203013,0.9999958087188284,0,0,0.4102888800949743,0.0203006752864603,CEACAM1;RAMP1
GO_Biological_Process_2023,'De Novo' Post-Translational Protein Folding (GO:0051084),1/32,0.9518138279948016,0.9999958087188284,0,0,0.3244025292037295,0.0160208856102811,ENTPD5
GO_Biological_Process_2023,Cellular Nitrogen Compound Biosynthetic Process (GO:0044271),1/32,0.9518138279948016,0.9999958087188284,0,0,0.3244025292037295,0.0160208856102811,NQO1
GO_Biological_Process_2023,Intracellular pH Reduction (GO:0051452),1/32,0.9518138279948016,0.9999958087188284,0,0,0.3244025292037295,0.0160208856102811,ATP6V0A4
GO_Biological_Process_2023,Left/Right Pattern Formation (GO:0060972),1/32,0.9518138279948016,0.9999958087188284,0,0,0.3244025292037295,0.0160208856102811,STIL
GO_Biological_Process_2023,Mitochondrial Membrane Organization (GO:0007006),1/32,0.9518138279948016,0.9999958087188284,0,0,0.3244025292037295,0.0160208856102811,PMAIP1
GO_Biological_Process_2023,Negative Regulation Of G1/S Transition Of Mitotic Cell Cycle (GO:2000134),1/32,0.9518138279948016,0.9999958087188284,0,0,0.3244025292037295,0.0160208856102811,E2F7
GO_Biological_Process_2023,Purine Ribonucleoside Triphosphate Metabolic Process (GO:0009205),1/32,0.9518138279948016,0.9999958087188284,0,0,0.3244025292037295,0.0160208856102811,ATP1B1
GO_Biological_Process_2023,Regulation Of Cholesterol Efflux (GO:0010874),1/32,0.9518138279948016,0.9999958087188284,0,0,0.3244025292037295,0.0160208856102811,ABCA2
GO_Biological_Process_2023,Regulation Of Natural Killer Cell Mediated Cytotoxicity (GO:0042269),1/32,0.9518138279948016,0.9999958087188284,0,0,0.3244025292037295,0.0160208856102811,LEP
GO_Biological_Process_2023,Vesicle Budding From Membrane (GO:0006900),1/32,0.9518138279948016,0.9999958087188284,0,0,0.3244025292037295,0.0160208856102811,VAPB
GO_Biological_Process_2023,Regulation Of Cell Population Proliferation (GO:0042127),57/766,0.951872659041256,0.9999958087188284,0,0,0.8032141849687688,0.0396177482256249,KIF14;SIX1;LAMC2;FOXM1;SIX4;TIMP1;FBXO5;SOX9;SOX4;KRT6A;IL10;EDN2;TESC;IGFBP3;NME1;GREM1;ACE2;CLDN3;CEACAM6;TIMELESS;BIRC5;EPHA1;UHRF1;CDCA7;LRP5;TGFA;TTK;MST1R;EGFR;FUT3;TBRG4;CYP27B1;SCIN;RAB25;ERBB3;ERBB2;PRAME;E2F7;TFAP2A;EGLN3;TFAP2C;TFAP2D;JUP;CDKN2A;STAT1;LIF;HMGA1;CDC7;AGT;PML;PRC1;CLCF1;NOX4;AQP11;CRLF1;EZH2;CDKN3
GO_Biological_Process_2023,Heart Development (GO:0007507),10/171,0.9520199920930144,0.9999958087188284,0,0,0.6232609905397886,0.0306452719149662,MESP1;COL3A1;ERBB3;NF1;TNNI3;SOX9;BCOR;ISL1;SOX4;STRA6
GO_Biological_Process_2023,Regulation Of Cysteine-Type Endopeptidase Activity Involved In Apoptotic Process (GO:0043281),4/84,0.9521892559939992,0.9999958087188284,0,0,0.5023017193566278,0.0246084974225196,SRC;PMAIP1;SFN;AVP
GO_Biological_Process_2023,Regulation Of Interleukin-1 Beta Production (GO:0032651),4/84,0.9521892559939992,0.9999958087188284,0,0,0.5023017193566278,0.0246084974225196,AIM2;F2RL1;ISL1;FOXP1
GO_Biological_Process_2023,DNA-templated Transcription (GO:0006351),12/199,0.9532003493593536,0.9999958087188284,0,0,0.6437132259842402,0.0308532825795625,ETV7;PARP1;NFX1;DEAF1;TAF13;NFIC;NFE2L3;HSF2BP;YBX2;TAF6;TRIP13;MRPL12
GO_Biological_Process_2023,Regulation Of Organelle Organization (GO:0033043),5/100,0.9540939308496376,0.9999958087188284,0,0,0.5285939599275659,0.0248402965010638,TAOK1;ATP13A2;SFI1;ATG12;MARK2
GO_Biological_Process_2023,Macromolecule Catabolic Process (GO:0009057),4/85,0.9551423618693262,0.9999958087188284,0,0,0.4960730743685079,0.0227672140164805,PNPT1;RAB12;DNASE1;SLC16A3
GO_Biological_Process_2023,Positive Regulation Of Endothelial Cell Migration (GO:0010595),4/85,0.9551423618693262,0.9999958087188284,0,0,0.4960730743685079,0.0227672140164805,PSG1;RAC1;AGT;FOXP1
GO_Biological_Process_2023,Response To Interleukin-1 (GO:0070555),4/85,0.9551423618693262,0.9999958087188284,0,0,0.4960730743685079,0.0227672140164805,CCL22;IRAK1;SRC;SOX9
GO_Biological_Process_2023,Regulation Of Monoatomic Ion Transmembrane Transporter Activity (GO:0032412),3/69,0.9552087395213932,0.9999958087188284,0,0,0.4567375529127192,0.0209301751061669,YWHAE;HCN3;STK39
GO_Biological_Process_2023,Adenylate Cyclase-Inhibiting G Protein-Coupled Receptor Signaling Pathway (GO:0007193),2/52,0.955376465931257,0.9999958087188284,0,0,0.4020609418282548,0.0183540060114668,GPR37;DRD4
GO_Biological_Process_2023,Cardiac Muscle Tissue Development (GO:0048738),2/52,0.955376465931257,0.9999958087188284,0,0,0.4020609418282548,0.0183540060114668,GREM1;MESP1
GO_Biological_Process_2023,Cartilage Development (GO:0051216),2/52,0.955376465931257,0.9999958087188284,0,0,0.4020609418282548,0.0183540060114668,SOX9;SULF1
GO_Biological_Process_2023,Fatty Acid Oxidation (GO:0019395),2/52,0.955376465931257,0.9999958087188284,0,0,0.4020609418282548,0.0183540060114668,SLC27A2;PPARD
GO_Biological_Process_2023,Positive Regulation Of B Cell Activation (GO:0050871),2/52,0.955376465931257,0.9999958087188284,0,0,0.4020609418282548,0.0183540060114668,CLCF1;EPHB2
GO_Biological_Process_2023,Regulation Of Cell Development (GO:0060284),2/52,0.955376465931257,0.9999958087188284,0,0,0.4020609418282548,0.0183540060114668,HES6;WNT3
GO_Biological_Process_2023,Carboxylic Acid Metabolic Process (GO:0019752),1/33,0.9561742370220822,0.9999958087188284,0,0,0.3142476467331118,0.0140830479583854,SLC2A1
GO_Biological_Process_2023,Epithelial Tube Morphogenesis (GO:0060562),1/33,0.9561742370220822,0.9999958087188284,0,0,0.3142476467331118,0.0140830479583854,MESP1
GO_Biological_Process_2023,intra-Golgi Vesicle-Mediated Transport (GO:0006891),1/33,0.9561742370220822,0.9999958087188284,0,0,0.3142476467331118,0.0140830479583854,NAPG
GO_Biological_Process_2023,Monoubiquitinated Protein Deubiquitination (GO:0035520),1/33,0.9561742370220822,0.9999958087188284,0,0,0.3142476467331118,0.0140830479583854,TAF6
GO_Biological_Process_2023,Negative Regulation Of Blood Vessel Endothelial Cell Migration (GO:0043537),1/33,0.9561742370220822,0.9999958087188284,0,0,0.3142476467331118,0.0140830479583854,JUP
GO_Biological_Process_2023,Phosphatidic Acid Metabolic Process (GO:0046473),1/33,0.9561742370220822,0.9999958087188284,0,0,0.3142476467331118,0.0140830479583854,MBOAT2
GO_Biological_Process_2023,Positive Regulation Of RNA Metabolic Process (GO:0051254),1/33,0.9561742370220822,0.9999958087188284,0,0,0.3142476467331118,0.0140830479583854,PNPT1
GO_Biological_Process_2023,Positive Regulation Of Establishment Of Protein Localization To Mitochondrion (GO:1903749),1/33,0.9561742370220822,0.9999958087188284,0,0,0.3142476467331118,0.0140830479583854,FBXW7
GO_Biological_Process_2023,Positive Regulation Of Protein Dephosphorylation (GO:0035307),1/33,0.9561742370220822,0.9999958087188284,0,0,0.3142476467331118,0.0140830479583854,CDCA2
GO_Biological_Process_2023,Positive Regulation Of Small Molecule Metabolic Process (GO:0062013),1/33,0.9561742370220822,0.9999958087188284,0,0,0.3142476467331118,0.0140830479583854,PMAIP1
GO_Biological_Process_2023,Regulation Of Activated T Cell Proliferation (GO:0046006),1/33,0.9561742370220822,0.9999958087188284,0,0,0.3142476467331118,0.0140830479583854,CD24
GO_Biological_Process_2023,Regulation Of Amyloid-Beta Formation (GO:1902003),1/33,0.9561742370220822,0.9999958087188284,0,0,0.3142476467331118,0.0140830479583854,PSG1
GO_Biological_Process_2023,Ubiquitin-Dependent Protein Catabolic Process Via The Multivesicular Body Sorting Pathway (GO:0043162),1/33,0.9561742370220822,0.9999958087188284,0,0,0.3142476467331118,0.0140830479583854,PTPN23
GO_Biological_Process_2023,rRNA Processing (GO:0006364),5/101,0.956744790472833,0.9999958087188284,0,0,0.5230588697743248,0.0231289307902581,DDX27;SPPL2B;WDR74;NOL9;IGF2BP3
GO_Biological_Process_2023,Regulation Of G Protein-Coupled Receptor Signaling Pathway (GO:0008277),3/70,0.9582400082187784,0.9999958087188284,0,0,0.4498957540457358,0.0191912040301968,MGRN1;GNG4;KLK6
GO_Biological_Process_2023,Regulation Of Actin Filament Polymerization (GO:0030833),3/70,0.9582400082187784,0.9999958087188284,0,0,0.4498957540457358,0.0191912040301968,BAIAP2L2;BAIAP2L1;HIP1R
GO_Biological_Process_2023,Positive Regulation Of Cellular Biosynthetic Process (GO:0031328),10/174,0.958296610880065,0.9999958087188284,0,0,0.6117580791834629,0.0260596304245802,RBM3;DDB1;CDH3;DYRK2;NSUN5;NOS1AP;ERBB2;PSG1;EIF4G3;SOX4
GO_Biological_Process_2023,Regulation Of Neuron Projection Development (GO:0010975),10/174,0.958296610880065,0.9999958087188284,0,0,0.6117580791834629,0.0260596304245802,DDR1;CAMK2B;MDK;PLXNB3;PTK6;KIF1A;NOL3;MARK2;EPHB3;CDK5R1
GO_Biological_Process_2023,mRNA Stabilization (GO:0048255),2/53,0.958762493801505,0.9999958087188284,0,0,0.3941556678072891,0.0165986421125608,IGF2BP3;IGF2BP2
GO_Biological_Process_2023,Protein Homotetramerization (GO:0051289),2/53,0.958762493801505,0.9999958087188284,0,0,0.3941556678072891,0.0165986421125608,SHMT2;TK1
GO_Biological_Process_2023,Spermatid Development (GO:0007286),2/53,0.958762493801505,0.9999958087188284,0,0,0.3941556678072891,0.0165986421125608,KLC3;EIF4G3
GO_Biological_Process_2023,Cellular Response To Amyloid-Beta (GO:1904646),1/34,0.9601402475886012,0.9999958087188284,0,0,0.3047082116849559,0.0123942849990914,GRIN1
GO_Biological_Process_2023,Cellular Response To Glucose Stimulus (GO:0071333),1/34,0.9601402475886012,0.9999958087188284,0,0,0.3047082116849559,0.0123942849990914,SOX4
GO_Biological_Process_2023,Embryonic Limb Morphogenesis (GO:0030326),1/34,0.9601402475886012,0.9999958087188284,0,0,0.3047082116849559,0.0123942849990914,TFAP2A
GO_Biological_Process_2023,Negative Regulation Of Interleukin-6 Production (GO:0032715),1/34,0.9601402475886012,0.9999958087188284,0,0,0.3047082116849559,0.0123942849990914,IL10
GO_Biological_Process_2023,Positive Regulation Of Carbohydrate Metabolic Process (GO:0045913),1/34,0.9601402475886012,0.9999958087188284,0,0,0.3047082116849559,0.0123942849990914,PMAIP1
GO_Biological_Process_2023,Positive Regulation Of Organelle Organization (GO:0010638),1/34,0.9601402475886012,0.9999958087188284,0,0,0.3047082116849559,0.0123942849990914,PLXNA3
GO_Biological_Process_2023,Regulation Of Interleukin-17 Production (GO:0032660),1/34,0.9601402475886012,0.9999958087188284,0,0,0.3047082116849559,0.0123942849990914,SLC7A5
GO_Biological_Process_2023,Regulation Of Metal Ion Transport (GO:0010959),1/34,0.9601402475886012,0.9999958087188284,0,0,0.3047082116849559,0.0123942849990914,CAMK2B
GO_Biological_Process_2023,Regulation Of Phosphatidylinositol 3-Kinase Activity (GO:0043551),1/34,0.9601402475886012,0.9999958087188284,0,0,0.3047082116849559,0.0123942849990914,CD19
GO_Biological_Process_2023,Glucose Homeostasis (GO:0042593),4/87,0.9605498248472218,0.9999958087188284,0,0,0.4840660478853851,0.0194833797283169,HKDC1;NUCKS1;SOX4;FOXA3
GO_Biological_Process_2023,Regulation Of Type II Interferon Production (GO:0032649),4/87,0.9605498248472218,0.9999958087188284,0,0,0.4840660478853851,0.0194833797283169,SLC7A5;F2RL1;ISG15;ISL1
GO_Biological_Process_2023,Lipid Biosynthetic Process (GO:0008610),3/71,0.9610779797304594,0.9999958087188284,0,0,0.4432551845571931,0.0175971106796553,CYP21A2;SRD5A1;HSD17B1
GO_Biological_Process_2023,Negative Regulation Of Cellular Response To Growth Factor Stimulus (GO:0090288),3/71,0.9610779797304594,0.9999958087188284,0,0,0.4432551845571931,0.0175971106796553,GREM1;SULF1;AGT
GO_Biological_Process_2023,Inorganic Cation Import Across Plasma Membrane (GO:0098659),5/103,0.9616310759136972,0.9999958087188284,0,0,0.5123275725384493,0.0200445082854448,CACNA1I;SLC9A5;SLC9A7;ATP1B1;SLC12A8
GO_Biological_Process_2023,Negative Regulation Of TOR Signaling (GO:0032007),2/54,0.9619013424941696,0.9999958087188284,0,0,0.3865544427871297,0.0150150842643657,SESN2;WDR24
GO_Biological_Process_2023,Transforming Growth Factor Beta Receptor Signaling Pathway (GO:0007179),3/72,0.963733866635523,0.9999958087188284,0,0,0.4368070953436807,0.0161356953546344,COL3A1;COL1A2;SRC
GO_Biological_Process_2023,Cellular Response To Amino Acid Stimulus (GO:0071230),1/35,0.9637475148933596,0.9999958087188284,0,0,0.2957299198749267,0.0109201031151569,SESN2
GO_Biological_Process_2023,Negative Regulation Of Cell Cycle G1/S Phase Transition (GO:1902807),1/35,0.9637475148933596,0.9999958087188284,0,0,0.2957299198749267,0.0109201031151569,E2F7
GO_Biological_Process_2023,Regulatory ncRNA Processing (GO:0070918),1/35,0.9637475148933596,0.9999958087188284,0,0,0.2957299198749267,0.0109201031151569,TDRD1
GO_Biological_Process_2023,tRNA Aminoacylation For Protein Translation (GO:0006418),1/35,0.9637475148933596,0.9999958087188284,0,0,0.2957299198749267,0.0109201031151569,DARS2
GO_Biological_Process_2023,Negative Regulation Of DNA-binding Transcription Factor Activity (GO:0043433),8/149,0.9647092934216068,0.9999958087188284,0,0,0.5693312675678766,0.0204552032846404,PARP10;HES6;AIM2;IRAK1;CDKN2A;E2F2;EIF2AK4;CDK5RAP3
GO_Biological_Process_2023,Cellular Response To Peptide Hormone Stimulus (GO:0071375),4/89,0.9653476465610258,0.9999958087188284,0,0,0.4726240579426446,0.0166680265148796,CEACAM1;PARP1;SRC;SYAP1
GO_Biological_Process_2023,Negative Regulation Of Cell Population Proliferation (GO:0008285),25/379,0.9657329825994388,0.9999958087188284,0,0,0.7069676678904551,0.0246504768924163,HPN;CYP27B1;SCIN;MARVELD3;E2F3;SOX9;SOX4;E2F7;IL10;TFAP2A;CDKN2A;TESC;IGFBP3;HMGA1;SOX11;CEL;PML;NME1;PARP10;GREM1;CLDN3;NF1;NOX4;AQP11;CDKN3
GO_Biological_Process_2023,Histone H3 Acetylation (GO:0043966),1/36,0.9670284721133544,0.9999958087188284,0,0,0.2872646733111849,0.0096312204309692,TAF6
GO_Biological_Process_2023,Negative Regulation Of Protein Kinase B Signaling (GO:0051898),1/36,0.9670284721133544,0.9999958087188284,0,0,0.2872646733111849,0.0096312204309692,SORD
GO_Biological_Process_2023,Negative Regulation Of Sequestering Of Calcium Ion (GO:0051283),1/36,0.9670284721133544,0.9999958087188284,0,0,0.2872646733111849,0.0096312204309692,PLCH1
GO_Biological_Process_2023,Regulation Of T Cell Mediated Cytotoxicity (GO:0001914),1/36,0.9670284721133544,0.9999958087188284,0,0,0.2872646733111849,0.0096312204309692,CEACAM1
GO_Biological_Process_2023,Regulation Of Erythrocyte Differentiation (GO:0045646),1/36,0.9670284721133544,0.9999958087188284,0,0,0.2872646733111849,0.0096312204309692,STAT1
GO_Biological_Process_2023,tRNA Methylation (GO:0030488),1/36,0.9670284721133544,0.9999958087188284,0,0,0.2872646733111849,0.0096312204309692,METTL1
GO_Biological_Process_2023,Pattern Recognition Receptor Signaling Pathway (GO:0002221),2/56,0.9675044258000494,0.9999958087188284,0,0,0.3721965733046065,0.0122956178721011,IRF3;IRAK1
GO_Biological_Process_2023,Peptide Metabolic Process (GO:0006518),2/56,0.9675044258000494,0.9999958087188284,0,0,0.3721965733046065,0.0122956178721011,HM13;THOP1
GO_Biological_Process_2023,Positive Regulation Of Lymphocyte Proliferation (GO:0050671),3/74,0.968541538853001,0.9999958087188284,0,0,0.4244558258642765,0.0135672666158921,CLCF1;LEP;EPHB2
GO_Biological_Process_2023,Fatty Acid Metabolic Process (GO:0006631),6/122,0.9692909812326068,0.9999958087188284,0,0,0.5191655976564744,0.0161929940474972,FA2H;SGPL1;ACOT11;SLC27A2;ABCD1;PPARD
GO_Biological_Process_2023,Positive Regulation Of T Cell Activation (GO:0050870),5/107,0.9699158646568528,0.9999958087188284,0,0,0.4921274836238602,0.0150325008754171,SMARCC2;FCHO1;MDK;LEP;THY1
GO_Biological_Process_2023,Positive Regulation Of Autophagy (GO:0010508),5/107,0.9699158646568528,0.9999958087188284,0,0,0.4921274836238602,0.0150325008754171,SESN2;TRIM13;TRIM38;SUPT5H;WDR24
GO_Biological_Process_2023,RNA Catabolic Process (GO:0006401),2/57,0.9699995459002038,0.9999958087188284,0,0,0.3654092168219592,0.0111302462162211,FEN1;PNPT1
GO_Biological_Process_2023,Regulation Of Calcium Ion Transport (GO:0051924),2/57,0.9699995459002038,0.9999958087188284,0,0,0.3654092168219592,0.0111302462162211,CAMK2B;PACSIN3
GO_Biological_Process_2023,RNA Stabilization (GO:0043489),1/37,0.9700126221498409,0.9999958087188284,0,0,0.2792697182232066,0.0085027003108401,METTL1
GO_Biological_Process_2023,Aortic Valve Morphogenesis (GO:0003180),1/37,0.9700126221498409,0.9999958087188284,0,0,0.2792697182232066,0.0085027003108401,SOX9
GO_Biological_Process_2023,Axonemal Dynein Complex Assembly (GO:0070286),1/37,0.9700126221498409,0.9999958087188284,0,0,0.2792697182232066,0.0085027003108401,SPAG1
GO_Biological_Process_2023,Calcium Ion Import Across Plasma Membrane (GO:0098703),1/37,0.9700126221498409,0.9999958087188284,0,0,0.2792697182232066,0.0085027003108401,CACNA1I
GO_Biological_Process_2023,Melanosome Organization (GO:0032438),1/37,0.9700126221498409,0.9999958087188284,0,0,0.2792697182232066,0.0085027003108401,AP1B1
GO_Biological_Process_2023,Muscle Cell Differentiation (GO:0042692),1/37,0.9700126221498409,0.9999958087188284,0,0,0.2792697182232066,0.0085027003108401,LBX2
GO_Biological_Process_2023,Negative Regulation Of Endothelial Cell Migration (GO:0010596),1/37,0.9700126221498409,0.9999958087188284,0,0,0.2792697182232066,0.0085027003108401,JUP
GO_Biological_Process_2023,Positive Regulation Of Immune Effector Process (GO:0002699),1/37,0.9700126221498409,0.9999958087188284,0,0,0.2792697182232066,0.0085027003108401,IL10
GO_Biological_Process_2023,Protein Acylation (GO:0043543),1/37,0.9700126221498409,0.9999958087188284,0,0,0.2792697182232066,0.0085027003108401,HHAT
GO_Biological_Process_2023,Regulation Of Cellular Component Biogenesis (GO:0044087),1/37,0.9700126221498409,0.9999958087188284,0,0,0.2792697182232066,0.0085027003108401,TRAF2
GO_Biological_Process_2023,Spliceosomal snRNP Assembly (GO:0000387),1/37,0.9700126221498409,0.9999958087188284,0,0,0.2792697182232066,0.0085027003108401,WDR77
GO_Biological_Process_2023,Regulation Of Plasma Membrane Bounded Cell Projection Assembly (GO:0120032),3/75,0.9707130975458088,0.9999958087188284,0,0,0.4185375092387287,0.012440745145,TBC1D24;RAC1;TBC1D10B
GO_Biological_Process_2023,Regulation Of Cell Motility (GO:2000145),6/123,0.9710197836316072,0.9999958087188284,0,0,0.5146998106465069,0.0151365166498343,FRMD5;CEACAM1;KIF14;RAC1;FUT3;PLXNA3
GO_Biological_Process_2023,Positive Regulation Of Intracellular Signal Transduction (GO:1902533),36/525,0.9710206009236912,0.9999958087188284,0,0,0.7359469018578114,0.0216424282271696,DDR1;CANT1;SRC;DUSP19;SEMA3E;MST1R;WDR24;EGFR;IRAK1;ERBB3;ERBB2;PMAIP1;SOX9;ECT2;IKBKE;CDK5RAP3;OSBPL8;UNC5CL;GPR37;TNFSF14;PARP1;NEK6;LIF;SOX11;TRAF2;AGT;MC1R;LEP;NOS1AP;TRIM13;F2RL1;ADAM8;TNFRSF25;TRIM38;GAPDH;BIRC3
GO_Biological_Process_2023,Memory (GO:0007613),2/58,0.9723093591323796,0.9999958087188284,0,0,0.3588642659279778,0.0100773587633705,EIF2AK4;NOL3
GO_Biological_Process_2023,Amino Acid Catabolic Process (GO:0009063),1/38,0.9727268014507838,0.9999958087188284,0,0,0.2717069228697135,0.0075132441297261,IL4I1
GO_Biological_Process_2023,Membrane Assembly (GO:0071709),1/38,0.9727268014507838,0.9999958087188284,0,0,0.2717069228697135,0.0075132441297261,TLCD1
GO_Biological_Process_2023,Signal Release From Synapse (GO:0099643),1/38,0.9727268014507838,0.9999958087188284,0,0,0.2717069228697135,0.0075132441297261,STX1A
GO_Biological_Process_2023,Regulation Of Wnt Signaling Pathway (GO:0030111),5/109,0.9734058956094304,0.9999958087188284,0,0,0.4826101340391018,0.0130083338226875,RNF43;DEPDC1B;DISC1;SULF1;ATP6V1C2
GO_Biological_Process_2023,Negative Regulation Of Signal Transduction (GO:0009968),16/267,0.9737490916966672,0.9999958087188284,0,0,0.638589138699251,0.0169875021469042,IL10;GRB7;RNF43;FBXW7;MGRN1;IGFBP3;SORD;SULF1;AGT;GRB14;ERBB3;CILP;PRAME;SMPDL3B;LGR4;EZH2
GO_Biological_Process_2023,Positive Regulation Of Protein Binding (GO:0032092),2/59,0.97444695905163,0.9999958087188284,0,0,0.3525489624337853,0.0091257970181899,HIP1R;MMP9
GO_Biological_Process_2023,Positive Regulation Of Endothelial Cell Proliferation (GO:0001938),3/77,0.974637358750957,0.9999958087188284,0,0,0.4071807394978127,0.0104603986484594,MDK;PSG1;PLXNB3
GO_Biological_Process_2023,Cellular Response To Hormone Stimulus (GO:0032870),4/94,0.975068177489663,0.9999958087188284,0,0,0.4462439144635484,0.0112667149444293,SRC;LEP;SOX9;RAMP1
GO_Biological_Process_2023,"Regulation Of mRNA Splicing, Via Spliceosome (GO:0048024)",4/94,0.975068177489663,0.9999958087188284,0,0,0.4462439144635484,0.0112667149444293,RBM3;DDX17;WDR77;SRPK1
GO_Biological_Process_2023,"Retrograde Transport, Endosome To Golgi (GO:0042147)",4/94,0.975068177489663,0.9999958087188284,0,0,0.4462439144635484,0.0112667149444293,GGA1;TMEM87B;UBE2O;TBC1D10B
GO_Biological_Process_2023,Vesicle Organization (GO:0016050),4/94,0.975068177489663,0.9999958087188284,0,0,0.4462439144635484,0.0112667149444293,LAPTM4B;HOOK1;HOOK3;SYT7
GO_Biological_Process_2023,Fibroblast Growth Factor Receptor Signaling Pathway (GO:0008543),1/39,0.9751954213989782,0.9999958087188284,0,0,0.2645421693769307,0.0066446103909776,GALNT3
GO_Biological_Process_2023,Histone H4 Acetylation (GO:0043967),1/39,0.9751954213989782,0.9999958087188284,0,0,0.2645421693769307,0.0066446103909776,MBTD1
GO_Biological_Process_2023,Internal Peptidyl-Lysine Acetylation (GO:0018393),1/39,0.9751954213989782,0.9999958087188284,0,0,0.2645421693769307,0.0066446103909776,MBTD1
GO_Biological_Process_2023,Negative Regulation Of Proteasomal Protein Catabolic Process (GO:1901799),1/39,0.9751954213989782,0.9999958087188284,0,0,0.2645421693769307,0.0066446103909776,AQP11
GO_Biological_Process_2023,Negative Regulation Of Ubiquitin-Dependent Protein Catabolic Process (GO:2000059),1/39,0.9751954213989782,0.9999958087188284,0,0,0.2645421693769307,0.0066446103909776,PML
GO_Biological_Process_2023,Neuron Projection Extension (GO:1990138),1/39,0.9751954213989782,0.9999958087188284,0,0,0.2645421693769307,0.0066446103909776,EIF2AK4
GO_Biological_Process_2023,"Nuclear-Transcribed mRNA Catabolic Process, Deadenylation-Dependent Decay (GO:0000288)",1/39,0.9751954213989782,0.9999958087188284,0,0,0.2645421693769307,0.0066446103909776,SAMD4B
GO_Biological_Process_2023,Organelle Transport Along Microtubule (GO:0072384),1/39,0.9751954213989782,0.9999958087188284,0,0,0.2645421693769307,0.0066446103909776,RHOT2
GO_Biological_Process_2023,Positive Regulation Of Intrinsic Apoptotic Signaling Pathway (GO:2001244),1/39,0.9751954213989782,0.9999958087188284,0,0,0.2645421693769307,0.0066446103909776,PMAIP1
GO_Biological_Process_2023,Positive Regulation Of Lipid Biosynthetic Process (GO:0046889),1/39,0.9751954213989782,0.9999958087188284,0,0,0.2645421693769307,0.0066446103909776,CREB1
GO_Biological_Process_2023,Release Of Sequestered Calcium Ion Into Cytosol (GO:0051209),1/39,0.9751954213989782,0.9999958087188284,0,0,0.2645421693769307,0.0066446103909776,PLCH1
GO_Biological_Process_2023,Positive Regulation Of Nucleic Acid-Templated Transcription (GO:1903508),38/557,0.9762853383804332,0.9999958087188284,0,0,0.7315150346744566,0.0175566390993542,MESP1;BLM;CHD8;LRP5;SIX1;HOXC13;BRCA1;MRPL12;FOXM1;EGFR;NPAS2;MBTD1;MTA1;SIX4;ZIC2;CDH1;DEAF1;SPP1;SOX9;MTA3;SOX4;IL10;TFAP2A;SMARCC2;STAT1;ZNF281;TESC;ATAD2;PSG1;HMGA1;AGT;COL1A1;CREB1;ELF2;IRF7;TAF6;TCF3;PPARD
GO_Biological_Process_2023,Histone Acetylation (GO:0016573),2/60,0.9764245873487224,0.9999958087188284,0,0,0.3464514280255993,0.0082655547252997,MBTD1;TAF6
GO_Biological_Process_2023,T Cell Receptor Signaling Pathway (GO:0050852),4/95,0.9766761089650144,0.9999958087188284,0,0,0.4413157557916293,0.0104151391305277,FCHO1;THY1;VTCN1;TNFRSF21
GO_Biological_Process_2023,Aortic Valve Development (GO:0003176),1/40,0.9774406869561724,0.9999958087188284,0,0,0.257744839140188,0.0058811359798865,SOX9
GO_Biological_Process_2023,Cellular Response To Heat (GO:0034605),1/40,0.9774406869561724,0.9999958087188284,0,0,0.257744839140188,0.0058811359798865,YWHAE
GO_Biological_Process_2023,Positive Regulation Of Stem Cell Population Maintenance (GO:1902459),1/40,0.9774406869561724,0.9999958087188284,0,0,0.257744839140188,0.0058811359798865,ARID4B
GO_Biological_Process_2023,Protein Localization To Cilium (GO:0061512),1/40,0.9774406869561724,0.9999958087188284,0,0,0.257744839140188,0.0058811359798865,CSNK1D
GO_Biological_Process_2023,Regulation Of Autophagosome Assembly (GO:2000785),1/40,0.9774406869561724,0.9999958087188284,0,0,0.257744839140188,0.0058811359798865,EPHB2
GO_Biological_Process_2023,Regulation Of Protein Dephosphorylation (GO:0035304),1/40,0.9774406869561724,0.9999958087188284,0,0,0.257744839140188,0.0058811359798865,CDCA2
GO_Biological_Process_2023,Calcium Ion Transport (GO:0006816),5/112,0.9779410682560722,0.9999958087188284,0,0,0.4690012136048212,0.0104614792421215,CYP27B1;ATP2A2;TRPM8;KCNN4;RAMP1
GO_Biological_Process_2023,Fatty Acid Catabolic Process (GO:0009062),2/61,0.9782536809960573,0.9999958087188284,0,0,0.3405605896990469,0.0074876519888191,SLC27A2;PPARD
GO_Biological_Process_2023,Positive Regulation Of Interleukin-8 Production (GO:0032757),2/61,0.9782536809960573,0.9999958087188284,0,0,0.3405605896990469,0.0074876519888191,LEP;F2RL1
GO_Biological_Process_2023,Regulation Of ERK1 And ERK2 Cascade (GO:0070372),14/244,0.9783518930476638,0.9999958087188284,0,0,0.6098159509202454,0.0133463494674118,DDR1;DUSP4;FGB;CCL22;FBXW7;LMO3;BRAF;EGFR;CCNA2;CEACAM1;P2RY6;ERBB2;F2RL1;EPHB2
GO_Biological_Process_2023,Axoneme Assembly (GO:0035082),1/41,0.9794827963961432,0.9999958087188284,0,0,0.2512873754152824,0.0052093394244115,SPAG1
GO_Biological_Process_2023,Negative Regulation Of mRNA Catabolic Process (GO:1902373),1/41,0.9794827963961432,0.9999958087188284,0,0,0.2512873754152824,0.0052093394244115,PKP3
GO_Biological_Process_2023,Positive Regulation Of Response To Biotic Stimulus (GO:0002833),1/41,0.9794827963961432,0.9999958087188284,0,0,0.2512873754152824,0.0052093394244115,ADAM8
GO_Biological_Process_2023,Protein Localization To Lysosome (GO:0061462),1/41,0.9794827963961432,0.9999958087188284,0,0,0.2512873754152824,0.0052093394244115,ATP13A2
GO_Biological_Process_2023,Visual System Development (GO:0150063),1/41,0.9794827963961432,0.9999958087188284,0,0,0.2512873754152824,0.0052093394244115,SMOC1
GO_Biological_Process_2023,Calcium Ion Transmembrane Transport (GO:0070588),3/80,0.979599703647505,0.9999958087188284,0,0,0.3912517637573069,0.0080641904307695,ATP2A2;TRPM8;GRIN1
GO_Biological_Process_2023,Positive Regulation Of Immune Response (GO:0050778),3/80,0.979599703647505,0.9999958087188284,0,0,0.3912517637573069,0.0080641904307695,IL10;F2RL1;EIF2AK4
GO_Biological_Process_2023,Protein Targeting (GO:0006605),6/129,0.9796420484005536,0.9999958087188284,0,0,0.4894299914681545,0.0100666111263026,VPS13C;RAB3IP;VPS41;LONP2;AQP11;AP1M2
GO_Biological_Process_2023,Glycerophospholipid Metabolic Process (GO:0006650),2/62,0.97994491763515,0.9999958087188284,0,0,0.3348661126500462,0.0067840242437946,PLA2G2D;GDPD1
GO_Biological_Process_2023,Spliceosomal Complex Assembly (GO:0000245),2/62,0.97994491763515,0.9999958087188284,0,0,0.3348661126500462,0.0067840242437946,NOL3;SRPK1
GO_Biological_Process_2023,Negative Regulation Of Cellular Process (GO:0048523),36/537,0.9799960528442356,0.9999958087188284,0,0,0.717832544960897,0.0145050520359511,ADAMDEC1;BLM;MIA3;BRCA1;CYP27B1;SCIN;ERBB3;MDK;GNG4;SESN2;AGR2;PRAME;HOXC9;EPHB2;E2F7;SOX4;PLXNA3;BARD1;IL10;TFAP2A;CDT1;CDKN2A;TESC;IGFBP3;VPS13C;HMGA1;PML;NME1;FRMD5;CLDN3;PLXNB3;NOX4;AQP11;TAF6;TNFRSF21;CDKN3
GO_Biological_Process_2023,Regulation Of Interleukin-6 Production (GO:0032675),5/114,0.980551371644277,0.9999958087188284,0,0,0.4603447749187956,0.0090412825086224,IL10;LEP;POU2AF1;F2RL1;ISL1
GO_Biological_Process_2023,Golgi Organization (GO:0007030),6/130,0.9808226056172802,0.9999958087188284,0,0,0.4854561086134943,0.0094002099080516,CUL7;SPTBN5;VPS13B;CSNK1D;BLZF1;GOLGA8A
GO_Biological_Process_2023,Cellular Response To Interleukin-1 (GO:0071347),3/81,0.9810371864357714,0.9999958087188284,0,0,0.3862143953607368,0.0073940411811531,CCL22;IRAK1;SOX9
GO_Biological_Process_2023,Regulation Of Interleukin-8 Production (GO:0032677),3/81,0.9810371864357714,0.9999958087188284,0,0,0.3862143953607368,0.0073940411811531,IL10;LEP;F2RL1
GO_Biological_Process_2023,Ceramide Biosynthetic Process (GO:0046513),1/42,0.9813401223056322,0.9999958087188284,0,0,0.24514490992086,0.0046175911280502,FA2H
GO_Biological_Process_2023,Lysosome Localization (GO:0032418),1/42,0.9813401223056322,0.9999958087188284,0,0,0.24514490992086,0.0046175911280502,KLC2
GO_Biological_Process_2023,Monocyte Chemotaxis (GO:0002548),1/42,0.9813401223056322,0.9999958087188284,0,0,0.24514490992086,0.0046175911280502,CCL22
GO_Biological_Process_2023,Regulation Of Neurotransmitter Receptor Activity (GO:0099601),1/42,0.9813401223056322,0.9999958087188284,0,0,0.24514490992086,0.0046175911280502,NPTX1
GO_Biological_Process_2023,Stress-Activated MAPK Cascade (GO:0051403),1/42,0.9813401223056322,0.9999958087188284,0,0,0.24514490992086,0.0046175911280502,MAP3K13
GO_Biological_Process_2023,mRNA Catabolic Process (GO:0006402),1/43,0.9830293764886736,0.9999958087188284,0,0,0.2392949427833148,0.0040958379883753,PNPT1
GO_Biological_Process_2023,Negative Regulation Of BMP Signaling Pathway (GO:0030514),1/43,0.9830293764886736,0.9999958087188284,0,0,0.2392949427833148,0.0040958379883753,GREM1
GO_Biological_Process_2023,Neurotransmitter Secretion (GO:0007269),1/43,0.9830293764886736,0.9999958087188284,0,0,0.2392949427833148,0.0040958379883753,STX1A
GO_Biological_Process_2023,Positive Regulation Of T Cell Mediated Immunity (GO:0002711),1/43,0.9830293764886736,0.9999958087188284,0,0,0.2392949427833148,0.0040958379883753,TRAF2
GO_Biological_Process_2023,Positive Regulation Of Receptor-Mediated Endocytosis (GO:0048260),1/43,0.9830293764886736,0.9999958087188284,0,0,0.2392949427833148,0.0040958379883753,GREM1
GO_Biological_Process_2023,Positive Regulation Of Transcription Elongation By RNA Polymerase II (GO:0032968),1/43,0.9830293764886736,0.9999958087188284,0,0,0.2392949427833148,0.0040958379883753,MED8
GO_Biological_Process_2023,Regulation Of Primary Metabolic Process (GO:0080090),1/43,0.9830293764886736,0.9999958087188284,0,0,0.2392949427833148,0.0040958379883753,PPARD
GO_Biological_Process_2023,Negative Regulation Of Cytokine Production (GO:0001818),9/178,0.9834046281106996,0.9999958087188284,0,0,0.5338476018719024,0.0089337355707286,IL10;CEACAM1;DDX56;F2RL1;RAC1;XAF1;ATG12;TNFRSF21;LGR4
GO_Biological_Process_2023,Calcium Ion Transmembrane Import Into Cytosol (GO:0097553),3/83,0.9836270381863726,0.9999958087188284,0,0,0.3765174611973392,0.0062157309822861,CACNA1I;PLCH1;GRIN1
GO_Biological_Process_2023,Positive Regulation Of Ubiquitin-Dependent Protein Catabolic Process (GO:2000060),3/83,0.9836270381863726,0.9999958087188284,0,0,0.3765174611973392,0.0062157309822861,FBXW7;CSNK1D;CDK5RAP3
GO_Biological_Process_2023,Autophagosome Assembly (GO:0000045),2/65,0.9842877779732871,0.9999958087188284,0,0,0.3188673437980917,0.0050498917277795,ATP2A2;ATG12
GO_Biological_Process_2023,Monocarboxylic Acid Biosynthetic Process (GO:0072330),2/65,0.9842877779732871,0.9999958087188284,0,0,0.3188673437980917,0.0050498917277795,DSEL;SLC27A2
GO_Biological_Process_2023,Positive Regulation Of T Cell Proliferation (GO:0042102),2/65,0.9842877779732871,0.9999958087188284,0,0,0.3188673437980917,0.0050498917277795,LEP;CD24
GO_Biological_Process_2023,Autophagosome Maturation (GO:0097352),1/44,0.984565760300064,0.9999958087188284,0,0,0.2337170671405392,0.0036353725713894,ATP2A2
GO_Biological_Process_2023,Phosphatidylinositol Phosphate Biosynthetic Process (GO:0046854),1/44,0.984565760300064,0.9999958087188284,0,0,0.2337170671405392,0.0036353725713894,ITPKA
GO_Biological_Process_2023,Positive Regulation Of Cytokine-Mediated Signaling Pathway (GO:0001961),1/44,0.984565760300064,0.9999958087188284,0,0,0.2337170671405392,0.0036353725713894,IKBKE
GO_Biological_Process_2023,Response To Unfolded Protein (GO:0006986),1/44,0.984565760300064,0.9999958087188284,0,0,0.2337170671405392,0.0036353725713894,SERPINH1
GO_Biological_Process_2023,Purine Ribonucleotide Metabolic Process (GO:0009150),3/84,0.9847913847262524,0.9999958087188284,0,0,0.3718485669705182,0.0056987475120971,BPNT1;ATP1B1;PDE9A
GO_Biological_Process_2023,Ribosomal Small Subunit Biogenesis (GO:0042274),3/84,0.9847913847262524,0.9999958087188284,0,0,0.3718485669705182,0.0056987475120971,SPPL2B;NGDN;IGF2BP3
GO_Biological_Process_2023,Antigen Receptor-Mediated Signaling Pathway (GO:0050851),6/134,0.984935041376414,0.9999958087188284,0,0,0.4701814963908939,0.0071371613185818,CD79A;FCHO1;CD19;THY1;VTCN1;TNFRSF21
GO_Biological_Process_2023,Endosomal Transport (GO:0016197),9/180,0.9850845406117142,0.9999958087188284,0,0,0.5275452256893625,0.00792785124383,LAPTM4B;GGA1;TMEM87B;DENND1A;ANKFY1;UBE2O;PTPN23;RAB11FIP4;TBC1D10B
GO_Biological_Process_2023,protein-RNA Complex Assembly (GO:0022618),7/150,0.9853005977993692,0.9999958087188284,0,0,0.4908702408702409,0.0072690563482288,BOP1;CPSF6;PPAN;DENR;NOL3;WDR77;SRPK1
GO_Biological_Process_2023,Regulation Of RNA Splicing (GO:0043484),4/102,0.9854774939355389,0.9999958087188284,0,0,0.4096347357578638,0.0059925423932694,RBM12B;SRPK1;MCM2;BRDT
GO_Biological_Process_2023,Cellular Response To BMP Stimulus (GO:0071773),2/66,0.9855206707732428,0.9999958087188284,0,0,0.3138677285318559,0.004577816594902,SOX9;ACVR2B
GO_Biological_Process_2023,Response To Reactive Oxygen Species (GO:0000302),2/66,0.9855206707732428,0.9999958087188284,0,0,0.3138677285318559,0.004577816594902,MMP9;EGFR
GO_Biological_Process_2023,Nuclear-Transcribed mRNA Catabolic Process (GO:0000956),3/85,0.9858760895462276,0.9999958087188284,0,0,0.367293548212644,0.0052246045801708,UPF2;SAMD4B;SMG7
GO_Biological_Process_2023,I-kappaB kinase/NF-kappaB Signaling (GO:0007249),1/45,0.9859631005225528,0.9999958087188284,0,0,0.228392731299708,0.0032286392410693,BIRC3
GO_Biological_Process_2023,Determination Of Left/Right Symmetry (GO:0007368),1/45,0.9859631005225528,0.9999958087188284,0,0,0.228392731299708,0.0032286392410693,STIL
GO_Biological_Process_2023,Positive Regulation Of Innate Immune Response (GO:0045089),1/45,0.9859631005225528,0.9999958087188284,0,0,0.228392731299708,0.0032286392410693,IKBKE
GO_Biological_Process_2023,Extrinsic Apoptotic Signaling Pathway (GO:0097191),2/67,0.9866591753638444,0.9999958087188284,0,0,0.3090219475815043,0.0041503541548321,ERBB3;TNFRSF10A
GO_Biological_Process_2023,Golgi Vesicle Transport (GO:0048193),10/197,0.9867159557458224,0.9999958087188284,0,0,0.535830662512387,0.0071656990461153,VAPB;RAB12;SPIRE2;KDELR2;HYOU1;MIA3;CTAGE6;KDELR3;ERGIC1;NAPG
GO_Biological_Process_2023,Regulation Of Cytokine Production Involved In Inflammatory Response (GO:1900015),1/46,0.9872339743461755,0.9999958087188284,0,0,0.2233050326073581,0.0028690703028826,LEP
GO_Biological_Process_2023,Response To Glucose (GO:0009749),1/46,0.9872339743461755,0.9999958087188284,0,0,0.2233050326073581,0.0028690703028826,SOX4
GO_Biological_Process_2023,RNA Processing (GO:0006396),9/183,0.98731103628784,0.9999958087188284,0,0,0.5183633155613517,0.0066195804954066,DDX17;RBM3;CPSF6;CSTF3;NOL9;NOL3;FBXO11;SRPK1;TBRG4
GO_Biological_Process_2023,Positive Regulation Of Inflammatory Response (GO:0050729),4/104,0.9873434275974464,0.9999958087188284,0,0,0.4013976705490849,0.0051127422615747,AIM2;MDK;ADAM8;AGT
GO_Biological_Process_2023,Ubiquitin-Dependent Protein Catabolic Process (GO:0006511),22/367,0.987712395710872,0.9999958087188284,0,0,0.637609710550887,0.0078832286127683,RNF43;PSMD11;FBXW7;UBE2C;UHRF1;UBE2D2;KIF14;SYVN1;CBLC;PTPN23;FBXO11;PML;DDB1;SPSB1;MTA1;UBE2S;TRIM2;MARVELD3;KCTD13;TRIM13;PRAME;TRIM31
GO_Biological_Process_2023,Cellular Response To Lipid (GO:0071396),12/228,0.9878777846499552,0.9999958087188284,0,0,0.5563912101516558,0.0067859077917195,IL10;CREB1;TESC;WNT7B;SPP1;LCOR;PTK6;SOX9;CXCL13;SSTR2;EGFR;WNT3
GO_Biological_Process_2023,Protein Transport (GO:0015031),18/313,0.9880596186592348,0.9999958087188284,0,0,0.610442345406486,0.0073327801315233,STEAP3;ARL14;MIA3;ABCA12;NAPG;PDIA4;SCAMP5;GGA1;CENPF;RAB26;RAB12;MYO6;SCG5;CTAGE6;RAMP1;ABCD1;BLZF1;STX1A
GO_Biological_Process_2023,Negative Regulation Of Hydrolase Activity (GO:0051346),1/47,0.9883898216723346,0.9999958087188284,0,0,0.21843853820598,0.002550947683384,PLXNB3
GO_Biological_Process_2023,Regulation Of Interleukin-2 Production (GO:0032663),1/47,0.9883898216723346,0.9999958087188284,0,0,0.21843853820598,0.002550947683384,TRAF2
GO_Biological_Process_2023,Phospholipid Metabolic Process (GO:0006644),2/69,0.9886804478770724,0.9999958087188284,0,0,0.2997643362136685,0.0034125489370038,PLA2G2D;MBOAT2
GO_Biological_Process_2023,Positive Regulation Of DNA-templated Transcription (GO:0045893),91/1243,0.9887272964831016,0.9999958087188284,0,0,0.7844525989057239,0.008893121037126,FOXA1;MESP1;CRTC1;CHD8;HNF4G;SIX1;NUCKS1;HOXC13;BRCA1;FOXM1;HOXA10;IL4I1;ZIC2;SIX4;CREB3L4;CDH1;NFATC2IP;SOX9;SOX4;IL10;DDX17;FOXD2;SMARCC2;PARP1;ZNF281;TESC;LMO3;PSG1;SOX11;ISL1;ETV4;POU5F1;MMP12;CCNA2;GREM1;GAL;CREB1;ELF2;ELF3;IRF3;RFX4;IRF7;HOXB7;PPARD;BLM;UHRF1;TMPRSS6;SATB2;LRP5;MRPL12;NR2C2;BARX2;EGFR;NPAS2;MBTD1;CYP27B1;MTA1;DEAF1;ERBB2;SPP1;E2F2;HOXC4;E2F3;OTX1;MTA3;E2F7;BCL9L;TFAP2A;TFAP2C;POU2F1;JUP;STAT1;ATAD2;ANKRD23;HMGA1;LIF;SUPT5H;GRHL2;AGT;GRIN1;COL1A1;BCL9;MC1R;POU2AF1;NFIC;F2RL1;TAF6;TCF3;AGRN;SSBP3;FOXA3
GO_Biological_Process_2023,Cellular Response To Growth Factor Stimulus (GO:0071363),7/155,0.9890363506321158,0.9999958087188284,0,0,0.4741554054054054,0.0052271807478652,VIL1;WNT10A;SYAP1;ERBB2;SOX9;ACVR2B;EGFR
GO_Biological_Process_2023,Negative Regulation Of Intracellular Signal Transduction (GO:1902532),12/231,0.9895584755841508,0.9999958087188284,0,0,0.5486778341664441,0.0057591527685114,DUSP4;PPM1B;AIM2;CILP;STAT1;MGRN1;SRC;NF1;SORD;TRIM15;NOL3;MMP9
GO_Biological_Process_2023,Negative Regulation Of Wnt Signaling Pathway (GO:0030178),6/140,0.9895828883716472,0.9999958087188284,0,0,0.448979422708777,0.0047016000510481,GREM1;RNF43;MDK;CHD8;CTNND1;SOX9
GO_Biological_Process_2023,Positive Regulation Of Defense Response (GO:0031349),5/124,0.98978708261534,0.9999958087188284,0,0,0.4214271724227982,0.0043261298950852,AIM2;MDK;ADAM8;NPAS2;AGT
GO_Biological_Process_2023,Regulation Of Cilium Assembly (GO:1902017),2/71,0.9904017411484284,0.9999958087188284,0,0,0.2910433979686057,0.0028070026939862,TBC1D24;TBC1D10B
GO_Biological_Process_2023,Synapse Assembly (GO:0007416),2/71,0.9904017411484284,0.9999958087188284,0,0,0.2910433979686057,0.0028070026939862,CDH1;PCDHB9
GO_Biological_Process_2023,Response To Tumor Necrosis Factor (GO:0034612),4/108,0.9904125124101916,0.9999958087188284,0,0,0.3858739707325397,0.0037174108334238,BAG4;CCL22;BRCA1;TNFRSF21
GO_Biological_Process_2023,Regulation Of RNA Metabolic Process (GO:0051252),3/91,0.9909798470134004,0.9999958087188284,0,0,0.3421374218907478,0.0031001348482768,RBM12B;MCM2;BRDT
GO_Biological_Process_2023,Second-Messenger-Mediated Signaling (GO:0019932),2/72,0.9911636628812732,0.9999958087188284,0,0,0.2868698060941828,0.0025461442510109,EDN2;PPP1R9A
GO_Biological_Process_2023,Plasma Membrane Bounded Cell Projection Morphogenesis (GO:0120039),1/50,0.9912666418737168,0.9999958087188284,0,0,0.2050308495491219,0.0017984726702206,PACSIN1
GO_Biological_Process_2023,Positive Regulation Of Cell Death (GO:0010942),1/50,0.9912666418737168,0.9999958087188284,0,0,0.2050308495491219,0.0017984726702206,MMP3
GO_Biological_Process_2023,Regulation Of Tumor Necrosis Factor Production (GO:0032680),5/127,0.9916182350719842,0.9999958087188284,0,0,0.4109959789669038,0.0034593899169239,IL10;MC1R;EPHB2;ISL1;FOXP1
GO_Biological_Process_2023,SMAD Protein Signal Transduction (GO:0060395),1/51,0.9920574486494672,0.9999958087188284,0,0,0.2009191583610188,0.0016021818948792,BMP8B
GO_Biological_Process_2023,Amide Biosynthetic Process (GO:0043604),1/51,0.9920574486494672,0.9999958087188284,0,0,0.2009191583610188,0.0016021818948792,FA2H
GO_Biological_Process_2023,Regulation Of Smoothened Signaling Pathway (GO:0008589),1/51,0.9920574486494672,0.9999958087188284,0,0,0.2009191583610188,0.0016021818948792,MGRN1
GO_Biological_Process_2023,Positive Regulation Of Macromolecule Metabolic Process (GO:0010604),21/364,0.992065166166077,0.9999958087188284,0,0,0.6119020956646937,0.0048747071258392,TFAP2A;UHRF1;TESC;HPN;PSG1;SOX11;BRAF;BRCA1;AGT;CYP27B1;CLDN3;CDH3;NOS1AP;AGR2;DNMT3B;ATP13A2;SOX9;AVP;PKP3;EPHB2;WNT3
GO_Biological_Process_2023,Cellular Response To Oxygen-Containing Compound (GO:1901701),24/406,0.9923631351475352,0.9999958087188284,0,0,0.6276027519945501,0.0048113125432308,IL10;HCN3;CPNE4;TESC;WNT7B;MMP3;CIB2;BRAF;PTK6;SYT13;CXCL13;SSTR2;MMP9;EGFR;SYT7;P2RY6;CREB1;CDH1;ITPKA;SESN2;LCOR;SOX9;ECT2;WNT3
GO_Biological_Process_2023,Regulation Of Proteolysis (GO:0030162),1/52,0.9927766610905352,0.9999958087188284,0,0,0.196968709964606,0.0014279352078717,PERP
GO_Biological_Process_2023,Intracellular Protein Transport (GO:0006886),18/325,0.99295511584619,0.9999958087188284,0,0,0.5861881239496525,0.0041442424803315,IPO13;ARL14;NUP155;CSE1L;PTPN23;NAPG;IPO4;MMP12;GGA1;MYO6;XPO5;SCG5;FAM53A;E2F3;KPNA2;STX1A;AP1M2;TNPO3
GO_Biological_Process_2023,Transmembrane Receptor Protein Serine/Threonine Kinase Signaling Pathway (GO:0007178),5/130,0.993133863589544,0.9999958087188284,0,0,0.4010654827968923,0.0027632676942227,COL3A1;COL1A2;SRC;BMP8B;ACVR2B
GO_Biological_Process_2023,Positive Regulation Of ERK1 And ERK2 Cascade (GO:0070374),8/179,0.9932914337124018,0.9999958087188284,0,0,0.4686684285291699,0.0031546868036706,DDR1;FGB;P2RY6;CCL22;FBXW7;F2RL1;BRAF;EGFR
GO_Biological_Process_2023,NADH Dehydrogenase Complex Assembly (GO:0010257),1/53,0.9934307576320972,0.9999958087188284,0,0,0.1931702018911321,0.0012731683439205,NUBPL
GO_Biological_Process_2023,Actin Cytoskeleton Reorganization (GO:0031532),1/53,0.9934307576320972,0.9999958087188284,0,0,0.1931702018911321,0.0012731683439205,PLEK2
GO_Biological_Process_2023,Mitochondrial Respiratory Chain Complex I Assembly (GO:0032981),1/53,0.9934307576320972,0.9999958087188284,0,0,0.1931702018911321,0.0012731683439205,NUBPL
GO_Biological_Process_2023,Positive Regulation Of Chemokine Production (GO:0032722),1/53,0.9934307576320972,0.9999958087188284,0,0,0.1931702018911321,0.0012731683439205,F2RL1
GO_Biological_Process_2023,"Regulation Of Alternative mRNA Splicing, Via Spliceosome (GO:0000381)",1/53,0.9934307576320972,0.9999958087188284,0,0,0.1931702018911321,0.0012731683439205,DDX17
GO_Biological_Process_2023,Regulation Of Proteasomal Protein Catabolic Process (GO:0061136),1/53,0.9934307576320972,0.9999958087188284,0,0,0.1931702018911321,0.0012731683439205,FBXW7
GO_Biological_Process_2023,Regulation Of Autophagy (GO:0010506),12/241,0.993724114123143,0.9999958087188284,0,0,0.5244261716801888,0.0033016099386735,IL10;FBXW7;LEP;EEF1A2;BMF;ATP13A2;TRIM38;WDR24;EIF4G3;GAPDH;ATP6V1C2;CDK5R1
GO_Biological_Process_2023,Regulation Of Lipid Metabolic Process (GO:0019216),1/54,0.9940256305504284,0.9999958087188284,0,0,0.1895150337449591,0.0011356285480618,PPARD
GO_Biological_Process_2023,Positive Regulation Of Gene Expression (GO:0010628),29/480,0.9940555846856676,0.9999958087188284,0,0,0.6416412471722631,0.0038255637244348,HPN;BRCA1;SCAMP5;RBM3;CYP27B1;CDH3;ERBB2;AGR2;DNMT3B;SOX9;EPHB2;SOX4;WNT3;IL10;TFAP2A;NSUN5;TESC;PSG1;SOX11;BRAF;AGT;CLDN3;NOS1AP;SAA1;ATP13A2;PKP3;AVP;EIF4G3;GAPDH
GO_Biological_Process_2023,Cellular Response To Fibroblast Growth Factor Stimulus (GO:0044344),1/55,0.9945666393449328,0.9999958087188284,0,0,0.1859952421967926,0.0010133346369732,GALNT3
GO_Biological_Process_2023,"Regulation Of Synaptic Transmission, Glutamatergic (GO:0051966)",1/55,0.9945666393449328,0.9999958087188284,0,0,0.1859952421967926,0.0010133346369732,GRIN1
GO_Biological_Process_2023,Long-Chain Fatty Acid Metabolic Process (GO:0001676),2/78,0.9946367281291988,0.9999958087188284,0,0,0.2641347135150896,0.0014204387928432,ELOVL6;SLC27A2
GO_Biological_Process_2023,Positive Regulation Of Tumor Necrosis Factor Production (GO:0032760),2/78,0.9946367281291988,0.9999958087188284,0,0,0.2641347135150896,0.0014204387928432,EPHB2;ISL1
GO_Biological_Process_2023,Regulation Of TOR Signaling (GO:0032006),2/78,0.9946367281291988,0.9999958087188284,0,0,0.2641347135150896,0.0014204387928432,LEP;WDR24
GO_Biological_Process_2023,Regulation Of DNA-templated Transcription (GO:0006355),144/1922,0.9950176491319984,0.9999958087188284,0,0,0.7994280330112074,0.003992986464708,FOXA1;ZNF692;HDAC10;EHMT1;ARID4B;HOXA10;POFUT1;CREB3L4;CDH1;SALL4;SCMH1;SOX9;ZNF444;PITX1;SOX4;DDX17;PIAS3;HES6;ZNF682;SMARCC2;ZGPAT;ZNF281;MED8;PSG1;ZNF12;ZNF14;FOXP1;ERN2;RFX4;TIMELESS;ADNP;HOXB7;BLM;DLX3;ZNF394;CRABP2;MRPL12;NPAS2;MBTD1;CYP27B1;DEAF1;HOXC4;OTX1;HOXC9;HOXC8;ZKSCAN1;TFAP2A;TFAP2C;TFAP2D;CBX5;POU2F1;ZFHX2;CBX4;CBX3;BCL11A;PHF12;HMGA1;PA2G4;COL1A1;NFE2L3;GTF2IRD1;TCF3;BRWD1;RCOR2;MXD3;ZNF652;EZH2;PHF19;MESP1;PRR7;CHD8;HNF4G;SIX1;HMGB3;TFCP2L1;HOXC13;BRCA1;FOXM1;ZIC2;SIX4;ZNF408;ZNF525;LRRFIP1;EID2B;ZNF486;IL10;FOXD2;KLF12;PARP1;TESC;DNMT3A;ZFP91;BAZ1A;ETV4;POU5F1;ETV7;ELF2;CREB1;ELF3;IRF3;DEPDC1;IRF7;LCOR;ZNF239;BIRC5;ZNF114;PPARD;MCM2;ZNF195;TMPRSS6;SATB2;LRP5;LIN9;NR2C2;BARX1;BARX2;EGFR;MTA1;SPP1;HSF4;E2F2;PAK6;E2F3;PRAME;MTA3;E2F7;SPDEF;ZNF341;CDKN2A;STAT1;ATAD2;GRHL2;ACVR2B;PML;AGT;TBX15;CENPF;NFIC;TAF6;ZNF579;BCOR;FOXA3;BRDT;CDK5R1
GO_Biological_Process_2023,Nucleotide-Excision Repair (GO:0006289),1/56,0.9950586586093946,0.9999958087188284,0,0,0.1826034430685593,0.00090454262332255,DDB1
GO_Biological_Process_2023,Regulation Of Stem Cell Population Maintenance (GO:2000036),1/56,0.9950586586093946,0.9999958087188284,0,0,0.1826034430685593,0.00090454262332255,ARID4B
GO_Biological_Process_2023,Myeloid Cell Differentiation (GO:0030099),1/57,0.9955061222106154,0.9999958087188284,0,0,0.1793327796234773,0.0008077158457855759,RACGAP1
GO_Biological_Process_2023,Cellular Response To Cytokine Stimulus (GO:0071345),16/308,0.99588382629453,0.9999958087188284,0,0,0.5476698561299649,0.0022589565859494,IFNAR2;EDN2;CCL22;PNPT1;STAT1;STK39;BRCA1;CSF2RA;LRP8;BAG4;AIM2;CLCF1;SOX9;GAPDH;CRLF1;TNFRSF21
GO_Biological_Process_2023,Muscle Organ Development (GO:0007517),1/58,0.9959130626426378,0.9999958087188284,0,0,0.1761768762992753,0.0007214992246458883,ITGA11
GO_Biological_Process_2023,Regulation Of Phagocytosis (GO:0050764),1/58,0.9959130626426378,0.9999958087188284,0,0,0.1761768762992753,0.0007214992246458883,SYT7
GO_Biological_Process_2023,Positive Regulation Of Response To External Stimulus (GO:0032103),6/155,0.9959907756720252,0.9999958087188284,0,0,0.4034447678210092,0.0016207517321229,AIM2;PLAU;MDK;F2RL1;ADAM8;AGT
GO_Biological_Process_2023,Positive Regulation Of Tumor Necrosis Factor Superfamily Cytokine Production (GO:1903557),2/82,0.9961653937596312,0.9999958087188284,0,0,0.2508725761772853,0.0009638467157822574,EPHB2;ISL1
GO_Biological_Process_2023,Aerobic Respiration (GO:0009060),1/59,0.9962831479196288,0.9999958087188284,0,0,0.173129797227632,0.00064469671174601,MTFR1
GO_Biological_Process_2023,Cilium Movement (GO:0003341),1/59,0.9962831479196288,0.9999958087188284,0,0,0.173129797227632,0.00064469671174601,CABYR
GO_Biological_Process_2023,Regulation Of Cell Death (GO:0010941),1/59,0.9962831479196288,0.9999958087188284,0,0,0.173129797227632,0.00064469671174601,AGR2
GO_Biological_Process_2023,Positive Regulation Of Signal Transduction (GO:0009967),13/266,0.996290432719978,0.9999958087188284,0,0,0.5138339920948617,0.0019096459384231,MESP1;SRC;LMO3;SULF1;KLK6;GRIN1;CYP27B1;DEPDC1B;P2RY6;CDH3;TSPAN5;DISC1;ATP6V1C2
GO_Biological_Process_2023,Mitochondrial Gene Expression (GO:0140053),3/103,0.996394600628458,0.9999958087188284,0,0,0.3008813747228381,0.0010867577966216,MRPL2;MRPL12;TBRG4
GO_Biological_Process_2023,Regulation Of Nucleic Acid-Templated Transcription (GO:1903506),26/452,0.9964318064161828,0.9999958087188284,0,0,0.6088550769336212,0.0021763979969618,CRABP2;HDAC10;ZNF195;SIX1;NR2C2;POFUT1;PAK6;SOX4;ZNF486;HES6;ZNF341;ZNF682;ZNF281;PSG1;HMGA1;BAZ1A;ACVR2B;POU5F1;PML;GTF2IRD1;TCF3;HOXB7;ZNF114;EZH2;BRDT;PHF19
GO_Biological_Process_2023,Receptor-Mediated Endocytosis (GO:0006898),4/122,0.996462980151412,0.9999958087188284,0,0,0.3398290983953298,0.0012041130095233,ACE2;FCHO1;HIP1R;RAMP1
GO_Biological_Process_2023,Positive Regulation Of Proteasomal Ubiquitin-Dependent Protein Catabolic Process (GO:0032436),2/83,0.9964749676572852,0.9999958087188284,0,0,0.2477617044560719,0.0008749109737935575,CDC20;CSNK1D
GO_Biological_Process_2023,Positive Regulation Of Phagocytosis (GO:0050766),1/60,0.9966197140461054,0.9999958087188284,0,0,0.1701860089719766,0.0005762518733672804,F2RL1
GO_Biological_Process_2023,Regulation Of Transcription By RNA Polymerase II (GO:0006357),151/2028,0.996867067362738,0.9999958087188284,0,0,0.7926218474850658,0.0024871288961513,FOXA1;ZNF692;HDAC10;CRTC1;ATN1;EHMT1;ARID4B;NUCKS1;HOXA10;IL4I1;CREB3L4;SALL4;NFATC2IP;SOX9;ZNF444;PITX1;SOX4;DDX17;PIAS3;HES6;SMARCC2;ZGPAT;LMO3;ZNF281;MED8;PSG1;SOX11;ZNF14;ISL1;FOXP1;RFX4;ZNF557;ADNP;BCORL1;HOXB7;DLX3;ZNF394;NPAS2;CYP27B1;DEAF1;ZNF669;HOXC4;OTX1;HOXC9;HOXC8;ZKSCAN1;BCL9L;TFAP2A;CBX8;TFAP2C;TFAP2D;CBX5;POU2F1;ZFHX2;JUP;CBX4;CBX3;BCL11A;CBX2;PHF12;ANKRD23;LIF;HMGA1;SUPT5H;NR2F6;BCL9;MC1R;NFE2L3;GTF2IRD1;TCF3;BRWD1;HAMP;RCOR2;MXD3;ZNF652;EZH2;MESP1;CHD8;FHL2;HNF4G;SIX1;HMGB3;TFCP2L1;HOXC13;BRCA1;FOXM1;ZIC2;SIX4;ZNF408;DNMT3B;ZNF525;LRRFIP1;ZNF641;FOXD2;KLF12;PARP1;DNMT3A;ZFP91;BAZ1A;ETV4;POU5F1;MMP12;GREM1;ETV7;CCNA2;GAL;ELF2;CREB1;ELF3;IRF3;NFX1;IRF7;LCOR;ZNF239;PPARD;MCM2;UHRF1;TMPRSS6;SATB2;LRP5;LIN9;NR2C2;BARX1;ZNF69;BARX2;EGFR;AURKB;MTA1;HSF4;E2F2;E2F3;SAMD1;MTA3;E2F7;SPDEF;STAT1;ATAD2;GRHL2;ACVR2B;GRIN1;TBX15;POU2AF1;NFIC;F2RL1;TAF6;ZNF579;BCOR;AGRN;SSBP3;FRK;FOXA3
GO_Biological_Process_2023,BMP Signaling Pathway (GO:0030509),1/61,0.9969257952506476,0.9999958087188284,0,0,0.1673403469915098,0.0005152308584564031,ACVR2B
GO_Biological_Process_2023,Cellular Respiration (GO:0045333),2/85,0.9970221642514344,0.9999958087188284,0,0,0.241764843306745,0.0007210100514898767,MTFR1;SLC25A13
GO_Biological_Process_2023,RNA Methylation (GO:0001510),1/62,0.997204151276064,0.9999958087188284,0,0,0.1645879854038451,0.0004608075837032653,METTL1
GO_Biological_Process_2023,Fat Cell Differentiation (GO:0045444),1/62,0.997204151276064,0.9999958087188284,0,0,0.1645879854038451,0.0004608075837032653,OSBPL8
GO_Biological_Process_2023,Positive Regulation Of Cellular Catabolic Process (GO:0031331),5/146,0.9976963887985896,0.9999958087188284,0,0,0.3552396470430806,0.0008192780418686377,PNPT1;PACSIN3;ADAM8;TRIM38;ABCD1
GO_Biological_Process_2023,Fatty Acid Biosynthetic Process (GO:0006633),1/65,0.9978968530723846,0.9999958087188284,0,0,0.1568469684385382,0.0003302195917851002,ELOVL6
GO_Biological_Process_2023,Adenylate Cyclase-Activating G Protein-Coupled Receptor Signaling Pathway (GO:0007189),3/110,0.997910421217706,0.9999958087188284,0,0,0.2810887539631556,0.0005879716168945871,MC1R;PTGER3;RAMP1
GO_Biological_Process_2023,Anterograde Trans-Synaptic Signaling (GO:0098916),8/199,0.9979894404633324,0.9999958087188284,0,0,0.4191275548661414,0.000843529169764004,CHRNA5;GAD1;KCNQ3;HTR3A;NPTX1;PCDHB9;DRD4;GRIN1
GO_Biological_Process_2023,Positive Regulation Of Proteasomal Protein Catabolic Process (GO:1901800),2/90,0.9980503851590916,0.9999958087188284,0,0,0.2279652480483505,0.00044487824247105577,FBXW7;CSNK1D
GO_Biological_Process_2023,Gene Expression (GO:0010467),14/296,0.9983110008253768,0.9999958087188284,0,0,0.4959278201674755,0.0008383298476075901,DDX17;UPF2;FYTTD1;TESC;NOL9;RRBP1;THOC2;MRPL12;SMG7;RBM3;EEF1A2;TSPAN5;NOX4;IGF2BP3
GO_Biological_Process_2023,Inflammatory Response (GO:0006954),10/236,0.9984865947876236,0.9999958087188284,0,0,0.4424040066777963,0.0006700436814680254,PLA2G2D;CCL22;ELF3;NFX1;KRT16;PTGER3;NOX4;ADAM8;RAC1;CXCL13
GO_Biological_Process_2023,Muscle Contraction (GO:0006936),2/94,0.9986130637414912,0.9999958087188284,0,0,0.218005540166205,0.0003025696591632053,SLC6A8;LMOD3
GO_Biological_Process_2023,Protein Targeting To Membrane (GO:0006612),1/72,0.9989172801657006,0.9999958087188284,0,0,0.1413285917052703,0.00015310216773442226,RAB3IP
GO_Biological_Process_2023,RNA Splicing (GO:0008380),2/98,0.9990146018321776,0.9999958087188284,0,0,0.2088758079409049,0.0002059273153183535,NOL3;SRPK1
GO_Biological_Process_2023,Mitochondrial Translation (GO:0032543),2/98,0.9990146018321776,0.9999958087188284,0,0,0.2088758079409049,0.0002059273153183535,MRPL2;MRPL12
GO_Biological_Process_2023,Response To Lipopolysaccharide (GO:0032496),5/159,0.9990794136474794,0.9999958087188284,0,0,0.3250176571486227,0.00029934462693879444,IL10;CYP27B1;IRAK1;CXCL13;FOXP1
GO_Biological_Process_2023,Regulation Of mRNA Stability (GO:0043488),1/74,0.9991042320368748,0.9999958087188284,0,0,0.137441405361125,0.0001231707821894497,TBRG4
GO_Biological_Process_2023,Hemopoiesis (GO:0030097),2/101,0.9992379636938498,0.9999958087188284,0,0,0.202512661238423,0.00015438082969096626,IL10;MELK
GO_Biological_Process_2023,Cellular Response To Lipopolysaccharide (GO:0071222),3/124,0.99931071873561,0.9999958087188284,0,0,0.2483736783273167,0.000171258352408341,IL10;IRAK1;CXCL13
GO_Biological_Process_2023,Positive Regulation Of Endocytosis (GO:0045807),1/79,0.9994420204001128,0.9999958087188284,0,0,0.1285955646420762,7.177372770688968e-05,ANKFY1
GO_Biological_Process_2023,Defense Response To Bacterium (GO:0042742),7/204,0.9995114559085458,0.9999958087188284,0,0,0.3552509870276368,0.00017359817933165317,LCN2;ISG15;WFDC10B;CXCL13;WFDC2;WFDC3;KRT6A
GO_Biological_Process_2023,Cellular Response To Organic Substance (GO:0071310),1/82,0.9995797613506568,0.9999958087188284,0,0,0.1238122581791832,5.204163186793108e-05,RAMP1
GO_Biological_Process_2023,Defense Response To Gram-positive Bacterium (GO:0050830),1/85,0.9996833198648384,0.9999958087188284,0,0,0.1193706164636397,3.780828983923376e-05,KRT6A
GO_Biological_Process_2023,Cilium Organization (GO:0044782),8/228,0.9996835157797532,0.9999958087188284,0,0,0.3632927383900146,0.00011499461698151729,PLK4;TMEM17;RAB3IP;MAP4;PTPN23;DISC1;CDC14B;AURKA
GO_Biological_Process_2023,Peptide Biosynthetic Process (GO:0043043),4/158,0.9997607343770888,0.9999958087188284,0,0,0.2598699137800635,6.218537650456483e-05,EEF1A2;RRBP1;IGF2BP3;MRPL12
GO_Biological_Process_2023,Regulation Of Gene Expression (GO:0010468),71/1127,0.9997657272441802,0.9999958087188284,0,0,0.6637117502792906,0.00015550779713931028,HDAC10;SIX1;YBX2;BRCA1;CDH3;POFUT1;CDH1;DNMT3B;SOX9;EPHB2;SOX4;ZNF486;IL10;HES6;ZNF682;FBXW7;ZNF281;SFMBT2;TESC;SORD;PSG1;SOX11;BAZ1A;ATP1B1;POU5F1;FOXP1;ACE2;SLC7A5;CLDN3;TRIM17;NOS1AP;RBM12B;PKP3;ADNP;AVP;HOXB7;ZNF114;MCM2;TRIM51;CRABP2;ZNF195;HPN;TMPRSS4;VTCN1;NR2C2;AURKA;CYP27B1;MTA1;TDG;AGR2;PAK6;IGF2BP3;IGF2BP2;WNT3;TFAP2A;ZNF341;TFAP2C;SETDB1;HMGA1;BRAF;ACVR2B;PML;PARP10;KRT17;CILP;GTF2IRD1;ATP13A2;TCF3;EZH2;PHF19;BRDT
GO_Biological_Process_2023,Mitochondrial Respiratory Chain Complex Assembly (GO:0033108),1/90,0.9998020129606624,0.9999958087188284,0,0,0.1126332947602871,2.230214040067408e-05,NUBPL
GO_Biological_Process_2023,Cellular Response To Molecule Of Bacterial Origin (GO:0071219),2/117,0.9998073508565316,0.9999958087188284,0,0,0.1741828254847645,3.3559404835626355e-05,IL10;CXCL13
GO_Biological_Process_2023,Adenylate Cyclase-Modulating G Protein-Coupled Receptor Signaling Pathway (GO:0007188),4/163,0.999836597316699,0.9999958087188284,0,0,0.2516281389856877,4.112007276090036e-05,MC1R;GPR37;PTGER3;RAMP1
GO_Biological_Process_2023,Macromolecule Biosynthetic Process (GO:0009059),5/183,0.9998381584768152,0.9999958087188284,0,0,0.2808209355397872,4.5452166073043234e-05,EEF1A2;RRBP1;IGF2BP3;MRPL12;TYMS
GO_Biological_Process_2023,Chemical Synaptic Transmission (GO:0007268),10/273,0.9998403976706096,0.9999958087188284,0,0,0.3793817748634712,6.055504748829715e-05,NQO1;CHRNA5;GAD1;KCNQ3;SLC1A4;HTR3A;NPTX1;PCDHB9;DRD4;GRIN1
GO_Biological_Process_2023,Protein Localization (GO:0008104),14/351,0.9999201046656684,0.9999958087188284,0,0,0.4137157193901109,3.305527621771973e-05,ARL14;MYO7A;HOOK3;EGFR;NAPG;GGA1;AKAP11;HOOK1;MYO6;MARVELD3;SCG5;ABCD1;STX1A;PACSIN1
GO_Biological_Process_2023,Plasma Membrane Bounded Cell Projection Assembly (GO:0120031),9/275,0.9999519928854494,0.9999958087188284,0,0,0.3373485158948539,1.6195517599167892e-05,PLK4;FGD6;TMEM17;RAB3IP;RAC1;PTPN23;DISC1;RHOD;CDC14B
GO_Biological_Process_2023,Cilium Assembly (GO:0060271),7/243,0.9999638616619384,0.9999958087188284,0,0,0.2959016007532957,1.0693585306354752e-05,PLK4;TMEM17;RAB3IP;CSNK1D;PTPN23;DISC1;CDC14B
GO_Biological_Process_2023,Regulation Of Proteasomal Ubiquitin-Dependent Protein Catabolic Process (GO:0032434),1/109,0.9999648180375212,0.9999958087188284,0,0,0.0927207661703785,3.262155901278052e-06,CSNK1D
GO_Biological_Process_2023,"mRNA Splicing, Via Spliceosome (GO:0000398)",5/211,0.999977191952208,0.9999958087188284,0,0,0.2422739566608838,5.5258589995406416e-06,DDX17;USP49;PPIL3;WDR77;SRPK1
GO_Biological_Process_2023,mRNA Processing (GO:0006397),5/214,0.9999810627660592,0.9999958087188284,0,0,0.2387565119033078,4.521430732648351e-06,CPSF6;USP49;PPIL3;FBXO11;TBRG4
GO_Biological_Process_2023,Organelle Assembly (GO:0070925),10/322,0.9999893269650264,0.9999958087188284,0,0,0.3189254170055505,3.403920294816883e-06,PLK4;TMEM17;ABCB6;RAB3IP;AP1B1;ATP2A2;PTPN23;DISC1;ATG12;CDC14B
GO_Biological_Process_2023,Translation (GO:0006412),5/234,0.9999926972640012,0.9999958087188284,0,0,0.2176620833717024,1.5895345357958694e-06,MRPL2;EEF1A2;RRBP1;IGF2BP3;MRPL12
GO_Biological_Process_2023,"RNA Splicing, Via Transesterification Reactions With Bulged Adenosine As Nucleophile (GO:0000377)",2/180,0.9999954428033974,0.9999958087188284,0,0,0.1121416788571072,5.110528423868887e-07,USP49;PPIL3
GO_Biological_Process_2023,Sensory Perception Of Smell (GO:0007608),1/230,0.9999958087188284,0.9999958087188284,0,0,0.043435999361662,1.820528678154473e-07,CNGB1
